condition,segment_id,begin_index,end_index_exclusive,start_relative_s,end_relative_s,n_samples,partition,block,reason,class_id,v_rms,r0,r1,r2,r3,r4,r5,score_a,pred_a,pred_b,pred_multiclass,velocity_level,prototype_tie,fold
Healthy,20,9499,9999,10.283517999999999,10.770812,500,development,1,included,0,0.41864450828243505,-1.6321095706538549,-3.1775882777300586,-2.925392336200022,-0.9994822571976717,-1.6937036948027584,-1.6634896765946325,1.725907771014889,0,0,0,1,False,1
Healthy,21,9999,10499,10.809146,11.296441,500,development,1,included,0,0.3981705118807149,-2.010062815648337,-3.1919515516094976,-2.8077892815976124,-1.0115548286545835,-1.6181985373462962,-1.684382430436701,1.8146280583281642,0,0,0,1,False,1
Healthy,22,10499,10999,11.331714,11.819008,500,development,1,included,0,0.41787330416486174,-2.012125317026039,-2.4846427435287115,-2.9102320160021935,-0.9643047756644958,-1.5815328551247079,-1.6792580389164613,2.554336928266421,0,0,0,1,False,1
Healthy,23,10999,11499,11.861298,12.348592,500,development,1,included,0,0.3693800695805685,-1.970569918843392,-2.8826157077905616,-2.664667063480017,-1.1392315199693608,-1.5627308185154418,-1.782203084100423,1.197617257804085,0,0,0,1,False,1
Healthy,24,11499,11999,12.389928,12.877222,500,development,1,included,0,0.39528465623801445,-1.7575564461025681,-2.4168534174143965,-2.612657722471168,-1.129423650848801,-1.4329707860283376,-1.8088917248357952,2.9730637826115696,0,0,0,1,False,1
Healthy,25,11999,12499,12.936425,13.423719,500,development,1,included,0,0.4528387065745394,-1.964636400360163,-2.8751420611109073,-3.132635950194244,-0.879720799166722,-1.4871933904634953,-1.6434284792768854,1.7942721396924877,0,0,0,1,False,1
Healthy,26,12499,12999,13.468997,13.956290999999998,500,development,1,included,0,0.35713788054898904,-2.02534581359962,-2.8592544454935593,-2.6894601116922603,-1.2726257622095147,-1.399563818823112,-1.8541193822165147,2.465911290999782,0,0,0,1,False,1
Healthy,27,12999,13499,13.997584999999999,14.484879,500,development,1,included,0,0.37316423622290007,-1.7641594370717995,-2.77949476320525,-2.8655583024745743,-1.149829549339209,-1.6038622526952568,-1.7811573274593597,0.9449191665408849,0,0,0,1,False,1
Healthy,28,13499,13999,14.529162999999999,15.016456999999999,500,development,1,included,0,0.38966795498652484,-1.949073054579331,-2.8705453574409736,-2.8890831861957205,-1.0372316859055979,-1.6865612643978536,-1.7144924918187605,0.9069740430348336,0,0,0,1,False,1
Healthy,29,13999,14499,15.065729,15.553023,500,development,1,included,0,0.39992235618768274,-1.9662320807251539,-2.9411615656659493,-2.9924829681709113,-1.0292492473733603,-1.5829280107664858,-1.723914696274397,0.9668404666085075,0,0,0,1,False,1
Healthy,30,14499,14999,15.604286,16.091581,500,development,1,included,0,0.4022154622381584,-1.8374085183400632,-2.994009730675383,-2.802823738406992,-1.0178041001750853,-1.6739968931487124,-1.6841582502746688,0.5919642442149551,0,0,0,1,False,1
Healthy,31,14999,15499,16.126896000000002,16.614191,500,development,1,included,0,0.3788216549435883,-1.9324072971642416,-3.1002939947925747,-3.0127294218984453,-1.0798913449022955,-1.6623960682885537,-1.709612857127227,1.2484698938674126,0,0,0,1,False,1
Healthy,32,15499,15999,16.658468000000003,17.145762,500,development,1,included,0,0.38920102715101007,-1.9658061119460566,-2.5412858244460943,-2.95432179001521,-1.0509462403926695,-1.7165851356918727,-1.662765000603959,2.2044591458415423,0,0,0,1,False,1
Healthy,33,15999,16499,17.181072,17.668367,500,development,1,included,0,0.3965086330426125,-1.89937531864215,-2.7781823423643988,-2.871068458717742,-1.064909192792882,-1.5501037889499245,-1.722471946631592,0.7955366942932365,0,0,0,1,False,1
Healthy,34,16499,16999,17.703672,18.190967,500,development,1,included,0,0.42773316349184237,-1.6777649413399833,-3.0460197307136823,-2.6302132357057206,-0.9534088035402345,-1.7159049823236114,-1.6728409322480264,1.3994149803824782,0,0,0,1,False,1
Healthy,35,16999,17499,18.232261,18.719555,500,development,1,included,0,0.3753207587103099,-1.826627064427055,-2.8039148107570395,-2.8363888701770814,-1.1052126777571218,-1.7592030274483461,-1.7301720912918703,1.5246049656541116,0,0,0,1,False,1
Healthy,36,17499,17999,18.758850000000002,19.246145000000002,500,development,1,included,0,0.5062991866331533,-1.2694523078647102,-2.4276982171273236,-2.56605300072315,-0.8564840120336266,-1.7121827537760597,-1.5488843271638904,2.906076704702881,0,1,0,3,False,1
Healthy,37,17999,18499,19.291464,19.778758,500,development,1,included,0,0.4920996055435925,-1.2623568213251193,-2.5650559120643024,-2.6672795065607313,-0.944382642725095,-1.4963115926505481,-1.6031122211588076,2.05763405424679,0,1,0,2,False,1
Healthy,38,18499,18999,19.816063,20.303357000000002,500,development,1,included,0,0.4243661777086802,-1.2758945673256759,-2.7295031639351146,-2.7116673264197653,-1.1135361511961364,-1.629649231122185,-1.7379906537764487,1.4416900429175792,0,0,0,1,False,1
Healthy,39,18999,19499,20.341623000000002,20.828917,500,development,1,included,0,0.42524953184450487,-1.237798529412006,-2.8643711810488184,-2.8626822324932,-1.1464797901700288,-1.5668042403269866,-1.7610292125917502,1.5746039695493488,0,0,0,1,False,1
Healthy,40,19499,19999,20.883169000000002,21.370463,500,development,1,included,0,0.4052273513388507,-1.957812383737754,-2.965236210210452,-2.7928741154822037,-1.0043528790878042,-1.593934973674615,-1.6744782108171334,0.9374648399309771,0,0,0,1,False,1
Healthy,41,19999,20499,21.414748,21.902042,500,development,1,included,0,0.4263332534669162,-1.307304837101127,-2.90076039844899,-2.6695474643933763,-1.1022464504350806,-1.5605188500804155,-1.770008596630574,1.3321022085638035,0,0,0,1,False,1
Healthy,42,20499,20999,21.944331000000002,22.431626,500,development,1,included,0,0.4147027827576544,-1.5223647161972913,-3.0292395587480825,-2.6602164323302517,-1.0433741175271707,-1.6163338044253606,-1.7233176920607944,1.2236848180166284,0,0,0,1,False,1
Healthy,43,20999,21499,22.475910000000002,22.963205000000002,500,development,1,included,0,0.408537329010382,-1.4697467454692985,-2.8666260248121826,-2.7266815623482707,-1.095539927543292,-1.5615259081264148,-1.7540657286230859,0.8343953620996509,0,0,0,1,False,1
Healthy,44,21499,21999,23.002501000000002,23.489795,500,development,1,included,0,0.398251880256848,-1.8503548483901568,-2.851035343112134,-2.6965099760700437,-1.0253854176359838,-1.7055169680940114,-1.6893355643220227,1.0111117907475582,0,0,0,1,False,1
Healthy,45,21999,22499,23.543054,24.030348,500,development,1,included,0,0.4437488074286154,-1.4479703714486327,-2.6894354890570673,-2.9047363873800167,-0.9752320708333491,-1.621120102715651,-1.651733426132371,1.2893557425383217,0,0,0,1,False,1
Healthy,46,22499,22999,24.071641,24.558936000000003,500,development,1,included,0,0.3842104540348469,-1.712846290540743,-2.8522081392857825,-2.596000659863119,-1.101265682786193,-1.6840886779301116,-1.7439249052999837,1.5997996788202007,0,0,0,1,False,1
Healthy,47,22999,23499,24.605214,25.092509,500,development,1,included,0,0.428511272893934,-1.3842501341576496,-2.911444482413155,-2.860285339107106,-1.065245743572948,-1.5238163000946998,-1.7483684752976323,1.0872197174663163,0,0,0,1,False,1
Healthy,48,23499,23999,25.140783000000003,25.628077,500,development,1,included,0,0.42222744841485416,-1.7472250887327576,-3.1674040958598204,-2.5506299054788446,-0.9607094007062789,-1.776200639455214,-1.5864811716384821,1.8655383644138137,0,0,0,1,False,1
Healthy,49,23999,24499,25.665379,26.152674,500,development,1,included,0,0.391439772557848,-1.9951347330680875,-2.7091377494581983,-2.7827796095814294,-1.032898219232285,-1.7797043344801302,-1.625286336347949,1.7520851653401226,0,0,0,1,False,1
Healthy,50,24499,24999,26.193004000000002,26.680299,500,development,1,included,0,0.4426925317291893,-1.4480318038218933,-2.883408750607169,-2.8792004130478426,-0.9612931151446207,-1.685828982446,-1.6358192074523674,0.9670417052349025,0,0,0,1,False,1
Healthy,51,24999,25499,26.717564,27.204859000000003,500,development,1,included,0,0.36204116264238345,-1.8725796841307785,-3.115199336408839,-2.916816389586506,-1.1501470842049901,-1.659201633577923,-1.7843416213281005,1.3405384711150072,0,0,0,1,False,1
Healthy,52,25499,25999,27.248146000000002,27.73544,500,development,1,included,0,0.3834869110900766,-1.6167897924361172,-2.6656737144532063,-3.0331203941652745,-1.1386838750420052,-1.5726108560983265,-1.8035513066503097,1.436129485601569,0,0,0,1,False,1
Healthy,53,25999,26499,27.772744,28.260038,500,development,1,included,0,0.40504860890161337,-1.6077009640942221,-2.8410103367720927,-2.8202277421533637,-1.064688637295193,-1.5974557466169381,-1.7325832497709523,0.35309537797106,0,0,0,1,False,1
Healthy,54,26499,26999,28.302327000000002,28.789621,500,development,1,included,0,0.37670167025767515,-1.7247002844841077,-3.003553287514941,-2.916803201807434,-1.1347397872864795,-1.5482999838656535,-1.838131381054746,1.273064644808351,0,0,0,1,False,1
Healthy,55,26999,27499,28.826928000000002,29.314223000000002,500,development,1,included,0,0.38990779427950273,-1.9759761052170524,-2.811407333478373,-2.888126511790057,-1.0379248882409136,-1.7154130251234052,-1.6723667717960147,1.0387160192720637,0,0,0,1,False,1
Healthy,56,27499,27999,29.359534,29.846828000000002,500,development,1,included,0,0.4414418897074139,-1.359171186971046,-2.7000416768406033,-2.883013273695753,-1.0045104568979404,-1.7403711112632179,-1.6305878957944044,1.3156481392614483,0,0,0,1,False,1
Healthy,57,27999,28499,29.893072,30.380366000000002,500,development,1,included,0,0.44796314563605605,-1.4245592091402406,-3.0254456095290676,-3.031348930288302,-0.9609227763437959,-1.71125902307792,-1.5971305241248002,1.182300305503489,0,0,0,1,False,1
Healthy,58,28499,28999,30.429637,30.916932000000003,500,development,1,included,0,0.435148907804438,-1.407419533166254,-2.873562763332958,-3.3933637215846204,-1.0060862895678184,-1.6983378859539768,-1.638868023186412,3.070394036015027,0,0,0,1,False,1
Healthy,59,28999,29499,30.955232000000002,31.442526,500,development,1,included,0,0.3934941666215916,-1.6520734698318502,-3.1448667426881585,-2.859732993868215,-1.0763464228639563,-1.702181709687916,-1.6941318531724285,1.5237906203836173,0,0,0,1,False,1
Healthy,60,29499,29999,31.479864000000003,31.967158,500,development,1,included,0,0.45103531731705276,-1.5884222857902426,-2.810201586322041,-2.7457410665681454,-0.9210820242222636,-1.7551408742937347,-1.5397521991396534,1.7668821608164926,0,0,0,1,False,1
Healthy,61,29999,30499,32.008415,32.495709,500,development,1,included,0,0.43337073453335745,-1.726932226702321,-2.7456624875592985,-2.664935033494936,-0.9531374460716036,-1.651884647421954,-1.5973860400247226,1.1960477445678717,0,0,0,1,False,1
Healthy,62,30499,30999,32.535041,33.022335,500,development,1,included,0,0.41159449000467935,-1.6965703255855002,-2.9480942253959617,-2.8866945101672563,-1.0005132226869886,-1.8229140330937097,-1.6099838827269404,2.231535126932841,0,0,0,1,False,1
Healthy,63,30999,31499,33.061598000000004,33.548892,500,development,1,included,0,0.38337503390599115,-1.7852658304565903,-3.253396671301804,-3.0353912336851505,-1.0670949692283593,-1.771863120696003,-1.6800868972346106,2.1941674808064686,0,0,0,1,False,1
Healthy,64,31499,31999,33.586195000000004,34.07349,500,development,1,included,0,0.44319598987568104,-1.606859083078985,-2.85862218721994,-2.89421655845657,-0.9292326033501394,-1.79959759970781,-1.5647501588937716,1.9728186014758557,0,0,0,1,False,1
Healthy,65,31999,32499,34.108798,34.596092,500,development,1,included,0,0.38502692468124927,-1.6551423645249375,-2.8230348151917632,-2.9744053091243585,-1.0971189424707222,-1.7121998673013898,-1.717573005122677,1.0030631810485529,0,0,0,1,False,1
Healthy,66,32499,32999,34.642374000000004,35.129668,500,development,1,included,0,0.4796572388212786,-1.065927730804736,-2.866767602258434,-3.0240387109987363,-1.0379111439445672,-1.6972542045322594,-1.6781107200558245,2.1742469762052528,0,1,0,2,False,1
Healthy,67,32999,33499,35.171953,35.659248,500,development,1,included,0,0.4554080753862182,-1.4619027013971069,-2.8616749845112897,-2.729846093167443,-0.9388590557669267,-1.7653960487770843,-1.5643768633846202,1.5933220345871795,0,0,0,1,False,1
Healthy,68,33499,33999,35.704533,36.191828,500,development,1,included,0,0.4503429021839374,-1.5045368901135612,-2.8231778577820954,-2.5021185285739103,-0.962990511385254,-1.7166286529295909,-1.599889843967973,2.1496718268171144,0,0,0,1,False,1
Healthy,69,33999,34499,36.235111,36.722406,500,development,1,included,0,0.44746070628404283,-1.545216418584059,-2.883397811096105,-2.894392008277408,-0.9493894012134005,-1.7525252245053369,-1.5825889600221967,1.4505088143899754,0,0,0,1,False,1
Healthy,70,34499,34999,36.768684,37.255978,500,development,1,included,0,0.4508492492455682,-1.3818458000698284,-2.784433977845157,-2.730227513888843,-0.9646334972904312,-1.849544235153989,-1.614385828232865,2.5270208573284405,0,0,0,1,False,1
Healthy,71,34999,35499,37.292284,37.779579,500,development,1,included,0,0.511302811838938,-1.4017998892734824,-2.8839756362519835,-3.212136885611956,-0.7988055509260962,-1.761863824318006,-1.4360875236205521,2.8230386164304218,0,1,0,3,False,1
Healthy,72,35499,35999,37.82087,38.308164,500,development,1,included,0,0.3907200193798048,-1.92209363542939,-2.837779913906263,-3.175959439523627,-1.067470171789136,-1.5724646164545255,-1.861311475735254,1.7970467236032293,0,0,0,1,False,1
Healthy,73,35999,36499,38.347502,38.834796000000004,500,development,1,included,0,0.42165094304051803,-1.8818386516274308,-2.6761202694564843,-2.933926166254211,-0.9740018303084373,-1.7163939750862236,-1.620739212996986,1.3716023193646643,0,0,0,1,False,1
Healthy,74,36499,36999,38.872058,39.359353,500,development,1,included,0,0.4487369273436852,-1.8086104459307875,-2.8283992062423935,-2.537406257500567,-0.9132741399397896,-1.6949230109792954,-1.567565422101906,1.942989905173694,0,0,0,1,False,1
Healthy,75,36999,37499,39.413611,39.900905,500,development,1,included,0,0.4390067397257756,-1.563717619534228,-3.081933755783085,-2.76837799509087,-0.9693408980243212,-1.6948584960132083,-1.620045440570434,1.1350608136162763,0,0,0,1,False,1
Healthy,76,37499,37999,39.936212,40.423506,500,development,1,included,0,0.45542111172389477,-1.6999161365772528,-2.9972610184647044,-2.846052161826883,-0.8938568366664059,-1.7440514214940082,-1.5429009916624215,1.7348016325781388,0,0,0,1,False,1
Healthy,77,37999,38499,40.46182,40.949115,500,development,1,included,0,0.3532606908496805,-1.7180947283973336,-2.8082804690989613,-2.757486159816857,-1.2143920117479603,-1.7526167891198956,-1.8877272222811388,1.778356998453026,0,0,0,1,False,1
Healthy,78,38499,38999,40.987401,41.474696,500,development,1,included,0,0.47412585267079776,-1.3117643553105587,-2.811375713438427,-2.8243175024838374,-0.9759716342629614,-1.408408136881183,-1.7870201826909484,2.3677757314075376,0,1,0,2,False,1
Healthy,79,38999,39499,41.531945,42.01924,500,development,1,included,0,0.47823420469178546,-1.1897090902879237,-2.7732825026256323,-2.881677384446806,-1.0192641470705734,-1.3882939074948828,-1.8810563950656416,2.5909609610239737,0,1,0,2,False,1
Healthy,80,39499,39999,42.062525,42.549820000000004,500,development,1,included,0,0.5301467667735058,-1.0466369509568478,-2.838361602237517,-2.4503922350483935,-0.9306730101842101,-1.4929882003630859,-1.6194564155782123,2.452635210138432,0,1,0,3,False,1
Healthy,81,39999,40499,42.59012,43.077414000000005,500,development,1,included,0,0.42604353753763313,-1.1166663989073515,-2.8094925915749527,-2.7936669315679787,-1.217973396901552,-2.026103733936675,-1.762650499127543,4.486105220939,1,0,3,1,False,1
Healthy,82,40499,40999,43.111719,43.599014000000004,500,development,1,included,0,0.426051498339711,-2.206449081619412,-2.643371844749132,-2.572065668762289,-0.937051305458305,-1.7423111708389925,-1.5476982985475385,1.8049377224154275,0,0,0,1,False,1
Healthy,83,40999,41499,43.638352,44.125646,500,development,1,included,0,0.4495308854932445,-1.6679230145136297,-2.6118634085650076,-2.669098743395937,-0.9281332824233393,-1.6500286145675047,-1.5669675568766275,1.7685095431628384,0,0,0,1,False,1
Healthy,84,41499,41999,44.174911,44.662205,500,development,1,included,0,0.379373760819725,-1.4872865382259475,-3.0585276212427197,-3.0420718009909122,-1.2276068240134492,-1.6177578690556644,-1.9072413299269646,1.9771706315684503,0,0,0,1,False,1
Healthy,85,41999,42499,44.703463,45.190758,500,development,1,included,0,0.4214467437242645,-2.0957096818416874,-3.107775916106004,-3.0200406506115773,-0.9731542936507241,-1.5344511494518513,-1.6609069336819744,1.4185771121425899,0,0,0,1,False,1
Healthy,86,42499,42999,45.233046,45.72034,500,development,1,included,0,0.35314199942779906,-2.061965162816986,-2.9474970598203845,-2.969259840736731,-1.209843261742275,-1.518758832588577,-1.9548220836742338,2.461932870793281,0,0,0,1,False,1
Healthy,87,42999,43499,45.756646,46.24394,500,development,1,included,0,0.3598649126262241,-1.5120519452160186,-2.831010764427577,-2.898430700964104,-1.268828981042639,-1.8191132366124887,-1.856468483165957,2.1893619161627376,0,0,0,1,False,1
Healthy,88,43499,43999,46.282244,46.769538000000004,500,development,1,included,0,0.4300076423170352,-1.521255718001648,-2.8184974026241716,-2.807988047448874,-1.017911966521938,-1.6055975117264507,-1.673076088366514,0.5856452738228206,0,0,0,1,False,1
Healthy,89,43999,44499,46.813818,47.301113,500,development,1,included,0,0.4642136873731841,-1.526907692441336,-2.8584807104617274,-2.3365302098681497,-0.9603971062888602,-1.3881528623576125,-1.7742360613413108,3.1195305554120436,0,0,0,1,False,1
Healthy,90,44499,44999,47.344433,47.831727,500,development,1,included,0,0.27652506121327597,-1.946188861982577,-2.7984510950561403,-2.871964137780936,-1.5327996084300508,-2.1056728950543504,-1.9719142220709163,5.368995693816427,1,0,4,1,False,1
Healthy,91,44999,45499,47.867041,48.354335,500,development,1,included,0,0.4754983130362014,-1.9125819589033766,-2.9477952710844972,-2.798375667940507,-0.8806345358943523,-1.3532811010636072,-1.692806482504678,2.979459127809445,0,1,0,2,False,1
Healthy,92,45499,45999,48.390602,48.877896,500,development,1,included,0,0.44141002404925195,-2.0536900856161213,-2.893348880959896,-2.673861255721497,-0.9004717124141552,-1.7438767351095745,-1.5161059696558887,2.00779467797963,0,0,0,1,False,1
Healthy,93,45999,46499,48.913204,49.400498,500,development,1,included,0,0.35268565698177157,-1.7280089513235564,-3.0752715159917035,-2.814142050823012,-1.212447491469106,-1.6449982300802717,-2.0498992109448935,3.43059766663911,1,0,4,1,False,1
Healthy,94,46499,46999,49.440829,49.928123,500,development,1,included,0,0.3370177201496257,-1.714426979501125,-2.871073940694975,-2.822331645034251,-1.278244099205091,-1.7101598610008755,-2.109489224941152,4.0377126521162605,1,0,4,1,False,1
Healthy,95,46999,47499,49.968381,50.455675,500,development,1,included,0,0.48754220237029244,-1.776833287188785,-2.8215789822984205,-2.8979409759616566,-0.8282392743484838,-1.5241536378738187,-1.5413675652300254,2.3163498033139143,0,1,0,2,False,1
Healthy,96,47499,47999,50.490985,50.97828,500,development,1,included,0,0.5559787924897938,-1.2324777872147659,-2.654872316382753,-2.2167152084641324,-0.7968237473845003,-1.404117466527082,-1.6025826570711161,3.8212927680883255,1,1,1,3,False,1
Healthy,97,47999,48499,51.024573000000004,51.511867,500,development,1,included,0,0.3933509201982272,-1.761160716880937,-2.9814624434536787,-2.8915847926348737,-1.0982247604025765,-1.467822656139456,-2.017229042819851,3.0977474570718404,0,0,0,1,False,1
Healthy,98,48499,48999,51.589048,52.076342000000004,500,development,1,included,0,0.39264171820133326,-1.9425642214920809,-3.047670713154495,-3.0686007818378047,-1.04972675104403,-1.7287706178076712,-1.6973097256169893,1.1869303670904912,0,0,0,1,False,1
Healthy,99,48999,49499,52.114641,52.601936,500,development,1,included,0,0.42537856953465353,-1.557223184291049,-2.996380501988355,-3.0943661611802917,-1.0223091831565696,-1.5126149562307818,-1.8545225508421608,1.440061162178941,0,0,0,1,False,1
Healthy,100,49499,49999,52.639238,53.126532000000005,500,development,1,included,0,0.4881416432426909,-1.6276099750137354,-2.9329548494265825,-2.848721030017975,-0.8320036824659633,-1.6272269243326623,-1.4919625801963587,2.2781746831746013,0,1,0,2,False,1
Healthy,101,49999,50499,53.170818000000004,53.658113,500,development,1,included,0,0.46005311169923396,-1.4442916021302907,-3.0245303240212356,-2.702909798038824,-0.972177650407529,-1.4123441494981228,-1.851116310737678,2.324102177585822,0,0,0,1,False,1
Healthy,102,50499,50999,53.694418,54.181712000000005,500,development,1,included,0,0.4071454056047899,-2.0316333843770193,-3.0693215935656957,-2.634644878328606,-1.0222484352331451,-1.4780716089491477,-1.8981622133059488,1.88467077486663,0,0,0,1,False,1
Healthy,103,50999,51499,54.222005,54.7093,500,development,1,included,0,0.31108043532618374,-2.015427773927441,-2.9549926267712197,-2.6949347057066553,-1.3164066230883111,-1.7037617983326094,-2.2720974267994705,5.694397547606926,1,0,4,1,False,1
Healthy,104,51499,51999,54.751623,55.238918,500,development,1,included,0,0.37831238645371845,-1.794504873359874,-2.7980719822135987,-2.3218289781827584,-1.1590333628059808,-1.5176569115267617,-2.03989949730791,3.3287185833438113,1,0,3,1,False,1
Healthy,105,51999,52499,55.274226,55.761520000000004,500,development,1,included,0,0.343044625526547,-1.9975237478468708,-2.645844330931723,-2.6535003235168397,-1.2282940358556353,-1.6590447123338543,-2.0002637963176015,2.924902131268153,0,0,0,1,False,1
Healthy,106,52499,52999,55.803775,56.291069,500,development,1,included,0,0.3152245766859759,-1.8399236573664415,-3.196900628077937,-2.805871256203262,-1.3444536287222193,-1.67005172343568,-2.230117231063982,5.266694913976411,1,0,4,1,False,1
Healthy,107,52999,53499,56.33635,56.823645,500,development,1,included,0,0.39537535537315655,-1.3063439901550693,-2.914873645787609,-2.8549049124122967,-1.1831112419445138,-2.2568282488994593,-1.698383446908278,7.046198519128328,1,0,3,1,False,1
Healthy,108,53499,53999,56.860966,57.34826,500,development,1,included,0,0.4076010159046247,-1.7978770269171067,-2.9107487658610793,-2.948186957225773,-1.0410820565206318,-1.4267867148501072,-1.990413478019257,2.824545117574211,0,0,0,1,False,1
Healthy,109,53999,54499,57.39053,57.877824000000004,500,development,1,included,0,0.45093090213278,-1.5520041426834572,-3.0330743231603416,-3.133051265303378,-0.9934220512267322,-1.3304245507871668,-1.8990784246784633,3.233072841947628,0,0,0,1,False,1
Healthy,110,54499,54999,57.920148000000005,58.407442,500,development,1,included,0,0.38587089025127314,-1.7432012605027065,-3.0022933817516577,-2.797204478354746,-1.120497612442269,-1.5064857930876299,-1.9082328573117786,1.9872725109516192,0,0,0,1,False,1
Healthy,111,54999,55499,58.463661,58.950956,500,development,1,included,0,0.4320590716878081,-1.8733846376625902,-2.6977867160792393,-2.6829382052766735,-0.9666118005787192,-1.4837194792213357,-1.729953741105833,1.5321295373576052,0,0,0,1,False,1
Healthy,112,55499,55999,58.995239,59.482534,500,development,1,included,0,0.4191559042331853,-1.7097475198274612,-2.8759164921282077,-2.8630349335479415,-1.0030990795389823,-1.6352570170827183,-1.6752761717984332,0.5430845615118279,0,0,0,1,False,1
Healthy,113,55999,56499,59.523856,60.01115,500,development,1,included,0,0.4440638056349981,-1.7395344205790972,-2.962338637847936,-2.786789477069855,-0.9423313074561386,-1.5015563929739755,-1.6864642419161997,1.3342131461762015,0,0,0,1,False,1
Healthy,114,56499,56999,60.059395,60.54669,500,development,1,included,0,0.43612989204787245,-2.0171484095845607,-2.6732361538450804,-2.8188999598667372,-0.9534181151438953,-1.4260435280947887,-1.7222209922035723,2.1720954116799978,0,0,0,1,False,1
Healthy,115,56999,57499,60.582996,61.07029,500,development,1,included,0,0.36270572661537076,-1.7691229646651188,-2.9972010545386896,-2.676657683636851,-1.1566161446431364,-1.8537696595175142,-1.7399960895028868,2.5739056913774427,0,0,0,1,False,1
Healthy,116,57499,57999,61.111579,61.598873000000005,500,development,1,included,0,0.46392455185649917,-1.4247532886607164,-2.7683835969284076,-2.793476115602722,-0.9267342349060804,-1.6650080757211743,-1.595474085866237,1.3175056729594552,0,0,0,1,False,1
Healthy,117,57999,58499,61.642161,62.129455,500,development,1,included,0,0.4450542815238777,-1.6320949126080342,-2.9561374884163834,-2.9960742517681775,-0.9458725053912518,-1.5761379133208213,-1.6355801245934543,1.1234231632449516,0,0,0,1,False,1
Healthy,118,58499,58999,62.166757000000004,62.654052,500,development,1,included,0,0.4268122911119338,-1.3105069014258872,-2.901055361098334,-2.744247270377744,-1.0787630129211059,-1.851992490301303,-1.6780279588752833,2.5541864214034455,0,0,0,1,False,1
Healthy,119,58999,59499,62.690375,63.177669,500,development,1,included,0,0.3761649698994532,-1.7072848160682492,-2.895817831252466,-3.1322305832125115,-1.1295102302011475,-1.8579334477429919,-1.711927055936297,2.6201066177629397,0,0,0,1,False,1
Healthy,120,59499,59999,63.225924,63.713219,500,development,1,included,0,0.44775344700082714,-1.8554754032654839,-2.8917130104015687,-3.0454241518874565,-0.898380195501497,-1.7628079477859369,-1.538302854602224,1.7816483729514343,0,0,0,1,False,1
Healthy,121,59999,60499,63.749524,64.236819,500,development,1,included,0,0.45842155242614496,-2.011115331843525,-3.044601229079808,-3.07487709226872,-0.8719184580016455,-1.6145861467943237,-1.5326955754525375,1.873396214991775,0,0,0,1,False,1
Healthy,122,60499,60999,64.278111,64.76540499999999,500,development,1,included,0,0.3987514742284598,-2.033972634108974,-2.856265806844413,-2.7663348379902284,-1.0322625912109233,-1.5771722446362868,-1.7711959363160565,1.203181656809334,0,0,0,1,False,1
Healthy,123,60999,61499,64.81069,65.297984,500,development,1,included,0,0.4210472086530721,-2.0342504083678126,-3.0965917111479433,-3.1174975208839335,-0.9525877397063289,-1.7408293735964746,-1.5859255350733348,1.4546324607718932,0,0,0,1,False,1
Healthy,124,61499,61999,65.339272,65.826567,500,development,1,included,0,0.39783302273654236,-1.8858320781044453,-3.101568202821218,-2.9962559570963423,-1.0467425072754721,-1.6552936125946673,-1.7436420032715505,1.2563405300014165,0,0,0,1,False,1
Healthy,125,61999,62499,65.87085099999999,66.358145,500,development,1,included,0,0.5418117407782714,-1.4713428915256919,-2.7960119725024004,-2.3185813916256817,-0.7702043463246361,-1.444407493563878,-1.5493123561688245,3.2246576451517135,0,1,0,3,False,1
Healthy,126,62499,62999,66.401432,66.88872699999999,500,development,1,included,0,0.6284132535483004,-0.8882132373801189,-2.8489459351735205,-2.087245441756394,-0.7469148202808771,-1.5996878945442918,-1.4293244606226938,4.5796034044429,1,1,1,3,False,1
Healthy,127,62999,63499,66.93301,67.42030399999999,500,development,1,included,0,0.4577599188227286,-1.2750982524080003,-2.889406226514288,-2.924790282039375,-1.0285471598578657,-1.6082502545788504,-1.6693326994968076,1.444468319828778,0,0,0,1,False,1
Healthy,128,63499,63999,67.457641,67.944935,500,development,1,included,0,0.4046983360256186,-1.7865015660926202,-2.799701233250907,-2.710394345887224,-1.0270325532744788,-1.6342291791776442,-1.7048576758818024,0.9297903704717693,0,0,0,1,False,1
Healthy,129,63999,64499,68.00514299999999,68.492437,500,development,1,included,0,0.4692889470409996,-1.2636416559056278,-2.927477970026463,-2.90628602137797,-0.9794403811222029,-1.578886640532733,-1.6755210950376476,1.4844394378336698,0,0,0,1,False,1
Healthy,130,64499,64999,68.53575699999999,69.023051,500,development,1,included,0,0.38157325717423496,-1.9615343180261162,-3.164076104431645,-2.9716033189737034,-1.0732040150582494,-1.6823822371863335,-1.709464275246131,1.642444633896959,0,0,0,1,False,1
Healthy,131,64999,65499,69.06530699999999,69.552602,500,development,1,included,0,0.4506017367678223,-1.1655962008766152,-2.8990458651055104,-2.820219039432067,-1.0851423308770793,-1.6275960269436487,-1.7175844313625699,1.8265119243698236,0,0,0,1,False,1
Damaged_LR,20,9499,9999,10.029509,10.516803,500,development,1,included,1,0.46880744448428224,-1.4109230200635283,-2.6757049042686734,-2.975348615159335,-1.036886874009104,-1.2669387187577557,-1.5997958722745085,3.9375045020799937,1,0,1,1,False,1
Damaged_LR,21,9999,10499,10.554234999999998,11.041528999999999,500,development,1,included,1,0.491963880255197,-1.2349801856438296,-2.7815010010422645,-2.4945644672208265,-0.9899445402773919,-1.2812519875517911,-1.71201876364525,3.778686079509235,1,1,1,2,False,1
Damaged_LR,22,10499,10999,11.089521999999999,11.576817,500,development,1,included,1,0.44063003119091815,-1.069201111709426,-1.9586381972185085,-2.7626490908344064,-1.4170907815475946,-1.5325034223740035,-1.7699358637681473,5.80340638613802,1,0,2,1,False,1
Damaged_LR,23,10999,11499,11.621175,12.108469,500,development,1,included,1,0.4723683882385423,-1.069534296307585,-2.09462149457941,-2.100349201632311,-1.2308395735594384,-1.5864876861920914,-1.6046673585634519,4.963453231103081,1,1,3,2,False,1
Damaged_LR,24,11499,11999,12.146866,12.63416,500,development,1,included,1,0.5667864363612458,-0.9051626754760083,-1.917204786778774,-1.7259487902191526,-1.131543541279632,-1.2981721687090273,-1.5443299545186147,6.695735229708688,1,1,1,3,False,1
Damaged_LR,25,11999,12499,12.673575999999999,13.160871,500,development,1,included,1,0.5172164349516725,-1.0880360663858635,-2.7518792923422155,-2.704107277013731,-1.181158529410845,-1.0417805832596463,-1.8256124541013137,6.435833879062286,1,1,1,3,False,1
Damaged_LR,26,12499,12999,13.199209999999999,13.686504999999999,500,development,1,included,1,0.5288505303560007,-0.9708959647190989,-2.5060196957166068,-2.654714242528379,-1.145635789426367,-1.2641997695248213,-1.4603513183306485,3.9678955750721596,1,1,1,3,False,1
Damaged_LR,27,12999,13499,13.733616999999999,14.220911999999998,500,development,1,included,1,0.7422639616321485,-0.973216029644065,-0.7727378547417015,-1.2124461035361083,-0.9928272974433007,-1.1792099019888973,-1.5772878407141344,13.128576120599922,1,1,1,3,False,1
Damaged_LR,28,13499,13999,14.259075999999999,14.746369999999999,500,development,1,included,1,0.6623548907096306,-1.0302077734325092,-1.4418024945707493,-1.0874411781819686,-1.0702691057069633,-1.018631409360675,-1.5491695960149534,10.435504952891609,1,1,1,3,False,1
Damaged_LR,29,13999,14499,14.784308999999999,15.271602999999999,500,development,1,included,1,0.5329454028640086,-1.3566394951826877,-1.3333923568213133,-2.560861382017884,-1.0865581750280873,-1.163653186088497,-1.5500417871144323,9.66547787952348,1,1,1,3,False,1
Damaged_LR,30,14499,14999,15.307758,15.795052,500,development,1,included,1,0.6153029482704984,-0.9455081666090782,-1.2878445919585206,-1.2171392092523659,-1.1628087722681608,-1.4647665170038522,-1.651315053149611,9.946821173470495,1,1,1,3,False,1
Damaged_LR,31,14999,15499,15.838369,16.325664,500,development,1,included,1,0.6511960916745404,-1.0035585206504338,-1.4828695370019669,-0.7993316251632415,-1.1440348445634916,-1.847829928681864,-1.8265239482802471,12.122976430172061,1,1,3,3,False,1
Damaged_LR,32,15499,15999,16.369292,16.856586,500,development,1,included,1,0.6733331419744629,-0.6888477594005294,-1.5365114187177837,-1.5661755181174186,-0.9905111801893951,-1.5181418969258755,-1.4972577996722012,8.410834844689028,1,1,1,3,False,1
Damaged_LR,33,15999,16499,16.902522,17.389816,500,development,1,included,1,0.6523472179198246,-0.7011289001244831,-1.147067187691494,-2.0371495625708875,-1.115612849156425,-1.5621885943476157,-1.6464786675265521,10.81638697431948,1,1,1,3,False,1
Damaged_LR,34,16499,16999,17.428152,17.915446000000003,500,development,1,included,1,0.47430575912039996,-1.3526798211836415,-2.6232337941647623,-2.4453316069711026,-0.9819385314678615,-1.667867993076526,-1.4106121770872198,3.0825865440677704,0,1,0,2,False,1
Damaged_LR,35,16999,17499,17.953997,18.441292,500,development,1,included,1,0.4295395042363203,-1.201228538814894,-2.7532380188988417,-2.939682987459315,-1.2475939656758992,-1.410588348962164,-1.8109434769526298,2.3435843430843186,0,0,0,1,False,1
Damaged_LR,36,17499,17999,18.477487,18.964781000000002,500,development,1,included,1,0.5144965263182434,-1.0679235993949878,-2.741630336454098,-2.749673977019126,-1.1049842509161034,-1.1805613561479311,-1.6522993778612094,4.895938013873701,1,1,1,3,False,1
Damaged_LR,37,17999,18499,19.001282,19.488577,500,development,1,included,1,0.4133881943702424,-0.9818134367080633,-2.3527964665783028,-2.4904399906873254,-1.6901210169604963,-1.6618539084062007,-2.0767046594292258,6.424051886214796,1,0,3,1,False,1
Damaged_LR,38,18499,18999,19.526692,20.013986000000003,500,development,1,included,1,0.6880684066024559,-0.5204847798021301,-2.294044773759782,-2.442402869524081,-1.0970675259880214,-1.3604328937089536,-1.601799596179754,4.077252336911342,1,1,1,3,False,1
Damaged_LR,39,18999,19499,20.049651,20.536946,500,development,1,included,1,0.9383143171475028,-0.60252776752414,-1.0008111176459413,-0.40460847350527346,-1.2172379587941515,-1.8227137946201049,-1.9729546960788051,14.434888870651854,1,1,3,3,False,1
Damaged_LR,40,19499,19999,20.573944,21.061239,500,development,1,included,1,0.42973478170776747,-1.16879999602837,-2.602531233285814,-2.70145508016613,-1.1562523835764766,-1.7907192902053453,-1.7450787592244021,1.874305876635252,0,0,0,1,False,1
Damaged_LR,41,19999,20499,21.099935000000002,21.587229,500,development,1,included,1,0.5272598620378356,-0.8854511761533238,-2.5021156752651184,-2.7086121681381568,-1.2150055197696188,-1.3193020773244308,-1.6359976965607717,3.3564865579796326,1,1,1,3,False,1
Damaged_LR,42,20499,20999,21.624525000000002,22.111819,500,development,1,included,1,0.46724226563639926,-1.1098197957757368,-1.9950356816661783,-1.5816452123564098,-1.4462582127458474,-1.414844675320968,-1.8128646313752688,7.540928209814659,1,0,3,1,False,1
Damaged_LR,43,20999,21499,22.149696000000002,22.63699,500,development,1,included,1,0.5003075011917121,-1.0993756295888941,-2.4850777168064284,-2.4302855114842727,-1.3075438671986108,-1.0264912584976449,-1.984407201337673,6.605482509002427,1,1,1,2,False,1
Damaged_LR,44,21499,21999,22.675093,23.162387000000003,500,development,1,included,1,0.4488742802643849,-1.0007461483953048,-2.6535738308881136,-2.5839885592349985,-1.3679153982575796,-1.5027713824536437,-1.8004032888713584,3.1565426736958697,0,0,0,1,False,1
Damaged_LR,45,21999,22499,23.203392,23.690686,500,development,1,included,1,0.5124332097950074,-1.0181884988586976,-2.578713941157625,-2.5631468533108746,-1.0376377270042465,-1.432738161153876,-1.609320809546134,2.340805209549932,0,1,0,3,False,1
Damaged_LR,46,22499,22999,23.729815000000002,24.217109,500,development,1,included,1,0.4408542169431724,-1.0551057465704026,-2.4267637555678485,-2.66197794704323,-1.2144504914031613,-2.0377053442848667,-1.7229245497411203,4.614835386025273,1,0,3,1,False,1
Damaged_LR,47,22999,23499,24.256634000000002,24.743928,500,development,1,included,1,0.481975261722988,-0.8766321245105606,-2.3882072805590444,-2.4701355507672553,-1.2978445959398834,-1.77024140027209,-1.79540089298254,3.150007668354804,0,1,0,2,False,1
Damaged_LR,48,23499,23999,24.788275000000002,25.275569,500,development,1,included,1,0.6263955464311215,-0.9637000507391468,-1.2100702289646201,-1.8035211780660698,-1.0823557970558573,-1.090886078680548,-1.5598798810775125,10.4272244497948,1,1,1,3,False,1
Damaged_LR,49,23999,24499,25.314376000000003,25.80167,500,development,1,included,1,0.6777227025387617,-1.4017848171588507,-2.8564876955126417,-1.096197461730419,-0.7834967659388856,-0.8729646712871738,-1.5158748556619315,10.38421897996856,1,1,1,3,False,1
Damaged_LR,50,24499,24999,25.845525000000002,26.332819,500,development,1,included,1,0.4616259045242835,-1.2866859304334333,-2.7884044259412013,-2.1066543644495805,-1.4429211135302011,-1.0629623375974484,-1.6360740707533428,6.200803512510874,1,0,1,1,False,1
Damaged_LR,51,24999,25499,26.367722,26.855016000000003,500,development,1,included,1,0.6565329949894958,-1.4289666695259293,-3.0825960280709093,-1.3872761899355175,-0.786027160276865,-0.8443598466935127,-1.465778238555474,8.679356901142436,1,1,1,3,False,1
Damaged_LR,52,25499,25999,26.894192,27.381487,500,development,1,included,1,0.8205121128905304,-0.6029566777393973,-1.3680762240517197,-1.3372750461087257,-0.7590509805271631,-1.0937487915173887,-1.2241924526852388,9.451239629132523,1,1,1,3,False,1
Damaged_LR,53,25999,26499,27.417578000000002,27.904872,500,development,1,included,1,0.5029165975426202,-1.4037293853158237,-2.769583603118657,-2.69502376197969,-1.0315319210566292,-1.1136840325200852,-1.4778282062357238,5.638001283778521,1,1,1,2,False,1
Damaged_LR,54,26499,26999,27.944416,28.431711,500,development,1,included,1,0.45537015856944674,-1.4477392921696974,-2.8959993014303484,-2.7077674227000905,-1.049292569894956,-1.3805854403938123,-1.49128809262651,2.6764932460000486,0,0,0,1,False,1
Damaged_LR,55,26999,27499,28.468286000000003,28.955581000000002,500,development,1,included,1,0.5520493159555733,-1.5682780281370325,-3.091782632508151,-2.8591180876268965,-0.7874405012334862,-1.2661012988589728,-1.2611886005643087,4.604943838636405,1,1,1,3,False,1
Damaged_LR,56,27499,27999,29.000382000000002,29.487676,500,development,1,included,1,0.45468942574945187,-1.2714930359409846,-2.6312162799912726,-1.4728007931539049,-1.2415011562778688,-1.550843028783301,-1.6772530583078145,8.178435196101383,1,0,3,1,False,1
Damaged_LR,57,27999,28499,29.525603,30.012898,500,development,1,included,1,0.461660882219807,-1.1071934890820752,-2.9748292728983263,-2.246349158167297,-1.0821429941985095,-1.9190891610615122,-1.621049338365725,3.647725302659634,1,0,3,1,False,1
Damaged_LR,58,28499,28999,30.048422000000002,30.535716,500,development,1,included,1,0.5309134316727633,-1.4628338431221222,-2.9760450757873844,-2.9696795046282203,-0.8036207910850481,-1.335002907307601,-1.451939595283404,3.182271912334337,0,1,0,3,False,1
Damaged_LR,59,28999,29499,30.573247000000002,31.060541,500,development,1,included,1,0.38753506849705555,-1.3836963615318978,-2.5440935103714923,-2.638956833970083,-1.290245557889986,-1.5035293148138398,-1.9211603170989047,2.3688875112637544,0,0,0,1,False,1
Damaged_LR,60,29499,29999,31.104255000000002,31.591549,500,development,1,included,1,0.46277391576681454,-1.4683154691354607,-2.6005521314306956,-2.6506064895972914,-0.9657577816750564,-1.5042157223114627,-1.5490838159376894,1.8383779983395379,0,0,0,1,False,1
Damaged_LR,61,29999,30499,31.626687,32.113982,500,development,1,included,1,0.5155233782156882,-1.1601660442803234,-2.769741286350721,-2.7214252257250644,-0.8991094440136168,-1.5044172390090451,-1.543063836899969,1.8454572917876662,0,1,0,3,False,1
Damaged_LR,62,30499,30999,32.154617,32.641912,500,development,1,included,1,0.4846249521598783,-1.3856711129949115,-2.912159725658786,-2.7183235689046206,-0.9406711272920694,-1.3899403065745364,-1.5731517063128777,2.5726927017943635,0,1,0,2,False,1
Damaged_LR,63,30999,31499,32.681849,33.169144,500,development,1,included,1,0.5072182170031742,-1.3333861466868806,-2.649476118431114,-2.4829206462893296,-0.8835595722300554,-1.5314933776310329,-1.4270388695256542,2.9152281148211534,0,1,0,3,False,1
Damaged_LR,64,31499,31999,33.207865,33.69516,500,development,1,included,1,0.6188686315879723,-0.7878685586928494,-1.912782943417419,-1.9327171105770207,-0.9921048588963121,-1.374591649645697,-1.4700059758639603,6.086649003817236,1,1,1,3,False,1
Damaged_LR,65,31999,32499,33.732733,34.220027,500,development,1,included,1,0.5681052035712812,-1.0199028734595412,-2.68181851431768,-2.632613527886612,-0.8573477071068636,-1.4025257466641925,-1.4110585236335462,3.078039076147931,0,1,0,3,False,1
Damaged_LR,66,32499,32999,34.258191000000004,34.745486,500,development,1,included,1,0.5175050293757634,-1.03499273402708,-2.747667966800468,-2.876444502738758,-0.9708370665894618,-1.5604163229660357,-1.539435073494629,2.2821766223636533,0,1,0,3,False,1
Damaged_LR,67,32999,33499,34.78485,35.272145,500,development,1,included,1,0.5414693450610848,-1.158951752706835,-2.56965670305822,-3.004277577521169,-0.8480003942126814,-1.4436970827130506,-1.4623750029990548,2.5552165168733953,0,1,0,3,False,1
Damaged_LR,68,33499,33999,35.310239,35.797533,500,development,1,included,1,0.4356643112973288,-1.3573283668979372,-2.804886268489031,-2.392571452045953,-1.134378047470364,-1.4163251099522267,-1.6972105175385748,2.791294310776788,0,0,0,1,False,1
Damaged_LR,69,33999,34499,35.837189,36.324483,500,development,1,included,1,0.6004404828863125,-1.1110023500970945,-2.908399521656934,-2.775337874312849,-0.7493109815893572,-1.2999837301884127,-1.3682591786628842,3.5708407675571987,1,1,1,3,False,1
Damaged_LR,70,34499,34999,36.364398,36.851693000000004,500,development,1,included,1,0.4440619322152065,-1.5026042525779955,-2.9935442687583294,-2.730272578517207,-1.0246781520184682,-1.387299184804478,-1.6508942833144873,2.6019982922484988,0,0,0,1,False,1
Damaged_LR,71,34999,35499,36.896915,37.38421,500,development,1,included,1,0.5952676072453733,-0.7665389215076652,-1.545540651057868,-2.312594542468316,-1.2458461493583959,-1.3521507981081582,-1.7289765671524717,8.35506231718906,1,1,1,3,False,1
Damaged_LR,72,35499,35999,37.419899,37.907193,500,development,1,included,1,0.5911893970361148,-1.0986689172565078,-1.5373617069235341,-2.3702152481352092,-0.9068395859284746,-1.1837154936564278,-1.4671088377820085,8.405582712442127,1,1,1,3,False,1
Damaged_LR,73,35999,36499,37.942259,38.429553,500,development,1,included,1,0.4325564026674184,-1.424585687776875,-2.8370851405795476,-2.911850782986238,-1.1308751571053497,-1.3909900325479718,-1.5793529876910024,2.5610450603204575,0,0,0,1,False,1
Damaged_LR,74,36499,36999,38.470965,38.95826,500,development,1,included,1,0.4877165839226278,-1.1715965629303053,-2.6622629110581357,-2.965849414792679,-1.0497858106179874,-1.301630034992202,-1.6584822571803268,3.5525735544019867,1,1,1,2,False,1
Damaged_LR,75,36999,37499,38.998726,39.48602,500,development,1,included,1,0.5196325437192293,-1.29472447128288,-2.5720379432264533,-2.9215570995253475,-0.9004415596187082,-1.3611732282122322,-1.4074551285113048,3.1147511866274717,0,1,0,3,False,1
Damaged_LR,76,37499,37999,39.525769000000004,40.013063,500,development,1,included,1,0.8226143154360831,-0.48508183322003445,-1.1901114372535029,-1.1976264679035695,-1.0086846011436539,-1.1704958393461582,-1.5559173018871097,10.550507605842597,1,1,1,3,False,1
Damaged_LR,77,37999,38499,40.049202,40.536497000000004,500,development,1,included,1,0.6789827404782479,-0.49119707386373684,-2.069719902792682,-2.394395499832378,-1.156606100573389,-1.6268820910841104,-1.9557110493396557,5.117267493535198,1,1,3,3,False,1
Damaged_LR,78,38499,38999,40.571372000000004,41.058666,500,development,1,included,1,0.5927660788785426,-0.6045291086785294,-2.613599827975385,-2.6613983326497332,-1.127543197698867,-2.051650366674941,-1.9879178916975817,4.769567787866872,1,1,3,3,False,1
Damaged_LR,79,38999,39499,41.098336,41.58563,500,development,1,included,1,0.412212828650964,-1.034809590315956,-2.6311930240154866,-2.7564138200174417,-1.2725240431577454,-2.2270958730136026,-2.103060679044423,6.716291416465633,1,0,3,1,False,1
Damaged_LR,80,39499,39999,41.622931,42.110225,500,development,1,included,1,0.5560681514946499,-0.8182092422491596,-1.6399806610472283,-2.3644999744782416,-1.344558962752219,-1.2490792852044446,-1.847584474892902,7.771717260173974,1,1,1,3,False,1
Damaged_LR,81,39999,40499,42.148447000000004,42.635741,500,development,1,included,1,0.6638667693410802,-0.4783184398405489,-2.7697566320360822,-2.6609906066845777,-1.2217296390876224,-1.6868750225113687,-1.7645560053833862,4.224367210869739,1,1,3,3,False,1
Damaged_LR,82,40499,40999,42.672129,43.159423000000004,500,development,1,included,1,0.8624346545777831,-0.20695900176292883,-2.2602051481819854,-2.352309431320438,-1.1169752056780122,-1.9565253710206167,-1.7264490575873417,5.171117855260111,1,1,3,3,False,1
Damaged_LR,83,40999,41499,43.196383000000004,43.683678,500,development,1,included,1,0.5257388252402341,-0.7976219331132741,-2.73494475354946,-2.52469513852821,-1.4152382117020827,-1.2743362475639908,-2.0420572456563613,3.8554223534922727,1,1,3,3,False,1
Damaged_LR,84,41499,41999,43.720972,44.208267,500,development,1,included,1,0.4492695267123113,-1.1240145896176648,-2.3797236519106555,-2.732037719132121,-1.3094625740648074,-1.2743778463770723,-1.9205891415404879,3.854960777735575,1,0,3,1,False,1
Damaged_LR,85,41999,42499,44.247986000000004,44.73528,500,development,1,included,1,0.6513795916618305,-0.520996460301989,-1.9876216851376207,-2.307356757755372,-1.2937392617106347,-1.49948986906781,-1.7502945609501526,5.624378721755357,1,1,1,3,False,1
Damaged_LR,86,42499,42999,44.774407000000004,45.261701,500,development,1,included,1,0.46780067481397175,-0.8481179041258657,-2.7683131456912538,-2.7757638978127868,-1.4725328560502433,-1.4906052269164465,-2.3229707888350712,6.212705538864604,1,0,3,1,False,1
Damaged_LR,87,42999,43499,45.302066,45.78936,500,development,1,included,1,0.4781173534612485,-0.8314930341411491,-2.45633722421538,-2.9120308277989366,-1.457300271190817,-1.6478191617644289,-1.924944702984161,4.0630007824803736,1,1,3,2,False,1
Damaged_LR,88,43499,43999,45.832801,46.320095,500,development,1,included,1,0.5310748202034169,-1.1605406141842858,-2.8899115666295425,-3.086509230304932,-0.9003691469729787,-1.3597009727280478,-1.4523490540812727,2.9082249530360325,0,1,0,3,False,1
Damaged_LR,89,43999,44499,46.359497000000005,46.846791,500,development,1,included,1,0.5516768267513178,-0.6369329623777354,-2.828832574148134,-2.5694756373899295,-1.5536739636345294,-1.7130631575625062,-1.8543961076284494,5.040332987834138,1,1,3,3,False,1
Damaged_LR,90,44499,44999,46.884883,47.372177,500,development,1,included,1,0.5548341610954743,-0.7028181348469161,-2.4879193187333466,-2.521145391237482,-1.2258550714061918,-1.9607213635101124,-1.6132387867909328,3.7606297838109852,1,1,3,3,False,1
Damaged_LR,91,44999,45499,47.412282,47.899576,500,development,1,included,1,0.421366160539315,-1.0592613572552048,-2.7907492333917086,-2.8765255381875545,-1.3993919291304577,-1.5385700997064007,-1.8489623190216873,3.47574832572423,1,0,3,1,False,1
Damaged_LR,92,45499,45999,47.93737,48.424664,500,development,1,included,1,0.38991367928283205,-1.4634628980525397,-2.7333678057210826,-2.706003147190594,-1.263933005420932,-1.4156243316526602,-1.787580906289484,2.287705644898231,0,0,0,1,False,1
Damaged_LR,93,45999,46499,48.464373,48.951667,500,development,1,included,1,0.42128351315881674,-1.251724380552952,-2.668090087617969,-2.6603050633971255,-1.2486024714244115,-1.4049392793785074,-1.8272664945918027,2.4062657845620796,0,0,0,1,False,1
Damaged_LR,94,46499,46999,48.992867000000004,49.480162,500,development,1,included,1,0.506675949746647,-1.288389867140528,-2.817342378628899,-2.3266242117287574,-0.9576775806172861,-1.2203614767539663,-1.6464628244883759,4.454320346817069,1,1,1,3,False,1
Damaged_LR,95,46999,47499,49.516241,50.003535,500,development,1,included,1,0.5290006740146166,-0.9866907901263738,-2.809189634931783,-2.594935907939074,-0.9813767507510254,-1.469519055634914,-1.523425727801494,2.4506981111950843,0,1,0,3,False,1
Damaged_LR,96,47499,47999,50.040529,50.527823,500,development,1,included,1,0.5183066835991579,-0.8592788956541165,-2.525634025833252,-2.4396794344964707,-1.1603744018516837,-1.4879118399447777,-1.7498575120497637,2.8952276770327883,0,1,0,3,False,1
Damaged_LR,97,47999,48499,50.563303,51.050598,500,development,1,included,1,0.45332539350999224,-1.4886092703635867,-3.0844711949196753,-2.6642014444359288,-0.9874091766865812,-1.3735262985737966,-1.6870047679192828,2.7548206906034327,0,0,0,1,False,1
Damaged_LR,98,48499,48999,51.089309,51.576603,500,development,1,included,1,0.6251106227773062,-0.9895303281104577,-1.7087037137481564,-1.3572143757634851,-0.8921832948343785,-1.2954220209059306,-1.5243742096732793,8.855430389296828,1,1,1,3,False,1
Damaged_LR,99,48999,49499,51.623198,52.110492,500,development,1,included,1,0.5310962432046404,-0.8884301299636768,-2.117605214335586,-2.1720735545865226,-1.1767483247454946,-1.4567561018733797,-1.6359706896881667,4.821485443159225,1,1,1,3,False,1
Damaged_LR,100,49499,49999,52.148688,52.635983,500,development,1,included,1,0.42229874302941417,-1.1349668356393923,-2.5801096766328593,-2.7188422664952947,-1.1582253060985301,-1.8236358963551245,-1.987100272107635,2.7907895128340683,0,0,0,1,False,1
Damaged_LR,101,49999,50499,52.673721,53.161015,500,development,1,included,1,0.45602322109932153,-0.9408401968605887,-2.3717787394010155,-2.7099631013064593,-1.2781691785452587,-1.7511421899432742,-2.063181261729838,3.565917857534092,1,0,3,1,False,1
Damaged_LR,102,50499,50999,53.200783,53.688077,500,development,1,included,1,0.45928135717199126,-0.984891644431153,-2.8969707200448536,-2.6017191493262866,-1.1530432475641128,-1.8059920390135213,-1.948703485407723,2.456975181778549,0,0,0,1,False,1
Damaged_LR,103,50999,51499,53.731859,54.219153,500,development,1,included,1,0.5114224697816365,-0.8021796935263544,-2.4495735167191164,-2.6857027419601045,-1.1956361154638848,-1.7896641217691296,-1.9391327169408712,3.0944420724914483,0,1,0,3,False,1
Damaged_LR,104,51499,51999,54.259457,54.746751,500,development,1,included,1,0.6051878236856205,-0.577479554229896,-2.2754171766405613,-2.8220248333979816,-1.1609756157896771,-2.001620582904135,-2.0354726248815695,4.214442927545199,1,1,3,3,False,1
Damaged_LR,105,51999,52499,54.786869,55.274163,500,development,1,included,1,0.7594594876180167,-0.42945400323950694,-1.5605922327189305,-2.063879468795586,-1.1213640296708847,-1.336737768742155,-1.6191025489332995,8.26209043203965,1,1,1,3,False,1
Damaged_LR,106,52499,52999,55.312027,55.799321,500,development,1,included,1,0.5893714997575873,-0.6401574471879091,-2.867870809023514,-2.971316075407061,-1.2299602006801629,-1.4599138860382301,-1.7820293573181651,3.6597242945257573,1,1,3,3,False,1
Damaged_LR,107,52999,53499,55.836193,56.323487,500,development,1,included,1,0.4914862737978406,-1.0377303053983529,-2.7439438463290564,-2.673406350037123,-1.056121041545949,-1.4727646019368736,-1.7431832218643786,2.2726254621822415,0,1,0,2,False,1
Damaged_LR,108,53499,53999,56.3671,56.854394,500,development,1,included,1,0.48791415014640016,-1.0361715909867597,-2.3346182445659656,-2.927315954021229,-1.0571070938064042,-1.5648397757937254,-1.7163345946449358,3.4810209672763937,1,1,3,2,False,1
Damaged_LR,109,53999,54499,56.894719,57.382013,500,development,1,included,1,0.5740819074711653,-1.0096705481923602,-2.266338908383667,-2.466785474950375,-0.9753564045219387,-1.097113568792848,-1.5352058572240275,5.821865287752403,1,1,1,3,False,1
Damaged_LR,110,54499,54999,57.427793,57.915087,500,development,1,included,1,0.5132817133091425,-1.0300335996642522,-2.7040096717038926,-2.707535369442562,-1.0683719279589567,-1.2793965861910848,-1.6835325949712394,3.7992734045698686,1,1,1,3,False,1
Damaged_LR,111,54999,55499,57.956282,58.443577,500,development,1,included,1,0.44366187810832497,-1.1174104621037875,-2.8423640766374136,-2.951230835277959,-1.4318012209358801,-1.215004570569058,-1.821148372154953,4.513759976044267,1,0,1,1,False,1
Damaged_LR,112,55499,55999,58.482874,58.970169,500,development,1,included,1,0.3849651701024612,-1.2749165738228174,-2.9220767685091165,-3.132004904847226,-1.5900709211280533,-1.316362942455257,-1.8362599297069433,5.409437022693952,1,0,4,1,False,1
Damaged_LR,113,55999,56499,59.008867,59.496162,500,development,1,included,1,0.6415568613527431,-1.1286666850081049,-2.956503529172723,-1.5417695887305485,-0.7819689480982336,-0.9773425957183324,-1.641342319410456,7.77448165086643,1,1,1,3,False,1
Damaged_LR,114,56499,56999,59.533974,60.021268,500,development,1,included,1,0.5115210844947127,-1.416880241141821,-2.921146293008704,-2.721087811278526,-0.9541870303738502,-1.050104774063817,-1.8356252495160355,6.343469593047668,1,1,1,3,False,1
Damaged_LR,115,56999,57499,60.059321000000004,60.546615,500,development,1,included,1,0.5238531903091587,-1.1951158209877548,-2.6108036898080718,-2.953373518789599,-1.0894768405266348,-0.9789990985010852,-1.8847097505350912,7.132450181004421,1,1,1,3,False,1
Damaged_LR,116,57499,57999,60.582643000000004,61.069937,500,development,1,included,1,0.5676097926280236,-0.7578048028096958,-2.684289386110489,-2.544132279942026,-1.1476326508341828,-1.4216538180246343,-1.5708924986900332,3.2492623974389514,0,1,0,3,False,1
Damaged_LR,117,57999,58499,61.116583,61.603877000000004,500,development,1,included,1,0.4817823374764815,-1.0740600705933459,-2.691944004543918,-2.7130291525177235,-1.2525655456243276,-1.1357974658133112,-1.9539430315702737,5.392633112203532,1,1,1,2,False,1
Damaged_LR,118,58499,58999,61.643146,62.13044,500,development,1,included,1,0.7080142792136012,-0.460967653865635,-2.3709436098032146,-2.6166568603962377,-1.075500700107065,-1.5584517983183894,-1.51884840772453,4.2849026686330705,1,1,1,3,False,1
Damaged_LR,119,58999,59499,62.167524,62.654818,500,development,1,included,1,0.5968150960586225,-0.9316446258551426,-2.688802314865065,-2.9477866471984635,-0.9506939608028029,-1.0031197853485154,-1.7246688768565086,6.864809749488984,1,1,1,3,False,1
Damaged_LR,120,59499,59999,62.69362,63.180914,500,development,1,included,1,0.4955953835708887,-1.356334259614404,-2.648024189950467,-3.078557501290661,-0.9936494466065292,-1.1299837821579024,-1.7987904644420227,5.457141092928534,1,1,1,2,False,1
Damaged_LR,121,59999,60499,63.221861000000004,63.709155,500,development,1,included,1,0.44129619435365375,-1.152254963311545,-2.775711472495688,-2.6569582926341067,-1.254980552300736,-1.4001053205704375,-1.8519844709539193,2.459902848444343,0,0,0,1,False,1
Damaged_LR,122,60499,60999,63.744966,64.23226,500,development,1,included,1,0.41893957668171594,-1.2912763523444022,-2.5880404398668184,-2.6107881160634783,-1.1346284898597532,-1.9168025890931777,-1.6116152517265265,3.273311996762568,1,0,3,1,False,1
Damaged_LR,123,60999,61499,64.269875,64.75716899999999,500,development,1,included,1,0.5341556455481342,-1.1965613356751648,-2.773653448868072,-2.557972517843209,-0.8291976855578834,-1.6446479740155355,-1.4124031815022284,3.0643394327400943,0,1,0,3,False,1
Damaged_LR,124,61499,61999,64.803086,65.29038,500,development,1,included,1,0.5679784879764911,-0.793412008344036,-2.4574580014845697,-2.4518309064645476,-1.0024841933403348,-1.9328392079585566,-1.505332805759042,3.4512525181219704,1,1,3,3,False,1
Damaged_LR,125,61999,62499,65.335264,65.822558,500,development,1,included,1,0.6674043438667565,-0.9495056575887469,-2.5878351290035977,-2.0489229451998656,-0.6674375331941879,-1.2990804714846567,-1.3452029319810896,4.804060105721099,1,1,1,3,False,1
Damaged_LR,126,62499,62999,65.859065,66.34635899999999,500,development,1,included,1,0.4675585865899979,-1.4003160269734733,-2.785433365328246,-2.376533940416969,-1.0035208773990156,-1.3473269929403218,-1.6714101450597376,3.045525242654573,0,0,0,1,False,1
Damaged_LR,127,62999,63499,66.383748,66.87104199999999,500,development,1,included,1,0.7014881349500169,-0.9620876890958239,-2.6788131369054535,-1.9827776920765479,-0.5911070446602915,-1.2983001217091703,-1.2735908765666124,5.19147602731617,1,1,1,3,False,1
Damaged_LR,128,63499,63999,66.917182,67.40447599999999,500,development,1,included,1,0.746217703551417,-0.7329944592105603,-1.584244377031445,-1.1883636467799705,-0.8019623498363934,-1.3127936546329964,-1.4232604739109815,9.844397211438862,1,1,1,3,False,1
Damaged_LR,129,63999,64499,67.44244099999999,67.92973599999999,500,development,1,included,1,0.49333198216036367,-1.2209281443242581,-2.62559588406941,-2.009979300338827,-1.24229338732528,-1.0629138789174664,-1.7102904626988682,6.2013412045800544,1,1,1,2,False,1
Damaged_LR,130,64499,64999,67.96522599999999,68.45251999999999,500,development,1,included,1,0.5709778738811986,-1.3065481543544106,-2.5410935223868725,-1.8669252740296411,-0.995788146402669,-0.8856191242182078,-1.6622510759928646,8.168583885241471,1,1,1,3,False,1
Damaged_LR,131,64999,65499,68.490527,68.97782099999999,500,development,1,included,1,0.5208130094428686,-1.1462600393316658,-2.646145324712207,-2.333235578998994,-1.124535555306471,-1.0571766801235054,-1.6442714675231607,6.265000517874823,1,1,1,3,False,1
Damaged_LR,132,65499,65999,69.012639,69.499933,500,development,1,included,1,0.6918776659912999,-1.2884278065909358,-2.453390164454536,-1.4863550055286439,-0.6923491715812704,-0.8794016907229762,-1.3225446810024721,8.23757182883146,1,1,1,3,False,1
Damaged_UR,21,10000,10500,10.524126,11.011421,500,development,1,included,2,0.45574261807239813,-1.5856204744612925,-2.251204056428167,-2.63953544981207,-1.1677603677498152,-1.1851375107593711,-1.7171899798552248,4.845161516395246,1,0,1,1,False,1
Damaged_UR,22,10500,11000,11.04887,11.536164,500,development,1,included,2,0.4629927897400228,-2.3368220282677843,-2.8354658345278465,-3.019014387054614,-1.0148094656552504,-1.1353371928596954,-1.539242361133204,5.397740249189299,1,0,2,1,False,1
Damaged_UR,23,11000,11500,11.573629,12.060923,500,development,1,included,2,0.4392212087635459,-2.7380528598302574,-2.886662523987446,-2.8865031181342693,-1.096286930779112,-1.0986494119948664,-1.7137979491785176,5.804823744121067,1,0,2,1,False,1
Damaged_UR,24,11500,12000,12.100024,12.587319,500,development,1,included,2,0.4411095201274003,-2.100764980657891,-2.3860354233673853,-2.754115263942443,-0.9896296150200068,-1.4517613012485369,-1.544231222983584,3.1634229799101474,0,0,0,1,False,1
Damaged_UR,25,12000,12500,12.625422,13.112716,500,development,1,included,2,0.3673017627705659,-2.0262588670024733,-2.2892005269206144,-3.1358985927958103,-1.1839362222391516,-1.8110945332568997,-1.6264337180726143,3.7615609745498713,1,0,4,1,False,1
Damaged_UR,26,12500,13000,13.156252,13.643547,500,development,1,included,2,0.37846114513011003,-2.0843760162928713,-2.324297666878808,-2.9957324322634618,-1.4026945661611527,-1.24704683529218,-1.718190836999603,4.158222606338648,1,0,2,1,False,1
Damaged_UR,27,13000,13500,13.679187,14.166481,500,development,1,included,2,0.4034894588521738,-2.1667138325850495,-2.410999097428942,-2.8699061408136224,-1.112032851200892,-1.3905127561123436,-1.7623382257102347,3.009225242421709,0,0,0,1,False,1
Damaged_UR,28,13500,14000,14.209184,14.696479,500,development,1,included,2,0.4479621343786411,-1.9973176968687976,-2.4803531014086535,-2.8477046306184057,-1.0540985391923787,-1.131123971336242,-1.8435928913196218,5.444489681895745,1,0,2,1,False,1
Damaged_UR,29,14000,14500,14.734054,15.221348,500,development,1,included,2,0.5519226665260242,-1.4147683218277969,-1.5640225474826597,-1.333399557206944,-1.2703258147704066,-1.0934857413905221,-1.874105324273965,8.99491492436242,1,1,1,3,False,1
Damaged_UR,30,14500,15000,15.259219,15.746513,500,development,1,included,2,0.4804148303398752,-2.3681504752228886,-2.575292939594849,-2.9707261849307254,-0.9714079503131859,-1.0791256393756667,-1.696465112426058,6.021457331782298,1,1,2,2,False,1
Damaged_UR,31,15000,15500,15.782678,16.269972,500,development,1,included,2,0.5091874590334394,-2.3261718557556583,-2.5115976934740143,-2.739398888154442,-0.7843124875305177,-1.707411005995738,-1.3078569408296246,4.129477450523139,1,1,2,3,False,1
Damaged_UR,32,15500,16000,16.308399,16.795694,500,development,1,included,2,0.4585538798801765,-2.5459556766683455,-2.941824662823085,-3.233774576896364,-0.9702858831350814,-1.2080728435917043,-1.6619323982219405,4.590673639867393,1,0,2,1,False,1
Damaged_UR,33,16000,16500,16.833717,17.321011,500,development,1,included,2,0.38147021329307984,-2.704875195379804,-2.6520686118310928,-3.0782769693074457,-1.1559478441627313,-1.3184487238333031,-1.8725412230329437,3.543905225173379,1,0,2,1,False,1
Damaged_UR,34,16500,17000,17.359978,17.847273,500,development,1,included,2,0.4273480122378867,-2.727126543904112,-2.801902453198593,-3.1635218296141963,-0.9581845741169961,-2.052622139072112,-1.3615952160449913,4.7803504652159345,1,0,4,1,False,1
Damaged_UR,35,17000,17500,17.887223,18.374517,500,development,1,included,2,0.49778646725559494,-2.441398535016167,-2.486223305190374,-2.7874673957939984,-0.7619028603019071,-2.4447337007313825,-1.3133716031180014,9.131176303156774,1,1,4,2,False,1
Damaged_UR,36,17500,18000,18.417602,18.904897,500,development,1,included,2,0.3977685378717932,-2.5454215176745305,-2.363285361965438,-2.716986867736914,-1.1490709557811336,-1.4039481537810246,-1.725086149678116,3.3039474871302423,1,0,2,1,False,1
Damaged_UR,37,18000,18500,18.948791,19.436085,500,development,1,included,2,0.45516461730998925,-2.327351761599903,-2.383082254221833,-2.72256800290727,-0.9153703678983575,-1.491754774613627,-1.6828553619404227,3.1816643653545325,0,0,0,1,False,1
Damaged_UR,38,18500,19000,19.479512,19.966806,500,development,1,included,2,0.4164292731166919,-2.468332639815829,-2.8459935385686896,-3.0000923467271505,-1.0179042777708691,-1.669775139650877,-1.4744463594056527,2.7186278053333495,0,0,0,1,False,1
Damaged_UR,39,19000,19500,20.007672,20.494966,500,development,1,included,2,0.49978938593801786,-2.3434993895253564,-2.432754690012058,-2.696016742902201,-0.8530166844422642,-1.3460707580118163,-1.6288441375351344,3.0594642842944997,0,1,0,2,False,1
Damaged_UR,40,19500,20000,20.535803,21.023097,500,development,1,included,2,0.4800946326724155,-2.536132535098416,-2.6530498218763703,-3.167944841938326,-0.9178734836274404,-1.1451239701832248,-1.6717562365859908,5.289147267464404,1,1,2,2,False,1
Damaged_UR,41,20000,20500,21.059978,21.547272,500,development,1,included,2,0.3784324649419216,-2.2228144815229163,-2.4106994619596276,-2.580847858212554,-1.1808989441690303,-1.8086560170569406,-1.6201161804937159,3.0110760561811607,0,0,0,1,False,1
Damaged_UR,42,20500,21000,21.586619,22.073913,500,development,1,included,2,0.4991424207015441,-2.5553742160989064,-2.8297775521982356,-2.7981135014676872,-0.8598952579824717,-1.1534784350888023,-1.6138555590056045,5.1964470634216005,1,1,2,2,False,1
Damaged_UR,43,21000,21500,22.108944,22.596238,500,development,1,included,2,0.6017652284756034,-1.4625541969139113,-1.2290092305817475,-2.1045002393626984,-0.8957948671532721,-1.1443466556939361,-1.5028746343218615,10.310240419621607,1,1,1,3,False,1
Damaged_UR,44,21500,22000,22.632571,23.119865,500,development,1,included,2,0.4976232588718309,-2.4126204907744073,-2.5956113524880995,-2.903225248066406,-0.8602906553052828,-1.2214444224820353,-1.4764763087490498,4.442304102677692,1,1,2,2,False,1
Damaged_UR,45,22000,22500,23.157856,23.64515,500,development,1,included,2,0.49331327717899764,-2.3217930134687554,-2.8406220443077204,-3.136664530936317,-0.8881587742587049,-1.136598563521368,-1.6992409248260492,5.383744222031103,1,1,2,2,False,1
Damaged_UR,46,22500,23000,23.68391,24.171204,500,development,1,included,2,0.4875220003639852,-1.5481325450056542,-2.679170661548184,-2.943058443538147,-0.9548879506505553,-1.3912753350804619,-1.4389324893858935,2.7940535359869663,0,1,0,2,False,1
Damaged_UR,47,23000,23500,24.209588,24.696882,500,development,1,included,2,0.4210703923766719,-2.6435256609692717,-2.87889854490929,-2.7546393700066996,-1.0069435723048337,-1.4555972245255149,-1.619095724081075,3.3298617717829484,1,0,2,1,False,1
Damaged_UR,48,23500,24000,24.735003,25.222297,500,development,1,included,2,0.41618669414230697,-2.2925016183259608,-2.26668464031737,-2.5297568704242774,-1.0831678726908567,-1.3738988903795513,-1.6992116766748306,3.9006390110282085,1,0,2,1,False,1
Damaged_UR,49,24000,24500,25.256568,25.743862,500,development,1,included,2,0.4944879177271879,-1.9498391212048334,-2.3904062906067467,-2.8176182452948098,-0.8411052477823686,-1.4945272548482285,-1.4639623028437205,3.1364246367371864,0,1,0,2,False,1
Damaged_UR,50,24500,25000,25.78262,26.269914,500,development,1,included,2,0.42357125428165954,-2.2397580009148204,-2.306429428682674,-2.8695760160542227,-1.1259278180825771,-1.3154846412745194,-1.6676943568874671,3.655140034083768,1,0,2,1,False,1
Damaged_UR,51,25000,25500,26.307544,26.794838,500,development,1,included,2,0.5028506052854598,-2.0106725279459603,-2.379894169537745,-2.538544653711854,-0.8809837225976495,-1.3422546119275685,-1.5635167564124106,3.2013567970052463,0,1,0,2,False,1
Damaged_UR,52,25500,26000,26.837918,27.325213,500,development,1,included,2,0.4334596988733959,-2.512294454817844,-2.7036161750363608,-2.945207369837,-0.9995511266188283,-1.3564107218586274,-1.6338686084365943,2.944733207052834,0,0,0,1,False,1
Damaged_UR,53,26000,26500,27.360852,27.848146,500,development,1,included,2,0.45960899491421087,-2.593714800612012,-2.8864987189287996,-3.06441772872298,-0.9137880449905501,-1.3511510639162134,-1.5610544455341977,3.1560757981866105,0,0,0,1,False,1
Damaged_UR,54,26500,27000,27.888598,28.375892,500,development,1,included,2,0.40621390641399585,-2.370809550934228,-2.6169334496589878,-2.5668576230875573,-1.028803834351556,-1.6542999386152701,-1.5879052516883834,2.3783778110980838,0,0,0,1,False,1
Damaged_UR,55,27000,27500,28.416862,28.904156,500,development,1,included,2,0.505722377336231,-2.1356417953738376,-2.0653354942206654,-2.7377396704162833,-0.8802104928560538,-1.373218402840088,-1.329407998044663,5.1443494799592635,1,1,1,3,False,1
Damaged_UR,56,27500,28000,28.940897,29.428191,500,development,1,included,2,0.7317144680629541,-0.6048532310819072,-1.254784341644891,-2.314296194968523,-0.8712964039795563,-1.5872845503715196,-1.3936392988183597,10.15103052929659,1,1,1,3,False,1
Damaged_UR,57,28000,28500,29.469542,29.956836,500,development,1,included,2,0.5333779934794404,-1.9922433411358191,-2.6292034073542747,-2.4055881723631853,-0.7934849328436325,-1.386579282996775,-1.3530350713775718,3.6691936171744173,1,1,1,3,False,1
Damaged_UR,58,28500,29000,29.994026,30.48132,500,development,1,included,2,0.43764177796253056,-2.6050348448983423,-2.605810715679366,-2.972594043881307,-1.0023074748658334,-1.3932908149043943,-1.534701156137077,3.1955704967993968,0,0,0,1,False,1
Damaged_UR,59,29000,29500,30.52346,31.010754,500,development,1,included,2,0.4995738106819705,-2.211036054494122,-2.5919731416967675,-2.7524418567679114,-0.8308102914649705,-1.5607310113871617,-1.3094451958326871,4.113295990770858,1,1,2,2,False,1
Damaged_UR,60,29500,30000,31.054463,31.541758,500,development,1,included,2,0.48682163428746456,-1.85880404037261,-2.4434834295953127,-2.8575846724260217,-0.8895923378297785,-1.403558455693961,-1.4940028586649077,2.8085732666137515,0,1,0,2,False,1
Damaged_UR,61,30000,30500,31.580527,32.067821,500,development,1,included,2,0.6546310053563319,-0.8313397446578586,-1.4657939144748389,-1.5976622689448976,-0.965568036214043,-1.4220240668083923,-1.546317045489001,8.847648717847372,1,1,1,3,False,1
Damaged_UR,62,30500,31000,32.103702,32.590996,500,development,1,included,2,0.5707046920494326,-1.5866162481824577,-1.6109573795759615,-2.3586718637709536,-0.8176643116195845,-1.2124182616009438,-1.4664121738727605,7.950990724741887,1,1,1,3,False,1
Damaged_UR,63,31000,31500,32.628666,33.11596,500,development,1,included,2,0.3770295912724193,-2.483468130189252,-2.5737742994335626,-2.7413448751026777,-1.133592197073991,-1.5429945769857492,-1.7319507562929997,2.77143427989608,0,0,0,1,False,1
Damaged_UR,64,31500,32000,33.154263,33.641557,500,development,1,included,2,0.5440934760806264,-2.3985017676418914,-2.942342190476344,-3.070593673689224,-0.7623270043820559,-1.2468791816642242,-1.351654148808645,4.160082872160059,1,1,1,3,False,1
Damaged_UR,65,32000,32500,33.678585,34.165879,500,development,1,included,2,0.39032258936448966,-2.3226707146853585,-2.4493975522909994,-2.8705534324741837,-1.1631081781376822,-1.3512881068872193,-1.9667749142183588,3.0015731672955566,0,0,0,1,False,1
Damaged_UR,66,32500,33000,34.207971,34.695266,500,development,1,included,2,0.5126562995768219,-2.3685695257291717,-2.4863215023134457,-2.3256707223622386,-0.8996847660720494,-1.1506923856787756,-1.6162462127591628,5.227360754687498,1,1,1,3,False,1
Damaged_UR,67,33000,33500,34.735523,35.222817,500,development,1,included,2,0.4000440202693964,-2.420166901332971,-2.4785166863729966,-2.696393226986929,-1.163406808280376,-1.2710925058340674,-1.980140358154983,3.891414547322102,1,0,2,1,False,1
Damaged_UR,68,33500,34000,35.26071,35.748004,500,development,1,included,2,0.4147733940400207,-2.6276817603360674,-2.526635673085618,-2.501336868667207,-1.0169453583766452,-1.8882184633961847,-1.5443332188536074,3.2745837123927584,1,0,2,1,False,1
Damaged_UR,69,34000,34500,35.788924,36.276218,500,development,1,included,2,0.44670839408749785,-2.559085342619841,-2.5312123081607356,-2.0721056981544432,-1.0250014020337235,-1.2828486263867531,-1.7496234122400813,4.668277609216562,1,0,2,1,False,1
Damaged_UR,70,34500,35000,36.316495,36.80379,500,development,1,included,2,0.6450943832066846,-1.100801239652376,-1.5278185405162181,-1.583186888217645,-1.0146181989076963,-0.9854498658440906,-1.5594843017569495,8.464529751441884,1,1,1,3,False,1
Damaged_UR,71,35000,35500,36.839005,37.3263,500,development,1,included,2,0.33089735528954817,-2.5325751100881813,-2.372302699162299,-3.098173397832748,-1.3233143748920977,-1.477835994818994,-2.119762797040214,4.142381860217339,1,0,4,1,False,1
Damaged_UR,72,35500,36000,37.361241,37.848535,500,development,1,included,2,0.5191877299084863,-1.918664349775331,-2.273671534269049,-2.4868719690787895,-0.7967533948022376,-1.6717818208617956,-1.362833301796993,3.8574817723635806,1,1,2,3,False,1
Damaged_UR,73,36000,36500,37.882031,38.369325,500,development,1,included,2,0.44916231835023435,-1.7325136896174946,-1.9439993048318027,-2.560715261910063,-1.1211668338383327,-1.6294188489130579,-1.6310823809703543,5.893829137204254,1,0,2,1,False,1
Damaged_UR,74,36500,37000,38.415286,38.90258,500,development,1,included,2,0.48071148845412914,-2.3008829686502765,-2.6941389457889917,-2.786395599952626,-0.8552889569782633,-1.7351334212274216,-1.404386093898898,3.1460191253169523,0,1,0,2,False,1
Damaged_UR,75,37000,37500,38.94007,39.427365,500,development,1,included,2,0.46318813585944835,-2.819821726746429,-2.6801964100870057,-2.900360457243522,-0.881835691715124,-1.8962607162867684,-1.4443190994874753,3.9449441697287617,1,0,2,1,False,1
Damaged_UR,76,37500,38000,39.467376,39.954671,500,development,1,included,2,0.44834997041055585,-2.4467733791070985,-2.8040463847412713,-3.188496012933349,-0.9210398186813031,-1.9199953462827808,-1.4697726689263864,3.308738471860661,1,0,4,1,False,1
Damaged_UR,77,38000,38500,39.992324,40.479619,500,development,1,included,2,0.34641480085954135,-2.4013558288578407,-2.528510572556261,-2.6207437424845486,-1.2169490048257183,-1.5167268375023477,-2.0317949764424297,3.246148103198357,0,0,0,1,False,1
Damaged_UR,78,38500,39000,40.518907,41.006201,500,development,1,included,2,0.5348136884613631,-2.2868192956059215,-2.4422117685286726,-2.311841887822709,-0.8086182499154373,-1.2209999793767286,-1.5118514258772893,4.447235593444964,1,1,1,3,False,1
Damaged_UR,79,39000,39500,41.043188,41.530482,500,development,1,included,2,0.4107076929242508,-2.4695521035557753,-2.784520168426252,-2.9466073007927456,-1.144089258159376,-1.2643379927093397,-1.8972717363838145,3.9663618661448834,1,0,4,1,False,1
Damaged_UR,80,39500,40000,41.569481,42.056775,500,development,1,included,2,0.47268188132202005,-2.332832220041609,-2.098913224830977,-2.7592168940043615,-0.9347007268120334,-1.3332148564275474,-1.6290471356432035,4.936943707982787,1,1,2,2,False,1
Damaged_UR,81,40000,40500,42.093388,42.580683,500,development,1,included,2,0.5204489223710971,-2.360552470346018,-2.4562548797470924,-3.0080421511666176,-0.8182232579919303,-1.20859836089829,-1.5363898344260374,4.584842558870692,1,1,2,3,False,1
Damaged_UR,82,40500,41000,42.627677,43.114971,500,development,1,included,2,0.36361398691945046,-2.501255592542491,-2.6770572607542817,-2.7235270330549786,-1.2060670373961047,-1.4820411163888942,-1.7338946124565553,2.8334932654404907,0,0,0,1,False,1
Damaged_UR,83,41000,41500,43.148922,43.636216,500,development,1,included,2,0.46610013356235186,-2.591597006905807,-2.992192931427963,-3.114393935035855,-0.9902176475263411,-1.1261752916070886,-1.581101891544258,5.499399676230479,1,0,2,1,False,1
Damaged_UR,84,41500,42000,43.676994,44.164288,500,development,1,included,2,0.3326623063645034,-2.2094805120789376,-2.5420529742196942,-2.74108633615615,-1.3023154925451872,-1.7829561468737654,-1.8605654816059527,2.4912895439754643,0,0,0,1,False,1
Damaged_UR,85,42000,42500,44.20253,44.689824,500,development,1,included,2,0.3751141229903884,-2.4350138747326535,-2.9469619821193787,-3.066018198489618,-1.1176701060608534,-1.6036034071753655,-1.6296160230386791,2.602381388638734,0,0,0,1,False,1
Damaged_UR,86,42500,43000,44.726805,45.214099,500,development,1,included,2,0.3637541195099167,-2.5604521392511463,-2.8544325837344693,-3.0777275015662067,-1.1213689761782428,-1.8934945281142506,-1.6342349033656867,3.040025122740671,0,0,0,1,False,1
Damaged_UR,87,43000,43500,45.250299,45.737593,500,development,1,included,2,0.48752262749911135,-2.3463259336112268,-3.1166896692048502,-2.8633492896292974,-0.9540925547888107,-1.041978753600187,-1.752676562548165,6.433635003226313,1,1,2,2,False,1
Damaged_UR,88,43500,44000,45.773582,46.260876,500,development,1,included,2,0.4762356336511896,-2.062780072881973,-1.940081285871276,-2.7056790901289998,-1.1112165210439435,-1.0622022939019247,-1.9358670997927754,6.209236871972287,1,1,2,2,False,1
Damaged_UR,89,44000,44500,46.303165,46.790459,500,development,1,included,2,0.33763228135875606,-2.4431847797242763,-2.7403137415904903,-3.065094831910185,-1.2619721294789774,-1.6238124525911057,-1.8229252722845446,2.630889000612262,0,0,0,1,False,1
Damaged_UR,90,44500,45000,46.826655,47.31395,500,development,1,included,2,0.3648947728896028,-2.7928551659764227,-2.9194330518290927,-2.9202567326232702,-1.2490304790392148,-1.4216570673272237,-1.701135816968836,3.850860068704449,1,0,2,1,False,1
Damaged_UR,91,45000,45500,47.350219,47.837513,500,development,1,included,2,0.3055190809139857,-2.545205522865825,-2.695217700367371,-3.166583638051443,-1.3934103758668765,-1.6176716359541035,-2.0118163600253633,3.4150889850441875,1,0,4,1,False,1
Damaged_UR,92,45500,46000,47.873695,48.360989,500,development,1,included,2,0.3699882140075023,-2.6845386415484356,-2.9589681766878115,-3.1605474740215307,-1.1292895223780277,-1.5057471655064456,-1.802725133017456,3.472952670211867,1,0,4,1,False,1
Damaged_UR,93,46000,46500,48.399226,48.88652,500,development,1,included,2,0.5467846462588664,-1.8910744420101078,-2.6960572224433808,-2.679114994005931,-0.7445085981781338,-1.7274653579985135,-1.215255554268541,5.072918904668899,1,1,1,3,False,1
Damaged_UR,94,46500,47000,48.923492,49.410786,500,development,1,included,2,0.38322799852959866,-2.670424523001239,-2.698971430213039,-3.1463632754570123,-1.0548956462915677,-1.852745899772478,-1.6719348997126948,3.423709677507341,1,0,4,1,False,1
Damaged_UR,95,47000,47500,49.457523,49.944817,500,development,1,included,2,0.5652762208319495,-2.3291195317676587,-2.6361319562223056,-3.0216254487982988,-0.6902782014201083,-1.331502267523764,-1.3315815769991406,3.887766110357809,1,1,1,3,False,1
Damaged_UR,96,47500,48000,49.980323,50.467617,500,development,1,included,2,0.47241308755805717,-2.3019412476576937,-2.526697821215041,-2.693226883714067,-0.9000111888988477,-1.7675777150280025,-1.310371299966234,4.103860656561607,1,1,2,2,False,1
Damaged_UR,97,48000,48500,50.505368,50.992662,500,development,1,included,2,0.3863814609655382,-2.5944895214892214,-2.9516134639137306,-2.8789874444931254,-1.38319671818697,-1.1613352625981543,-1.6091984741633618,5.1092685880222,1,0,2,1,False,1
Damaged_UR,98,48500,49000,51.030922,51.518216,500,development,1,included,2,0.46593897453525834,-2.2460034918935454,-2.5492778261268816,-3.1804927684250277,-1.046621943346594,-1.0008281222505633,-2.159490773283668,6.890237785775988,1,0,4,1,False,1
Damaged_UR,99,49000,49500,51.558441,52.045736,500,development,1,included,2,0.5307041060934445,-2.3599262082624053,-2.568882417403381,-2.888710821501574,-0.8018248335634656,-1.16158606638543,-1.5363461769316338,5.106485697374153,1,1,1,3,False,1
Damaged_UR,100,49500,50000,52.083704,52.570998,500,development,1,included,2,0.5872735228551919,-2.3747972655523006,-2.322818054025986,-1.630257274943535,-0.6662885528396238,-1.3658368047496743,-1.4856247344270834,7.256205026539255,1,1,1,3,False,1
Damaged_UR,101,50000,50500,52.611611,53.098905,500,development,1,included,2,0.4637224021509021,-2.2962091488183813,-2.7904446811436836,-2.750509614515443,-0.9049267577609674,-1.4029832431782516,-1.51727532880902,2.4279697424969275,0,0,0,1,False,1
Damaged_UR,102,50500,51000,53.138388,53.625682,500,development,1,included,2,0.5733555897836864,-1.9314051038986955,-1.1016936846693075,-1.5251018520761241,-1.0702656222499958,-1.4767141363960026,-1.5457428909644713,11.096653872961628,1,1,1,3,False,1
Damaged_UR,103,51000,51500,53.660952,54.148247,500,development,1,included,2,0.43803670995942895,-1.908189367432674,-2.0420219639478248,-2.8733651804290763,-1.0920284519156043,-1.3497386324570824,-1.5865450688947058,5.288354469452226,1,0,2,1,False,1
Damaged_UR,104,51500,52000,54.186641,54.673935,500,development,1,included,2,0.3491758436509423,-2.5155235056549485,-2.9071028057601427,-2.860627868055967,-1.4064733077171503,-1.2286271364241748,-2.187554680134746,4.833059129113259,1,0,4,1,False,1
Damaged_UR,105,52000,52500,54.708688,55.195983,500,development,1,included,2,0.42306173969434346,-2.164185614032934,-2.672649581147169,-2.627816521644464,-1.3577208613561984,-1.0142800706593609,-1.8086249779607546,6.7409764774381795,1,0,2,1,False,1
Damaged_UR,106,52500,53000,55.232085,55.71938,500,development,1,included,2,0.40054715079639414,-2.6546209317951113,-2.6696922899634146,-2.718632610085036,-1.1971217122788012,-1.2246868813070755,-1.7154551572883532,4.406326143816324,1,0,2,1,False,1
Damaged_UR,107,53000,53500,55.762283,56.249577,500,development,1,included,2,0.4299844774647013,-2.6672704112290155,-2.555990890447155,-2.76993965563815,-1.0537501754051808,-1.249630198398665,-1.6677431500084303,4.129557899526852,1,0,2,1,False,1
Damaged_UR,108,53500,54000,56.287225,56.77452,500,development,1,included,2,0.48655363285316816,-2.2570463186293597,-2.3746685932356484,-2.899902954888513,-0.887321525041983,-1.218491638811054,-1.6376819382812022,4.4750678585720385,1,1,2,2,False,1
Damaged_UR,109,54000,54500,56.817741,57.305035,500,development,1,included,2,0.3738397700659351,-2.6689745204350466,-2.7537193316981017,-2.907206081294816,-1.1648586417736153,-1.4966656264501148,-1.7708712587943198,3.4186507384351073,1,0,2,1,False,1
Damaged_UR,110,54500,55000,57.340633,57.827927,500,development,1,included,2,0.44222587920219086,-2.715516533791445,-2.5502789842766185,-3.094860050498702,-0.9853780163396912,-1.2722671638745504,-1.721254099633338,3.878380673667238,1,0,2,1,False,1
Damaged_UR,111,55000,55500,57.868653,58.355948,500,development,1,included,2,0.47839337699404005,-2.422203052179807,-2.729455596727035,-2.8271168992553886,-0.885928446865696,-1.296686532947347,-1.5561457724220242,3.6074260977334154,1,1,2,2,False,1
Damaged_UR,112,55500,56000,58.393407,58.880701,500,development,1,included,2,0.4255885503278109,-2.558348070641738,-2.801969075842907,-2.8348644397139475,-1.0786461550615245,-1.195045274947908,-1.9966763413795845,4.735226078008022,1,0,4,1,False,1
Damaged_UR,113,56000,56500,58.918495,59.405789,500,development,1,included,2,0.48161207619079294,-2.317382082410492,-2.7704966210578545,-2.7133150754893647,-0.9363265878447912,-1.1455185154083833,-1.6948876450252335,5.2847694379696755,1,1,2,2,False,1
Damaged_UR,114,56500,57000,59.444013,59.931307,500,development,1,included,2,0.45815618298751204,-2.54943166630402,-2.8958727223151444,-2.8414128525340168,-0.9445832764825703,-1.3314288772011607,-1.5977357943797266,3.2219289488850515,0,0,0,1,False,1
Damaged_UR,115,57000,57500,59.966515,60.453809,500,development,1,included,2,0.37734261044979395,-2.2040638861841035,-2.4957247731279906,-2.626953609761826,-1.1676292551947025,-1.9130005530368925,-1.6541384448252388,3.231125031806808,0,0,0,1,False,1
Damaged_UR,116,57500,58000,60.488475,60.97577,500,development,1,included,2,0.47303682354342796,-2.9417180421807014,-3.261956062705715,-3.040015990867115,-0.9127551709580535,-1.1970832826653879,-1.8141054448494114,4.712612573326822,1,1,4,2,False,1
Damaged_UR,117,58000,58500,61.012625,61.49992,500,development,1,included,2,0.45132505196933836,-2.343033195567165,-2.58140386027262,-2.7382602839424055,-0.8851551188012459,-1.7419512129594457,-1.4155926255175648,3.031844738961826,0,0,0,1,False,1
Damaged_UR,118,58500,59000,61.541847,62.029141,500,development,1,included,2,0.2923907914508021,-2.526202364161568,-2.606261340968223,-2.8207973755797826,-1.5672817444928229,-1.5671191000983058,-1.902468171791173,5.178330424053304,1,0,4,1,False,1
Damaged_UR,119,59000,59500,62.064297,62.551591,500,development,1,included,2,0.37483145455407135,-2.7046018360369337,-3.0711927755227073,-3.040162890869655,-1.124078936758614,-1.7356220969896734,-1.7100275885608793,3.5429514970265132,1,0,4,1,False,1
Damaged_UR,120,59500,60000,62.588823,63.076117,500,development,1,included,2,0.45754915247747424,-2.7596224859017937,-2.8840257928413866,-2.8054383324351084,-0.892457904575413,-1.593398472316555,-1.50362961384486,3.73491399548744,1,0,2,1,False,1
Damaged_UR,121,60000,60500,63.113301,63.600595,500,development,1,included,2,0.4757226949620894,-1.9216253114036157,-1.9474546259654415,-2.7389108377774614,-0.9339103623089784,-1.4840031152181612,-1.467272762472318,5.872486016805018,1,1,2,2,False,1
Damaged_UR,122,60500,61000,63.636858,64.124152,500,development,1,included,2,0.5008534609502044,-2.3280121723672837,-2.424664417169314,-2.9652524597219596,-0.8619277293110926,-1.318230956337563,-1.3960918322150042,3.3683715961190464,1,1,2,2,False,1
Damaged_UR,123,61000,61500,64.163807,64.651101,500,development,1,included,2,0.39262555965092,-2.3667055944761928,-2.62101148279878,-2.7721166100726244,-1.194691358179715,-1.3379864640840624,-1.7969293959369366,3.1491667015186677,0,0,0,1,False,1
Damaged_UR,124,61500,62000,64.690656,65.17795,500,development,1,included,2,0.4337112072742671,-2.7634092505851164,-2.7770477764541743,-2.725056213068682,-1.0170125345392769,-1.380537362062697,-1.565532429281297,3.7481257043909095,1,0,2,1,False,1
Damaged_UR,125,62000,62500,65.211594,65.698889,500,development,1,included,2,0.5161967863774652,-1.3118544351559118,-1.438406167285788,-2.099668057787332,-1.0939183775679902,-1.416156721542365,-1.7538951545199633,9.016819675657642,1,1,1,3,False,1
Damaged_UR,126,62500,63000,65.735822,66.223116,500,development,1,included,2,0.40226840210047937,-2.4214462415871423,-2.700779849692925,-2.775721655004787,-1.0997232778872938,-1.4746101965531553,-1.6976047821303253,2.55504503831916,0,0,0,1,False,1
Damaged_UR,127,63000,63500,66.261374,66.748668,500,development,1,included,2,0.39544690910067176,-2.7543279176396585,-2.839941940751747,-2.813810021077418,-1.097615285136454,-1.4323917158023352,-1.719381675573438,3.716441684557494,1,0,2,1,False,1
Damaged_UR,128,63500,64000,66.785433,67.272727,500,development,1,included,2,0.4243743890603631,-2.845911045831317,-2.7923923166532107,-2.873809633267746,-0.9953513171759931,-1.4768706272257988,-1.6127266036356616,4.035967647041014,1,0,2,1,False,1
Damaged_UR,129,64000,64500,67.316883,67.804177,500,development,1,included,2,0.7455198981185917,-0.7499810543209016,-1.381279524478347,-1.1764686528385968,-1.0651006716507125,-1.0851550541911732,-1.334358871101653,9.914066761747689,1,1,1,3,False,1
Damaged_UR,130,64500,65000,67.841433,68.328727,500,development,1,included,2,0.4401524055421463,-1.8292902725638003,-2.1263375007762093,-2.541760689635073,-1.219482141015408,-1.0857115211527033,-1.968438782246107,5.948381127449273,1,0,2,1,False,1
Damaged_UR,131,65000,65500,68.36474,68.852034,500,development,1,included,2,0.3509486683230287,-2.605769955316122,-2.739261260134704,-3.271555912606473,-1.2494221737741094,-1.4257057902748038,-1.857516966118103,3.198135236270637,0,0,0,1,False,1
Damaged_UR,132,65500,66000,68.890702,69.377997,500,development,1,included,2,0.40596104271196476,-2.169102651845607,-2.511959288154719,-3.026834251121482,-1.1258902605450993,-1.303713876712301,-1.7608967114309473,3.5294514807767663,1,0,2,1,False,1
Damaged_UR,133,66000,66500,69.41616,69.903454,500,development,1,included,2,0.42697642545763526,-1.5566656442318973,-2.3089969739738025,-2.2351759145267778,-1.2455227389997137,-1.302444875109898,-1.807965156062152,3.7131675268223843,1,0,3,1,False,1
Unbalanced_LR,21,10000,10500,10.518476,11.00577,500,development,1,included,3,0.4399571479339331,-1.0636170772245546,-2.761468616610278,-2.411816734229575,-1.1415527365462017,-2.226940198329054,-1.7129599575145444,6.714564067654542,1,0,3,1,False,1
Unbalanced_LR,22,10500,11000,11.04123,11.528525,500,development,1,included,3,0.3996754257654714,-1.5193119943760294,-2.4990287438581595,-2.5926268940587587,-1.0733695651408681,-1.985653554094475,-1.6450965671967552,4.0372745696262315,1,0,3,1,False,1
Unbalanced_LR,23,11000,11500,11.564961,12.052255,500,development,1,included,3,0.3976129841431873,-1.7056867647058003,-2.318828437166698,-2.9367438884362667,-1.039001898268788,-1.761090467907734,-1.7069337612092101,3.578552787726442,1,0,4,1,False,1
Unbalanced_LR,24,11500,12000,12.096439,12.583733,500,development,1,included,3,0.37331177129298926,-1.455530974945679,-2.5508300777583486,-2.654954159034761,-1.1922805142117792,-1.7566137699197482,-1.8814479951922771,2.1455053931552537,0,0,0,1,False,1
Unbalanced_LR,25,12000,12500,12.621904,13.109198,500,development,1,included,3,0.409096761152769,-1.749958467657301,-2.7806899992775005,-2.4769067871544284,-1.0015720975183011,-1.6790011699702478,-1.702546738905526,2.2973382061238103,0,0,0,1,False,1
Unbalanced_LR,26,12500,13000,13.146043,13.633337,500,development,1,included,3,0.405672824342333,-2.129072786106679,-2.895536161599879,-2.6382131173586627,-0.9671084370151415,-1.6894036596399746,-1.6674552751962055,1.534978224576752,0,0,0,1,False,1
Unbalanced_LR,27,13000,13500,13.673168,14.160463,500,development,1,included,3,0.38235964777491394,-1.6171597642606386,-2.860094330200701,-2.624441084376309,-1.117873381844695,-1.7162737970850115,-1.6999483117849217,1.4332227477017914,0,0,0,1,False,1
Unbalanced_LR,28,13500,14000,14.199329,14.686623,500,development,1,included,3,0.4278335697839531,-1.5535078920473513,-2.1444744611767455,-1.4753271540232624,-1.11880844079882,-1.6897208781781146,-1.8275715441975091,8.163638179259385,1,0,3,1,False,1
Unbalanced_LR,29,14000,14500,14.731224,15.218518,500,development,1,included,3,0.4107414337528619,-1.6514592004915054,-2.8221177415398784,-2.670825403991317,-1.0417278469563316,-1.5294921903115963,-1.7537522244848716,1.1615475619147428,0,0,0,1,False,1
Unbalanced_LR,30,14500,15000,15.257999,15.745293,500,development,1,included,3,0.3812351777503231,-1.6207714145144512,-2.6664482799988445,-2.706540241730287,-1.1198158062148837,-1.71217479097415,-1.7567663765996702,1.431345083498762,0,0,0,1,False,1
Unbalanced_LR,31,15000,15500,15.782533,16.269828,500,development,1,included,3,0.38380853242496243,-1.6081235261368099,-2.9395926999928856,-1.9022159354690291,-1.171369160955162,-1.687638013092873,-1.7987502478891138,5.663330101609783,1,0,3,1,False,1
Unbalanced_LR,32,15500,16000,16.308811,16.796105,500,development,1,included,3,0.3695652237432324,-1.6520471399134458,-2.5562091732251067,-1.927214682281499,-1.2258417582519217,-1.7170966651305613,-1.7978152990314997,5.516911241937134,1,0,3,1,False,1
Unbalanced_LR,33,16000,16500,16.8432,17.330495,500,development,1,included,3,0.3582719260943707,-1.7190099544126223,-2.4208167216689995,-2.314764188173076,-1.2505032504989861,-1.5638628779025199,-1.8909938961225397,3.2470151889462775,0,0,0,1,False,1
Unbalanced_LR,34,16500,17000,17.368205,17.855499,500,development,1,included,3,0.47126002358642893,-1.027979299888931,-2.4652436803464957,-2.1605387824499362,-1.114347048718127,-1.6610269465125798,-1.849858505796288,4.150320790940278,1,0,3,1,False,1
Unbalanced_LR,35,17000,17500,17.890128,18.377422,500,development,1,included,3,0.4144854621267368,-1.1311359552189493,-2.524204130570303,-2.6045093109226247,-1.3648543369715715,-1.3908402548745349,-2.2354187374311043,5.320707721580123,1,0,3,1,False,1
Unbalanced_LR,36,17500,18000,18.413595,18.900889,500,development,1,included,3,0.4417695571906103,-1.1623596302637018,-2.9791889131592333,-2.7208748042408937,-1.13710797921484,-1.4619420802022485,-1.8795182804545345,1.8378040516497827,0,0,0,1,False,1
Unbalanced_LR,37,18000,18500,18.936097,19.423391,500,development,1,included,3,0.27832314884200476,-1.7339145911146372,-2.535721111267847,-2.7993999079692844,-1.4503722381675592,-2.2379918463360835,-1.993079442072294,6.8371919123866345,1,0,4,1,False,1
Unbalanced_LR,38,18500,19000,19.461695,19.948989,500,development,1,included,3,0.48506578811103673,-0.9401135592105033,-2.408685971186796,-2.5393187815594644,-1.1464905351504895,-1.6180593955380362,-1.8122217519478725,3.0235131566199374,0,1,0,2,False,1
Unbalanced_LR,39,19000,19500,19.985586,20.47288,500,development,1,included,3,0.4339281663060135,-1.0983068655008061,-2.781674677416078,-2.9231630567169025,-1.5582443032753088,-1.1458537570158618,-2.4492349547118826,7.499110123991871,1,0,4,1,False,1
Unbalanced_LR,40,19500,20000,20.509785,20.997079,500,development,1,included,3,0.49797785715092563,-1.021118593856012,-2.48743460872442,-2.5828645656536318,-0.9876123666864008,-1.4910736695142448,-2.037484904286191,3.3041182265221742,1,1,3,2,False,1
Unbalanced_LR,41,20000,20500,21.035039,21.522333,500,development,1,included,3,0.39813043776632495,-1.3354883487807776,-2.868093364426247,-2.4610007484881407,-1.142155193384815,-1.6974440246490292,-1.90308427367751,2.3905006378607956,0,0,0,1,False,1
Unbalanced_LR,42,20500,21000,21.558133,22.045427,500,development,1,included,3,0.4907226812638375,-0.9472099368875502,-2.5186011025410675,-2.9661616566216904,-1.1088726676040956,-1.5994650253694869,-1.7885169792283517,2.588443544004561,0,1,0,2,False,1
Unbalanced_LR,43,21000,21500,22.081588,22.568882,500,development,1,included,3,0.40959665588121347,-1.629883732538225,-2.6082172182188645,-2.339487025621831,-1.0322004842921282,-1.7205564933577715,-1.6699261400933907,3.102212343656718,0,0,0,1,False,1
Unbalanced_LR,44,21500,22000,22.605815,23.093109,500,development,1,included,3,0.4429297093370502,-1.3191019305528526,-2.5230075987351994,-2.0168695256701774,-1.0369329823221525,-1.7176906249857793,-1.7059029857052186,4.991798522024626,1,0,3,1,False,1
Unbalanced_LR,45,22000,22500,23.129072,23.616366,500,development,1,included,3,0.40038797796793096,-1.5544183038172943,-2.8797364676930726,-2.3141615843687755,-1.0707350023786637,-1.6408297953712199,-1.8674726580483978,3.2505446683446637,0,0,0,1,False,1
Unbalanced_LR,46,22500,23000,23.658605,24.145899,500,development,1,included,3,0.47206434330171554,-1.2178125350537654,-2.4111651824668896,-1.5947518005879553,-1.0476190537973096,-1.7627597297600126,-1.6951584901094412,7.464162293608628,1,1,3,2,False,1
Unbalanced_LR,47,23000,23500,24.18241,24.669704,500,development,1,included,3,0.4522705934578071,-1.5239544051006904,-2.6328528323257356,-2.327605177548926,-0.9226268766408612,-1.7704306034743105,-1.59438281102619,3.171804897983105,0,0,0,1,False,1
Unbalanced_LR,48,23500,24000,24.706568,25.193862,500,development,1,included,3,0.40045220803537857,-1.5131239514326653,-2.836990222384244,-2.4535005476536154,-1.0885793947477702,-1.7024390419353062,-1.7226580377545346,2.434429674053892,0,0,0,1,False,1
Unbalanced_LR,49,24000,24500,25.237163,25.724457,500,development,1,included,3,0.34949310416808066,-1.4490903900524288,-2.718547957179609,-2.505742971684972,-1.2476634368631137,-2.2549468891429623,-1.8093649492715111,7.025323162624195,1,0,3,1,False,1
Unbalanced_LR,50,24500,25000,25.760258,26.247552,500,development,1,included,3,0.46588010855527323,-1.329168878348384,-2.700159146927149,-1.4375396582840525,-1.0539547629200614,-1.533993501487261,-1.9352388554253528,8.384961355077955,1,0,3,1,False,1
Unbalanced_LR,51,25000,25500,26.287391,26.774685,500,development,1,included,3,0.4189489502496606,-1.3527014615104478,-2.6142335459118726,-2.6779796315098476,-1.0687145060445145,-1.726981334091476,-1.721846901885304,1.75386947794158,0,0,0,1,False,1
Unbalanced_LR,52,25500,26000,26.813103,27.300398,500,development,1,included,3,0.41022418596412874,-1.7801463712701875,-2.8673361301901306,-1.5476264970171896,-1.0768552187422977,-1.779915398791407,-1.7458210475850922,7.740177457981469,1,0,3,1,False,1
Unbalanced_LR,53,26000,26500,27.337647,27.824941,500,development,1,included,3,0.3867389932380444,-1.6375293067689385,-2.914495630130073,-1.652781543692341,-1.1804530919730156,-1.7399512454381347,-1.837487335557434,7.124279303626002,1,0,3,1,False,1
Unbalanced_LR,54,26500,27000,27.862424,28.349718,500,development,1,included,3,0.40390514324119536,-1.6816382444380986,-2.8357494107891186,-1.6472370759147876,-1.1150207453253351,-1.7404202118120273,-1.7452574371236829,7.156753517456439,1,0,3,1,False,1
Unbalanced_LR,55,27000,27500,28.389872,28.877166,500,development,1,included,3,0.4793404259645466,-1.069675521817372,-2.3692899954319575,-2.7200031968922733,-1.0415679688688204,-1.4959914665907748,-1.9345667513342926,3.2668575582719526,1,1,3,2,False,1
Unbalanced_LR,56,27500,28000,28.915299,29.402593,500,development,1,included,3,0.6402640576409684,-0.5828150217212021,-2.4277682116177024,-2.615470802988199,-1.0089552459019,-1.624652780344823,-1.7811221951430796,3.8597872761051297,1,1,3,3,False,1
Unbalanced_LR,57,28000,28500,29.439064,29.926358,500,development,1,included,3,0.4451076204741419,-1.086427685362033,-2.731734721295301,-2.9677790879909463,-1.3130039367133532,-1.249005382732721,-2.330486000862552,6.2892720226584835,1,0,4,1,False,1
Unbalanced_LR,58,28500,29000,29.960434,30.447728,500,development,1,included,3,0.3890143461652161,-1.3752089047753975,-2.616740416452264,-2.6800590143106104,-1.1528407557058142,-1.8528879968433163,-1.779915914958811,2.564122861391467,0,0,0,1,False,1
Unbalanced_LR,59,29000,29500,30.485674,30.972968,500,development,1,included,3,0.4176012045968169,-1.2792349472850046,-2.6104301430842973,-2.6152441470138976,-1.081014642064942,-1.7051837243720667,-1.9300274904867365,2.2093205944497236,0,0,0,1,False,1
Unbalanced_LR,60,29500,30000,31.017627,31.504921,500,development,1,included,3,0.33457152907169635,-1.2461073042222557,-2.7422668290508234,-3.1508466991390303,-1.4844413042761642,-2.0963678922808318,-2.047731610823703,5.265748428375385,1,0,4,1,False,1
Unbalanced_LR,61,30000,30500,31.542161,32.029455,500,development,1,included,3,0.5377181603053975,-0.9539485413930285,-2.7572646914072876,-2.9690880644739446,-0.9557915283224713,-1.2662706553461867,-2.0634963213734627,3.944917258643808,1,1,3,3,False,1
Unbalanced_LR,62,30500,31000,32.067499,32.554793,500,development,1,included,3,0.3826509379070762,-1.1141360817260306,-2.4286436459295735,-2.7148583071016974,-1.3896340840459624,-2.0862915975049554,-1.914638149903628,5.153942993523947,1,0,3,1,False,1
Unbalanced_LR,63,31000,31500,32.594617,33.081911,500,development,1,included,3,0.3911368858503173,-1.3001938346429909,-2.74063837822864,-2.6622484127948804,-1.3473070251148476,-1.3603342147135031,-2.162050718384721,4.573219663922859,1,0,3,1,False,1
Unbalanced_LR,64,31500,32000,33.127937,33.615231,500,development,1,included,3,0.44502044782520267,-1.5648768383327598,-2.688415022390837,-2.1112951996574463,-0.991954252785277,-1.4574491448411953,-1.71119383158525,4.438742818362687,1,0,3,1,False,1
Unbalanced_LR,65,32000,32500,33.653685,34.140979,500,development,1,included,3,0.4130326000764342,-1.6997515339469784,-2.5948104619531955,-2.0641036890105506,-1.038266225063109,-1.6455854790238704,-1.7172183087669641,4.71514576075744,1,0,3,1,False,1
Unbalanced_LR,66,32500,33000,34.177578,34.664872,500,development,1,included,3,0.4545109483548853,-1.4091805059256806,-2.666340417392757,-2.647864349202368,-0.9567023528456392,-1.6238772885060346,-1.6534580009043829,1.432011338384852,0,0,0,1,False,1
Unbalanced_LR,67,33000,33500,34.702764,35.190058,500,development,1,included,3,0.43618735783136403,-1.2926287346316947,-2.6067559367070996,-2.343258228361726,-1.0615142876067263,-1.6506106397348812,-1.755100123208438,3.0801242282438936,0,0,0,1,False,1
Unbalanced_LR,68,33500,34000,35.225793,35.713087,500,development,1,included,3,0.4216937488313678,-1.5033031904129746,-2.682401682740053,-2.499669536131686,-1.0285533605322792,-1.5916058216773143,-1.7717062816401958,2.1640156930687833,0,0,0,1,False,1
Unbalanced_LR,69,34000,34500,35.753913,36.241207,500,development,1,included,3,0.365549720083789,-1.279812268217629,-2.7459692806599043,-2.6352653864899196,-1.287976742605907,-2.2202213248394322,-1.8377985205908751,6.640012202219102,1,0,3,1,False,1
Unbalanced_LR,70,34500,35000,36.277631,36.764925,500,development,1,included,3,0.3044372110052829,-1.6690063482790183,-2.624217088348567,-2.4839591016535065,-1.3692880156933986,-2.3061140595667435,-1.8749434407918568,7.593068337472055,1,0,3,1,False,1
Unbalanced_LR,71,35000,35500,36.800856,37.28815,500,development,1,included,3,0.3838837005077319,-1.6789095959139309,-2.9691941735874274,-2.7375944652348543,-1.107365233221809,-1.5317893506964297,-1.846890697804598,1.3623063164365892,0,0,0,1,False,1
Unbalanced_LR,72,35500,36000,37.325952,37.813246,500,development,1,included,3,0.3431593746345852,-1.2379623123539172,-3.073367211482564,-2.612957183550712,-1.5412496840286374,-1.7556681452082568,-2.105264560220616,4.914337518746449,1,0,3,1,False,1
Unbalanced_LR,73,36000,36500,37.851903,38.339198,500,development,1,included,3,0.456276807571382,-1.2628241221106462,-2.6051614922736808,-2.1454652682688473,-1.0510636204816126,-1.4121885611637555,-1.8781384122148546,4.238607086817863,1,0,3,1,False,1
Unbalanced_LR,74,36500,37000,38.379073,38.866367,500,development,1,included,3,0.4335456542130376,-1.1718759481370347,-2.8343258778241514,-1.9667784217292308,-1.148348574567474,-1.7235872652055504,-1.8063764844366266,5.285184521482768,1,0,3,1,False,1
Unbalanced_LR,75,37000,37500,38.905473,39.392767,500,development,1,included,3,0.44254646531048963,-1.2432276163129063,-2.537576252477803,-1.937574195429925,-1.0639334135365226,-1.7336277194712129,-1.7876242657643433,5.456235076314315,1,0,3,1,False,1
Unbalanced_LR,76,37500,38000,39.430117,39.917411,500,development,1,included,3,0.40162777694128,-1.8604874299327174,-2.7609408845342873,-1.9993758855668649,-1.0387126182288668,-1.6723680775109773,-1.7295076765741437,5.0942596115610455,1,0,3,1,False,1
Unbalanced_LR,77,38000,38500,39.955558,40.442852,500,development,1,included,3,0.4021821837022099,-1.5615149557516983,-2.8581834000982735,-2.376681977183161,-1.0514505282411597,-1.756869883549995,-1.7362624391082522,2.8843597275218658,0,0,0,1,False,1
Unbalanced_LR,78,38500,39000,40.482694,40.969988,500,development,1,included,3,0.37695404303914953,-1.7589681523185148,-2.9069520507627393,-2.3829900880226003,-1.1125208090740486,-1.6194931726639856,-1.8281437168883057,2.8474128196337216,0,0,0,1,False,1
Unbalanced_LR,79,39000,39500,41.006725,41.494019,500,development,1,included,3,0.40616588037304735,-1.733026786696788,-2.7710733237149086,-2.902050005532918,-1.0295338692468126,-1.4978254515809986,-1.8658308729040407,1.5552726099359468,0,0,0,1,False,1
Unbalanced_LR,80,39500,40000,41.537492,42.024786,500,development,1,included,3,0.42109646494925784,-1.4909020518009133,-2.7635015680455797,-2.4260580364196414,-1.0928533567441132,-1.3606160374051244,-1.9483194806142263,2.8980714981785307,0,0,0,1,False,1
Unbalanced_LR,81,40000,40500,42.060294,42.547589,500,development,1,included,3,0.4395152457144729,-1.4039848800127617,-2.392615486032948,-1.7015420724932797,-1.123704107429547,-1.4397845963040374,-1.8111208713366214,6.838686546611979,1,0,3,1,False,1
Unbalanced_LR,82,40500,41000,42.585236,43.07253,500,development,1,included,3,0.3485681121291674,-1.5052665169513133,-2.829913389720261,-2.6952799691421236,-1.2917087159665193,-1.5441292536983933,-2.3200259638194107,6.182703072398867,1,0,3,1,False,1
Unbalanced_LR,83,41000,41500,43.110847,43.598141,500,development,1,included,3,0.37428559928726446,-1.483697882950443,-2.7414725898880445,-2.6675925559569844,-1.2261907580751885,-1.601131350348784,-1.7947379644002932,1.719303406109191,0,0,0,1,False,1
Unbalanced_LR,84,41500,42000,43.640761,44.128056,500,development,1,included,3,0.377496240037891,-1.4527984370870015,-2.419043505928123,-2.4176568931385756,-1.2539323107407603,-1.5291054687730528,-1.948984109829786,2.9595358582810696,0,0,0,1,False,1
Unbalanced_LR,85,42000,42500,44.16336,44.650654,500,development,1,included,3,0.41326460373221274,-1.3189264428332559,-2.5131771280002178,-2.5123204754743957,-1.1661548964001014,-1.5676540932218073,-1.800132617644363,2.3780833241181742,0,0,0,1,False,1
Unbalanced_LR,86,42500,43000,44.689062,45.176357,500,development,1,included,3,0.4007816556864537,-1.2197350193321135,-2.5316505571587045,-2.6477645125577247,-1.2790923638717484,-1.6167594319463294,-1.866989363281187,2.263975081362422,0,0,0,1,False,1
Unbalanced_LR,87,43000,43500,45.213723,45.701017,500,development,1,included,3,0.4403429758626626,-1.4570855878670979,-2.5139160644287775,-1.5815959558011876,-1.0886400218845735,-1.5811613354504896,-1.7320598508784482,7.541216707822224,1,0,3,1,False,1
Unbalanced_LR,88,43500,44000,45.740911,46.228205,500,development,1,included,3,0.36717362315377566,-1.5172451973521555,-2.660323022861585,-2.812429790210796,-1.160177863927785,-2.206650377980988,-1.6593088300017111,6.489430500452428,1,0,3,1,False,1
Unbalanced_LR,89,44000,44500,46.265091,46.752385,500,development,1,included,3,0.44799622232148306,-1.2535290815682247,-2.370900203885249,-2.24837635530698,-1.095388890762297,-1.53093106834406,-1.7058394722857468,3.6358519117352532,1,0,3,1,False,1
Unbalanced_LR,90,44500,45000,46.788898,47.276192,500,development,1,included,3,0.3242408511515656,-1.7110484228380658,-2.5683619319126403,-2.8087117978416014,-1.3433374061948338,-1.8113499504920583,-1.8457174219873196,2.9072955754809686,0,0,0,1,False,1
Unbalanced_LR,91,45000,45500,47.31534,47.802634,500,development,1,included,3,0.37368043835201004,-1.5848084621426806,-2.841877583573189,-2.6485943603668463,-1.279050814626537,-1.4068820179863921,-1.8715928982680015,2.3847093752183146,0,0,0,1,False,1
Unbalanced_LR,92,45500,46000,47.845026,48.33232,500,development,1,included,3,0.40242182566907403,-1.0202160237610385,-2.724348723265086,-2.928367548422563,-1.3294370888531182,-2.31278330546652,-2.1888853996571775,7.667069540745789,1,0,3,1,False,1
Unbalanced_LR,93,46000,46500,48.369284,48.856578,500,development,1,included,3,0.5211801883834444,-0.8140888250797833,-2.7846010938408443,-2.594807794505942,-1.2266337212498881,-1.4512624979308246,-1.8869006240621855,3.0528920971074585,0,1,0,3,False,1
Unbalanced_LR,94,46500,47000,48.894496,49.381791,500,development,1,included,3,0.5228469104292667,-1.027061259453395,-2.575447483198487,-2.3637607733118045,-0.8938169135311184,-1.7095154265956007,-1.72410668983835,2.9600398386344007,0,1,0,3,False,1
Unbalanced_LR,95,47000,47500,49.417342,49.904636,500,development,1,included,3,0.46243605973366314,-1.019425821898605,-2.7387746460510782,-2.7276310384602502,-1.3342051871860476,-1.3036732291722581,-1.9026508621889804,3.529902501314695,1,0,3,1,False,1
Unbalanced_LR,96,47500,48000,49.948432,50.435727,500,development,1,included,3,0.371821311358127,-1.6157990004632259,-2.923253197969864,-2.51141888732088,-1.1293583574612407,-1.9150156933119533,-1.7239343142292474,3.2534848019158775,0,0,0,1,False,1
Unbalanced_LR,97,48000,48500,50.471092,50.958386,500,development,1,included,3,0.36246099927057024,-1.5675760645013093,-3.0668680363740823,-2.66526237467774,-1.1674681221274195,-1.8272723143082814,-1.8235171909997698,2.2798941256757757,0,0,0,1,False,1
Unbalanced_LR,98,48500,49000,50.995942,51.483236,500,development,1,included,3,0.34967521683608205,-1.3311706736506488,-2.86496797777104,-2.6330942678372997,-1.3477897766298208,-1.8831850864224844,-1.9707019015891494,2.9524473685267654,0,0,0,1,False,1
Unbalanced_LR,99,49000,49500,51.520113,52.007407,500,development,1,included,3,0.3194120889454505,-1.5881521637326872,-2.9199872393979356,-3.114606078341426,-1.345981489527653,-1.9690630364077006,-1.8441739896302052,3.8531880491702077,1,0,4,1,False,1
Unbalanced_LR,100,49500,50000,52.043076,52.53037,500,development,1,included,3,0.4873743072491622,-1.60439210811672,-2.725753981071874,-2.429527791430443,-0.8556196350827341,-1.4025752764625656,-1.6471490170862024,2.5748392576117514,0,1,0,2,False,1
Unbalanced_LR,101,50000,50500,52.591938,53.079232,500,development,1,included,3,0.33162074408291153,-1.7040599343680345,-2.8126464380276723,-2.8442096745052994,-1.2923977034767575,-1.5224100823509714,-2.3745685427294583,6.738393779317295,1,0,4,1,False,1
Unbalanced_LR,102,50500,51000,53.118075,53.605369,500,development,1,included,3,0.44720023976326456,-1.3870325839439643,-2.689519287082012,-2.759011673352544,-1.0124112798478666,-1.3857794787516087,-1.9048959372160845,2.61886077988574,0,0,0,1,False,1
Unbalanced_LR,103,51000,51500,53.645856,54.13315,500,development,1,included,3,0.3227371336861326,-1.7402031529406672,-2.8977864828552127,-2.7757489843401304,-1.3301369692104885,-1.5281600866719838,-2.296074486911363,5.938680633402652,1,0,4,1,False,1
Unbalanced_LR,104,51500,52000,54.175002,54.662296,500,development,1,included,3,0.41223680487997294,-1.5291924163002162,-2.743266066787752,-1.7796863484817873,-1.114081710210239,-1.5779923962496052,-1.7929011053336226,6.380991772309348,1,0,3,1,False,1
Unbalanced_LR,105,52000,52500,54.699985,55.18728,500,development,1,included,3,0.35966004694616965,-1.6485740099030772,-2.5859709499930763,-2.2223920426194943,-1.2508632184300625,-1.5551318724826226,-1.9912117310269444,3.7880432780313193,1,0,3,1,False,1
Unbalanced_LR,106,52500,53000,55.224374,55.711668,500,development,1,included,3,0.41848468251576626,-1.6910523087737785,-2.653278486632849,-2.605600578236552,-0.9905199168014263,-1.6043625887059418,-1.696209775431482,1.5435724962444957,0,0,0,1,False,1
Unbalanced_LR,107,53000,53500,55.752867,56.240161,500,development,1,included,3,0.47651378998282645,-1.5208444902690519,-2.92712418362703,-2.5886819765231897,-0.8807071821997444,-1.446707877484093,-1.670972999308817,1.942806112311296,0,1,0,2,False,1
Unbalanced_LR,108,53500,54000,56.279541,56.766835,500,development,1,included,3,0.3390982156704981,-1.7649450647300784,-2.9818796257330566,-2.797296543198036,-1.2537748832452855,-1.6012282367483008,-1.9801765205611623,2.720248946761235,0,0,0,1,False,1
Unbalanced_LR,109,54000,54500,56.804371,57.291666,500,development,1,included,3,0.49238885439784513,-1.6926770956127484,-2.607867367517559,-2.4005223450947026,-0.8193361598771112,-1.4542745944990771,-1.589281196874957,2.7447255486580238,0,1,0,2,False,1
Unbalanced_LR,110,54500,55000,57.333708,57.821003,500,development,1,included,3,0.391435641677054,-1.7242154653459327,-2.9594427766779505,-2.841150809361693,-1.0218883593697454,-1.8821269984308748,-1.6867866886238274,2.888555538266439,0,0,0,1,False,1
Unbalanced_LR,111,55000,55500,57.85682,58.344114,500,development,1,included,3,0.34922858794411565,-1.5092584301689416,-2.900511130530111,-2.666911424613519,-1.2368193819575024,-1.95203161054859,-1.845771563671265,3.6642092611660346,1,0,3,1,False,1
Unbalanced_LR,112,55500,56000,58.379432,58.866726,500,development,1,included,3,0.4442247740979999,-1.7623093053728105,-2.791281354390658,-2.693076287428614,-0.8966298575686931,-1.6755309988608151,-1.6029989842577077,1.6227962221529995,0,0,0,1,False,1
Unbalanced_LR,113,56000,56500,58.903948,59.391242,500,development,1,included,3,0.43955854829059554,-1.5099261477362929,-2.8327816473771197,-2.034681428965653,-0.9585261989641235,-1.8324194137378838,-1.633077666363144,4.887473349699503,1,0,3,1,False,1
Unbalanced_LR,114,56500,57000,59.428228,59.915522,500,development,1,included,3,0.3892689015893968,-1.4929442463117202,-2.9046728264657387,-2.6711534932179233,-1.151063514654528,-1.4826258946836,-2.040261277315053,3.3324044704422127,1,0,3,1,False,1
Unbalanced_LR,115,57000,57500,59.952832,60.440126,500,development,1,included,3,0.46153938876468853,-1.3652341496165683,-2.66654604003828,-2.5542387386606964,-0.9243129276573265,-1.7979362403182657,-1.5817272042432644,1.9543843443283557,0,0,0,1,False,1
Unbalanced_LR,116,57500,58000,60.476408,60.963703,500,development,1,included,3,0.4814316058913332,-1.2192387592327583,-2.5210754836153684,-2.694346641504456,-0.9205529535261121,-1.5689981716088037,-1.858679413676268,2.3292960918088537,0,1,0,2,False,1
Unbalanced_LR,117,58000,58500,61.008247,61.495541,500,development,1,included,3,0.4753259540647786,-1.1066390678585931,-2.3323510351091685,-2.633554063103833,-1.0651597529794912,-1.4736084628378139,-1.8035019319045293,3.495025258783663,1,1,3,2,False,1
Unbalanced_LR,118,58500,59000,61.539659,62.026953,500,development,1,included,3,0.5776974045353087,-0.8926612629184835,-1.2258755558987733,-2.1185579892556854,-1.0162749645761064,-1.6965503801166104,-1.7740017449309544,10.32959676696647,1,1,3,3,False,1
Unbalanced_LR,119,59000,59500,62.067591,62.554885,500,development,1,included,3,0.5317277259121234,-0.9942615191838591,-1.4838497699411797,-2.1909153227585723,-1.0772240211200539,-1.4415262521849883,-1.8793268344804899,8.736119779660523,1,1,1,3,False,1
Unbalanced_LR,120,59500,60000,62.589863,63.077158,500,development,1,included,3,0.43624432099362165,-1.1194664951215176,-1.5053211896670078,-2.494985258480091,-1.3941265450880427,-1.5840117948223633,-2.238179961271159,8.603493294703892,1,0,3,1,False,1
Unbalanced_LR,121,60000,60500,63.117503,63.604797,500,development,1,included,3,0.57963477770096,-0.7280688307571995,-1.8043649985650754,-2.1697465908349187,-1.1510967971750823,-1.4323666198126095,-1.9710774782326888,6.756334153453222,1,1,3,3,False,1
Unbalanced_LR,122,60500,61000,63.640215,64.127509,500,development,1,included,3,0.5400284288981316,-0.8528868792788038,-1.5559281640882905,-2.5636738159337953,-1.1412011713353574,-1.4716814170306431,-2.1017638475497904,8.290899846413597,1,1,3,3,False,1
Unbalanced_LR,123,61000,61500,64.165867,64.653162,500,development,1,included,3,0.5501810412752626,-1.004348810593286,-1.48797893347502,-2.4588797433185645,-0.914043056767425,-1.801948204438822,-1.6692562217743996,8.71061441241899,1,1,3,3,False,1
Unbalanced_LR,124,61500,62000,64.693611,65.180905,500,development,1,included,3,0.5399472347175953,-0.7945173045606371,-1.5278129354457626,-2.067659210801893,-1.3138421297159582,-1.5084620260841275,-2.0545765113309153,8.464564373316074,1,1,3,3,False,1
Unbalanced_LR,125,62000,62500,65.217388,65.704682,500,development,1,included,3,0.4772866770156328,-1.0216604404846819,-2.388745500627377,-2.1972844735189048,-1.1078250408756842,-1.5664184702199873,-1.8886192637206816,3.9350995150674404,1,1,3,2,False,1
Unbalanced_LR,126,62500,63000,65.745754,66.233049,500,development,1,included,3,0.5529750735491807,-1.0555098430475345,-1.3360616283029387,-2.2758290065740647,-1.0471345983958813,-1.219081173298497,-1.9444198080976491,9.64899009722853,1,1,1,3,False,1
Unbalanced_LR,127,63000,63500,66.278199,66.765494,500,development,1,included,3,0.462169659476787,-1.4523831797789968,-2.662996217375001,-2.7466588248831654,-0.8966854454937643,-1.570057053242673,-1.8393131603926376,1.6222325012036065,0,0,0,1,False,1
Unbalanced_LR,128,63500,64000,66.802431,67.289725,500,development,1,included,3,0.46840572527026486,-1.6713795733794952,-2.2662481890955797,-2.726357235306985,-0.8960268885961432,-1.4595108079418395,-1.6700077208867234,3.9033349199219947,1,0,2,1,False,1
Unbalanced_LR,129,64000,64500,67.328376,67.81567,500,development,1,included,3,0.49631792240320305,-0.9809718485734389,-1.195298628978517,-2.2535263244253887,-1.6498966501144183,-1.4492558344755209,-2.0677338110862107,10.518466920407288,1,1,2,2,False,1
Unbalanced_LR,130,64500,65000,67.855742,68.343036,500,development,1,included,3,0.35287127886961334,-1.1089647272797227,-2.565708473755596,-2.4760779021800996,-1.8041870072328263,-1.7519365054597784,-2.628745731426403,9.328001834016826,1,0,3,1,False,1
Unbalanced_LR,131,65000,65500,68.38548,68.872774,500,development,1,included,3,0.5953698646912381,-0.7271072873182565,-1.0767616774695015,-2.158248547049813,-1.4241954416219769,-1.5751269518438022,-2.053012986870943,11.250656007894799,1,1,3,3,False,1
Unbalanced_LR,132,65500,66000,68.912026,69.399321,500,development,1,included,3,0.6337334006236103,-0.6858372808845813,-1.2956623242439969,-2.2151511750099178,-1.004343719443031,-1.7680816226746028,-1.7582126737849548,9.898531942176326,1,1,3,3,False,1
Unbalanced_LR,133,66000,66500,69.435553,69.922847,500,development,1,included,3,0.500092917796377,-0.8905922842314475,-2.5127759774175025,-2.7644367222170336,-1.0723487611655105,-1.7846097964786352,-2.0061466362634195,2.984837681685945,0,1,0,2,False,1
Unbalanced_UR,20,9500,10000,10.121065,10.608359,500,development,1,included,4,0.3122905945599276,-2.4964958778942736,-3.0857092551606344,-2.914231730622676,-1.2597948604998164,-1.7496725720492439,-1.8392255279464684,2.8168870145496516,0,0,0,1,False,1
Unbalanced_UR,21,10000,10500,10.649326,11.13662,500,development,1,included,4,0.31422647175063384,-2.767205918702168,-3.150186320369912,-3.2635378034161424,-1.1983574596458118,-1.999029487547102,-1.767279300182717,4.185692424549971,1,0,4,1,False,1
Unbalanced_UR,22,10500,11000,11.181486,11.66878,500,development,1,included,4,0.42090949065860417,-2.6001206929464273,-2.791781730693391,-3.0058008038395934,-0.9233938238894862,-1.7619853592185521,-1.5438497869595282,3.1784254269243006,0,0,0,1,False,1
Unbalanced_UR,23,11000,11500,11.70925,12.196544,500,development,1,included,4,0.40768910995900476,-2.4520533616953926,-2.8226967221490766,-2.8030286578273187,-0.9967061830731293,-1.594847009225713,-1.569219261260864,2.6618307498857163,0,0,0,1,False,1
Unbalanced_UR,24,11500,12000,12.235719,12.723013,500,development,1,included,4,0.3289633725709058,-1.9910470797876267,-2.45374746865584,-2.438928074187542,-1.4036599568064312,-1.4312083192226945,-1.9759462955250913,3.5190306862450362,1,0,4,1,False,1
Unbalanced_UR,25,12000,12500,12.760735,13.248029,500,development,1,included,4,0.3566924550306072,-2.0938158759255106,-2.861637136300851,-2.9682058251808368,-1.160900864608155,-1.563482082839803,-1.792128548397316,1.4119697798743904,0,0,0,1,False,1
Unbalanced_UR,26,12500,13000,13.287559,13.774853,500,development,1,included,4,0.3415887214096837,-2.4600032529098845,-2.878051919609793,-3.169393369893238,-1.1547248054109878,-1.6184829086447683,-1.9659031025241704,2.6895672630634917,0,0,0,1,False,1
Unbalanced_UR,27,13000,13500,13.81503,14.302325,500,development,1,included,4,0.41831354202998455,-2.2894072750329206,-2.862497574727489,-2.8545542709482468,-0.9401823065303163,-1.6596163988983614,-1.6226374713838558,2.0943720005378443,0,0,0,1,False,1
Unbalanced_UR,28,13500,14000,14.348705,14.835999,500,development,1,included,4,0.3913257184620144,-2.4351266654705332,-2.492460553836508,-2.7915100576387086,-1.0134799867993953,-1.6089640333293955,-1.7436866201651273,2.6027749061980474,0,0,0,1,False,1
Unbalanced_UR,29,14000,14500,14.872848,15.360142,500,development,1,included,4,0.38867949668192747,-2.259148389969883,-2.6518438238729725,-3.005872413405025,-1.027259200016887,-1.67332755059386,-1.6610701460845965,1.9888012522531635,0,0,0,1,False,1
Unbalanced_UR,30,14500,15000,15.400706,15.888,500,development,1,included,4,0.39439337675873903,-2.3341970077706184,-2.6607736191839546,-2.8783795710818016,-1.0151006750738507,-1.633525572373587,-1.6438838957452715,2.250639674999045,0,0,0,1,False,1
Unbalanced_UR,31,15000,15500,15.933365,16.420659,500,development,1,included,4,0.3731440038292978,-2.3047423054734457,-2.6399801333326045,-3.0034198544231856,-1.0955432700430947,-1.5831241331599868,-1.7589763756337449,2.147874653897409,0,0,0,1,False,1
Unbalanced_UR,32,15500,16000,16.461797,16.949091,500,development,1,included,4,0.41190750570450685,-2.075641395310426,-2.7647793588034557,-2.8287890395340485,-0.9878115953030432,-1.7422347646179444,-1.5978905742373832,1.3485605196117347,0,0,0,1,False,1
Unbalanced_UR,33,16000,16500,16.997477,17.484771,500,development,1,included,4,0.3665020435183863,-2.3412714043344423,-2.8069605569426037,-2.731155584444138,-1.1331659206851799,-1.5377775232421433,-1.8457718541878487,2.2753216597235175,0,0,0,1,False,1
Unbalanced_UR,34,16500,17000,17.528265,18.015559,500,development,1,included,4,0.3744948831568562,-2.18639567695085,-2.845850180740026,-2.914052099675559,-1.0781071393226584,-1.689142643396998,-1.7113912179635369,1.7349730514731514,0,0,0,1,False,1
Unbalanced_UR,35,17000,17500,18.063222,18.550517,500,development,1,included,4,0.4327559779479185,-1.7247057307238036,-2.7151595088563187,-2.8258845483848014,-0.958392744652801,-1.7716486997190106,-1.5925382268250472,1.6627007470093278,0,0,0,1,False,1
Unbalanced_UR,36,17500,18000,18.589871,19.077165,500,development,1,included,4,0.43938484108527126,-1.901539387980114,-2.2673285413846886,-2.387005515545267,-0.9749670795864692,-1.4614749828722249,-1.7132992942682685,3.896661708348238,1,0,2,1,False,1
Unbalanced_UR,37,18000,18500,19.113223,19.600518,500,development,1,included,4,0.39837979157785586,-1.9339806048581119,-2.1227577681306484,-2.2692314327389123,-1.0887684192718752,-1.5523119462057011,-1.7499316895569013,4.78965871222503,1,0,2,1,False,1
Unbalanced_UR,38,18500,19000,19.63958,20.126874,500,development,1,included,4,0.4402233729525915,-1.9714729738817678,-2.459148560997532,-2.6573136637396586,-0.9074355917096636,-1.7330565561409006,-1.5516367670603635,2.7118115554279325,0,0,0,1,False,1
Unbalanced_UR,39,19000,19500,20.172481,20.659775,500,development,1,included,4,0.3877842721718374,-2.4056730508063193,-2.627491992964309,-2.6979732179059,-1.0560841951247848,-1.600267561535515,-1.702328709376017,2.500013679757882,0,0,0,1,False,1
Unbalanced_UR,40,19500,20000,20.707954,21.195248,500,development,1,included,4,0.4464370796323654,-2.2011251576699356,-2.7042756801336245,-2.929329547880195,-0.884041570667978,-1.6760643654892124,-1.5645207390474265,1.7863629919193753,0,0,0,1,False,1
Unbalanced_UR,41,20000,20500,21.237632,21.724926,500,development,1,included,4,0.43297342412742207,-2.1508438058966455,-2.4897115949965114,-2.753924250153418,-0.9126432498475276,-1.7328941825086668,-1.5933956036022836,2.5230272169606103,0,0,0,1,False,1
Unbalanced_UR,42,20500,21000,21.771802,22.259096,500,development,1,included,4,0.3958711069466918,-2.3418244810429245,-2.5810787777837896,-2.768690942777071,-1.0259679858468285,-1.6777938718603589,-1.622567495110083,2.2772512986329376,0,0,0,1,False,1
Unbalanced_UR,43,21000,21500,22.304491,22.791785,500,development,1,included,4,0.39028443330352236,-2.2300948156025866,-2.6401289951482014,-2.702009084565264,-1.02344683448015,-1.8006995136129316,-1.6213588575395643,1.9850453143769033,0,0,0,1,False,1
Unbalanced_UR,44,21500,22000,22.836192,23.323486,500,development,1,included,4,0.3180803255368211,-2.206286079126796,-2.365983409272604,-2.72231660924023,-1.2676220207392823,-1.8068190237246085,-2.0556481628234815,3.4891691386393844,1,0,4,1,False,1
Unbalanced_UR,45,22000,22500,23.36152,23.848814,500,development,1,included,4,0.33050298133724515,-1.8837973943666833,-2.101798670387216,-2.3620913910370036,-1.3334771854303833,-1.8335365075837287,-2.000395921315657,4.919120643344105,1,0,3,1,False,1
Unbalanced_UR,46,22500,23000,23.88802,24.375314,500,development,1,included,4,0.41303954508780055,-2.3302689939176746,-2.8047089291297036,-2.9811322324266674,-0.9548099158737084,-1.7049854542354161,-1.6639323014170555,2.2369351594207623,0,0,0,1,False,1
Unbalanced_UR,47,23000,23500,24.416401,24.903695,500,development,1,included,4,0.41682125196924197,-2.091669974424325,-2.69721342999165,-2.7672892996886342,-0.9680308542405557,-1.6160170732974655,-1.6394797238321184,1.4044829069524885,0,0,0,1,False,1
Unbalanced_UR,48,23500,24000,24.940194,25.427488,500,development,1,included,4,0.3310460268871727,-2.2474467042957063,-2.373478287751143,-2.7868552110858067,-1.2006473621802054,-2.1841885462425026,-1.782036805775616,6.240196538868292,1,0,4,1,False,1
Unbalanced_UR,49,24000,24500,25.482835,25.970129,500,development,1,included,4,0.4141424595260966,-1.9337404438757115,-2.2114897598921535,-2.6439108403689766,-1.0792719376188111,-1.3131764913845343,-1.9864460864284734,4.241571425925413,1,0,2,1,False,1
Unbalanced_UR,50,24500,25000,26.013443,26.500738,500,development,1,included,4,0.37068728251158306,-2.219212923168707,-2.5661215503770873,-2.8850913022915803,-1.112769916023476,-1.6511334300272094,-1.7802852616327276,2.051051729208927,0,0,0,1,False,1
Unbalanced_UR,51,25000,25500,26.538942,27.026236,500,development,1,included,4,0.4139531585869174,-2.361702105355085,-2.4955307612343476,-3.0063844101795114,-0.9688784027716915,-1.705702063405938,-1.5477890810274688,2.487082897797861,0,0,0,1,False,1
Unbalanced_UR,52,25500,26000,27.072075,27.559369,500,development,1,included,4,0.3868114073765761,-2.2421608204145227,-2.315262729581967,-2.6383966008788082,-1.0791181475588134,-1.6088623992751812,-1.671434307641927,3.600577752511476,1,0,2,1,False,1
Unbalanced_UR,53,26000,26500,27.599567,28.086861,500,development,1,included,4,0.3956520478548664,-2.3930890539384935,-2.2805790405403585,-2.818734098778589,-0.9984828381290287,-1.636995896465429,-1.7918875331413893,3.8148149022507654,1,0,2,1,False,1
Unbalanced_UR,54,26500,27000,28.135341,28.622635,500,development,1,included,4,0.40447429111704264,-2.4411426539443273,-2.669550544577441,-2.78031205365836,-1.0143715538218792,-1.3810726465924843,-1.9428252625814093,2.671087260752847,0,0,0,1,False,1
Unbalanced_UR,55,27000,27500,28.662401,29.149696,500,development,1,included,4,0.38138405923693863,-2.220787378127203,-2.6239124303551913,-2.9846995951483573,-1.053462777701355,-1.4994572931330368,-1.8766372978278878,1.8549628534902072,0,0,0,1,False,1
Unbalanced_UR,56,27500,28000,29.19713,29.684425,500,development,1,included,4,0.4149133402561606,-1.6003513066398432,-2.6618968173896924,-2.528439468754912,-1.0142531894992515,-1.5057710012011816,-1.9826706322641159,2.7456594558175365,0,0,0,1,False,1
Unbalanced_UR,57,28000,28500,29.723582,30.210876,500,development,1,included,4,0.46652650002213647,-1.2304222540033023,-1.749395663523011,-2.4341271372722963,-1.066948684600383,-1.5458941518261307,-1.7598680956935764,7.095873400513943,1,0,3,1,False,1
Unbalanced_UR,58,28500,29000,30.252806,30.7401,500,development,1,included,4,0.44830753538994994,-1.3299208844227808,-1.8961579588259665,-2.5490204572018302,-0.9789304513291415,-2.046387767489007,-1.6990921698453414,6.189339617525011,1,0,3,1,False,1
Unbalanced_UR,59,29000,29500,30.780107,31.267401,500,development,1,included,4,0.5134321220915538,-2.1391042459208944,-2.6197141991281456,-2.674950442289013,-0.7447140179043189,-1.506053989877269,-1.5538460166761672,3.1633851405870193,0,1,0,3,False,1
Unbalanced_UR,60,29500,30000,31.31744,31.804735,500,development,1,included,4,0.35928443838489543,-2.0584846621287882,-2.2579263618886336,-2.633188547488765,-1.263762542888088,-1.368461727819623,-2.117156697620292,4.115830397893846,1,0,4,1,False,1
Unbalanced_UR,61,30000,30500,31.851512,32.338806,500,development,1,included,4,0.4873130437219252,-2.048334201256003,-2.2646369572352922,-2.195922614494136,-0.826452403322398,-1.4091780825987945,-1.670241417963664,3.943075988725796,1,1,1,2,False,1
Unbalanced_UR,62,30500,31000,32.381709,32.869004,500,development,1,included,4,0.4953110558697293,-1.8124165629977045,-2.198390945925675,-2.6215404049808475,-0.7829674942124283,-1.563467596919132,-1.626745828410038,4.322481290091736,1,1,2,2,False,1
Unbalanced_UR,63,31000,31500,32.911407,33.398701,500,development,1,included,4,0.3851883350037615,-1.6357129001874047,-2.276088801450362,-2.776761348152817,-1.3606964043962344,-1.2375402385019176,-2.112441836047771,4.263706736342192,1,0,4,1,False,1
Unbalanced_UR,64,31500,32000,33.444683,33.931977,500,development,1,included,4,0.49726284973201845,-1.6717575991634965,-2.2553248191420323,-2.4547127364188026,-0.8580435261223981,-1.3468994437289077,-1.667388337721073,3.970807317151377,1,1,1,2,False,1
Unbalanced_UR,65,32000,32500,33.967983,34.455277,500,development,1,included,4,0.3691515339235866,-1.79607718897767,-2.278557984961434,-2.5608793381020547,-1.160856510034212,-1.650192864866897,-1.9964446960123734,3.827298729624897,1,0,4,1,False,1
Unbalanced_UR,66,32500,33000,34.491475,34.978769,500,development,1,included,4,0.3511959419971239,-2.520753302778276,-2.7908221153048194,-2.9730062407737026,-1.1253367658751972,-1.8090938163329269,-1.7214807112474155,2.9015191644497076,0,0,0,1,False,1
Unbalanced_UR,67,33000,33500,35.014928,35.502222,500,development,1,included,4,0.36997228767592033,-2.1453336688253977,-2.874744754644908,-2.9125598907333328,-1.0624664011863683,-2.332709566594126,-1.5581013313553749,7.88816909568031,1,0,4,1,False,1
Unbalanced_UR,68,33500,34000,35.544881,36.032176,500,development,1,included,4,0.3428626520646032,-1.9625071013523814,-2.554513174790468,-2.881288565263103,-1.204508588663244,-1.5875625317681197,-1.9926893800379462,2.8477324627074174,0,0,0,1,False,1
Unbalanced_UR,69,34000,34500,36.078909,36.566204,500,development,1,included,4,0.344507084714602,-1.9585732721384261,-2.2949625465323504,-2.757979946032472,-1.1864130998857847,-2.201154554804146,-1.7159140730949882,6.428449463888818,1,0,4,1,False,1
Unbalanced_UR,70,34500,35000,36.614548,37.101842,500,development,1,included,4,0.35653986219772615,-2.0075757030664665,-2.273074788699711,-2.6568717043158085,-1.4621827410955144,-1.2496192812953553,-2.1341300966804786,4.288758783588976,1,0,4,1,False,1
Unbalanced_UR,71,35000,35500,37.210855,37.698149,500,development,1,included,4,0.3921888080011941,-1.3843089935327892,-1.9286314044603037,-2.434546389515202,-1.4250977928664108,-1.3468807145614314,-1.981721604333524,5.988754886570696,1,0,2,1,False,1
Unbalanced_UR,72,35500,36000,37.745168,38.232462,500,development,1,included,4,0.3933474388164553,-1.589697457394483,-2.781303451183376,-2.9505809596594683,-1.0652767191991077,-1.8341191768083145,-1.7625907809052643,2.3558661427923178,0,0,0,1,False,1
Unbalanced_UR,73,36000,36500,38.269774,38.757069,500,development,1,included,4,0.3427116952636099,-2.112612399791797,-2.641829211740435,-2.7424527496139515,-1.2329396208869055,-1.501276444680589,-2.0065766280793156,2.9892185243398743,0,0,0,1,False,1
Unbalanced_UR,74,36500,37000,38.797883,39.285177,500,development,1,included,4,0.41430194989183716,-2.029194840937639,-2.3063069898581254,-2.590427956214454,-0.9480332403791812,-2.485328742594701,-1.5426802247287277,9.581614327181919,1,0,3,1,False,1
Unbalanced_UR,75,37000,37500,39.329211,39.816505,500,development,1,included,4,0.38822988447076145,-2.0829335993764597,-2.5177239836021057,-2.7293649114660754,-1.0443323209212945,-2.248578099755626,-1.5723898388838815,6.954655791058896,1,0,4,1,False,1
Unbalanced_UR,76,37500,38000,39.862503,40.349798,500,development,1,included,4,0.4714332510091434,-1.9925857955577964,-2.1581601863418824,-2.6025263940066683,-0.8626432145665385,-1.4904392535142386,-1.6454777319779734,4.570982055242139,1,1,2,2,False,1
Unbalanced_UR,77,38000,38500,40.39649,40.883784,500,development,1,included,4,0.37672401323725613,-1.8004750223035408,-2.1468715631760027,-2.5447741910418973,-1.115277425056963,-1.8868133575335635,-1.7685683882059502,4.640710579466816,1,0,3,1,False,1
Unbalanced_UR,78,38500,39000,40.927486,41.41478,500,development,1,included,4,0.339882383395836,-1.7793879285174994,-2.2466752873848606,-2.521832482855814,-1.2638901563040614,-1.9587311520797097,-1.7897326521043044,4.024234477913109,1,0,3,1,False,1
Unbalanced_UR,79,39000,39500,41.451272,41.938566,500,development,1,included,4,0.40841412167985186,-1.8849566207560837,-2.3602053293792333,-2.8072550262489773,-1.0325830979501849,-1.546442812147397,-1.6562894108182082,3.3229724934258815,1,0,2,1,False,1
Unbalanced_UR,80,39500,40000,41.987446,42.47474,500,development,1,included,4,0.3772686488203165,-1.7528131341422704,-2.1454870299268007,-2.4808125360245783,-1.2012496956058833,-1.4702837927777832,-1.8608682780530332,4.649262681772671,1,0,2,1,False,1
Unbalanced_UR,81,40000,40500,42.518028,43.005322,500,development,1,included,4,0.3984718113320586,-1.627444318125675,-2.1517940847568533,-2.5332028800436146,-1.1634026804394435,-1.4681685220157705,-1.7306567789424971,4.610304731007432,1,0,2,1,False,1
Unbalanced_UR,82,40500,41000,43.048882,43.536176,500,development,1,included,4,0.3201666644858912,-2.175165565891711,-2.275350438255584,-2.5503285411569734,-1.3292090399438212,-1.5445892894648683,-2.0442544335364023,3.847111375940939,1,0,4,1,False,1
Unbalanced_UR,83,41000,41500,43.57469,44.061984,500,development,1,included,4,0.3731880063497611,-2.2500327563758202,-2.8820170431864645,-2.8686876354119755,-1.069399074398751,-1.5609056894398348,-1.8304103056397787,1.9569975602926242,0,0,0,1,False,1
Unbalanced_UR,84,41500,42000,44.111721,44.599015,500,development,1,included,4,0.3108050309997216,-1.982166483326135,-2.1180011565972783,-2.6289589018762523,-1.3167054346051668,-2.123418931059082,-1.9113534078316026,5.565903715716344,1,0,4,1,False,1
Unbalanced_UR,85,42000,42500,44.642679,45.129974,500,development,1,included,4,0.463319999932273,-2.056410748338924,-2.450468797350766,-2.686092344050955,-0.8774703484226134,-1.4081364073346092,-1.6852577172197751,2.7654254550873083,0,0,0,1,False,1
Unbalanced_UR,86,42500,43000,45.174889,45.662183,500,development,1,included,4,0.3800474951485287,-1.7862660326746589,-2.191906653145923,-2.5923854221591665,-1.1916326898183687,-1.4394060823788326,-1.9421134168881329,4.362534019244699,1,0,2,1,False,1
Unbalanced_UR,87,43000,43500,45.71174,46.199034,500,development,1,included,4,0.4637936655274759,-1.9090350240047422,-2.6420503780561413,-2.562560797934248,-0.8650410567358405,-1.435697275409845,-1.7238006005397282,2.0649785159843885,0,0,0,1,False,1
Unbalanced_UR,88,43500,44000,46.239461,46.726755,500,development,1,included,4,0.3992692917245939,-1.8756176787532761,-2.164415275354437,-2.591362872012791,-1.0867026714105386,-1.5372353045422131,-1.7498686028930863,4.53234509134226,1,0,2,1,False,1
Unbalanced_UR,89,44000,44500,46.800685,47.287979,500,development,1,included,4,0.39163957684070694,-1.7963529652690555,-1.9978387300086689,-2.394415085966288,-1.0955235331224178,-1.826188193378477,-1.64974433739361,5.5612692131530315,1,0,3,1,False,1
Unbalanced_UR,90,44500,45000,47.334546,47.82184,500,development,1,included,4,0.3774084838905182,-1.8865685692684964,-2.559964685714264,-2.7317136152222274,-1.0846716443755484,-1.6107822374527754,-1.959822844024454,2.5128816178029614,0,0,0,1,False,1
Unbalanced_UR,91,45000,45500,47.873341,48.360635,500,development,1,included,4,0.48206983587788493,-1.9236653334983023,-2.510239748632819,-2.790983737099271,-0.8154341670238593,-1.5310642014894096,-1.610991519956482,2.446207272339253,0,1,0,2,False,1
Unbalanced_UR,92,45500,46000,48.400983,48.888277,500,development,1,included,4,0.4939495519321393,-1.6396481693801668,-2.0020736585874763,-2.1244864363495,-0.827898426018458,-1.5439350989002365,-1.6385619020997702,5.535110547418693,1,1,1,2,False,1
Unbalanced_UR,93,46000,46500,48.92796,49.415254,500,development,1,included,4,0.37316744419294823,-2.4556084426115707,-2.831217269932045,-2.9397772003310134,-1.25795913930279,-1.1793529763872543,-2.0859101677058955,4.909346059947501,1,0,4,1,False,1
Unbalanced_UR,94,46500,47000,49.460444,49.947738,500,development,1,included,4,0.27963754350525355,-2.062935474686211,-2.696037721409354,-2.6614213699939544,-1.3310532347971724,-2.3885025961529465,-1.9414695281252714,8.507242283816622,1,0,4,1,False,1
Unbalanced_UR,95,47000,47500,50.000056,50.48735,500,development,1,included,4,0.41518223743836935,-1.8930451027170447,-2.708475863715737,-2.8227830519945574,-0.9803784712543666,-1.5211011460376365,-1.7187415011030438,1.1717455427712775,0,0,0,1,False,1
Unbalanced_UR,96,47500,48000,50.533305,51.020599,500,development,1,included,4,0.37421383831693705,-2.2757363659296974,-2.526025939371339,-3.102975018683446,-1.044956805848239,-1.668598996880235,-1.803623542182611,2.2987176971693066,0,0,0,1,False,1
Unbalanced_UR,97,48000,48500,51.058119,51.545414,500,development,1,included,4,0.3461777056005988,-2.2187553533837394,-2.547529254889695,-2.988371011080786,-1.1469260833917996,-2.1572798772230404,-1.6779294014451387,5.941620970376874,1,0,4,1,False,1
Unbalanced_UR,98,48500,49000,51.581525,52.068819,500,development,1,included,4,0.39100267793806837,-2.3268083256133445,-2.945816141554016,-2.8558023568249213,-1.0141991275593323,-1.6884213920136901,-1.653322432452666,2.2248611738230744,0,0,0,1,False,1
Unbalanced_UR,99,49000,49500,52.107663,52.594957,500,development,1,included,4,0.4683450239879879,-2.2924937473231464,-2.698660909933422,-3.02102618552975,-0.842269681489113,-1.5072023965514003,-1.5461485358700906,2.174066485065305,0,0,0,1,False,1
Unbalanced_UR,100,49500,50000,52.632462,53.119756,500,development,1,included,4,0.36839583610909277,-1.8040414267473897,-2.441416077194784,-2.674633246341572,-1.111813941448119,-2.138969013244468,-1.7040237178656248,5.738445680732596,1,0,3,1,False,1
Unbalanced_UR,101,50000,50500,53.165601,53.652895,500,development,1,included,4,0.36655108594931335,-2.3593206992352416,-3.073591950958225,-3.1510200037207636,-1.094451445640136,-1.5182149175512785,-1.8775174028883261,2.3382941573789546,0,0,0,1,False,1
Unbalanced_UR,102,50500,51000,53.697918,54.185212,500,development,1,included,4,0.3970365124653045,-2.508521235976353,-2.919482662739335,-2.821405797602898,-0.9787406077544295,-2.1615013883662555,-1.518045535442309,5.988462383772932,1,0,4,1,False,1
Unbalanced_UR,103,51000,51500,54.22198,54.709275,500,development,1,included,4,0.4119940659849439,-2.5143740275444544,-2.8329895154842126,-2.8150093404373555,-0.9648337978644266,-1.6509603120883576,-1.6102792812774256,2.8792624005753793,0,0,0,1,False,1
Unbalanced_UR,104,51500,52000,54.746162,55.233456,500,development,1,included,4,0.42930303440598566,-2.18892245287122,-2.7114452460442213,-2.8906701569206543,-0.9140575637679755,-1.8136909816908995,-1.5420824939066264,2.129197184694676,0,0,0,1,False,1
Unbalanced_UR,105,52000,52500,55.275995,55.763289,500,development,1,included,4,0.4007838464898925,-2.2362511247940637,-2.332627376049345,-2.514965008697475,-0.9986454569479724,-1.901139496882811,-1.602840034044867,3.493318332645885,1,0,2,1,False,1
Unbalanced_UR,106,52500,53000,55.807503,56.294797,500,development,1,included,4,0.35309755880544,-2.1784151087634656,-2.869685776098743,-2.9211291970463473,-1.1840341404599264,-1.4378353107248867,-2.0248792592615423,3.1756893928496375,0,0,0,1,False,1
Unbalanced_UR,107,53000,53500,56.342126,56.82942,500,development,1,included,4,0.3865173483875821,-2.1875765148380273,-2.553003854616807,-2.908372065264897,-1.054151604652828,-1.5537513644342522,-1.723681631937387,2.132078224039342,0,0,0,1,False,1
Unbalanced_UR,108,53500,54000,56.875332,57.362626,500,development,1,included,4,0.380957858041752,-1.89516435565621,-2.4315036540386603,-2.385026425410608,-1.209753190405548,-1.359841213857382,-1.8394173055522913,2.9066688532197764,0,0,0,1,False,1
Unbalanced_UR,109,54000,54500,57.400509,57.887803,500,development,1,included,4,0.4038440806348976,-2.115595651710647,-2.631755870677594,-2.6569563970268644,-0.956175862302166,-1.921032830674997,-1.6352576999848354,3.320250282124592,1,0,4,1,False,1
Unbalanced_UR,110,54500,55000,57.926225,58.413519,500,development,1,included,4,0.3242080248441258,-2.050571833680501,-2.6616538979963416,-2.8483636643292014,-1.2880596281683792,-1.791534609603781,-1.787315858033722,2.346719848477417,0,0,0,1,False,1
Unbalanced_UR,111,55000,55500,58.461885,58.94918,500,development,1,included,4,0.3745258832706022,-2.3838202138818443,-2.774794242792556,-2.8849764190864593,-1.0994105369111975,-1.3891219140709297,-2.1527007500681274,4.477960315953972,1,0,4,1,False,1
Unbalanced_UR,112,55500,56000,59.067395,59.554689,500,development,1,included,4,0.3545334191006575,-2.1710238977007514,-2.8224021388080596,-3.004715670771321,-1.159901143477243,-1.528981235694657,-1.8934937365200748,1.8371073992944364,0,0,0,1,False,1
Unbalanced_UR,113,56000,56500,59.6048,60.092094,500,development,1,included,4,0.43688741553823895,-2.051023071191196,-2.8431615591332173,-3.0937524576645825,-0.9903113796659226,-1.2828689445671393,-1.9700592070098202,3.7607445061176055,1,0,4,1,False,1
Unbalanced_UR,114,56500,57000,60.131163,60.618458,500,development,1,included,4,0.33614828263067026,-2.2904719840424783,-2.7624851988771715,-3.281254104819376,-1.153970932670652,-2.2564413880982412,-1.6985855689028564,7.041905955138367,1,0,4,1,False,1
Unbalanced_UR,115,57000,57500,60.664249,61.151543,500,development,1,included,4,0.32290433636529264,-2.344953090544712,-2.8313589231633234,-2.838530615332367,-1.1952253153856405,-2.2754866927626454,-1.780535224971314,7.253230516124787,1,0,4,1,False,1
Unbalanced_UR,116,57500,58000,61.221556,61.708851,500,development,1,included,4,0.3724623302552809,-2.5348629693430023,-3.0120699228262775,-2.9426079792387267,-1.101037204972437,-1.5060325104612269,-1.7362647196471774,2.9507466245554697,0,0,0,1,False,1
Unbalanced_UR,117,58000,58500,61.746713,62.234007,500,development,1,included,4,0.3724072447984916,-2.468520043527521,-2.9713390351834716,-3.163515495850525,-1.0350638135340562,-1.7318076008329217,-1.8085567379875367,2.7192816413895504,0,0,0,1,False,1
Unbalanced_UR,118,58500,59000,62.274884,62.762178,500,development,1,included,4,0.3955677870034646,-2.2565194976434504,-2.6261840089491275,-2.984399552319079,-1.0126637354125696,-1.637207240389605,-1.6422898189116113,1.97962926427399,0,0,0,1,False,1
Unbalanced_UR,119,59000,59500,62.798003,63.285297,500,development,1,included,4,0.4349783742463886,-1.636836099288332,-2.320106094657258,-2.9204012716429935,-0.9236964901747493,-1.8286058267794585,-1.6848911530096162,3.5706608446637444,1,0,4,1,False,1
Unbalanced_UR,120,59500,60000,63.323357,63.810652,500,development,1,included,4,0.42978871242220595,-2.502796762213592,-2.752838461964228,-2.4249951781088095,-0.8983564218340091,-1.6501631282627367,-1.653621939379905,2.8388702790043685,0,0,0,1,False,1
Unbalanced_UR,121,60000,60500,63.855637,64.342931,500,development,1,included,4,0.41868449449941375,-1.796639703372847,-2.47260267074339,-3.0071161122848515,-0.9565074461975147,-1.6813368777911295,-1.7368434742814667,2.6287070701820188,0,0,0,1,False,1
Unbalanced_UR,122,60500,61000,64.383878,64.871173,500,development,1,included,4,0.4558134210163199,-1.917689719243832,-2.563498405486021,-2.7730432631706514,-0.8553742969423289,-1.5144542427046295,-1.7676167305585868,2.0672545928703183,0,0,0,1,False,1
Unbalanced_UR,123,61000,61500,64.930223,65.417517,500,development,1,included,4,0.44281572883452963,-1.8155896678962649,-2.301510651334999,-2.480665378461227,-0.9448103704686647,-1.3663783720604556,-1.8861294910783946,3.685522754846367,1,0,3,1,False,1
Unbalanced_UR,124,61500,62000,65.463185,65.950479,500,development,1,included,4,0.4182936687474549,-1.6272061900771062,-1.8948622092102496,-2.112322013869257,-1.0252234410204109,-1.923538440293205,-1.673371875391819,6.197343313559592,1,0,3,1,False,1
Unbalanced_UR,125,62000,62500,66.002551,66.489846,500,development,1,included,4,0.4551108630710212,-2.0615672119294457,-2.556920799025632,-2.773996420105975,-0.8775483168454714,-1.6346929038022724,-1.527941517096819,2.107883709873699,0,0,0,1,False,1
Unbalanced_UR,126,62500,63000,66.53808,67.025374,500,development,1,included,4,0.31696282386542224,-2.042136684168998,-2.6691332471605924,-2.7264397068715316,-1.2506197683028124,-2.3135057209705883,-1.9200285400217036,7.675085382022003,1,0,4,1,False,1
Unbalanced_UR,127,63000,63500,67.074225,67.561519,500,development,1,included,4,0.3952511196824961,-2.1543005361983436,-2.5039142297973975,-2.57240448662938,-1.0543974465839145,-1.5357147497583479,-1.7717292934538846,2.435299178721089,0,0,0,1,False,1
Unbalanced_UR,128,63500,64000,67.606797,68.094091,500,development,1,included,4,0.3997585489164305,-1.7946486009713556,-2.251153744504563,-2.522054270051732,-1.0492043552665502,-1.8309329936097243,-1.7252772499055626,3.9965715644495603,1,0,3,1,False,1
Unbalanced_UR,129,64000,64500,68.146688,68.633982,500,development,1,included,4,0.3540906975309092,-2.273481342504152,-2.8680914729921376,-2.69594071621497,-1.1280880845857875,-1.8320390673482894,-1.7031144669229423,2.332785481905591,0,0,0,1,False,1
Unbalanced_UR,130,64500,65000,68.670927,69.158221,500,development,1,included,4,0.3617785480999004,-1.9574380827227469,-2.4284201212090797,-2.868737579768343,-1.1479173673355416,-1.5662067886691662,-1.9378823813323445,2.901617586392973,0,0,0,1,False,1
Unbalanced_UR,131,65000,65500,69.19305,69.680344,500,development,1,included,4,0.4048007452204998,-1.898595959860134,-2.4727538840376457,-2.655562038240305,-1.0111112308720691,-1.6646465616113009,-1.6624881691270161,2.627773043091498,0,0,0,1,False,1
Healthy,133,65999,66499,70.12148499999999,70.60878,500,development,2,included,0,0.3988037502665061,-1.661354472975988,-2.8770736352876507,-2.894225344051415,-1.0840748166370746,-1.5921391725326413,-1.7077452133001998,0.4984100147394923,0,0,0,1,False,2
Healthy,134,66499,66999,70.64608,71.133375,500,development,2,included,0,0.4072856297454181,-1.7565754749049363,-2.68496622619048,-2.8859860951338203,-1.0120918240345018,-1.711227466078065,-1.6674412996996344,1.227754806196123,0,0,0,1,False,2
Healthy,135,66999,67499,71.175693,71.662987,500,development,2,included,0,0.41562372132847986,-1.4711586227239333,-2.4678261404586417,-2.9033629571101183,-1.0617311309622757,-1.6502323874247566,-1.7202759608130165,2.5712275982627495,0,0,0,1,False,2
Healthy,136,67499,67999,71.705247,72.19254099999999,500,development,2,included,0,0.4013046245608052,-1.5531899725304725,-2.989110062793021,-2.6770349405675056,-1.0881795067499462,-1.60870023538579,-1.747359552663034,1.0509704725265563,0,0,0,1,False,2
Healthy,137,67999,68499,72.24184899999999,72.72914399999999,500,development,2,included,0,0.39452469511224825,-1.6576395561539152,-2.8938046010496143,-2.843334106937407,-1.0849700336317665,-1.6731452239133304,-1.7208782825038036,0.507075015194753,0,0,0,1,False,2
Healthy,138,68499,68999,72.77738,73.264674,500,development,2,included,0,0.4425128912577175,-1.1757473452184666,-2.440990657627735,-2.7453669871788278,-1.1263666068200666,-1.6268102513687868,-1.7294240064527011,2.7372620774506142,0,0,0,1,False,2
Healthy,139,68999,69499,73.306964,73.794259,500,development,2,included,0,0.43601166473624126,-1.2397315042935202,-2.5775157760931022,-2.6542759057632863,-1.0991500523820572,-1.625813037397114,-1.7449189878623215,1.8925641421352095,0,0,0,1,False,2
Healthy,140,69499,69999,73.83455199999999,74.321846,500,development,2,included,0,0.42056837136276254,-1.6470248081916463,-3.019656387695128,-2.7211763334262735,-0.9992712778405112,-1.6392877822180711,-1.6775332622041776,0.843014965485652,0,0,0,1,False,2
Healthy,141,69999,70499,74.35818599999999,74.84548099999999,500,development,2,included,0,0.37152561208652096,-1.5323307100723116,-2.9157348545581976,-2.8865778659913426,-1.1961955330584109,-1.6683213496684413,-1.8120255294699275,1.5836508720909885,0,0,0,1,False,2
Healthy,142,70499,70999,74.885747,75.373042,500,development,2,included,0,0.44393332302795263,-1.1678905233969035,-2.9261244445738472,-2.7691980275844665,-1.1348894081491863,-1.5452980952271593,-1.7569746429609667,1.9026439750356725,0,0,0,1,False,2
Healthy,143,70999,71499,75.410339,75.897633,500,development,2,included,0,0.4283987446381759,-1.677736363753957,-2.8200256735705658,-2.905091996194393,-0.963511650606649,-1.6943228938514197,-1.6230703807067581,0.6795397288668458,0,0,0,1,False,2
Healthy,144,71499,71999,75.93792699999999,76.425221,500,development,2,included,0,0.43836628597831634,-1.4112077805177627,-2.7283883515309793,-2.4993510432231836,-1.0132581777393275,-1.5971367705549449,-1.6790372171306511,2.0496462576694805,0,0,0,1,False,2
Healthy,145,71999,72499,76.468508,76.95580199999999,500,development,2,included,0,0.4165695097344474,-1.4258861551732847,-2.6147846381281425,-2.5973832237062036,-1.1125477381129418,-1.557083093167697,-1.7646294245718561,1.6619770445635702,0,0,0,1,False,2
Healthy,146,72499,72999,76.99314199999999,77.480436,500,development,2,included,0,0.3994441792801734,-1.7428869102583957,-2.92114290259683,-2.740269452474733,-1.0649986212127631,-1.5669253803270138,-1.748942282225689,0.6955596740752816,0,0,0,1,False,2
Healthy,147,72999,73499,77.51471,78.002005,500,development,2,included,0,0.37622710613177157,-1.813100207927028,-2.730528875383958,-2.7539827903735365,-1.1378089028243337,-1.5215836795086772,-1.8100786650654441,1.0185139493569055,0,0,0,1,False,2
Healthy,148,73499,73999,78.04134099999999,78.528635,500,development,2,included,0,0.3857373311384024,-1.6467122426291299,-3.005144942514995,-2.8824351914883897,-1.1117675891061989,-1.5832777545463608,-1.7784820675030693,0.766454396688458,0,0,0,1,False,2
Healthy,149,73999,74499,78.56689499999999,79.05418999999999,500,development,2,included,0,0.43065996911014265,-1.6103506173051674,-3.018536920529117,-2.8080749383529473,-0.9990974209038184,-1.5767483093308308,-1.659211242831417,0.8360886825099472,0,0,0,1,False,2
Healthy,150,74499,74999,79.08953199999999,79.576827,500,development,2,included,0,0.4024677483393479,-1.8749391639462685,-3.0081410666198956,-2.967061798865742,-1.048689314019394,-1.5678142519266558,-1.6833451061918845,0.7717682378059378,0,0,0,1,False,2
Healthy,151,74999,75499,79.624068,80.111362,500,development,2,included,0,0.4001203223662276,-1.9438008705285876,-2.9937621379014563,-3.030770987190652,-1.0417997946982214,-1.5749837751324873,-1.6922961376382464,0.9372098261650608,0,0,0,1,False,2
Healthy,152,75499,75999,80.14667,80.63396499999999,500,development,2,included,0,0.3819694105061578,-1.6744764837698856,-3.09722612134399,-2.9024905370439242,-1.1255973292727772,-1.6621748996129406,-1.7409566167463326,1.3229485820441405,0,0,0,1,False,2
Healthy,153,75999,76499,80.68423299999999,81.171527,500,development,2,included,0,0.4209283364121929,-1.4961713123441376,-2.985340082437777,-2.7792651122926757,-1.0481443385520792,-1.624471851066883,-1.672062159152165,0.7577281957146849,0,0,0,1,False,2
Healthy,154,76499,76999,81.21482599999999,81.70212,500,development,2,included,0,0.3890959902658214,-1.6779446354101186,-2.953967073576616,-2.833749493973029,-1.106745386006952,-1.6742452925351086,-1.6835275836154546,0.7178433980150426,0,0,0,1,False,2
Healthy,155,76999,77499,81.74743099999999,82.234725,500,development,2,included,0,0.41074807196859164,-1.4842128490725761,-3.101113704104885,-2.8847731295078325,-1.0893413100616505,-1.5943186426281506,-1.7241935162822255,1.3470015414439058,0,0,0,1,False,2
Healthy,156,77499,77999,82.282995,82.77028899999999,500,development,2,included,0,0.4221318112116885,-1.7652355304111673,-2.8361310462516394,-2.733353009191039,-0.9841255832799957,-1.6618004438821947,-1.5996436489892527,0.8914001523683173,0,0,0,1,False,2
Healthy,157,77999,78499,82.807554,83.29484799999999,500,development,2,included,0,0.4049235321556031,-1.729543128096608,-2.7083660874894764,-2.815633725979484,-1.0376968537404592,-1.701607909638916,-1.6348159349668938,1.0829769459158314,0,0,0,1,False,2
Healthy,158,78499,78999,83.332152,83.819446,500,development,2,included,0,0.393286665368928,-1.5861210126638803,-3.0320170381089357,-2.996906886483526,-1.1033566560688073,-1.6691642814266319,-1.696543502798072,0.9194918512123442,0,0,0,1,False,2
Healthy,159,78999,79499,83.857745,84.34504,500,development,2,included,0,0.39354578130042667,-1.7851532951085294,-2.863395284398016,-2.9855094451825375,-1.0730847650345108,-1.631443754596925,-1.6941946638661944,0.6828164530045213,0,0,0,1,False,2
Healthy,160,79499,79999,84.383376,84.87066999999999,500,development,2,included,0,0.37837904083108553,-2.082650601781827,-3.0704729979045875,-2.9413989005409933,-1.0756328366314116,-1.7167904296594143,-1.6759410529405083,1.2876835838643494,0,0,0,1,False,2
Healthy,161,79999,80499,84.909939,85.397233,500,development,2,included,0,0.40864376538644265,-1.7453593780408594,-2.875479235873127,-2.9774207697029413,-1.0283272514604216,-1.6819040001266152,-1.6589035131773076,0.6373538958674599,0,0,0,1,False,2
Healthy,162,80499,80999,85.43253399999999,85.919828,500,development,2,included,0,0.4164054202402968,-1.7359990618724923,-3.2760326826130517,-2.693820636805769,-1.0097195091325921,-1.6522946567311643,-1.6582942019074656,2.4292470773143577,0,0,0,1,False,2
Healthy,163,80999,81499,85.95716499999999,86.444459,500,development,2,included,0,0.38549173539026466,-1.8961732818974553,-3.05577222823937,-2.8897361145407303,-1.0740866196969843,-1.6620184877512494,-1.709402726983013,1.0664681752892409,0,0,0,1,False,2
Healthy,164,81499,81999,86.48073,86.968025,500,development,2,included,0,0.37644424125197984,-2.279265937055719,-3.237993606220548,-2.850004693085157,-1.0811181624166952,-1.596599894773281,-1.709597740647559,2.1938945674521975,0,0,0,1,False,2
Healthy,165,81999,82499,87.00732199999999,87.494616,500,development,2,included,0,0.401811482593454,-1.6424118310621099,-2.646000628044928,-2.9281517735068414,-1.0532711320329993,-1.7236577543574636,-1.6805479429636152,1.468839821699896,0,0,0,1,False,2
Healthy,166,82499,82999,87.541895,88.02918899999999,500,development,2,included,0,0.46593904785426904,-1.1340175380491098,-3.0607789820082236,-2.6854070514889985,-1.0579819706857834,-1.5899272698282814,-1.7118189483642292,2.020779780489799,0,0,0,1,False,2
Healthy,167,82999,83499,88.066491,88.55378499999999,500,development,2,included,0,0.4287462464286414,-1.2655069461010626,-2.4969124677035843,-2.5892496991268765,-1.118447244672219,-1.5980002420179484,-1.7533965291126579,2.3912668639606305,0,0,0,1,False,2
Healthy,168,83499,83999,88.592118,89.07941299999999,500,development,2,included,0,0.39753938282785534,-1.6397489794377125,-2.658911310380586,-3.063373613781806,-1.0890074040935136,-1.5563883996308525,-1.7537165244843858,1.3889598198729074,0,0,0,1,False,2
Healthy,169,83999,84499,89.114719,89.602013,500,development,2,included,0,0.41073513929698996,-1.4384575464075116,-3.2014224071299773,-2.8995465760582477,-1.0883391682537,-1.6967454390860388,-1.704962242354727,1.9676239975302972,0,0,0,1,False,2
Healthy,170,84499,84999,89.64130999999999,90.128604,500,development,2,included,0,0.42611502539330126,-1.3429923708859797,-2.8438719890667254,-2.791832202302109,-1.0749324043639583,-1.693643297473498,-1.7131765671941572,1.291956798300747,0,0,0,1,False,2
Healthy,171,84999,85499,90.162882,90.650177,500,development,2,included,0,0.3885820157082279,-1.4941757916502898,-3.116464488723967,-2.783948434217461,-1.1554767903008722,-1.6612452470689258,-1.8254896028833794,1.4419787604272365,0,0,0,1,False,2
Healthy,172,85499,85999,90.69546,91.18275399999999,500,development,2,included,0,0.39943653993720346,-1.6073123834159084,-2.683319606459663,-2.6779283960890723,-1.0897503461374933,-1.6082308632351956,-1.723808760969188,1.2379426478365865,0,0,0,1,False,2
Healthy,173,85999,86499,91.219088,91.70638299999999,500,development,2,included,0,0.4377514291504054,-1.1153876101003337,-2.7216239372471795,-2.6260355264690762,-1.1971719522639468,-1.5239331814160726,-1.9781058773972378,2.5312355339366412,0,0,0,1,False,2
Healthy,174,86499,86999,91.74864299999999,92.23593699999999,500,development,2,included,0,0.40566115942045505,-1.5413526179319927,-2.9844773360016696,-2.71127803491006,-1.0889743904897442,-1.6202131526937589,-1.6900074425243279,0.8585064977972987,0,0,0,1,False,2
Healthy,175,86999,87499,92.283211,92.770506,500,development,2,included,0,0.4542155476531002,-1.5394699379361698,-2.677774151452241,-3.004202302095922,-0.9288306247949747,-1.5536016802962929,-1.633808838056063,1.2722530695949252,0,0,0,1,False,2
Healthy,176,87499,87999,92.80882399999999,93.29611799999999,500,development,2,included,0,0.4240276612364627,-1.4282807409244513,-2.809995138966207,-2.65285518019412,-1.0240262019311108,-1.6884521358903377,-1.7577416467354738,1.1868732838469567,0,0,0,1,False,2
Healthy,177,87999,88499,93.337392,93.824686,500,development,2,included,0,0.35985030812957886,-1.773822401996421,-2.7919405047368198,-2.820172251999492,-1.2834602909950035,-1.4758575819304676,-1.819661542610454,2.428305488493857,0,0,0,1,False,2
Healthy,178,88499,88999,93.86298599999999,94.350281,500,development,2,included,0,0.39018970918719303,-1.5294994217035882,-2.7722369254349957,-2.9816431471284064,-1.1487200257646046,-1.506411296085142,-1.981065051690334,2.557996924578324,0,0,0,1,False,2
Healthy,179,88999,89499,94.388582,94.87587599999999,500,development,2,included,0,0.3503063732258242,-1.9788681233355314,-2.730909731637794,-2.9092377327405665,-1.1636710783478086,-1.61915428812652,-1.9128035545090432,1.9406718159774405,0,0,0,1,False,2
Healthy,180,89499,89999,94.91617,95.403464,500,development,2,included,0,0.344439203452821,-1.9382060948861497,-2.793260710733386,-2.9716184510685983,-1.2845109673599298,-1.4509876327878324,-2.0059787245174583,2.783304549209016,0,0,0,1,False,2
Healthy,181,89999,90499,95.44675099999999,95.934046,500,development,2,included,0,0.4168613079833175,-1.7246018732281356,-2.7946318533494097,-2.864188797641909,-1.0347740248499657,-1.5790532544896443,-1.7025632891348235,0.5492398935010214,0,0,0,1,False,2
Healthy,182,90499,90999,95.98335499999999,96.470649,500,development,2,included,0,0.37475543412540074,-2.0827896939198705,-2.9118896824844387,-2.8735537180487722,-1.0835423908635473,-1.7086492285986934,-1.6789487426876724,1.2881686831725847,0,0,0,1,False,2
Healthy,183,90999,91499,96.507915,96.99521,500,development,2,included,0,0.43598421001521115,-1.9276277426567725,-3.14923079405373,-3.016941525179983,-0.9340961472534244,-1.5763788516395176,-1.6233261662125278,1.644707978105857,0,0,0,1,False,2
Healthy,184,91499,91999,97.037498,97.52479199999999,500,development,2,included,0,0.41503637267543386,-2.0158250546518253,-2.787986550730438,-3.183393295802139,-0.9679597216198608,-1.7059713321164554,-1.6109560006093147,1.7950264666203148,0,0,0,1,False,2
Healthy,185,91999,92499,97.568079,98.05537299999999,500,development,2,included,0,0.3837919408799247,-2.078154871479462,-2.9441188069805,-2.9984425732704523,-1.0530879984267567,-1.7052060415946995,-1.7234117393511843,1.272004224194062,0,0,0,1,False,2
Healthy,186,92499,92999,98.098658,98.58595299999999,500,development,2,included,0,0.4003619223030064,-1.859022112036452,-2.85329106096869,-2.700050148084941,-1.004160843166841,-1.7167877512474228,-1.6774566965361335,0.9216130530798106,0,0,0,1,False,2
Healthy,187,92999,93499,98.62624699999999,99.113541,500,development,2,included,0,0.3431548377303325,-1.911950780677003,-2.858200764928028,-2.992837833667882,-1.2140498039100034,-1.5861119971091182,-1.9476478584394805,2.2557874316055573,0,0,0,1,False,2
Healthy,188,93499,93999,99.158823,99.64611699999999,500,development,2,included,0,0.36392142069033456,-1.8200559131768115,-2.942018641791547,-3.0139104586781937,-1.1342583168711458,-1.7204714272348591,-1.8508916653150849,1.3807695973249408,0,0,0,1,False,2
Healthy,189,93999,94499,99.683422,100.170716,500,development,2,included,0,0.39963672112230525,-1.912711128694372,-3.0494909465466544,-2.778492187225149,-1.0233147991494367,-1.5158042327188435,-1.858477496810306,1.4493723154747975,0,0,0,1,False,2
Healthy,190,94499,94999,100.20702,100.69431399999999,500,development,2,included,0,0.3456412061357555,-2.2162671284825652,-3.123303308875651,-3.1675125456133215,-1.1743498360757576,-1.526937132502442,-2.0176122580834774,2.888512794978684,0,0,0,1,False,2
Healthy,191,94999,95499,100.737601,101.22489499999999,500,development,2,included,0,0.39774459365091536,-1.658531664689791,-2.898102098546021,-2.8205542434236692,-1.096369823019816,-1.6194433645169997,-1.6491347647946215,0.6174160619164192,0,0,0,1,False,2
Healthy,192,95499,95999,101.27117399999999,101.758468,500,development,2,included,0,0.342316030497676,-1.9160549040023303,-2.85915711215787,-2.762498456456735,-1.2551893183389415,-1.5259921216713024,-2.0071889117687864,2.79424891766272,0,0,0,1,False,2
Healthy,193,95999,96499,101.801789,102.28908299999999,500,development,2,included,0,0.4379904190126844,-1.2560573209073986,-2.9237653112339688,-2.7229635443630826,-1.0776701197630338,-1.6211574115175436,-1.7152223709295158,1.5951524583810401,0,0,0,1,False,2
Healthy,194,96499,96999,102.33433099999999,102.821626,500,development,2,included,0,0.3605669153523587,-1.6275656167807206,-2.8765589973411783,-2.8224347579007323,-1.2281438819855488,-1.616494699937016,-1.905043923674999,1.8928859063228427,0,0,0,1,False,2
Healthy,195,96999,97499,102.867903,103.35519699999999,500,development,2,included,0,0.4216798028121644,-1.5836087069481635,-2.5901888650590084,-2.7682970132289175,-1.0375818217784116,-1.4840841743533073,-1.7444594074233026,1.8141541601194466,0,0,0,1,False,2
Healthy,196,97499,97999,103.40147499999999,103.888769,500,development,2,included,0,0.40468964998031554,-1.6961802655297589,-2.9518814817889467,-2.9359845679780174,-1.0536302974844214,-1.480117962198797,-1.8515169886949376,1.3864247300032213,0,0,0,1,False,2
Healthy,197,97999,98499,103.94502499999999,104.43231999999999,500,development,2,included,0,0.4152054302281892,-1.6652868044773501,-2.929301726261327,-2.911894210940881,-1.0295980738364607,-1.501754932189523,-1.7362188800609744,1.1591238104061696,0,0,0,1,False,2
Healthy,198,98499,98999,104.46962099999999,104.956915,500,development,2,included,0,0.3624303071109765,-1.575328678783472,-2.849427949293388,-2.465138302672231,-1.2339514175060495,-1.7694143829052076,-1.853418105971208,2.2419396283253654,0,0,0,1,False,2
Healthy,199,98999,99499,105.00119799999999,105.488492,500,development,2,included,0,0.39953881345103903,-1.4924346303877447,-2.6154602735135497,-2.6166597164182623,-1.1446730785595463,-1.4992713358934988,-1.8933773937346536,1.7649906881829704,0,0,0,1,False,2
Healthy,200,99499,99999,105.528787,106.016081,500,development,2,included,0,0.391138178128306,-1.577510698823875,-2.7883994982465383,-2.9307505978834407,-1.1336045297052024,-1.6696261589556094,-1.7551566894067938,0.9778189053537503,0,0,0,1,False,2
Healthy,201,99999,100499,106.05139,106.53868399999999,500,development,2,included,0,0.42519856446167004,-1.5853490173654405,-2.8284306834278317,-3.035678754412145,-1.0395999296059577,-1.5655978781846542,-1.6934812736018396,0.964794026852226,0,0,0,1,False,2
Healthy,202,100499,100999,106.578977,107.066272,500,development,2,included,0,0.4147655575542476,-1.6399436568775891,-3.0478366963417716,-2.8919542900913866,-1.0410184139334178,-1.6966560335908616,-1.6862008832832878,1.0173700497217384,0,0,0,1,False,2
Healthy,203,100999,101499,107.107564,107.594859,500,development,2,included,0,0.42010039409535954,-1.7319575074792046,-2.894627184051728,-2.6758291952459876,-1.0057700867295079,-1.6058240411164373,-1.6939759951064954,1.0577473874504557,0,0,0,1,False,2
Healthy,204,101499,101999,107.638183,108.125478,500,development,2,included,0,0.3800754530603897,-1.6043841725916401,-2.8742387865235,-3.105976332586154,-1.1744338039129094,-1.6431526217137191,-1.718796070918405,1.373014351480772,0,0,0,1,False,2
Healthy,205,101999,102499,108.16373999999999,108.651035,500,development,2,included,0,0.40321384847193237,-1.410329372800342,-2.8473823108804734,-2.6841492104131013,-1.1684471020235414,-1.6043393127654832,-1.7138608093509835,1.315067758750214,0,0,0,1,False,2
Healthy,206,102499,102999,108.696315,109.18360999999999,500,development,2,included,0,0.4259149774359537,-1.4824215063317727,-2.984287519556265,-2.6480314312861633,-1.0442883067063253,-1.503931287178526,-1.867277242890182,1.5289531103406417,0,0,0,1,False,2
Healthy,207,102999,103499,109.218959,109.70625399999999,500,development,2,included,0,0.3435495978934306,-2.0837887473758325,-2.9327076010171704,-3.17658929640296,-1.1849787216492318,-1.6372702711132094,-1.9399574017631145,2.186238532167863,0,0,0,1,False,2
Healthy,208,103499,103999,109.74351499999999,110.230809,500,development,2,included,0,0.37025312435438873,-2.2360634286828094,-3.087581797950882,-2.9331982260807514,-1.0964171232754039,-1.758779570240864,-1.69326946065925,1.8227278879567401,0,0,0,1,False,2
Healthy,209,103999,104499,110.27113399999999,110.758428,500,development,2,included,0,0.3911889400069579,-1.8862777617903734,-2.9267254459599297,-2.640848088686116,-1.075526744069168,-1.6438045341791827,-1.7030634862640863,1.2543593741357228,0,0,0,1,False,2
Healthy,210,104499,104999,110.80168499999999,111.288979,500,development,2,included,0,0.41831056389261395,-1.4956179755949253,-2.7750212517286825,-2.796501281607944,-1.066094349840764,-1.5607490451050519,-1.7443868209513615,0.759658019197451,0,0,0,1,False,2
Healthy,211,104999,105499,111.33027399999999,111.817568,500,development,2,included,0,0.4005777082757122,-1.6858120688002252,-2.754626354970031,-2.8383752724555706,-1.0694626090031654,-1.6351924036156569,-1.7035237427104295,0.7967589014475122,0,0,0,1,False,2
Healthy,212,105499,105999,111.85689599999999,112.34419,500,development,2,included,0,0.40751432307103846,-1.857478007730722,-2.8854001806738765,-2.6668129800835056,-1.0163536665386852,-1.6128789147782046,-1.718144162713959,1.1084231993331748,0,0,0,1,False,2
Healthy,213,105999,106499,112.417362,112.904657,500,development,2,included,0,0.3650028791340382,-1.7789695577833937,-2.823527792131032,-3.0498516810851526,-1.1968158761026781,-1.6054162294232772,-1.8441949845325338,1.589655307655624,0,0,0,1,False,2
Healthy,214,106499,106999,112.948957,113.436251,500,development,2,included,0,0.367932980665228,-1.9401012635396386,-2.573396624336697,-2.462586420502611,-1.2010262082141108,-1.5268884739233606,-1.7835072954366953,2.2562825314664354,0,0,0,1,False,2
Healthy,215,106999,107499,113.470548,113.957843,500,development,2,included,0,0.4551769866423921,-1.5184346734030618,-2.967541826126053,-2.9721482965201496,-0.937405994885065,-1.6357948606331127,-1.610216241258015,0.921229485838965,0,0,0,1,False,2
Healthy,216,107499,107999,113.99515199999999,114.482447,500,development,2,included,0,0.42605946186754884,-1.6042210302734223,-2.863793364743202,-2.9123317860976154,-0.9863526391059126,-1.7283989168307705,-1.6788827105700177,0.9490654009181796,0,0,0,1,False,2
Healthy,217,107999,108499,114.519741,115.00703499999999,500,development,2,included,0,0.4219923984649641,-1.388517463717401,-2.917859217383924,-2.794827970863422,-1.0869354909252726,-1.6424827076149604,-1.737915167729974,1.1331829714651935,0,0,0,1,False,2
Healthy,218,108499,108999,115.044378,115.531672,500,development,2,included,0,0.36321475844647616,-2.1097812079373273,-2.9447303428215568,-3.0414267240187547,-1.129744464958302,-1.603804486669138,-1.7968482218466737,1.3823045916595023,0,0,0,1,False,2
Healthy,219,108999,109499,115.56894399999999,116.056238,500,development,2,included,0,0.38814986718357286,-1.9138608359244957,-2.6955229032868737,-2.835544106366548,-1.0925186505067448,-1.5262563620795748,-1.7836331125006786,1.1624393283752605,0,0,0,1,False,2
Healthy,220,109499,109999,116.092535,116.57982899999999,500,development,2,included,0,0.39023670566713387,-2.1577926875854514,-2.8981743268012763,-2.888277335524872,-1.052869279271445,-1.56585168810852,-1.7477167578933823,1.5497499691790537,0,0,0,1,False,2
Healthy,221,109999,110499,116.61915499999999,117.106449,500,development,2,included,0,0.3999510487935042,-1.7784811861378835,-2.963819635902171,-3.060667113939159,-1.027492221986319,-1.680551734574848,-1.713360022492153,1.1052415853707964,0,0,0,1,False,2
Healthy,222,110499,110999,117.14571699999999,117.633012,500,development,2,included,0,0.3564882906987306,-1.953671300625781,-2.998789737813253,-2.911156083474528,-1.149572941219118,-1.674310049342463,-1.795217107916912,1.1323806416236186,0,0,0,1,False,2
Healthy,223,110999,111499,117.67433799999999,118.161633,500,development,2,included,0,0.41094145278575417,-1.7096701114195487,-3.0464972777320787,-2.7241553728031063,-0.9948901384680157,-1.7047385196811669,-1.6700451809788102,1.0090828997316974,0,0,0,1,False,2
Healthy,224,111499,111999,118.205883,118.69317699999999,500,development,2,included,0,0.4247228474579247,-1.7100520325773807,-2.9132406360354883,-2.8551857518396226,-0.9699326553775515,-1.6371051309615396,-1.6576927818657508,0.6063968478900903,0,0,0,1,False,2
Healthy,225,111999,112499,118.74045199999999,119.227747,500,development,2,included,0,0.4146039801854637,-1.8004447258031613,-3.032964656241086,-3.2580798323962634,-0.9874846035913911,-1.7160376059040894,-1.6448963401658134,2.2148035915457354,0,0,0,1,False,2
Healthy,226,112499,112999,119.26903899999999,119.756333,500,development,2,included,0,0.408912227901078,-1.6793671300194626,-3.07027578938635,-2.8532486413109535,-1.0261610664520975,-1.6569717017938936,-1.6724487329704283,1.1562035169852296,0,0,0,1,False,2
Healthy,227,112999,113499,119.79465099999999,120.28194599999999,500,development,2,included,0,0.4329895166061968,-1.687127199979084,-2.981500894049053,-2.750349857767789,-0.9505823404479132,-1.7872564850678814,-1.5831247793035492,1.4965447022491782,0,0,0,1,False,2
Healthy,228,113499,113999,120.322222,120.809517,500,development,2,included,0,0.4077568288091259,-1.4677643755440883,-3.055720751761235,-2.9349523613769137,-1.1079794040633162,-1.5869743822746494,-1.7313184792559708,1.0661496838988909,0,0,0,1,False,2
Healthy,229,113999,114499,120.845822,121.33311599999999,500,development,2,included,0,0.38196883908287316,-1.507786096535019,-2.943716017296952,-2.885274258593628,-1.2050657956567528,-1.6017154217785057,-1.783073190183058,1.6695080775603393,0,0,0,1,False,2
Healthy,230,114499,114999,121.378401,121.86569499999999,500,development,2,included,0,0.3169746080931449,-1.6265936137020032,-2.7556196576888317,-2.8024627336295587,-1.4733682903152965,-1.6885992832785703,-2.0595463218955072,4.266466415202337,1,0,4,1,False,2
Healthy,231,114999,115499,121.91397699999999,122.401271,500,development,2,included,0,0.46481928398024236,-1.3582869610431385,-2.636114179416225,-2.6053675683413515,-1.0128631860635624,-1.4601543912302875,-1.742081000523389,1.5460822896896116,0,0,0,1,False,2
Healthy,232,115499,115999,122.45451899999999,122.941814,500,development,2,included,0,0.4225743457644636,-1.4774035473295415,-2.8068982685051695,-2.9621620862017397,-1.0667414842236034,-1.5047555871604363,-1.8091601561404207,1.1312124213322452,0,0,0,1,False,2
Healthy,233,115999,116499,122.977122,123.464416,500,development,2,included,0,0.4250847585341208,-1.848326842656035,-3.0140522542306867,-2.961770155972032,-0.9532362216614934,-1.6900249251165798,-1.5865295971545126,1.0099975140930086,0,0,0,1,False,2
Healthy,234,116499,116999,123.509699,123.996994,500,development,2,included,0,0.48970183635455905,-1.193811785703075,-3.233625390169306,-2.626853805472802,-0.9567827328515407,-1.5035349241744285,-1.6799947707762082,2.166867869940622,0,1,0,2,False,2
Healthy,235,116999,117499,124.04726,124.534554,500,development,2,included,0,0.43226771967225464,-1.7261867311350747,-2.860973927406986,-2.8630859685651466,-1.0539889920361092,-1.2274150391951542,-2.2184118112336435,4.704450198552212,1,0,4,1,False,2
Healthy,236,117499,117999,124.574849,125.06214299999999,500,development,2,included,0,0.38602833272035386,-1.7510600903087414,-2.829075309940441,-2.7880017368414767,-1.0998362253724325,-1.6917072116482184,-1.7315829124351034,0.6509681259876307,0,0,0,1,False,2
Healthy,237,117999,118499,125.1164,125.60369499999999,500,development,2,included,0,0.5055820524796691,-1.0056019437518058,-2.6756236719030775,-2.6695806224643377,-0.9860477622151104,-1.7446624199977117,-1.6242861893966651,2.4686434544299076,0,1,0,2,False,2
Healthy,238,118499,118999,125.646992,126.13428599999999,500,development,2,included,0,0.3959335558772164,-1.6926040678670542,-2.9418228542645197,-3.12015826060427,-1.0909140804835467,-1.6533508924370843,-1.6874385939994154,1.4396127270038583,0,0,0,1,False,2
Healthy,239,118999,119499,126.17360799999999,126.660902,500,development,2,included,0,0.45036417401771633,-1.613685641754449,-2.905024363511259,-2.679724634783113,-0.9263724850488155,-1.6917076790117718,-1.5773653540706452,1.0928746496760222,0,0,0,1,False,2
Healthy,240,119499,119999,126.696175,127.18347,500,development,2,included,0,0.4362555509223905,-1.4595764863108547,-2.8008475837552753,-2.516465376369073,-1.0291812304061896,-1.6182976672889857,-1.6700481671373943,1.9534548168742136,0,0,0,1,False,2
Healthy,241,119999,120499,127.219775,127.70706899999999,500,development,2,included,0,0.3834583418100228,-2.1484705177992343,-2.8639117608790423,-2.938111452228778,-1.0735739443600303,-1.640157167142897,-1.697827893772364,1.5172378647699685,0,0,0,1,False,2
Healthy,242,120499,120999,127.74736399999999,128.234658,500,development,2,included,0,0.4115074746316382,-1.4690363817518612,-2.730536169179097,-2.8097817488717447,-1.065415650877576,-1.641513308576389,-1.7760510331518449,0.9458078854564786,0,0,0,1,False,2
Healthy,243,120999,121499,128.271997,128.759291,500,development,2,included,0,0.371208405871403,-1.7501574007316112,-2.9724051601510015,-3.017443839731969,-1.1353690198197508,-1.6496594976327088,-1.7994813884252618,0.994897789843792,0,0,0,1,False,2
Healthy,244,121499,121999,128.804538,129.291832,500,development,2,included,0,0.3683005454826682,-1.8597665850769414,-3.110303463818869,-2.957379732818053,-1.1629231667264455,-1.5243969574667604,-1.8469801213189965,1.4038597309382908,0,0,0,1,False,2
Healthy,245,121999,122499,129.342099,129.82939299999998,500,development,2,included,0,0.44769788223772317,-1.537720554566163,-2.8705386094295484,-2.842555625534016,-1.009141194176423,-1.4012711619189597,-1.8283292120280845,2.093800284317062,0,0,0,1,False,2
Damaged_LR,134,66499,66999,70.072997,70.56029099999999,500,development,2,included,1,0.6474341580904501,-0.6747089696680066,-2.5514222481065225,-2.121634220882213,-1.0451789522313066,-1.2966689622071528,-1.3666158825396428,4.172610970572393,1,1,1,3,False,2
Damaged_LR,135,66999,67499,70.597894,71.085189,500,development,2,included,1,0.5732133296897601,-0.7488124565167816,-2.3833946827847723,-2.485283057239719,-1.148256858267854,-1.5410453481691146,-1.4742331205061765,3.364225364178457,1,1,1,3,False,2
Damaged_LR,136,67499,67999,71.125284,71.612579,500,development,2,included,1,0.4843288332162418,-1.4199365377260702,-2.610601895669337,-1.805496448124162,-1.1146504722168875,-1.16417628045671,-1.5544559887734348,5.949469443069035,1,0,1,1,False,2
Damaged_LR,137,67999,68499,71.64728299999999,72.134577,500,development,2,included,1,0.6621017300667053,-0.794262465248925,-2.4905800428334763,-2.7757266529786384,-0.8421218993581613,-1.0415230336976964,-1.478990694121209,5.440093034643909,1,1,1,3,False,2
Damaged_LR,138,68499,68999,72.17133799999999,72.658632,500,development,2,included,1,0.5648307181158699,-1.2983144224262433,-2.751228774888416,-2.310843280858762,-0.830477018568181,-1.1436820583003582,-1.4684726314296113,4.489833737677973,1,1,1,3,False,2
Damaged_LR,139,68999,69499,72.699039,73.18633299999999,500,development,2,included,1,0.7234015433173546,-0.8340609421983707,-1.9399068483901127,-1.3688436823733487,-0.8000977926081122,-0.9594287448451602,-1.4251261546174936,8.403684766959543,1,1,1,3,False,2
Damaged_LR,140,69499,69999,73.22557499999999,73.71287,500,development,2,included,1,0.5831605108790409,-0.968209016682339,-2.553197644216914,-2.5905444344840176,-1.0077087638110582,-0.9632484922713412,-1.8415078673083232,6.168184468518086,1,1,1,3,False,2
Damaged_LR,141,69999,70499,73.74848499999999,74.23577999999999,500,development,2,included,1,0.5508030340834715,-1.2165166100412936,-2.7602099523614005,-2.886257668822157,-0.9950927955960878,-0.984526834927544,-1.5131282516140099,5.97025831356773,1,1,1,3,False,2
Damaged_LR,142,70499,70999,74.276595,74.76388899999999,500,development,2,included,1,0.5881570768387814,-1.0557376683128372,-2.667116178110463,-2.0919991876565796,-0.8816503015645654,-1.227825870784695,-1.3763505730268184,4.339175248577814,1,1,1,3,False,2
Damaged_LR,143,70999,71499,74.800131,75.287425,500,development,2,included,1,0.5280513461271203,-1.6133973315529617,-3.076850723785896,-3.062234037677152,-0.9456264124862048,-0.9752891836635927,-1.523886122543485,6.056184779974792,1,1,1,2,False,2
Damaged_LR,144,71499,71999,75.32643399999999,75.813728,500,development,2,included,1,0.5122588559239276,-1.1702896771227114,-2.603973576692255,-2.865288609681942,-0.9163941951733395,-1.543088046389396,-1.449107859650994,2.252775544630154,0,1,0,2,False,2
Damaged_LR,145,71999,72499,75.85999,76.34728399999999,500,development,2,included,1,0.5671094174893152,-1.226753555023537,-2.943557826087204,-2.7467598266045705,-0.8104173862921867,-1.1871705123691108,-1.4584069884646014,4.085314333247094,1,1,1,3,False,2
Damaged_LR,146,72499,72999,76.38885099999999,76.876145,500,development,2,included,1,0.4911202199672817,-1.3275507754503342,-2.6491450735007396,-3.096139693645509,-1.1034488157241542,-1.0377801240313906,-1.797753113933157,5.474908702882171,1,1,1,2,False,2
Damaged_LR,147,72999,73499,76.913777,77.40107099999999,500,development,2,included,1,0.6244748468300885,-0.6783818786778866,-2.627714340358474,-3.0402224371449904,-1.0334910301595805,-1.1900732268020515,-1.8650987926901386,4.058313964096474,1,1,1,3,False,2
Damaged_LR,148,73499,73999,77.439038,77.92633199999999,500,development,2,included,1,0.47306610900444773,-1.2012590642505045,-2.7197529293547076,-2.440943736048923,-0.9955208938738836,-1.7199852951367163,-1.5104034832050692,2.377925658460115,0,0,0,1,False,2
Damaged_LR,149,73999,74499,77.96509599999999,78.45239,500,development,2,included,1,0.5596067050727324,-1.257354261266335,-2.5627034782611235,-2.8338400029274275,-0.7993046595438684,-1.2924784419996804,-1.43386279351463,3.1057646599324173,0,1,0,3,False,2
Damaged_LR,150,74499,74999,78.49518099999999,78.982475,500,development,2,included,1,0.40241726050770377,-1.1784523809731378,-2.777426159498848,-2.7466954928889518,-1.3617742314090064,-1.6113522491764225,-1.7563882355494422,3.1863231907540372,0,0,0,1,False,2
Damaged_LR,151,74999,75499,79.022967,79.510261,500,development,2,included,1,0.427180936461997,-1.2210786908833322,-2.7450819810734894,-2.666052415254514,-1.1537533703827438,-1.733542718981048,-1.6311477784989108,1.717144322668967,0,0,0,1,False,2
Damaged_LR,152,75499,75999,79.547646,80.03494099999999,500,development,2,included,1,0.47529858701816236,-0.9849732988723748,-2.8898087977511824,-2.768714398040161,-1.1592683943439661,-1.834814457157179,-1.5905232831447824,2.540588148800268,0,0,0,1,False,2
Damaged_LR,153,75999,76499,80.07384099999999,80.561135,500,development,2,included,1,0.4717615979992651,-1.1166929305537183,-2.6995276253216796,-2.9260077878665065,-1.0852813481255932,-1.3510748872063474,-1.923185792005153,2.560714263813624,0,0,0,1,False,2
Damaged_LR,154,76499,76999,80.59608,81.08337499999999,500,development,2,included,1,0.36708195987033826,-1.3126308657825754,-2.691250046493535,-3.0444973354638174,-1.4411559478668834,-1.4170026766542807,-2.480249318996678,7.0723863644747755,1,0,4,1,False,2
Damaged_LR,155,76999,77499,81.122987,81.610281,500,development,2,included,1,0.4622103696177964,-0.9597709629715501,-2.749945951592558,-2.6231723248379337,-1.1902682063795602,-2.360878883498624,-1.6663620313759624,6.832245773953705,1,0,3,1,False,2
Damaged_LR,156,77499,77999,81.64802499999999,82.135319,500,development,2,included,1,0.45683264152868597,-0.9908421000612184,-2.832200735695159,-2.6139652702906724,-1.2709081001070326,-1.9157322399307517,-1.6928951850424143,2.6915960544718396,0,0,0,1,False,2
Damaged_LR,157,77999,78499,82.17358899999999,82.660884,500,development,2,included,1,0.6460722468242586,-0.8631132853579495,-2.4340064798490384,-2.6480356147868926,-0.7832442184056629,-1.300312396716602,-1.380710167966122,3.0328950497269687,0,1,0,3,False,2
Damaged_LR,158,78499,78999,82.700115,83.18741,500,development,2,included,1,0.45322899902133523,-1.0050434333920386,-2.703514778169359,-2.4567890047671512,-1.253382159591262,-1.8445751077534784,-1.6942410377508808,2.4705913214551525,0,0,0,1,False,2
Damaged_LR,159,78999,79499,83.225214,83.712508,500,development,2,included,1,0.5412032631603798,-0.8562718910596082,-2.525621637971622,-2.3070193604249933,-1.0699205855043221,-1.514690749607991,-1.6634039413044097,3.130650204550098,0,1,0,3,False,2
Damaged_LR,160,79499,79999,83.75285299999999,84.240147,500,development,2,included,1,0.4954234268043342,-1.3329065101439,-2.9010845840823785,-2.8994129287011328,-1.0353078159559974,-1.1149595692153023,-1.693303212148431,4.757003597523775,1,1,1,2,False,2
Damaged_LR,161,79999,80499,84.276625,84.76391899999999,500,development,2,included,1,0.4522462547991251,-1.311964289816913,-2.843272093130336,-2.2003409768626314,-1.1008795470330432,-1.3801551468922462,-1.6950793034199092,3.7302381247512657,1,0,1,1,False,2
Damaged_LR,162,80499,80999,84.807566,85.29486,500,development,2,included,1,0.5218946600721195,-1.0370758682186032,-2.6313206975192402,-2.871597551450129,-0.9278623714353779,-1.6816076011733194,-1.5152599924447008,2.3588746407422283,0,1,0,2,False,2
Damaged_LR,163,80999,81499,85.33991999999999,85.827214,500,development,2,included,1,0.6751204515328568,-0.8908752233413918,-2.1161298597890585,-2.5480669675154193,-0.816047279458567,-0.9338482457361542,-1.3994082760209305,6.441658669273366,1,1,1,3,False,2
Damaged_LR,164,81499,81999,85.865664,86.352958,500,development,2,included,1,0.5858024308200935,-1.6592316697940916,-2.9242012312234427,-2.681679614398727,-0.7220857206066468,-1.1347331585632034,-1.3291513771087045,4.573074305076908,1,1,1,3,False,2
Damaged_LR,165,81999,82499,86.39773899999999,86.88503399999999,500,development,2,included,1,0.5620253009245517,-1.5739910554770988,-2.7906112770811866,-2.4200039388877954,-0.7597442359078524,-1.2674816593590719,-1.3030347078552582,3.573792926603003,1,1,1,3,False,2
Damaged_LR,166,82499,82999,86.923059,87.410354,500,development,2,included,1,0.5687823661177953,-1.3617183513425086,-2.9087700314875504,-2.6876731318216622,-0.8194710254421019,-1.0778024817959482,-1.440533950085203,5.102630113690584,1,1,1,3,False,2
Damaged_LR,167,82999,83499,87.453458,87.94075199999999,500,development,2,included,1,0.44779337365265476,-1.1493393503512321,-2.3217390729408627,-2.8852909758227048,-1.2178001408305055,-1.4363006856775447,-1.7192480039833478,3.475086504928729,1,0,1,1,False,2
Damaged_LR,168,83499,83999,87.985745,88.47304,500,development,2,included,1,0.5242959816995332,-1.2604641905942688,-2.7535061027948053,-2.355642584494174,-0.8939167629858831,-1.3700433613659069,-1.4510982150222866,2.8573624322801647,0,1,0,2,False,2
Damaged_LR,169,83999,84499,88.511236,88.99852999999999,500,development,2,included,1,0.5476075956448317,-1.2864835020215966,-2.807628068559011,-2.764197440718301,-0.8588404090315334,-1.2253805277230423,-1.3822606765472973,3.7298937282784506,1,1,1,3,False,2
Damaged_LR,170,84499,84999,89.039158,89.52645199999999,500,development,2,included,1,0.6710891780987802,-0.8186462674865927,-2.410242835745095,-2.7696837294033707,-0.7498485392906389,-1.2995067352360437,-1.2561566448205965,3.997736240899414,1,1,1,3,False,2
Damaged_LR,171,84999,85499,89.56345599999999,90.05075,500,development,2,included,1,0.5832500038697345,-1.4056387217268007,-2.8133017304295196,-2.305447499038584,-0.7728604308777309,-1.1167129443197106,-1.3735315435077255,4.7406941133591305,1,1,1,3,False,2
Damaged_LR,172,85499,85999,90.088093,90.57538699999999,500,development,2,included,1,0.6440216325420969,-1.3009254022152323,-2.614587077249385,-1.6903563613365398,-0.6934436882606947,-1.0903781575179985,-1.2918626839397394,6.596616530073921,1,1,1,3,False,2
Damaged_LR,173,85999,86499,90.611734,91.09902799999999,500,development,2,included,1,0.4966732294726965,-0.9837868199361955,-2.7566694723204503,-2.726873410603756,-1.2171244359800797,-1.309340099084032,-1.6197723727631854,2.94892147873549,0,1,0,2,False,2
Damaged_LR,174,86499,86999,91.14608199999999,91.633376,500,development,2,included,1,0.6356596053876215,-0.7500993276442793,-2.461490296874319,-2.280327604798024,-0.9870343339175738,-1.1511734220826197,-1.445825211187824,4.42015082803063,1,1,1,3,False,2
Damaged_LR,175,86999,87499,91.67727099999999,92.164565,500,development,2,included,1,0.6428073848299337,-0.957091118526098,-2.5838519638849164,-2.6185019783268837,-0.7727743526640118,-1.09985979239722,-1.3955873039706186,4.897458181534354,1,1,1,3,False,2
Damaged_LR,176,87499,87999,92.20492999999999,92.692224,500,development,2,included,1,0.42546159012289486,-1.5196128505561364,-2.782203705928476,-2.8230761573447247,-1.2729477931798885,-1.1866925098338386,-1.6185646701146057,4.089760600768562,1,0,1,1,False,2
Damaged_LR,177,87999,88499,92.729998,93.217293,500,development,2,included,1,0.5804005551593348,-1.2262529267799773,-2.716870730022035,-2.929425093779682,-0.8820817520342975,-0.9632273381047795,-1.5624604807822324,6.168381239616117,1,1,1,3,False,2
Damaged_LR,178,88499,88999,93.25877799999999,93.746072,500,development,2,included,1,0.5412506651126907,-0.9454965536477612,-2.3526945455812043,-2.802999418493497,-1.0520844870467572,-1.3822116756139151,-1.5081634426427044,3.283561134946046,1,1,1,3,False,2
Damaged_LR,179,88999,89499,93.783126,94.27041999999999,500,development,2,included,1,0.6475482890932326,-0.8312509770917005,-2.1467544957435685,-2.2733263905305385,-0.8270571330665756,-1.2225324153186572,-1.4444514968520465,4.55773790807026,1,1,1,3,False,2
Damaged_LR,180,89499,89999,94.312559,94.799853,500,development,2,included,1,0.5354493004766814,-1.0653129994491484,-2.6373599500210068,-2.638606079253625,-0.9759263422621373,-1.184266586865911,-1.7593229635760275,4.112325967489343,1,1,1,2,False,2
Damaged_LR,181,89999,90499,94.837654,95.32494799999999,500,development,2,included,1,0.5200985594581337,-1.0559937195040752,-2.575000689986507,-2.5565957900175693,-1.171073401704171,-1.0329497631889102,-1.9806509804256787,5.519839587022069,1,1,1,2,False,2
Damaged_LR,182,90499,90999,95.362287,95.849582,500,development,2,included,1,0.5745342687867285,-1.26632650859799,-2.5992248901436983,-2.795136687924786,-0.8336371227833645,-1.0544816926391314,-1.5412718392777924,5.319554627163964,1,1,1,3,False,2
Damaged_LR,183,90999,91499,95.88983599999999,96.37713099999999,500,development,2,included,1,0.5190345199273262,-1.0510918988561448,-2.5286486519792644,-2.785614535952703,-0.9721107083943727,-1.5180804417084852,-1.4874432772791921,2.309992174327335,0,1,0,2,False,2
Damaged_LR,184,91499,91999,96.42133899999999,96.908633,500,development,2,included,1,0.47742916460611806,-1.2545548560444553,-2.7810518315324293,-2.5416226168942475,-1.018857964179002,-1.4054106479926893,-1.6113708915442906,2.055295755309254,0,0,0,1,False,2
Damaged_LR,185,91999,92499,96.94590699999999,97.433201,500,development,2,included,1,0.5463276399391958,-1.4012632787774992,-2.763812988622801,-3.0405382437585953,-0.8265448463716158,-1.1477216524964107,-1.5427854792555922,4.452258379497933,1,1,1,3,False,2
Damaged_LR,186,92499,92999,97.468876,97.956171,500,development,2,included,1,0.40853063579045684,-1.3890103966416318,-2.467283017722853,-2.643244287974143,-1.2039175284867332,-1.7122337041862319,-1.555891559138139,2.574587966367172,0,0,0,1,False,2
Damaged_LR,187,92999,93499,97.99345,98.48074399999999,500,development,2,included,1,0.36388347699920026,-1.256741668191767,-2.6269724141504747,-2.7729488701693406,-1.3700012464669182,-2.088532501248353,-1.8608647745446816,4.298943574417868,1,0,3,1,False,2
Damaged_LR,188,93499,93999,98.51746,99.00475399999999,500,development,2,included,1,0.47632018394020054,-1.0325403357923506,-2.6222941936156885,-2.8793073616789475,-1.0542903964952723,-1.773475485779088,-1.7052995567493057,2.374692814748363,0,0,0,1,False,2
Damaged_LR,189,93999,94499,99.039034,99.52632899999999,500,development,2,included,1,0.38761734501179435,-1.1193529159051592,-2.882416913478721,-2.969388020581938,-1.5468154816182251,-1.7441948935316538,-1.8056821433642802,4.977377791830692,1,0,3,1,False,2
Damaged_LR,190,94499,94999,99.56822299999999,100.05551799999999,500,development,2,included,1,0.515231169322433,-0.9127905228266262,-2.7503010276498863,-2.44742044741822,-1.12463794167862,-1.424076307469017,-1.7890706408491923,2.792333612051406,0,1,0,2,False,2
Damaged_LR,191,94999,95499,100.091618,100.57891199999999,500,development,2,included,1,0.48338256724331713,-1.3644252088873228,-2.732002356567695,-2.835416070564851,-0.9517600920231103,-1.278021109027855,-1.7751602019810508,3.240243381897929,0,0,0,1,False,2
Damaged_LR,192,95499,95999,100.616659,101.10395299999999,500,development,2,included,1,0.6265639106886686,-0.7098057094147587,-1.915220658496497,-2.2143659110655705,-1.114987071931515,-1.1530375381590994,-1.779177585936581,5.990266635945833,1,1,1,3,False,2
Damaged_LR,193,95999,96499,101.14143299999999,101.628727,500,development,2,included,1,0.5281022368877822,-1.0131822225406573,-2.392016589613258,-2.447197851567543,-1.1428185342418906,-1.174952964581095,-1.647222430107249,4.198959098522047,1,1,1,2,False,2
Damaged_LR,194,96499,96999,101.67248,102.159774,500,development,2,included,1,0.5196355696435504,-1.3258938233689017,-2.815547015366934,-2.532786303077374,-0.9134205924795549,-1.2935827505608422,-1.4227545141477866,3.095492640587631,0,1,0,2,False,2
Damaged_LR,195,96999,97499,102.195494,102.682789,500,development,2,included,1,0.5640984521401886,-1.0136524271317586,-2.3375920058612363,-2.6962041644478827,-0.9237308988144654,-1.268055052814857,-1.491580764370446,3.37700243177753,1,1,1,3,False,2
Damaged_LR,196,97499,97999,102.72186599999999,103.209161,500,development,2,included,1,0.5760096895165977,-1.4696119482897292,-2.8054164757101376,-1.4666275973671024,-0.8389809651133339,-1.1583027033064013,-1.3845209276288009,7.8540883795531045,1,1,1,3,False,2
Damaged_LR,197,97999,98499,103.250495,103.73778999999999,500,development,2,included,1,0.556427487739018,-1.2406469189482117,-2.7211880498969774,-2.6108075334815397,-0.9310677055961056,-1.0510551844087874,-1.4342028147613057,5.351427203421214,1,1,1,3,False,2
Damaged_LR,198,98499,98999,103.77939199999999,104.26668599999999,500,development,2,included,1,0.5873636297672069,-1.2567807418162584,-2.8861397857073676,-2.4542768645550197,-0.8123957535928017,-1.0962132051247884,-1.3430440073877867,4.931377881446363,1,1,1,3,False,2
Damaged_LR,199,98999,99499,104.30692699999999,104.79422199999999,500,development,2,included,1,0.6010830661405955,-0.9784318100013201,-2.582952703059524,-3.0963378196630624,-0.8764255778256063,-1.1088454431960058,-1.429071618823811,4.813875764375948,1,1,1,3,False,2
Damaged_LR,200,99499,99999,104.83219,105.31948399999999,500,development,2,included,1,0.6191781740122476,-0.9242200693168974,-2.8976309859912246,-3.1270594734922668,-0.8550181540286,-1.0699197797713615,-1.4938482706880545,5.175953159923745,1,1,1,3,False,2
Damaged_LR,201,99999,100499,105.35476,105.84205399999999,500,development,2,included,1,0.5690890495422778,-1.0643511776375107,-2.585354842490905,-2.588005669716501,-0.8729288510106666,-1.3573573914800479,-1.340133865606251,3.2382854658333042,0,1,0,3,False,2
Damaged_LR,202,100499,100999,105.87703599999999,106.36433,500,development,2,included,1,0.44087855379674423,-1.2383311344347478,-2.5645423710480264,-2.785930515883217,-1.2076561813041116,-1.4526158620471028,-1.578392939652567,1.9728322171881232,0,0,0,1,False,2
Damaged_LR,203,100999,101499,106.400173,106.887467,500,development,2,included,1,0.5756614726277117,-0.9157532155750656,-2.548861377514733,-1.6826432535944915,-0.997134344267777,-1.4831598067729892,-1.385664852729693,6.639968201470767,1,1,1,3,False,2
Damaged_LR,204,101499,101999,106.925767,107.413061,500,development,2,included,1,0.5563609146987445,-1.0747023666838367,-1.971072672510835,-2.6014360263591856,-1.1750443730184366,-0.932510593563301,-1.73470904274599,6.454101196189655,1,1,1,3,False,2
Damaged_LR,205,101999,102499,107.448161,107.93545499999999,500,development,2,included,1,0.6967263188320779,-0.9408227362374582,-2.7572152434677393,-2.6132488941663734,-0.7297068810396354,-0.902161869530398,-1.3314267788611416,6.736397912270167,1,1,1,3,False,2
Damaged_LR,206,102499,102999,107.973597,108.46089099999999,500,development,2,included,1,0.6175318073222009,-1.1295172546179115,-2.4673020033471444,-2.634484596299538,-0.7570047747997658,-1.177013372169928,-1.265591430504849,4.1797936701671565,1,1,1,3,False,2
Damaged_LR,207,102999,103499,108.50258699999999,108.989881,500,development,2,included,1,0.7101399016197051,-0.5461191543229897,-1.6183742503113963,-1.9668407226669486,-0.9898103763849897,-1.3942257658910684,-1.464966333729767,7.8268923859784625,1,1,1,3,False,2
Damaged_LR,208,103499,103999,109.035703,109.52299699999999,500,development,2,included,1,0.48723433770878305,-1.2486437132730108,-2.7016984702172695,-2.9079361509401767,-0.9810074424003264,-1.2793653804021226,-1.8043272281486458,3.227739284721872,0,1,0,2,False,2
Damaged_LR,209,103999,104499,109.560035,110.04732899999999,500,development,2,included,1,0.4590616450093954,-1.2166446248994864,-2.8619120824757127,-2.969584452483684,-1.077493504600506,-1.4391637316565538,-1.6344753250493604,1.74133248405049,0,0,0,1,False,2
Damaged_LR,210,104499,104999,110.08528,110.57257399999999,500,development,2,included,1,0.4874044144346517,-1.0107051079119642,-2.813585728871162,-2.7176307866487273,-1.100670312513025,-1.481832370837244,-1.7521286358467572,2.450845601591282,0,1,0,2,False,2
Damaged_LR,211,104999,105499,110.615708,111.10300199999999,500,development,2,included,1,0.3995164971739945,-1.1753179727311034,-2.2467442000038482,-2.3958253519567876,-1.2715910179783683,-1.799333498222252,-2.0962110557308193,3.9390891371271914,1,0,3,1,False,2
Damaged_LR,212,105499,105999,111.13915399999999,111.626448,500,development,2,included,1,0.4745396843092997,-1.1089816062324467,-2.650946156623027,-2.928969015703249,-1.1369308111934335,-1.3494637634229507,-1.7539584835667297,2.5757005595392366,0,0,0,1,False,2
Damaged_LR,213,105999,106499,111.671031,112.15832499999999,500,development,2,included,1,0.5248658347804718,-0.9518787856031931,-2.3734330217551456,-2.6589371646627793,-1.0194526372189088,-1.6398881664483453,-1.5322855059030414,3.1552495963615934,0,1,0,2,False,2
Damaged_LR,214,106499,106999,112.19771899999999,112.685013,500,development,2,included,1,0.41696942470805887,-1.4266414543333088,-2.9356961552912324,-2.910288864079325,-1.166020977250657,-1.3607556513989858,-1.7852131103233375,2.4706660648261223,0,0,0,1,False,2
Damaged_LR,215,106999,107499,112.720068,113.20736199999999,500,development,2,included,1,0.508496156313933,-1.0156246700188722,-2.7619901720031503,-3.147109222783608,-1.056950578906712,-1.4099070986172642,-1.570497996662706,2.4336880813428037,0,1,0,2,False,2
Damaged_LR,216,107499,107999,113.24457199999999,113.731866,500,development,2,included,1,0.3810168730037004,-1.2747176288712254,-2.78094885736381,-2.9466080146997404,-1.2512386680979284,-1.8610778873372944,-1.8650578152721127,2.183214079667492,0,0,0,1,False,2
Damaged_LR,217,107999,108499,113.768317,114.25561099999999,500,development,2,included,1,0.8190851969174735,-0.6011146780312813,-0.9326825018704422,-1.7116330007498037,-0.8310736480990736,-1.3175907420661856,-1.3822262660102886,12.069352752843571,1,1,1,3,False,2
Damaged_LR,218,108499,108999,114.291072,114.77836599999999,500,development,2,included,1,0.6499150140607526,-0.7067102259250582,-1.298663718150858,-1.8619238908177946,-1.0979542208947215,-1.4589553754228652,-1.6394783944181253,9.804981322653532,1,1,1,3,False,2
Damaged_LR,219,108999,109499,114.815816,115.30310999999999,500,development,2,included,1,0.5467405923241762,-1.2354134569572441,-2.7939387703490595,-2.5639196824994244,-0.921813877022703,-1.0932125318894834,-1.51141154985497,4.959289440411376,1,1,1,3,False,2
Damaged_LR,220,109499,109999,115.34141899999999,115.828713,500,development,2,included,1,0.5426513802947206,-1.4958131442220812,-3.21979298475852,-2.601659252939987,-0.8518052043736299,-1.1113755942153294,-1.4360704033061293,4.790340892756026,1,1,1,3,False,2
Damaged_LR,221,109999,110499,115.871444,116.35873799999999,500,development,2,included,1,0.6404094943172087,-1.167337540905567,-2.4231485596425832,-2.9314632934253053,-0.6911878713491593,-1.1171184190697026,-1.2923722069516295,4.736922482293119,1,1,1,3,False,2
Damaged_LR,222,110499,110999,116.40680599999999,116.8941,500,development,2,included,1,0.4299764546817083,-1.0787947645678866,-2.7411386952194485,-2.7039341522493747,-1.156402196886895,-1.8978668391966678,-1.9918891391706186,2.655884917886263,0,0,0,1,False,2
Damaged_LR,223,110999,111499,116.931489,117.41878299999999,500,development,2,included,1,0.4184568548810492,-1.1245610446639582,-2.8379872985792876,-2.94281090174549,-1.1632429957223676,-1.9965841668596662,-1.9735194095547317,3.443661724055471,1,0,3,1,False,2
Damaged_LR,224,111499,111999,117.457387,117.944682,500,development,2,included,1,0.548976370902016,-1.0020515817588371,-2.717973351831998,-2.566270333294114,-0.9436870653245556,-1.4278686579736422,-1.413590746003834,2.573975737195406,0,1,0,3,False,2
Damaged_LR,225,111999,112499,117.982553,118.46984699999999,500,development,2,included,1,0.5012725434053998,-1.0801107406925288,-2.8724476287556895,-2.8023028742548974,-1.087596468986612,-1.380345069403164,-1.4461908719005085,2.288449891041929,0,1,0,2,False,2
Damaged_LR,226,112499,112999,118.507103,118.99439699999999,500,development,2,included,1,0.5331125283934149,-0.9480592911117688,-1.9210216814394678,-2.333891470543693,-1.0586198104875972,-1.5868525077096638,-1.4834000366201738,5.954374983495901,1,1,1,2,False,2
Damaged_LR,227,112999,113499,119.03447899999999,119.521774,500,development,2,included,1,0.8575963026173964,-0.5115392652286282,-0.9752178561850399,-1.534929784224815,-0.8126620249593401,-1.1123951800696235,-1.3924321942879692,11.806181210703036,1,1,1,3,False,2
Damaged_LR,228,113499,113999,119.561707,120.04900099999999,500,development,2,included,1,0.5505003942064073,-1.3251930088982267,-2.7529235651297297,-1.6341566072700133,-1.0123118191814426,-1.0441362426987224,-1.4449817922482557,6.912488335882333,1,1,1,3,False,2
Damaged_LR,229,113999,114499,120.093099,120.580393,500,development,2,included,1,0.5350615936318445,-1.4249234300345792,-2.875117800782596,-2.598336090847786,-0.9663549933251397,-1.005209415457731,-1.4738633430313226,5.777873798244699,1,1,1,2,False,2
Damaged_LR,230,114499,114999,120.61686499999999,121.104159,500,development,2,included,1,0.4927242808956646,-1.3248578449675967,-2.672122173156123,-2.9865006517380985,-1.014715172143748,-1.2133249980251806,-1.558091074283187,3.842031439261877,1,1,1,2,False,2
Damaged_LR,231,114999,115499,121.14139499999999,121.628689,500,development,2,included,1,0.7061820570956071,-0.8303862667261706,-1.1364359113817089,-1.5181378932757599,-0.9559540152047636,-1.1731506149027158,-1.4263139747567197,10.808704996135702,1,1,1,3,False,2
Damaged_LR,232,115499,115999,121.668454,122.15574799999999,500,development,2,included,1,0.5853845774931438,-1.2477474693268025,-2.922242725258256,-2.9535873725984785,-0.7963078262669705,-1.106158864431503,-1.3862240211684864,4.838865690209025,1,1,1,3,False,2
Damaged_LR,233,115999,116499,122.19737699999999,122.684671,500,development,2,included,1,0.5535285027023125,-1.2221526489815213,-2.7063302830566176,-3.0436523246184977,-0.9303667759377627,-1.0603581258159118,-1.4916242823882082,5.264893423408802,1,1,1,3,False,2
Damaged_LR,234,116499,116999,122.72080299999999,123.208097,500,development,2,included,1,0.5452160480201711,-1.1302305705542073,-2.6836478190963913,-2.7865741184548756,-1.031921301843843,-1.0509302309352364,-1.494124427204474,5.352589491338429,1,1,1,3,False,2
Damaged_LR,235,116999,117499,123.250851,123.738146,500,development,2,included,1,0.4799955622665733,-1.4217607529899576,-2.7810060254189395,-2.438499813514856,-1.092471901464404,-1.159074162443009,-1.5122300345424047,4.346659993426692,1,0,1,1,False,2
Damaged_LR,236,117499,117999,123.77456799999999,124.261862,500,development,2,included,1,0.5833664361844326,-1.0999708436895546,-2.9300434904201,-2.584089999212527,-0.9077608704920477,-1.0178250660432764,-1.4953129454010894,5.660525974077278,1,1,1,3,False,2
Damaged_LR,237,117999,118499,124.30445999999999,124.791754,500,development,2,included,1,0.6023566467102651,-0.8659986682420219,-1.178935838888087,-1.471853784439142,-1.220746613850173,-1.611515466123777,-1.8153335043173722,10.545752644076043,1,1,1,3,False,2
Damaged_LR,238,118499,118999,124.832591,125.319885,500,development,2,included,1,0.38917602656112016,-1.6878132231404646,-2.6191127899908797,-2.961372659879,-1.047723388069916,-2.197080292070503,-1.6054068796573577,5.30862967699225,1,0,4,1,False,2
Damaged_LR,239,118999,119499,125.360754,125.84804899999999,500,development,2,included,1,0.4149776226604116,-0.9160648267781923,-2.925289591183453,-2.823986927210529,-1.652186115526186,-1.9650382073376609,-2.1627287402106052,5.997283128969488,1,0,3,1,False,2
Damaged_LR,240,119499,119999,125.889574,126.37686799999999,500,development,2,included,1,0.5233622353152696,-1.1972824095092964,-2.513923996926723,-2.891425770616131,-0.8905612554938556,-1.5328912498344682,-1.4333033699185669,2.3957039705118857,0,1,0,2,False,2
Damaged_LR,241,119999,120499,126.41986,126.90715399999999,500,development,2,included,1,0.44829729990922856,-1.1740702207409806,-2.7095807578610573,-2.8943662634266465,-1.2083119041695942,-1.4012986880927725,-1.6786487934208894,2.093544242301418,0,0,0,1,False,2
Damaged_LR,242,120499,120999,126.947194,127.43448799999999,500,development,2,included,1,0.4300652113263062,-1.387771410433045,-3.106005002647144,-2.766254818975527,-1.216651847968388,-1.2455653793310915,-1.7473267003430604,3.542138970702909,1,0,1,1,False,2
Damaged_LR,243,120999,121499,127.48035399999999,127.967648,500,development,2,included,1,0.580155980975078,-0.8712326308470134,-2.558730006078442,-2.26364189742981,-0.9319058916123958,-1.3761365421866492,-1.5463339968784058,3.374454075141005,1,1,1,3,False,2
Damaged_LR,244,121499,121999,128.004259,128.49155299999998,500,development,2,included,1,0.549862771030744,-1.142249251463242,-2.865581886084413,-2.3253652750788203,-0.8376467321856258,-1.435746123102785,-1.4375991148410099,3.0275366360449483,0,1,0,3,False,2
Damaged_LR,245,121999,122499,128.533079,129.020374,500,development,2,included,1,0.5945873347857938,-0.7140530269233238,-2.6597956935016227,-2.4479217090074323,-1.0635972225673778,-1.4033208719409302,-1.6072970120940508,3.4854527425741617,1,1,1,3,False,2
Damaged_LR,246,122499,122999,129.057301,129.544595,500,development,2,included,1,0.5091075092100901,-1.0443273578379442,-2.575294218866678,-2.9187728431145117,-1.068678142747399,-1.2814743189783133,-1.6322182605610487,3.2081224325000552,0,1,0,2,False,2
Damaged_UR,135,67000,67500,70.462836,70.950131,500,development,2,included,2,0.44883538123982747,-2.151630313046025,-2.563954420994697,-2.97341932545236,-0.9755733089007959,-1.329428095233685,-1.6102977298323435,2.7620676479274153,0,0,0,1,False,2
Damaged_UR,136,67500,68000,70.988785,71.476079,500,development,2,included,2,0.47923678170305617,-2.586379412935131,-2.3041502539321064,-2.6748074682344116,-0.8696377107733856,-1.535122909750415,-1.4106116964107092,3.583910721807923,1,0,2,1,False,2
Damaged_UR,137,68000,68500,71.521301,72.008595,500,development,2,included,2,0.39634669203214845,-2.3285642812687772,-2.1394428126113123,-2.275567606184247,-1.1720576397247355,-1.471174891590443,-1.6211911248472086,4.6029762035203685,1,0,2,1,False,2
Damaged_UR,138,68500,69000,72.043899,72.531193,500,development,2,included,2,0.4246922874951472,-2.3787472308567206,-2.6779614295611696,-2.9162934492678922,-1.0308193257851883,-1.4527688035507156,-1.4404944549304446,2.330671155246704,0,0,0,1,False,2
Damaged_UR,139,69000,69500,72.570372,73.057666,500,development,2,included,2,0.4121970756009683,-2.28700824941447,-2.0362610139346407,-2.5406612220647915,-1.055489600847342,-1.4189106601414925,-1.9143907897493877,5.241374860734673,1,0,2,1,False,2
Damaged_UR,140,69500,70000,73.102897,73.590191,500,development,2,included,2,0.31841689423384983,-2.382454513895865,-2.4339278681284244,-2.7841695148320498,-1.3594266550423946,-2.262887813172645,-1.5734998541134624,5.920755810545437,1,0,4,1,False,2
Damaged_UR,141,70000,70500,73.631045,74.118339,500,development,2,included,2,0.4407830121696276,-2.577902704430003,-2.439133519399251,-3.2718539567402285,-1.0466262945267757,-1.200257716721773,-1.6927235779961214,3.9635802264877555,1,0,2,1,False,2
Damaged_UR,142,70500,71000,74.155593,74.642887,500,development,2,included,2,0.3683385797009596,-2.084710428498084,-2.1730065527765534,-2.843947000787287,-1.3039574936265488,-1.2602533100506093,-2.308119351430183,5.515723306832719,1,0,4,1,False,2
Damaged_UR,143,71000,71500,74.682729,75.170023,500,development,2,included,2,0.3626097481262087,-2.3092200161181227,-2.8676741295711228,-3.1237292951978852,-1.1204279962809318,-1.547020671091104,-1.94584746335993,2.2395054991267513,0,0,0,1,False,2
Damaged_UR,144,71500,72000,75.209506,75.696801,500,development,2,included,2,0.452983935183795,-2.3010812996023775,-2.5531828001636208,-3.0600959288726317,-0.888905520489052,-1.5961902498415728,-1.4619402289266925,2.1367255884493166,0,0,0,1,False,2
Damaged_UR,145,72000,72500,75.737274,76.224568,500,development,2,included,2,0.40682161143649387,-2.144332062079112,-2.1550792546502233,-2.3706414617985367,-1.0988387589255888,-1.606782395290423,-1.7820986184936227,4.5062315864534535,1,0,2,1,False,2
Damaged_UR,146,72500,73000,76.261838,76.749132,500,development,2,included,2,0.4196700205228716,-2.3130426683475243,-2.3457090157083154,-2.405467861451873,-1.0625015607553314,-1.310078519424871,-1.8937053529680878,3.326781479502716,1,0,2,1,False,2
Damaged_UR,147,73000,73500,76.787165,77.274459,500,development,2,included,2,0.5168259404885335,-1.5507635621758527,-1.4119135721513534,-1.840237467704219,-1.090883535443732,-1.2337011509902598,-1.8420063643714226,9.10429035146601,1,1,1,2,False,2
Damaged_UR,148,73500,74000,77.315035,77.80233,500,development,2,included,2,0.3755420567647521,-2.4006811904239598,-2.798713311990357,-2.9598213663230197,-1.1117172189676867,-1.5709662256755637,-1.719858570497555,2.3968506490795054,0,0,0,1,False,2
Damaged_UR,149,74000,74500,77.841655,78.328949,500,development,2,included,2,0.29858809622636373,-2.9030182915929976,-2.7153621168742865,-3.1247627118601797,-1.3985669922270527,-1.4747613243848372,-2.552509719175318,7.725875684659925,1,0,4,1,False,2
Damaged_UR,150,74500,75000,78.36712,78.854415,500,development,2,included,2,0.3084614314308632,-2.5981820071889614,-3.022433560640718,-3.2170759955638784,-1.4506040305341565,-1.4283467331412394,-2.0042322564478545,4.046126182011005,1,0,4,1,False,2
Damaged_UR,151,75000,75500,78.892529,79.379823,500,development,2,included,2,0.320794681704709,-2.5001367812421593,-2.9136244119660613,-3.0101026313216512,-1.3430806839905376,-1.461734513097519,-2.1283784773390346,3.8902307641823732,1,0,4,1,False,2
Damaged_UR,152,75500,76000,79.416026,79.903321,500,development,2,included,2,0.4700072115699108,-2.7573689356674818,-2.861723955734365,-2.5323044314404526,-0.9241316801232348,-1.2015119743885467,-1.5877169959655983,3.951913415716233,1,0,2,1,False,2
Damaged_UR,153,76000,76500,79.942047,80.429342,500,development,2,included,2,0.27522315982679924,-2.3777799527653376,-2.534892695776702,-2.5955355363769903,-1.5669007971059803,-1.6965573585221418,-2.2453072114798527,5.171787939177546,1,0,4,1,False,2
Damaged_UR,154,76500,77000,80.469041,80.956335,500,development,2,included,2,0.47517478393238366,-2.498488725510862,-2.7727069784915472,-2.856328523206192,-0.9468662190011986,-1.0740773339303566,-1.9786972343386338,5.13728056582263,1,0,4,1,False,2
Damaged_UR,155,77000,77500,80.996449,81.483743,500,development,2,included,2,0.4822409084322095,-1.6048407943339837,-2.1986809741580453,-2.653069624613086,-1.0167581116265105,-1.1941928629774639,-1.549179683500799,4.236462309865706,1,0,1,1,False,2
Damaged_UR,156,77500,78000,81.522499,82.009793,500,development,2,included,2,0.47109270448615237,-2.621602809662228,-2.8011063658274646,-3.101173376927172,-1.0482489575424399,-0.9488897711592168,-2.1344902036425055,6.301745926082959,1,0,4,1,False,2
Damaged_UR,157,78000,78500,82.046294,82.533589,500,development,2,included,2,0.45984510808596357,-2.3316877674909726,-2.66278907949326,-2.860277205265208,-0.9297656106322921,-1.8842432061136931,-1.295568328028667,3.64131537963483,1,0,2,1,False,2
Damaged_UR,158,78500,79000,82.57131,83.058604,500,development,2,included,2,0.44174748697685795,-2.6618518825170145,-3.0218956987438506,-3.127705762404594,-0.9432753748463726,-1.4080121393334617,-1.6025820298440132,3.307712498267957,1,0,2,1,False,2
Damaged_UR,159,79000,79500,83.096033,83.583328,500,development,2,included,2,0.4084882014139451,-2.4893811932793946,-2.608007666931667,-2.82588410706225,-1.0673107204836927,-1.4231384543005101,-1.6158476939981277,2.706201778704478,0,0,0,1,False,2
Damaged_UR,160,79500,80000,83.628445,84.115739,500,development,2,included,2,0.4251249049114179,-2.3517822504074033,-2.8735171253209426,-3.069173669564976,-0.9746017520784305,-1.6560328799163617,-1.505929976665511,2.226310154777158,0,0,0,1,False,2
Damaged_UR,161,80000,80500,84.154896,84.64219,500,development,2,included,2,0.3573898804459639,-2.746790257522541,-3.007277644106837,-3.0825523873894816,-1.1829229371422048,-1.4608614291453441,-1.9198628549782928,3.6039445322093084,1,0,4,1,False,2
Damaged_UR,162,80500,81000,84.681111,85.168405,500,development,2,included,2,0.46018750131482605,-2.7071381282831135,-2.593552447778974,-2.9313621643322625,-0.9661145884888078,-1.1778323646405282,-1.8713862145975355,4.172175594208034,1,0,2,1,False,2
Damaged_UR,163,81000,81500,85.204915,85.69221,500,development,2,included,2,0.3729642480647308,-2.610609824353986,-3.061365740729675,-2.9814556088152626,-1.1551576543756008,-1.4214852776060907,-1.7793143129532694,3.1290001187105747,0,0,0,1,False,2
Damaged_UR,164,81500,82000,85.730819,86.218113,500,development,2,included,2,0.5631140435421155,-2.2368927451365903,-1.8867719094752986,-2.825053655782634,-0.8291666257589589,-1.0049359041569383,-1.463391034571203,6.16628259425909,1,1,1,3,False,2
Damaged_UR,165,82000,82500,86.261403,86.748697,500,development,2,included,2,0.6047059692072488,-2.0789041870566103,-1.9156962979458174,-1.846855710507973,-0.7741040045526072,-1.0476836568967147,-1.226054929589067,5.987323795351284,1,1,1,3,False,2
Damaged_UR,166,82500,83000,86.784229,87.271523,500,development,2,included,2,0.5359975920669073,-2.6166805215293305,-2.7022209869899085,-2.7625344030966406,-0.7409430569068418,-1.3674126157565254,-1.3101446767450124,3.50949368767246,1,1,2,2,False,2
Damaged_UR,167,83000,83500,87.309423,87.796718,500,development,2,included,2,0.462659640406875,-2.49780918636926,-2.888422161088065,-2.877691418334875,-0.9084762583601861,-1.9657236403643765,-1.2875897806615422,3.7134696367676128,1,0,2,1,False,2
Damaged_UR,168,83500,84000,87.832181,88.319475,500,development,2,included,2,0.422988678817553,-1.9777508668505481,-2.022381095811717,-2.317468448780848,-1.2081044005177404,-1.4808851676360895,-1.7048674373133257,5.32725164526026,1,0,2,1,False,2
Damaged_UR,169,84000,84500,88.359431,88.846726,500,development,2,included,2,0.4225034182287357,-2.827973804784237,-2.930357085485297,-3.0320902787253305,-1.0759432412538124,-1.2141552520154888,-1.8041272743698498,3.887081186593635,1,0,2,1,False,2
Damaged_UR,170,84500,85000,88.887839,89.375133,500,development,2,included,2,0.3940944080568682,-2.215441053723134,-2.5455196421126596,-2.7100996652157385,-1.1500624853667418,-1.585081608562504,-1.5924373538567054,2.0905282136200554,0,0,0,1,False,2
Damaged_UR,171,85000,85500,89.412882,89.900176,500,development,2,included,2,0.35117705315928494,-2.6310765862898893,-2.7391696321384567,-3.017221448373428,-1.3136959756244098,-1.3663434958711709,-1.7097305720146652,3.2003802283026355,0,0,0,1,False,2
Damaged_UR,172,85500,86000,89.940351,90.427646,500,development,2,included,2,0.41145823642722434,-2.5168954596051174,-2.7013152541558694,-2.8094903673588925,-1.4505874671779122,-1.0127600715845861,-2.250135663892508,5.707639365108284,1,0,4,1,False,2
Damaged_UR,173,86000,86500,90.466433,90.953727,500,development,2,included,2,0.3099583708066716,-2.6751667150664002,-2.7313188075841635,-3.1986235547726807,-1.4495808930730338,-1.4336144993627291,-2.1078797286916613,4.036223011473593,1,0,4,1,False,2
Damaged_UR,174,86500,87000,90.989509,91.476803,500,development,2,included,2,0.39154130830130635,-2.470479834898996,-2.674298865539856,-2.7117810514544005,-1.192912213638112,-1.2118692582431785,-2.1504638490170507,4.089960553779764,1,0,4,1,False,2
Damaged_UR,175,87000,87500,91.513092,92.000387,500,development,2,included,2,0.3705297142106655,-2.621266838271751,-2.774023511964153,-2.9129039479504777,-1.1271868152808429,-1.6949318816478252,-1.6920043818500912,3.1661676405568002,0,0,0,1,False,2
Damaged_UR,176,87500,88000,92.039105,92.526399,500,development,2,included,2,0.35913548573382675,-2.4387298079258435,-2.7814774580985095,-2.802697287380851,-1.1330586983223967,-1.706530946776609,-1.8112506594434894,2.529549436294426,0,0,0,1,False,2
Damaged_UR,177,88000,88500,92.562717,93.050011,500,development,2,included,2,0.5014247896987412,-1.7941389607270022,-2.3853456282141674,-2.316406684999612,-0.8667989479070954,-1.8370925716466942,-1.3170678506845923,3.446883735055052,1,1,3,2,False,2
Damaged_UR,178,88500,89000,93.088807,93.576101,500,development,2,included,2,0.490140519166575,-2.4278044074357448,-2.8356609533895054,-2.4732871117886592,-0.8397055324258842,-1.4920853938315863,-1.4035472426173088,2.664804492421116,0,1,0,2,False,2
Damaged_UR,179,89000,89500,93.615126,94.10242,500,development,2,included,2,0.4538482669735546,-1.8407154209995449,-2.1186201681486194,-2.572503625400536,-1.0825163115903864,-1.2557981431489054,-1.7289384605569136,4.731808501804769,1,0,1,1,False,2
Damaged_UR,180,89500,90000,94.140129,94.627423,500,development,2,included,2,0.7145407733324534,-1.141687959953212,-0.873246489556808,-1.3492503269638974,-1.3109370455239395,-1.3346277955356276,-1.9978183129904254,12.437090773868938,1,1,1,3,False,2
Damaged_UR,181,90000,90500,94.670256,95.15755,500,development,2,included,2,0.423161037701373,-2.6181682201659693,-2.5401898847305406,-2.7621826559099327,-1.0362599194906414,-1.376100658856761,-1.6622715485961572,3.1553608651290443,0,0,0,1,False,2
Damaged_UR,182,90500,91000,95.194517,95.681812,500,development,2,included,2,0.4381033905248975,-2.2651180332609138,-2.3526538190851554,-2.779351552606366,-1.086649242788894,-1.2550642261951461,-1.7272468941540566,3.453782924057682,1,0,2,1,False,2
Damaged_UR,183,91000,91500,95.718214,96.205508,500,development,2,included,2,0.40356266769352417,-2.607826662814265,-2.6978770517660373,-2.9189293347286203,-1.1400214922021414,-1.282348062031956,-1.780119162564978,3.1999950794530507,0,0,0,1,False,2
Damaged_UR,184,91500,92000,96.246847,96.734141,500,development,2,included,2,0.43446688291718444,-2.2003681821595573,-2.102985991188597,-2.52833215110233,-1.1812473107343175,-1.1381150058739797,-1.9173016094306792,4.828539104546102,1,0,2,1,False,2
Damaged_UR,185,92000,92500,96.777456,97.26475,500,development,2,included,2,0.4565972163166748,-2.41784843134326,-2.6021349766520943,-2.762479124248284,-0.9993930891040373,-1.1465912844838615,-1.8079746662037866,4.462772797750217,1,0,2,1,False,2
Damaged_UR,186,92500,93000,97.300974,97.788268,500,development,2,included,2,0.345550299765322,-2.3271818735619534,-2.7377281609137496,-2.8691543600115303,-1.2675333835424323,-1.5728010203467497,-1.868454260336103,2.2741454790819198,0,0,0,1,False,2
Damaged_UR,187,93000,93500,97.823014,98.310308,500,development,2,included,2,0.43765477499096744,-2.493373450037069,-2.810256924167591,-2.9354732855402803,-1.00393750442611,-1.3654190377998991,-1.5728145768967434,2.7201252183660567,0,0,0,1,False,2
Damaged_UR,188,93500,94000,98.34564,98.832934,500,development,2,included,2,0.38884181837822396,-2.4541022271558655,-2.5134750262283054,-2.9522852351659994,-1.2094086056042526,-1.3153822517380271,-1.7361803206450137,2.8927187912541075,0,0,0,1,False,2
Damaged_UR,189,94000,94500,98.869271,99.356565,500,development,2,included,2,0.4762826986107552,-2.3763004862496073,-2.3251714861844452,-2.635197013890809,-0.8687520466091747,-1.5027137121041223,-1.5372309817415197,3.453849736101175,1,0,2,1,False,2
Damaged_UR,190,94500,95000,99.394986,99.88228,500,development,2,included,2,0.4111474301560008,-2.021070552999321,-2.2585623733711673,-2.2592075991392973,-1.2317131044646605,-1.35329973469842,-1.790063567169661,3.8659686245446934,1,0,2,1,False,2
Damaged_UR,191,95000,95500,99.921892,100.409187,500,development,2,included,2,0.40389840114727277,-2.7465868838187464,-2.7816735268089032,-2.767172963210402,-1.1803523519612102,-1.2998714072311743,-1.7120745693143742,3.603235243787893,1,0,2,1,False,2
Damaged_UR,192,95500,96000,100.446134,100.933429,500,development,2,included,2,0.4192988043769822,-2.4612583653059037,-2.537123243238706,-2.3627882623529937,-1.086899952795318,-1.3445664497601013,-1.7397647835178325,2.8172000115279543,0,0,0,1,False,2
Damaged_UR,193,96000,96500,100.970576,101.45787,500,development,2,included,2,0.4516608324713499,-2.6305255637960316,-2.3026761126062953,-2.7434729687990025,-0.9613076231178728,-1.4291542728144073,-1.5818544665822898,3.5930314180451624,1,0,2,1,False,2
Damaged_UR,194,96500,97000,101.498877,101.986171,500,development,2,included,2,0.45552128479968246,-2.399983821127973,-2.0261468216729086,-2.1393408673490044,-0.9963024105088801,-1.446091402894253,-1.6013659380753846,5.303952629696913,1,0,2,1,False,2
Damaged_UR,195,97000,97500,102.02761,102.514905,500,development,2,included,2,0.4032971681631174,-2.6557880472863595,-2.5656547161339396,-2.593850276767573,-1.0725366674935537,-1.4826970272614286,-1.69305095785358,3.2865641981769174,1,0,2,1,False,2
Damaged_UR,196,97500,98000,102.550832,103.038127,500,development,2,included,2,0.43017844995666776,-2.2384941184257463,-2.4055155942775475,-2.6703559121453324,-1.0230123566792138,-1.4247860009148936,-1.6021617455401669,2.956750718837058,0,0,0,1,False,2
Damaged_UR,197,98000,98500,103.072789,103.560084,500,development,2,included,2,0.42884725044810534,-2.3118342172346775,-2.5613612255691973,-2.9595577413827505,-0.9928659608582869,-1.4816625404172958,-1.6449258793502357,2.0869869440618225,0,0,0,1,False,2
Damaged_UR,198,98500,99000,103.599349,104.086643,500,development,2,included,2,0.4552917769516993,-2.7113570320474554,-2.9352793088717584,-2.699159714681443,-0.9139394352651828,-1.5531486086852588,-1.4509738444514477,3.4803672157030277,1,0,2,1,False,2
Damaged_UR,199,99000,99500,104.125476,104.612771,500,development,2,included,2,0.4440640865307201,-2.706069493940845,-2.7297119268278256,-2.8452448051613364,-0.9484252983751071,-1.4775074405925648,-1.5474380580766505,3.461926338210826,1,0,2,1,False,2
Damaged_UR,200,99500,100000,104.650413,105.137707,500,development,2,included,2,0.446699837627098,-2.455635909553174,-2.6600219071604947,-2.690990896345611,-0.9713289955483637,-1.358776786906791,-1.6788849066933054,2.5885113468649723,0,0,0,1,False,2
Damaged_UR,201,100000,100500,105.175935,105.663229,500,development,2,included,2,0.4731770270258262,-2.3776908519864506,-2.753687220185775,-2.69475264278138,-0.9087315491589255,-1.4633535795279933,-1.477627679001206,2.3166692856392435,0,0,0,1,False,2
Damaged_UR,202,100500,101000,105.700216,106.18751,500,development,2,included,2,0.43096418635501904,-2.5559994679798925,-2.9255320174320216,-3.0045286845056784,-1.1163040093082461,-1.1739906815175825,-1.6340885974811759,4.207910029983777,1,0,2,1,False,2
Damaged_UR,203,101000,101500,106.224825,106.71212,500,development,2,included,2,0.4753002640967261,-2.5562608340304926,-2.8069131395750664,-2.555864798720297,-0.8820979434682553,-2.076929734698026,-1.3439570457088648,4.1910173600882334,1,0,2,1,False,2
Damaged_UR,204,101500,102000,106.747526,107.23482,500,development,2,included,2,0.42750425841836537,-2.5632096147861136,-2.8600833213525534,-2.8345917837920225,-1.0028022150099873,-1.434576105394911,-1.6471237397395966,2.9636866136120426,0,0,0,1,False,2
Damaged_UR,205,102000,102500,107.270893,107.758187,500,development,2,included,2,0.39053919662011954,-2.487473699253754,-2.8789060596364378,-2.778997085976221,-1.0901362123091105,-2.0589561141019437,-1.5765793384825255,4.023830954990931,1,0,4,1,False,2
Damaged_UR,206,102500,103000,107.794759,108.282053,500,development,2,included,2,0.4297643679652988,-2.8619437717655347,-2.8673778814253916,-2.865838796589072,-1.0830000279588097,-1.1673127376421795,-2.103095778826231,4.270026698353505,1,0,4,1,False,2
Damaged_UR,207,103000,103500,108.318057,108.805351,500,development,2,included,2,0.3101931732995067,-2.3075520210990357,-2.2906979007447106,-2.4803053658329075,-1.5466578074111594,-2.0414098217868113,-1.8724238130938584,4.975851628806411,1,0,4,1,False,2
Damaged_UR,208,103500,104000,108.841284,109.328578,500,development,2,included,2,0.4069730880716678,-1.5815532424319318,-2.2557052455540165,-2.0876406113808637,-1.2166579970460896,-1.6711451879725467,-1.933673865359997,4.36367271092141,1,0,3,1,False,2
Damaged_UR,209,104000,104500,109.361796,109.849091,500,development,2,included,2,0.4143333704306062,-2.178854987709934,-2.5507444778885024,-2.4816720965489996,-1.0893812959877087,-1.4253590818492434,-1.7376834487947004,2.1490111197319504,0,0,0,1,False,2
Damaged_UR,210,104500,105000,109.889568,110.376863,500,development,2,included,2,0.3666593348008687,-2.3988454010385727,-2.7970351526754054,-2.6465199059523448,-1.2392084113495725,-1.4691254139479402,-1.7882400247175034,2.3904481293293247,0,0,0,1,False,2
Damaged_UR,211,105000,105500,110.41624,110.903534,500,development,2,included,2,0.4340002664154711,-2.5140456409245373,-2.892222715299708,-2.802142745890874,-1.0000348301061932,-1.4976417957696713,-1.5572465098392936,2.7922217842848203,0,0,0,1,False,2
Damaged_UR,212,105500,106000,110.947386,111.43468,500,development,2,included,2,0.41250796876433304,-2.7544542368892984,-2.8744168494424596,-2.824710971711358,-1.098148352046004,-1.3672499067247903,-1.6712263444554898,3.630673513023356,1,0,2,1,False,2
Damaged_UR,213,106000,106500,111.470651,111.957945,500,development,2,included,2,0.41128254548841414,-2.308067976951166,-2.5807120380181567,-2.6713667055184933,-1.0993381923832148,-1.6346502611190155,-1.564057313282099,2.0738517620027843,0,0,0,1,False,2
Damaged_UR,214,106500,107000,111.99562,112.482915,500,development,2,included,2,0.3776688299705684,-1.8325470519319413,-2.0858154836128406,-2.261477536028563,-1.289519022758343,-1.8003534998742765,-1.9860402405992648,4.934775176417653,1,0,3,1,False,2
Damaged_UR,215,107000,107500,112.521706,113.009,500,development,2,included,2,0.5133607364316611,-1.3654088691431738,-1.964218521768197,-2.315064607305083,-0.9995866196969465,-1.575983933401562,-1.4739016262774247,5.687110744885606,1,1,1,2,False,2
Damaged_UR,216,107500,108000,113.045059,113.532354,500,development,2,included,2,0.44460741248627245,-2.7674846258175254,-2.7199749347803635,-2.968737444113775,-0.9126462567390806,-1.7827531413458528,-1.4104687468057162,3.676118444304469,1,0,2,1,False,2
Damaged_UR,217,108000,108500,113.570371,114.057666,500,development,2,included,2,0.5202426231364703,-2.081248911345796,-2.392714699289192,-2.9426673754587003,-0.7813893678057325,-1.504356961865823,-1.3455122567249622,3.189645807774845,0,1,0,2,False,2
Damaged_UR,218,108500,109000,114.102384,114.589678,500,development,2,included,2,0.34614477681080763,-2.6461723246932816,-2.7069222323671283,-3.0880213791991022,-1.2227335266472283,-1.6082355497043619,-1.8399188884680122,3.253028295690227,0,0,0,1,False,2
Damaged_UR,219,109000,109500,114.626482,115.113777,500,development,2,included,2,0.31688653807026235,-2.322565020696758,-2.432480033232823,-2.5595848920476882,-1.3621581910118272,-2.036741673214471,-1.8594000166009526,3.8171974337496652,1,0,4,1,False,2
Damaged_UR,220,109500,110000,115.152589,115.639883,500,development,2,included,2,0.3712248003910467,-2.4349691621461367,-2.7584501952899996,-3.0842307652627943,-1.2543192202984248,-1.3678325753670122,-1.689227379711788,2.5164337656899085,0,0,0,1,False,2
Damaged_UR,221,110000,110500,115.680158,116.167452,500,development,2,included,2,0.4336597573082373,-2.191886729622837,-2.342667010696846,-2.9387883871493967,-1.0427893802782284,-1.301005459429069,-1.6510653069681882,3.3456027439065923,1,0,2,1,False,2
Damaged_UR,222,110500,111000,116.205191,116.692486,500,development,2,included,2,0.38822782248414384,-2.5376220514376415,-2.570914304377796,-2.756691772299076,-1.1747914810997728,-1.3191298790070332,-1.7809539539839456,2.874447139301074,0,0,0,1,False,2
Damaged_UR,223,111000,111500,116.731678,117.218973,500,development,2,included,2,0.44795992860898287,-2.75663194116225,-2.643413156341668,-3.016500966276998,-0.9530107343814768,-1.3275956699216054,-1.603980834078936,3.6382684989888547,1,0,2,1,False,2
Damaged_UR,224,111500,112000,117.25438,117.741674,500,development,2,included,2,0.4003510533534776,-2.3221840761209056,-2.8809134749867673,-2.839206058955837,-1.117784169716465,-1.3896724593535832,-1.7016817446217378,2.2016886964114404,0,0,0,1,False,2
Damaged_UR,225,112000,112500,117.787705,118.274999,500,development,2,included,2,0.45755280844362856,-2.216893154881618,-2.8409354650495464,-2.9078126314007493,-0.9821018811984588,-1.4434223232293386,-1.3645801883424842,3.0172043372146713,0,0,0,1,False,2
Damaged_UR,226,112500,113000,118.310113,118.797407,500,development,2,included,2,0.47208916130597156,-2.5727175078284037,-3.029721228222727,-2.759134162936623,-1.1803259803626278,-0.97905438199479,-1.5275119105135535,6.021161787801005,1,0,2,1,False,2
Damaged_UR,227,113000,113500,118.838407,119.325702,500,development,2,included,2,0.4359197520355936,-2.0199159346268503,-2.4508608517409582,-2.1818501991564636,-1.0978449315649998,-1.1935082759613052,-1.947893765204196,4.026361942120818,1,0,1,1,False,2
Damaged_UR,228,113500,114000,119.364441,119.851736,500,development,2,included,2,0.49496739947321583,-1.8027423096321453,-2.3175453973325917,-2.354444720943689,-0.961984184693694,-1.2634617414523337,-1.4146084586195387,3.501033298951015,1,1,1,2,False,2
Damaged_UR,229,114000,114500,119.888866,120.37616,500,development,2,included,2,0.493448727299654,-2.532054402232902,-2.149048667115606,-2.88398617393969,-0.9514460737619643,-1.042828061895833,-1.7897313930598822,5.427953968292156,1,1,2,2,False,2
Damaged_UR,230,114500,115000,120.412021,120.899315,500,development,2,included,2,0.40731163472010434,-2.2820959152097524,-2.875541910705601,-2.7778862474577006,-0.9986474418154062,-1.756035819936881,-1.5559835423441197,1.9832713067632213,0,0,0,1,False,2
Damaged_UR,231,115000,115500,120.941796,121.42909,500,development,2,included,2,0.44225488505083377,-2.5808010832364467,-2.7802611753450477,-3.079018683904727,-1.060100096212535,-1.1378281251113842,-1.7423221817139964,4.544285651821395,1,0,2,1,False,2
Damaged_UR,232,115500,116000,121.4664,121.953694,500,development,2,included,2,0.4795321768118576,-2.5158876606786063,-3.048874242690373,-2.9011686760857622,-0.8748742134833359,-1.27712251912758,-1.5941990269578545,3.2486018544872795,0,0,0,1,False,2
Damaged_UR,233,116000,116500,121.99299,122.480284,500,development,2,included,2,0.3902171671750814,-2.478498256520622,-2.3383080836558876,-2.7977382956247743,-1.136695599822034,-1.6722458769186601,-1.5077886241888927,3.372571969153023,1,0,2,1,False,2
Damaged_UR,234,116500,117000,122.518989,123.006284,500,development,2,included,2,0.36220665397704743,-2.3938656532645557,-2.656611655940985,-2.8243480737778626,-1.259671918036753,-1.3052753884084312,-1.9999091011399446,2.9867304645200483,0,0,0,1,False,2
Damaged_UR,235,117000,117500,123.046259,123.533554,500,development,2,included,2,0.4350783933580145,-2.515471409496561,-2.8350997700275244,-2.773660922192736,-0.9644341662404375,-1.4674716218758255,-1.5599187310628384,2.7971943108253,0,0,0,1,False,2
Damaged_UR,236,117500,118000,123.568444,124.055738,500,development,2,included,2,0.4145010227130055,-2.179934990426409,-2.4286534923365544,-2.8129078385664212,-1.1096643906299388,-1.380933563999404,-1.6928658347283052,2.8135936577945553,0,0,0,1,False,2
Damaged_UR,237,118000,118500,124.093086,124.58038,500,development,2,included,2,0.49801510458071996,-2.314902353421405,-2.579070028307616,-1.9445665006477104,-0.9407436896599792,-1.186748756685831,-1.6419640308932246,5.167823520339838,1,1,1,2,False,2
Damaged_UR,238,118500,119000,124.617945,125.105239,500,development,2,included,2,0.5013424357847578,-1.6356462401639276,-2.204393377617175,-2.3154174908802396,-1.1187851749456548,-1.0532561061536945,-1.5514748809142818,5.330954745328286,1,1,1,2,False,2
Damaged_UR,239,119000,119500,125.142571,125.629866,500,development,2,included,2,0.5151758717456204,-1.9104038643119774,-2.3471549217209433,-2.008635609258659,-0.9292964758568744,-1.155359109984292,-1.5475060881068552,4.8077218549567595,1,1,1,2,False,2
Damaged_UR,240,119500,120000,125.664086,126.15138,500,development,2,included,2,0.36604310419228975,-2.7120154030238286,-2.951444003244986,-2.905002216654701,-1.165918311989816,-1.625667847353693,-1.685479910614809,3.4826633577401966,1,0,4,1,False,2
Damaged_UR,241,120000,120500,126.190625,126.677919,500,development,2,included,2,0.48295729762847844,-1.839622128957295,-1.8823195953490348,-2.703129050418296,-1.0380396874296014,-1.128257763321274,-1.882178161744654,6.193829617049512,1,0,1,1,False,2
Damaged_UR,242,120500,121000,126.717446,127.204741,500,development,2,included,2,0.5301044983674356,-2.378373136227781,-2.680977035777926,-2.8506930994716475,-0.7838645928513444,-1.3057694000655293,-1.3391252337617103,3.2474070612960535,0,1,0,2,False,2
Damaged_UR,243,121000,121500,127.241347,127.728641,500,development,2,included,2,0.5116922284395801,-2.694693772014712,-2.831866499062888,-2.9472944767381937,-0.902827473508894,-1.1298134325931741,-1.4899926614325603,4.618836442682745,1,1,2,2,False,2
Damaged_UR,244,121500,122000,127.768608,128.255902,500,development,2,included,2,0.4912942000527526,-2.4404413775072546,-2.8194955402126034,-2.994642471907864,-0.8850948277459335,-1.3619841792275067,-1.3884883595915265,2.8009899993784253,0,1,0,2,False,2
Damaged_UR,245,122000,122500,128.294586,128.781881,500,development,2,included,2,0.4650699971237414,-2.307971031737005,-2.610560373410857,-2.7529239573213005,-0.966545080650307,-1.3890548482418708,-1.4321724200448511,2.4059317531191073,0,0,0,1,False,2
Damaged_UR,246,122500,123000,128.817854,129.305148,500,development,2,included,2,0.4541861671346732,-2.5931306305242963,-2.414605569990836,-2.7914526438670118,-1.0114498282735866,-1.310506744457247,-1.502738950435527,3.06803948531622,0,0,0,1,False,2
Damaged_UR,247,123000,123500,129.343616,129.83091,500,development,2,included,2,0.4542474787347977,-2.457404998729964,-2.5246084697394946,-2.5987516422577444,-1.0121062165697345,-1.350953022066722,-1.457011364145793,2.594681242215925,0,0,0,1,False,2
Unbalanced_LR,135,67000,67500,70.481793,70.969087,500,development,2,included,3,0.37142543521751464,-1.2564021454280352,-2.181197380443963,-2.5589832281691614,-1.3538632917840743,-1.8908315904194157,-1.918778435548083,4.344635484723086,1,0,3,1,False,2
Unbalanced_LR,136,67500,68000,71.011882,71.499176,500,development,2,included,3,0.5146451029209418,-0.8633133261481508,-1.9897049822734527,-2.2742906561485237,-1.1722432874346091,-1.6033431532936497,-1.8287910979722697,5.529422835076186,1,1,3,2,False,2
Unbalanced_LR,137,68000,68500,71.53381,72.021104,500,development,2,included,3,0.4865078581772965,-1.0804710124310914,-1.5449634961162402,-2.5981215241147173,-1.0806331425003635,-1.7020192918626693,-1.8603874219942431,8.281093877950251,1,1,3,2,False,2
Unbalanced_LR,138,68500,69000,72.055683,72.542977,500,development,2,included,3,0.4790115428574119,-1.673574977493849,-2.989663628752376,-2.087812675279119,-0.8841634977834357,-1.4026860713134655,-1.684075194443685,4.362705622449956,1,0,3,1,False,2
Unbalanced_LR,139,69000,69500,72.581608,73.068902,500,development,2,included,3,0.5306687089862047,-1.0439322666871966,-1.58651846967468,-2.8365462957230076,-0.9655182771489937,-1.5091945721223714,-1.7301156331678218,8.023988073820849,1,1,1,2,False,2
Unbalanced_LR,140,69500,70000,73.108076,73.59537,500,development,2,included,3,0.487460941527039,-1.1859641400274346,-1.818058574676502,-2.5893413502513387,-0.984891633455432,-1.5546957341528496,-1.7361812443516855,6.5914205665649215,1,1,1,2,False,2
Unbalanced_LR,141,70000,70500,73.641765,74.129059,500,development,2,included,3,0.5197286824499853,-0.8167268805409327,-2.5325058493944135,-2.454108612787508,-1.2098891056614958,-1.4882450234405744,-1.9116553412338473,3.127366253543004,0,1,0,2,False,2
Unbalanced_LR,142,70500,71000,74.166522,74.653816,500,development,2,included,3,0.7172283784472074,-0.4926391903038888,-2.2220046336556347,-1.7646116080490686,-0.9197031820688399,-1.5874387452790029,-1.7212966528142892,6.179263478278167,1,1,1,3,False,2
Unbalanced_LR,143,71000,71500,74.697478,75.184772,500,development,2,included,3,0.4269769804019687,-1.4173902158243203,-2.755772606252405,-2.5011645130462377,-0.984200985786832,-1.903937651119418,-1.714076744130373,2.5818855544406136,0,0,0,1,False,2
Unbalanced_LR,144,71500,72000,75.225755,75.713049,500,development,2,included,3,0.48427425904948196,-0.903397621811967,-2.525557744115546,-2.5506974062017265,-1.2310363950349474,-1.4622470983935063,-2.2919595944743913,5.369582010060338,1,0,3,1,False,2
Unbalanced_LR,145,72000,72500,75.750379,76.237673,500,development,2,included,3,0.4120845228025826,-1.1660196955187525,-2.589031112986071,-2.8874510696251012,-1.5423501683400627,-1.2096638743107142,-2.4475600956245493,6.7767602911895155,1,0,4,1,False,2
Unbalanced_LR,146,72500,73000,76.272083,76.759377,500,development,2,included,3,0.4520759135008488,-0.9475154654749731,-2.356005815269479,-2.576156010764418,-1.754609396011335,-1.2379512198577733,-2.3440388699521204,6.988660389784987,1,0,3,1,False,2
Unbalanced_LR,147,73000,73500,76.80134,77.288634,500,development,2,included,3,0.38320317425499745,-1.3255051008178431,-2.471888953607046,-2.7886996868014386,-1.325495006761817,-1.575131703421782,-1.8124309645086782,2.835168666266258,0,0,0,1,False,2
Unbalanced_LR,148,73500,74000,77.324372,77.811667,500,development,2,included,3,0.38685857544280555,-1.453046790722236,-2.5722122913337544,-2.9715685156234475,-1.328017591146825,-1.4153489509096262,-1.7620058266758205,2.8595853104699933,0,0,0,1,False,2
Unbalanced_LR,149,74000,74500,77.849958,78.337252,500,development,2,included,3,0.5208133562050767,-1.219666276036353,-2.464949694387255,-1.9256744568242905,-0.8380207562664995,-1.5208347122374541,-1.799422712024963,5.274006618416235,1,1,3,2,False,2
Unbalanced_LR,150,74500,75000,78.373286,78.860581,500,development,2,included,3,0.48281954729105203,-1.2080350575019394,-2.6362837413556397,-2.397729750670717,-0.9439977465519086,-1.5148161597988063,-1.7691760684049906,2.6208106999397263,0,0,0,1,False,2
Unbalanced_LR,151,75000,75500,78.898684,79.385978,500,development,2,included,3,0.33943299689232775,-1.7052740948661285,-2.992529035036328,-2.5620098822998765,-1.2879141766253561,-1.5497345675181178,-2.0769256284756583,3.4249152228596986,1,0,3,1,False,2
Unbalanced_LR,152,75500,76000,79.42214,79.909434,500,development,2,included,3,0.5074258438839959,-1.2937326851667215,-2.510242650538218,-2.5765738872014556,-0.8350927120587794,-1.6626444543026697,-1.5364832087436746,2.308791360226509,0,1,0,2,False,2
Unbalanced_LR,153,76000,76500,79.944353,80.431647,500,development,2,included,3,0.4195860389217852,-1.7522126348073794,-2.884583121162587,-2.7721159691575883,-0.9724296813970417,-1.653877773580339,-1.6433331637006316,0.5822275886781071,0,0,0,1,False,2
Unbalanced_LR,154,76500,77000,80.467595,80.954889,500,development,2,included,3,0.4432470702109581,-1.9079817328179705,-2.8502464258632254,-2.8293223701766803,-0.8750599186206234,-1.8136914677525466,-1.555355585612808,1.7424367138354184,0,0,0,1,False,2
Unbalanced_LR,155,77000,77500,80.993644,81.480938,500,development,2,included,3,0.4598419485531617,-1.59184897270166,-2.4725656554602917,-2.7386617495684673,-0.8869942041863912,-1.7447077071914843,-1.5613335457774395,2.5419036278367084,0,0,0,1,False,2
Unbalanced_LR,156,77500,78000,81.515687,82.002981,500,development,2,included,3,0.45518914258543564,-1.5379440548144108,-2.50672846661164,-2.603702960438946,-0.9120187400812068,-1.7332754444452663,-1.5706572121644338,2.33053405446817,0,0,0,1,False,2
Unbalanced_LR,157,78000,78500,82.046212,82.533507,500,development,2,included,3,0.4453792787286533,-1.4014462079784342,-2.80307698927303,-1.8581522515639288,-0.9893610848415241,-1.8840354552218752,-1.6311080684477142,5.653516480372379,1,0,3,1,False,2
Unbalanced_LR,158,78500,79000,82.574061,83.061356,500,development,2,included,3,0.45548146745932283,-1.802384442836348,-2.9706686322791085,-2.318895843346144,-0.8838897165216808,-1.587377252193067,-1.6154817364537464,3.06389820235244,0,0,0,1,False,2
Unbalanced_LR,159,79000,79500,83.104122,83.591416,500,development,2,included,3,0.41562716721220605,-1.6329741194329368,-2.738084539592285,-2.6805446810400584,-0.9741629487093284,-2.0115360802291384,-1.5986182914906226,3.5827409169317908,1,0,3,1,False,2
Unbalanced_LR,160,79500,80000,83.632542,84.119836,500,development,2,included,3,0.3950958284014098,-1.6451415907789524,-2.540690383440547,-2.5993404939743705,-1.0505898339493263,-1.8020444721376374,-1.7190354364362372,2.1204074393280505,0,0,0,1,False,2
Unbalanced_LR,161,80000,80500,84.160294,84.647589,500,development,2,included,3,0.33179196430379415,-1.6588578819359814,-2.840895821138576,-2.50469544694327,-1.2760083647062725,-1.7198051552901779,-2.122801885029889,3.8397986670995423,1,0,3,1,False,2
Unbalanced_LR,162,80500,81000,84.687927,85.175221,500,development,2,included,3,0.47298375164201883,-1.2569386406748326,-2.9400480954563055,-2.8052284193428223,-0.9298534692672461,-1.634683416237491,-1.6702773516944551,1.5920787576274915,0,0,0,1,False,2
Unbalanced_LR,163,81000,81500,85.217101,85.704395,500,development,2,included,3,0.36790322919892976,-1.9412283235325802,-3.089338993899651,-2.7247903460997844,-1.0638929159487318,-2.0530747519568724,-1.6606537319844588,3.969123903128262,1,0,3,1,False,2
Unbalanced_LR,164,81500,82000,85.744384,86.231678,500,development,2,included,3,0.35531002622603775,-1.5597292786755945,-2.703970014362072,-3.0089411509649477,-1.1792753563457392,-2.1059483136826245,-1.7657760087577203,4.460941378765056,1,0,4,1,False,2
Unbalanced_LR,165,82000,82500,86.278075,86.765369,500,development,2,included,3,0.3247073312413021,-1.3964086759794947,-2.851391401391015,-2.7576911172225818,-1.4023839079745908,-2.3115937650964966,-1.9086096124455958,6.373807156848229,1,0,3,1,False,2
Unbalanced_LR,166,82500,83000,86.802652,87.289946,500,development,2,included,3,0.37776731540093017,-1.4827095232189393,-2.832653359953154,-2.7923861308409137,-1.167578849030695,-1.6182880091461267,-1.9465436474764828,2.2458014632222314,0,0,0,1,False,2
Unbalanced_LR,167,83000,83500,87.327571,87.814865,500,development,2,included,3,0.3970360707540028,-1.6117623892606934,-2.689959002337363,-2.475622436187227,-1.0556977518142132,-1.759820471398023,-1.7353668731857006,2.183013352922127,0,0,0,1,False,2
Unbalanced_LR,168,83500,84000,87.859352,88.346646,500,development,2,included,3,0.4118120453996156,-1.4398984697707602,-2.6043496462084472,-2.6388291971682545,-1.055155664518923,-1.773991129676592,-1.7161414081078776,1.7265396410196616,0,0,0,1,False,2
Unbalanced_LR,169,84000,84500,88.390052,88.877346,500,development,2,included,3,0.4714879653814432,-1.269233992952246,-2.593883898345292,-2.182698767357972,-0.9495076264223206,-1.7531776274618731,-1.6118271725879636,3.829396504841158,1,0,3,1,False,2
Unbalanced_LR,170,84500,85000,88.921792,89.409086,500,development,2,included,3,0.4027073423454302,-1.431677657270128,-2.6736473579944793,-2.4884457266599997,-1.1075604835310822,-1.6649845922614384,-1.7515411704815431,2.110939800549537,0,0,0,1,False,2
Unbalanced_LR,171,85000,85500,89.451154,89.938449,500,development,2,included,3,0.4109097506310712,-1.5987694771533456,-2.942930857498564,-2.5830447635647245,-1.0347601556510468,-1.5726741854501896,-1.7371288235814275,1.5792440821045737,0,0,0,1,False,2
Unbalanced_LR,172,85500,86000,89.97644,90.463734,500,development,2,included,3,0.4585624524443577,-1.5550160636048995,-2.8082902164733365,-2.813017108484314,-0.9447959261921216,-1.4101792295965585,-1.6368212950442345,2.010939527163558,0,0,0,1,False,2
Unbalanced_LR,173,86000,86500,90.499728,90.987022,500,development,2,included,3,0.36982147717464514,-1.826242634697352,-2.865701705266583,-2.6228488942394446,-1.0792658028228526,-1.8804973034184864,-1.7220254230559418,2.3638489354188628,0,0,0,1,False,2
Unbalanced_LR,174,86500,87000,91.023605,91.510899,500,development,2,included,3,0.43083550737037507,-1.4039632960960453,-2.61752549176003,-2.556503155960183,-1.0601245561673764,-1.4769676561056637,-1.7865844846814483,1.7284217015151584,0,0,0,1,False,2
Unbalanced_LR,175,87000,87500,91.550843,92.038137,500,development,2,included,3,0.29113684129378753,-1.5624674498774467,-2.912126897280808,-3.012566410906213,-1.5564954754660425,-1.912795928619658,-1.9547187941982351,5.0710725625908575,1,0,4,1,False,2
Unbalanced_LR,176,87500,88000,92.079516,92.56681,500,development,2,included,3,0.36719570177078653,-1.4417324410214238,-2.9892257872685635,-2.821035440507272,-1.3241849468828042,-1.3800301259493706,-2.457592018012121,6.867484313267964,1,0,3,1,False,2
Unbalanced_LR,177,88000,88500,92.603591,93.090885,500,development,2,included,3,0.4178247166356218,-1.6861700046400083,-2.7904132706713667,-2.590110664101592,-1.02130515246107,-1.3993371825431216,-1.9372418324658247,2.161680191366892,0,0,0,1,False,2
Unbalanced_LR,178,88500,89000,93.128054,93.615348,500,development,2,included,3,0.3832339836824506,-1.5148338568880197,-2.607512604147247,-2.30123383445292,-1.1443977575292033,-1.824112462968836,-1.7107499098144594,3.1631678652890933,0,0,0,1,False,2
Unbalanced_LR,179,89000,89500,93.653123,94.140417,500,development,2,included,3,0.46761564263958577,-1.6863241468806427,-2.712284441934366,-2.582319481698754,-0.8866430939001259,-1.381926539222942,-1.7289857473560262,2.2737394295339013,0,0,0,1,False,2
Unbalanced_LR,180,89500,90000,94.17824,94.665535,500,development,2,included,3,0.3695445550893623,-1.3352282096304082,-2.6085115514089585,-2.796393010878245,-1.2735206258392782,-1.608396139521156,-2.255907754994835,5.043546006735195,1,0,3,1,False,2
Unbalanced_LR,181,90000,90500,94.70275,95.190045,500,development,2,included,3,0.31874877583069383,-1.458642024097274,-3.052867691443138,-2.674761853606493,-1.3689314001358845,-2.3412696708750143,-1.9361369341619274,6.6498454752601575,1,0,3,1,False,2
Unbalanced_LR,182,90500,91000,95.229369,95.716663,500,development,2,included,3,0.38441434304728556,-1.56362143063646,-2.761240093564634,-2.7039057962853947,-1.1855895200049629,-1.484373762230885,-1.8092428163478815,1.4809929595607871,0,0,0,1,False,2
Unbalanced_LR,183,91000,91500,95.755537,96.242831,500,development,2,included,3,0.4270221352396962,-1.5868988171723923,-2.778974939625919,-2.852664006795919,-1.0350924121567413,-1.3833022259579462,-1.8461295808378464,2.2609431140372056,0,0,0,1,False,2
Unbalanced_LR,184,91500,92000,96.28608,96.773374,500,development,2,included,3,0.40854110172707575,-1.522504856113616,-2.7267617486273097,-2.9137617119956363,-1.0552943471407628,-1.709816136129825,-1.683788570443292,0.969160696154939,0,0,0,1,False,2
Unbalanced_LR,185,92000,92500,96.811156,97.29845,500,development,2,included,3,0.3531477736898226,-1.7331582751317547,-2.9206944269163007,-2.788581480266498,-1.2111021023332105,-1.5890729247584632,-1.8914262189359952,1.747345174324958,0,0,0,1,False,2
Unbalanced_LR,186,92500,93000,97.341608,97.828902,500,development,2,included,3,0.4606229175120907,-2.221334607202906,-2.7003967072876254,-2.6600144536549752,-0.8453510546185548,-1.5449466961808067,-1.5619160497563487,1.8122493213067428,0,0,0,1,False,2
Unbalanced_LR,187,93000,93500,97.865558,98.352852,500,development,2,included,3,0.42389060202692447,-1.5804304977041792,-3.0277662504425678,-2.7254663322522954,-1.0143509186303246,-1.5552871950060156,-1.6638096857948297,0.893191697763614,0,0,0,1,False,2
Unbalanced_LR,188,93500,94000,98.388728,98.876023,500,development,2,included,3,0.41821599229245077,-1.2560069950127886,-2.3941712283843635,-2.5356059285964365,-1.1224900756481666,-1.9257789282955664,-1.654688106144871,3.026939725483962,0,0,0,1,False,2
Unbalanced_LR,189,94000,94500,98.912837,99.400131,500,development,2,included,3,0.4454317366404734,-1.4418486167629831,-2.827391946772886,-2.654745709170241,-0.9497252526406621,-1.6634750734656134,-1.6865311356470283,1.1762475291343364,0,0,0,1,False,2
Unbalanced_LR,190,94500,95000,99.43717,99.924464,500,development,2,included,3,0.4205054997275849,-1.5674158088990262,-2.723793839865218,-2.8028964780766223,-1.008279634236282,-1.583862985142831,-1.7363404225103007,0.9875235178226555,0,0,0,1,False,2
Unbalanced_LR,191,95000,95500,99.962323,100.449617,500,development,2,included,3,0.4635570519928542,-1.8068970191584304,-3.1260286453703117,-2.3149334456873154,-0.8768340417469971,-1.4686250617326055,-1.6401427992596842,3.0861689351094483,0,0,0,1,False,2
Unbalanced_LR,192,95500,96000,100.485591,100.972885,500,development,2,included,3,0.4441420938768688,-1.4069306151116128,-2.960338376562923,-2.007605389529222,-1.0013501878672093,-1.6594414425061303,-1.669437826948468,4.813512224892035,1,0,3,1,False,2
Unbalanced_LR,193,96000,96500,101.01621,101.503505,500,development,2,included,3,0.3477239924850211,-1.5626785592823513,-2.970661185747373,-2.4738796384634703,-1.2089909683032027,-2.0528188718465947,-1.801477579528706,3.966743766330307,1,0,3,1,False,2
Unbalanced_LR,194,96500,97000,101.541014,102.028309,500,development,2,included,3,0.44926044656777653,-1.416321420522148,-2.64868188260337,-1.4526257285565893,-1.0816236509087722,-1.5860219197259091,-1.8349245316709024,7.932786154291295,1,0,3,1,False,2
Unbalanced_LR,195,97000,97500,102.069529,102.556824,500,development,2,included,3,0.4184126981618996,-1.380722827192921,-2.7636862134786755,-2.389856387897592,-1.1026978234763474,-1.5020326255653398,-1.824384644046023,2.665063087841422,0,0,0,1,False,2
Unbalanced_LR,196,97500,98000,102.593704,103.080998,500,development,2,included,3,0.43362267267108606,-1.8582574451505596,-2.5541184536242967,-2.4161131140882564,-0.9408440553749253,-1.5681299792853702,-1.62994149187737,2.5174866499330903,0,0,0,1,False,2
Unbalanced_LR,197,98000,98500,103.116724,103.604018,500,development,2,included,3,0.3919464711972747,-1.7710398665078095,-2.7669888261356594,-2.7174281656722803,-1.0717411291863723,-1.6157667258216029,-1.7095617937597358,0.8239395687762067,0,0,0,1,False,2
Unbalanced_LR,198,98500,99000,103.641334,104.128628,500,development,2,included,3,0.30765604539176905,-1.5958554991491554,-2.78327481348835,-2.797350259025862,-1.4199267407527103,-2.073076925988067,-1.8452782833789492,4.155179436710345,1,0,3,1,False,2
Unbalanced_LR,199,99000,99500,104.170326,104.65762,500,development,2,included,3,0.3796691923341075,-1.3422426123609468,-2.4502045750429926,-2.6717072901006165,-1.3420882084516108,-1.4184902960604298,-2.189177905408029,4.4400724038387995,1,0,3,1,False,2
Unbalanced_LR,200,99500,100000,104.695447,105.182741,500,development,2,included,3,0.4657755489513773,-1.595665037808163,-2.365899805534407,-2.408251470220157,-0.9218516194347748,-1.3818195812335092,-1.7570034918109976,3.20185854465968,0,0,0,1,False,2
Unbalanced_LR,201,100000,100500,105.22317,105.710464,500,development,2,included,3,0.388348503176022,-1.4366667852067296,-2.9397547183387545,-2.594477089695462,-1.110952520376522,-1.974538993952755,-1.7612286944362587,3.238602693886655,0,0,0,1,False,2
Unbalanced_LR,202,100500,101000,105.749119,106.236413,500,development,2,included,3,0.4542514215676233,-1.2009206625163158,-2.7495263415356743,-2.490302225008209,-0.9971466415842845,-2.159624266216484,-1.5853903705641725,4.960222505588513,1,0,3,1,False,2
Unbalanced_LR,203,101000,101500,106.275116,106.76241,500,development,2,included,3,0.4327772987769702,-1.7364001792176202,-2.8270253515850645,-2.02802702179731,-0.9541988287224378,-1.7282760611218075,-1.6263289140416544,4.698732045348183,1,0,3,1,False,2
Unbalanced_LR,204,101500,102000,106.798009,107.285303,500,development,2,included,3,0.41104902698442186,-1.1390844849799209,-2.5226056108798165,-2.6556599355911303,-1.2486085108452707,-1.6205008477475067,-2.18704514978739,4.420784757808513,1,0,3,1,False,2
Unbalanced_LR,205,102000,102500,107.324009,107.811303,500,development,2,included,3,0.42680461937555547,-1.641148008825516,-2.54619982934653,-2.0877616423981005,-0.9772477685821713,-1.7921532232399497,-1.644878524065486,4.362992453745761,1,0,3,1,False,2
Unbalanced_LR,206,102500,103000,107.852331,108.339625,500,development,2,included,3,0.4008247733598938,-1.5527448921461644,-2.6824841021570163,-2.3425251606613773,-1.045518179096959,-1.956153424486644,-1.674436894393584,3.0675844369765395,0,0,0,1,False,2
Unbalanced_LR,207,103000,103500,108.382802,108.870096,500,development,2,included,3,0.46567052095726436,-1.4705474822551436,-2.3687039155226306,-2.059505962703655,-0.9401024184787824,-1.5290514594417373,-1.6699873210489344,4.52180404852362,1,0,3,1,False,2
Unbalanced_LR,208,103500,104000,108.909016,109.39631,500,development,2,included,3,0.48312087263465603,-1.3108847654631688,-2.3598294161936644,-2.5691122030078963,-0.9249282649160419,-1.5069631796110061,-1.634561882074879,3.239416800607919,0,0,0,1,False,2
Unbalanced_LR,209,104000,104500,109.433555,109.920849,500,development,2,included,3,0.4548947450591834,-1.2521052216184048,-2.357998668203727,-2.314316248267277,-1.0065564738749193,-1.7246367094353816,-1.7120372701683684,3.2507438667519803,0,0,0,1,False,2
Unbalanced_LR,210,104500,105000,109.958522,110.445816,500,development,2,included,3,0.4976750641462583,-1.5694586892424272,-1.734670719103253,-2.4876064113437995,-0.8610756174228711,-1.4625657212920757,-1.6511774215326043,7.107351629103942,1,1,1,2,False,2
Unbalanced_LR,211,105000,105500,110.484943,110.972237,500,development,2,included,3,0.4672579114985845,-1.2644611798597694,-1.9346382295016784,-2.638131578518363,-0.987243523124994,-1.6423365547161013,-1.7275475271793617,5.870127702383378,1,0,3,1,False,2
Unbalanced_LR,212,105500,106000,111.01237,111.499665,500,development,2,included,3,0.39042534614305613,-1.5189137536034998,-2.8382915896763365,-2.6224946946656846,-1.0800073459238697,-2.0125590323182636,-1.6733445507101357,3.592256177446686,1,0,3,1,False,2
Unbalanced_LR,213,106000,106500,111.540687,112.027981,500,development,2,included,3,0.4881361716600089,-1.2586292521222562,-1.7014079412430332,-2.397509845518375,-1.0049426054313457,-1.3796225679910932,-1.859369094917899,7.313152584248399,1,1,1,2,False,2
Unbalanced_LR,214,106500,107000,112.063785,112.551079,500,development,2,included,3,0.4909558087758526,-1.2536748670950062,-1.7343761359755625,-2.124447702573827,-0.94671712973932,-1.8432799854389599,-1.5556662079858918,7.109174251655279,1,1,3,2,False,2
Unbalanced_LR,215,107000,107500,112.588246,113.075541,500,development,2,included,3,0.4072186924041209,-1.3975165371270193,-2.580943004715055,-2.6806356156923514,-1.1178492153324409,-1.6586862703810448,-1.7379078751935269,1.8713594512083034,0,0,0,1,False,2
Unbalanced_LR,216,107500,108000,113.111715,113.599009,500,development,2,included,3,0.45420692232264276,-1.0316210448089433,-1.3151239615147863,-2.4374704301302614,-1.4402002092507122,-2.017988208922717,-1.9504113626141353,9.703139744044492,1,0,3,1,False,2
Unbalanced_LR,217,108000,108500,113.63654,114.123834,500,development,2,included,3,0.40996189078505096,-1.6823780773707135,-2.738214452962974,-2.706902547105613,-1.0140100167537855,-1.6468506293685918,-1.7217418128164088,0.8983013860524729,0,0,0,1,False,2
Unbalanced_LR,218,108500,109000,114.159132,114.646426,500,development,2,included,3,0.30275519293246295,-1.5339290223090496,-2.0831913032747567,-2.9616250556432067,-1.5114442659473752,-2.004408757677547,-2.1734608683025223,4.951011307456332,1,0,4,1,False,2
Unbalanced_LR,219,109000,109500,114.683907,115.171201,500,development,2,included,3,0.4991445438800661,-0.9826523831913961,-1.2533048390266004,-2.26345078368408,-1.2997863309159745,-1.827335364291091,-1.9038260149161275,10.085622364940566,1,1,3,2,False,2
Unbalanced_LR,220,109500,110000,115.214786,115.70208,500,development,2,included,3,0.412505306097508,-1.7462957517692916,-2.7337519801873063,-2.5822382135847826,-0.9993648399728365,-1.7172458184633161,-1.645460077311586,1.583777311882366,0,0,0,1,False,2
Unbalanced_LR,221,110000,110500,115.740118,116.227412,500,development,2,included,3,0.5098201906753197,-1.190324682676563,-1.3566029671553084,-2.180061700909035,-1.030033406644771,-1.5629546105278713,-1.7384788516020018,9.446503962897939,1,1,1,2,False,2
Unbalanced_LR,222,110500,111000,116.270294,116.757588,500,development,2,included,3,0.4504216220600035,-1.2748718216395822,-1.8413124308861306,-2.3810383605313157,-1.0388203791023112,-2.026181806900303,-1.6034723993112645,6.447546057982258,1,0,3,1,False,2
Unbalanced_LR,223,111000,111500,116.791518,117.278812,500,development,2,included,3,0.44547235290659437,-1.248769445246669,-1.9936091346409874,-2.2926957579546805,-1.0632915425343628,-1.9763016865428702,-1.6792377012184874,5.505267357453584,1,0,3,1,False,2
Unbalanced_LR,224,111500,112000,117.316472,117.803766,500,development,2,included,3,0.484873503032942,-1.2513761934559309,-1.2032974600409436,-1.947862585947496,-1.1435966518490723,-2.160898119222039,-1.702396240131215,10.39502425562953,1,1,3,2,False,2
Unbalanced_LR,225,112000,112500,117.839662,118.326956,500,development,2,included,3,0.42125022647761834,-1.8138837683636755,-2.6481287550155472,-2.6824556039637253,-0.9654681766107698,-1.724863045934916,-1.5995031673535631,1.4556728347133427,0,0,0,1,False,2
Unbalanced_LR,226,112500,113000,118.368086,118.85538,500,development,2,included,3,0.47277945690776324,-1.069316776816894,-1.467921736942796,-2.5470851244228103,-1.2196982011286484,-1.733973603179925,-1.7593456718845448,8.757760850580517,1,0,2,1,False,2
Unbalanced_LR,227,113000,113500,118.893975,119.381269,500,development,2,included,3,0.41528174468794754,-1.8813185199403235,-2.772181335064516,-2.8322437751687968,-0.963280494770115,-1.6688611303963072,-1.680914570569742,0.6881440501512949,0,0,0,1,False,2
Unbalanced_LR,228,113500,114000,119.426374,119.913669,500,development,2,included,3,0.33519052725271375,-1.5021248970852477,-2.5976522122702295,-2.8832192249343658,-1.2927840175592251,-2.183916185283411,-1.826179201228853,5.186180241816643,1,0,3,1,False,2
Unbalanced_LR,229,114000,114500,119.950512,120.437806,500,development,2,included,3,0.3997400748708474,-1.5611384447141021,-2.553581933703469,-2.7599631122162505,-1.078361599162161,-1.6684406312085824,-1.751944478477113,2.0406458100212252,0,0,0,1,False,2
Unbalanced_LR,230,114500,115000,120.477467,120.964761,500,development,2,included,3,0.5774931143023757,-0.7902850456024157,-1.7366558171692743,-2.2284277337449807,-0.9718474256386964,-1.8330766035815873,-1.6906436378649923,7.095069579788657,1,1,3,3,False,2
Unbalanced_LR,231,115000,115500,121.002658,121.489952,500,development,2,included,3,0.5375146227276826,-0.8256434077995878,-1.8468944037646866,-2.2860765023743537,-1.140758603867604,-1.5616919378245937,-1.8128987077770378,6.413009695600716,1,1,1,2,False,2
Unbalanced_LR,232,115500,116000,121.53312,122.020414,500,development,2,included,3,0.44317070066317954,-1.1044908904012858,-2.1177337699558074,-2.5851799613143815,-1.198157975014783,-1.5959734986327796,-1.8377353821953843,4.737292757975004,1,0,3,1,False,2
Unbalanced_LR,233,116000,116500,122.058284,122.545579,500,development,2,included,3,0.4300564274691681,-1.5656599826705233,-2.8425354415511888,-2.8423772711373854,-0.9729401480551675,-1.6470190977374795,-1.658509939925934,0.5772866706087645,0,0,0,1,False,2
Unbalanced_LR,234,116500,117000,122.584608,123.071902,500,development,2,included,3,0.4346661073151012,-1.5476367893277165,-2.739610940006107,-2.9025483550642086,-0.9951543944312828,-1.4814521308932111,-1.7471590943008704,1.3479757083301211,0,0,0,1,False,2
Unbalanced_LR,235,117000,117500,123.109891,123.597185,500,development,2,included,3,0.39152239195116545,-1.568962960391313,-2.601155933194603,-2.4172060525667765,-1.0994910495005779,-1.821677230097997,-1.7060384498880123,2.5113437680543016,0,0,0,1,False,2
Unbalanced_LR,236,117500,118000,123.636395,124.123689,500,development,2,included,3,0.36017711072707725,-1.58752231390914,-3.0033733463653265,-2.8014040514293725,-1.176483864327461,-1.6921138718405506,-1.996479735752153,2.697400129978847,0,0,0,1,False,2
Unbalanced_LR,237,118000,118500,124.162203,124.649498,500,development,2,included,3,0.4081017119940292,-1.8605827917572673,-2.8870087447198465,-2.3260565837052294,-0.9869543363838864,-1.7237310239298602,-1.6549121041650048,3.023651122525863,0,0,0,1,False,2
Unbalanced_LR,238,118500,119000,124.688024,125.175318,500,development,2,included,3,0.48355798870031586,-1.304346939643753,-2.7064012484402165,-2.254178089906034,-0.904625228486937,-1.5815254269468193,-1.6610254315745885,3.4276455885561634,1,0,3,1,False,2
Unbalanced_LR,239,119000,119500,125.211855,125.699149,500,development,2,included,3,0.38844888119155285,-1.1397998035469128,-2.6188705181630194,-2.740549123189754,-1.3715849066580592,-1.8587599141713953,-1.9360077579223383,3.281282855286229,1,0,3,1,False,2
Unbalanced_LR,240,119500,120000,125.735184,126.222478,500,development,2,included,3,0.4728761971400365,-0.9078149770894947,-2.565085706476227,-2.4106183826376304,-1.2372281533229985,-1.6813098337434629,-2.0766234879614403,3.422182805121233,1,0,3,1,False,2
Unbalanced_LR,241,120000,120500,126.267937,126.755231,500,development,2,included,3,0.48665556226644735,-1.1994747496663654,-2.9244094147096593,-2.654795444786863,-0.995168105710354,-1.3433804339240316,-1.7295008054544034,2.632286264378713,0,1,0,2,False,2
Unbalanced_LR,242,120500,121000,126.797466,127.28476,500,development,2,included,3,0.3793149250345264,-1.269329079771021,-2.383395943972867,-2.4037625318074314,-1.2376376424953148,-2.3491585760032385,-1.8712463879490149,6.723226221309117,1,0,3,1,False,2
Unbalanced_LR,243,121000,121500,127.322045,127.809339,500,development,2,included,3,0.4591934747401242,-1.2929586688088115,-2.6269387832820605,-2.086612462166124,-0.9869735317366203,-1.6648503319820067,-1.7001752394980398,4.3694514434887415,1,0,3,1,False,2
Unbalanced_LR,244,121500,122000,127.850824,128.338118,500,development,2,included,3,0.5019635709867352,-0.9117768581254272,-2.5182549008632598,-2.368868253285263,-1.139283715112987,-1.5263129766052397,-1.8162403150602495,2.7958688804875074,0,1,0,2,False,2
Unbalanced_LR,245,122000,122500,128.381632,128.868927,500,development,2,included,3,0.36856871662053675,-1.4864607790581161,-2.7080162838207045,-2.0080581841139926,-1.1964977002566974,-2.0078942737023997,-1.9018866909569625,4.8109672841618245,1,0,3,1,False,2
Unbalanced_LR,246,122500,123000,128.90445,129.391744,500,development,2,included,3,0.3938773119545806,-1.6367801356072182,-2.7866284735009907,-2.8861750068776906,-1.1207871609901736,-1.4039774445415245,-2.0159964519859934,2.873900199067432,0,0,0,1,False,2
Unbalanced_LR,247,123000,123500,129.428672,129.915966,500,development,2,included,3,0.4936452405598127,-1.4566961315783424,-2.817834084061929,-2.5062192914915924,-0.8217422236721876,-1.527308792090488,-1.7349866091180115,2.040764342928798,0,1,0,2,False,2
Unbalanced_UR,133,66000,66500,70.254221,70.741515,500,development,2,included,4,0.3007178729667752,-2.3109658148224828,-2.5691223693792518,-2.5912186967530415,-1.279327241267274,-2.384993967356719,-1.8244593536144005,7.056558630526053,1,0,4,1,False,2
Unbalanced_UR,134,66500,67000,70.778417,71.265711,500,development,2,included,4,0.4184166006433123,-2.3947234067055168,-2.494531771916181,-2.9285687767836603,-0.9993821324544965,-1.3577104070405852,-1.8135830107820836,2.4989922139290357,0,0,0,1,False,2
Unbalanced_UR,135,67000,67500,71.303117,71.790412,500,development,2,included,4,0.4020144501528429,-2.198447972651722,-2.881577566227221,-3.2130137727447745,-1.092903472407601,-1.2957567358056257,-1.947858242323857,3.075270739503931,0,0,0,1,False,2
Unbalanced_UR,136,67500,68000,71.839836,72.32713,500,development,2,included,4,0.3917046882503519,-2.072466901306107,-2.9207049300076267,-2.9403140642624908,-1.0798621307021723,-1.375159903630888,-1.9240784621782365,2.33668108745927,0,0,0,1,False,2
Unbalanced_UR,137,68000,68500,72.371813,72.859108,500,development,2,included,4,0.41362357965512836,-2.129215528530014,-2.915786651215544,-2.854126398394505,-0.9384410983701827,-1.968022607617217,-1.5862919418222967,3.177988795877635,0,0,0,1,False,2
Unbalanced_UR,138,68500,69000,72.893801,73.381095,500,development,2,included,4,0.41876933276051215,-2.742508782173182,-2.663527248515702,-2.772193153378783,-0.9687352731472517,-1.4317170569919184,-1.6765586490129534,3.5890124105278214,1,0,2,1,False,2
Unbalanced_UR,139,69000,69500,73.420321,73.907616,500,development,2,included,4,0.4862262621370189,-2.519595760632837,-3.0217173079342854,-3.080442975604898,-0.7856066680166912,-1.4778623549952872,-1.5434461722905746,2.8115784443304195,0,1,0,2,False,2
Unbalanced_UR,140,69500,70000,73.95235,74.439645,500,development,2,included,4,0.46900712150306206,-1.7256053538579463,-2.7979683305020613,-2.966616563252762,-0.9197137027823528,-1.407223416630723,-1.5926542288493866,2.038433806418888,0,0,0,1,False,2
Unbalanced_UR,141,70000,70500,74.484008,74.971302,500,development,2,included,4,0.3323233995357018,-2.50393094980069,-2.7730515112181555,-2.935420261023972,-1.2509418879645269,-1.4096012891244327,-2.3448184399050627,5.847612727865191,1,0,4,1,False,2
Unbalanced_UR,142,70500,71000,75.008304,75.495599,500,development,2,included,4,0.3581740814780729,-2.678132698435204,-2.7866905110485254,-2.9758759779851083,-1.071048085984254,-1.9514462713124292,-1.6343652312019659,3.3644936553522107,1,0,4,1,False,2
Unbalanced_UR,143,71000,71500,75.538419,76.025713,500,development,2,included,4,0.3469623404718557,-2.251380022222183,-2.908842653851727,-3.032792590787364,-1.0632082673942795,-2.2269000783010457,-1.7721355043615175,5.586006337637967,1,0,4,1,False,2
Unbalanced_UR,144,71500,72000,76.071038,76.558332,500,development,2,included,4,0.36975490549356166,-2.356651324404675,-2.72515168375768,-2.906885640789597,-1.0655144911611856,-1.665609360543756,-1.7741111006488808,2.2432915921254573,0,0,0,1,False,2
Unbalanced_UR,145,72000,72500,76.601721,77.089016,500,development,2,included,4,0.27099769331344714,-2.4408794793616875,-2.9040387557399616,-2.6093011164905158,-1.4102216721825351,-1.8295295134160698,-2.109694118321849,3.7212581451261455,1,0,4,1,False,2
Unbalanced_UR,146,72500,73000,77.130351,77.617645,500,development,2,included,4,0.40543953274518146,-2.5233606320071003,-2.7472127582262185,-2.7564513791023457,-0.9572391079747172,-1.6144158180745365,-1.7414395154951703,2.8247088521661357,0,0,0,1,False,2
Unbalanced_UR,147,73000,73500,77.665954,78.153248,500,development,2,included,4,0.3829462467553654,-2.192323122189352,-2.651291453620502,-2.540927185554806,-1.0562811420153757,-1.5091125297304937,-1.9596814777778202,2.3646138662964487,0,0,0,1,False,2
Unbalanced_UR,148,73500,74000,78.19475,78.682044,500,development,2,included,4,0.37366789726341487,-2.1184025282900687,-2.6739356986216642,-3.147807563020988,-1.1149960477446517,-1.5826538820355947,-1.6383299023612776,1.5950161665522429,0,0,0,1,False,2
Unbalanced_UR,149,74000,74500,78.722434,79.209728,500,development,2,included,4,0.3761359065121271,-2.225301242026696,-2.125832680305612,-2.5883777312838694,-1.2010972329020735,-1.336768963241676,-1.879131477329786,4.687183789547192,1,0,2,1,False,2
Unbalanced_UR,150,74500,75000,79.251189,79.738483,500,development,2,included,4,0.3340901539019137,-2.323981528619181,-2.466456296950638,-2.7292556915713595,-1.2280909265594733,-1.6738516756594024,-1.770077457904218,2.579702990893224,0,0,0,1,False,2
Unbalanced_UR,151,75000,75500,79.775546,80.26284,500,development,2,included,4,0.39508603134101034,-1.5747108035834518,-2.061817422812972,-2.3479102790130546,-1.1568962296179566,-1.5859387573119017,-1.7872966611301349,5.083254171617094,1,0,3,1,False,2
Unbalanced_UR,152,75500,76000,80.302713,80.790007,500,development,2,included,4,0.3508131106502671,-2.3790884089068576,-2.618017765428004,-3.0737768900401288,-1.100931619215496,-1.9126439193441196,-1.7185018456528716,2.662869220392592,0,0,0,1,False,2
Unbalanced_UR,153,76000,76500,80.835427,81.322722,500,development,2,included,4,0.44793008849179866,-2.350834876172531,-2.8230108871970736,-2.917721702213179,-0.8575662267702061,-1.733757760235862,-1.5195122996042012,2.2230060817185238,0,0,0,1,False,2
Unbalanced_UR,154,76500,77000,81.363198,81.850492,500,development,2,included,4,0.38956926507897616,-2.3682519196427045,-2.649857399360075,-2.6510375430312494,-1.0188016330744238,-1.6602709686091683,-1.7136376394502386,2.283749958818584,0,0,0,1,False,2
Unbalanced_UR,155,77000,77500,81.887762,82.375056,500,development,2,included,4,0.3430875853058818,-2.545617194299748,-2.632755668025656,-2.939508612381803,-1.1494968208292469,-1.6306201656638957,-1.9214323922120893,2.902331089653778,0,0,0,1,False,2
Unbalanced_UR,156,77500,78000,82.414775,82.902069,500,development,2,included,4,0.3755515611374606,-2.0680343655918323,-2.383505189001222,-2.5819111379448985,-1.1881647941520002,-1.3970474970404858,-1.8175729175527995,3.092931841412561,0,0,0,1,False,2
Unbalanced_UR,157,78000,78500,82.936904,83.424199,500,development,2,included,4,0.40515217066781106,-2.0463932374546805,-2.660293937297425,-3.1330608492017396,-0.9486751904970485,-1.6750147805084161,-1.9505885071780698,2.282381285782025,0,0,0,1,False,2
Unbalanced_UR,158,78500,79000,83.463375,83.950669,500,development,2,included,4,0.36245967293292414,-2.2072465602465985,-2.5282538094734703,-2.806199296918934,-1.1430620774811375,-1.439144763710421,-2.244292406280709,4.938502216275373,1,0,4,1,False,2
Unbalanced_UR,159,79000,79500,83.987698,84.474992,500,development,2,included,4,0.4486172414470295,-2.032281930711692,-2.55714772660242,-2.737828477021456,-0.868811844180633,-1.5072063836822487,-1.863518963830459,2.0185838046308375,0,0,0,1,False,2
Unbalanced_UR,160,79500,80000,84.512516,84.99981,500,development,2,included,4,0.35330642898900566,-1.9133844864808784,-2.2756505191244414,-2.3757445355495457,-1.2398388005004868,-1.5255084132333545,-1.991332595072974,3.7602421355409796,1,0,3,1,False,2
Unbalanced_UR,161,80000,80500,85.035363,85.522657,500,development,2,included,4,0.29121462316855246,-1.914609426610737,-2.654798696107494,-2.955830394652372,-1.4594414392899664,-1.677608281310152,-1.9691185119798795,4.131665387976117,1,0,4,1,False,2
Unbalanced_UR,162,80500,81000,85.560065,86.047359,500,development,2,included,4,0.3700591391165057,-1.9288289455854624,-2.3840259582487464,-2.645949139868488,-1.167444398557348,-1.538067226975363,-1.7459013664472147,3.0897097771279505,0,0,0,1,False,2
Unbalanced_UR,163,81000,81500,86.084874,86.572168,500,development,2,included,4,0.29882284679102256,-2.073849048415094,-2.298734825592424,-2.475335680484861,-1.334202021889878,-2.270843774567582,-1.840203099727358,5.994760298266866,1,0,3,1,False,2
Unbalanced_UR,164,81500,82000,86.618354,87.105649,500,development,2,included,4,0.33197153326784073,-2.430193287892337,-2.5696324087679074,-2.980280893645749,-1.1694920024419224,-2.1723542478179607,-1.666698023366975,5.078633810062669,1,0,4,1,False,2
Unbalanced_UR,165,82000,82500,87.143266,87.630561,500,development,2,included,4,0.4087687626749755,-2.088545340307312,-2.5572131698024347,-2.6857158809270127,-0.9588176523403312,-1.7467347146288101,-1.6302908404049559,2.0181788993902914,0,0,0,1,False,2
Unbalanced_UR,166,82500,83000,87.666741,88.154035,500,development,2,included,4,0.47491861521449774,-1.909014066449293,-2.3087802805008244,-2.590724078184729,-0.8585960478951864,-1.3970973591836922,-1.7313276401336464,3.555264169971796,1,0,2,1,False,2
Unbalanced_UR,167,83000,83500,88.192666,88.67996,500,development,2,included,4,0.392791932976464,-1.7457629951861195,-1.9897090259496923,-2.3402709651414835,-1.0894559943175794,-1.6549287828471448,-1.9025722086901131,5.5293978163469655,1,0,3,1,False,2
Unbalanced_UR,168,83500,84000,88.721605,89.208899,500,development,2,included,4,0.4495435051156141,-1.4395190971417113,-1.9395494380226717,-2.357255883704479,-1.02231639971112,-1.5020779400427362,-1.7505022878016057,5.839741442739599,1,0,1,1,False,2
Unbalanced_UR,169,84000,84500,89.246131,89.733425,500,development,2,included,4,0.40952658493006344,-1.6920984772307799,-1.9740407314359076,-2.4725176376485365,-1.0588137623756317,-1.6314730462531175,-1.7487024157302935,5.626339508648555,1,0,2,1,False,2
Unbalanced_UR,170,84500,85000,89.776052,90.263346,500,development,2,included,4,0.31386486986341816,-2.1017366295361395,-2.4834360169947547,-2.7317388443017014,-1.3301309036165745,-1.6265455639039603,-2.082023621690359,3.4710190931945895,1,0,4,1,False,2
Unbalanced_UR,171,85000,85500,90.302091,90.789385,500,development,2,included,4,0.46394366317572133,-2.1433623233880255,-2.555486284206787,-2.6478071655397524,-0.8791407025493263,-1.3827420002640851,-1.6880403122741607,2.2661542021036905,0,0,0,1,False,2
Unbalanced_UR,172,85500,86000,90.826683,91.313977,500,development,2,included,4,0.33911337179042367,-2.180590232848249,-2.6175806351291846,-2.809932598835806,-1.1986593080171244,-1.5533758104091229,-2.149264782879333,4.079116759485005,1,0,4,1,False,2
Unbalanced_UR,173,86000,86500,91.357507,91.844801,500,development,2,included,4,0.3644929134421064,-2.0307678051936273,-2.2261779435889553,-2.468351235245944,-1.1675868123586255,-1.5272202075811672,-1.9043205403107737,4.066335130583218,1,0,4,1,False,2
Unbalanced_UR,174,86500,87000,91.891784,92.379078,500,development,2,included,4,0.33317948751894383,-1.9583538434351553,-2.2973405257021455,-2.5842034562501377,-1.391560537463068,-1.4687183176669103,-1.8581298939873807,3.6260433596738713,1,0,2,1,False,2
Unbalanced_UR,175,87000,87500,92.424818,92.912113,500,development,2,included,4,0.39333771890687763,-1.7056867227131127,-2.030386955723781,-2.3753866691914416,-1.1177885853239227,-1.642469483878113,-1.7444097934760727,5.277718391495969,1,0,3,1,False,2
Unbalanced_UR,176,87500,88000,92.94707,93.434364,500,development,2,included,4,0.4539816612136263,-1.8157347402704436,-2.536102260687234,-2.6671048529673413,-0.8897011969670414,-1.5987122597526473,-1.609511422735983,2.148794727032036,0,0,0,1,False,2
Unbalanced_UR,177,88000,88500,93.473338,93.960632,500,development,2,included,4,0.4082766229329352,-1.9135486675859958,-2.271144163387388,-2.6450604135145306,-1.0286875506437805,-1.7050574842087771,-1.6335891752318672,3.7881235205174097,1,0,2,1,False,2
Unbalanced_UR,178,88500,89000,94.00126,94.488554,500,development,2,included,4,0.3959192111313646,-2.4135869592304724,-2.7757059599932794,-2.701230971138496,-1.0101446577866169,-1.6382421551483017,-1.7065594093478318,2.441860953819634,0,0,0,1,False,2
Unbalanced_UR,179,89000,89500,94.525084,95.012379,500,development,2,included,4,0.5015496101384724,-1.5705556252747084,-1.6068399793078045,-2.479386955065117,-0.8936769754638013,-1.4660241368293105,-1.6887533064172198,7.898256359228365,1,1,1,2,False,2
Unbalanced_UR,180,89500,90000,95.055891,95.543185,500,development,2,included,4,0.3996859942525174,-2.2891643490945675,-2.706065647637448,-2.541758009034796,-1.0492867421382468,-1.3877590817339847,-1.8815440536664039,2.219486486461823,0,0,0,1,False,2
Unbalanced_UR,181,90000,90500,95.581853,96.069147,500,development,2,included,4,0.5283106643336466,-1.3989869965898307,-1.1105102668178095,-2.359527556848282,-0.9745580808573538,-1.6600231043374314,-1.606337180578373,10.969110192490849,1,1,2,2,False,2
Unbalanced_UR,182,90500,91000,96.109029,96.596323,500,development,2,included,4,0.3970570125886961,-1.7411562750065428,-1.8657002969207512,-2.4020304251586237,-1.1201362729079192,-1.5825316771992435,-1.8143909061786518,6.296655289179017,1,0,2,1,False,2
Unbalanced_UR,183,91000,91500,96.634757,97.122052,500,development,2,included,4,0.44317988118434615,-1.4926205173302292,-1.3798361848200464,-2.46897459387495,-1.1897190686167185,-1.5111651820845795,-1.7286990251365641,9.302757147566547,1,0,2,1,False,2
Unbalanced_UR,184,91500,92000,97.160861,97.648155,500,development,2,included,4,0.48505883427074586,-1.6454259779574587,-1.734332452508513,-2.2302022976663856,-0.8897824921750621,-1.575574803575202,-1.6221939147534603,7.109444526714102,1,1,1,2,False,2
Unbalanced_UR,185,92000,92500,97.684897,98.172191,500,development,2,included,4,0.48547624594227534,-1.9313476820326747,-2.4319197014421445,-2.4735796572089366,-0.8461882302498996,-1.4076515090327864,-1.6089846875913043,2.7933852146976883,0,1,0,2,False,2
Unbalanced_UR,186,92500,93000,98.213161,98.700455,500,development,2,included,4,0.514204537012909,-1.1736252354999699,-1.2026234675453586,-1.8100896369553459,-1.1480480423979442,-1.606256904531886,-1.9034701747134795,10.399194331259848,1,1,3,2,False,2
Unbalanced_UR,187,93000,93500,98.73796,99.225254,500,development,2,included,4,0.43375158491293025,-2.231131450619208,-2.573870106686975,-2.4716518066967956,-0.9661029372689527,-1.4679377842735615,-1.7395523373816228,2.2053303528480357,0,0,0,1,False,2
Unbalanced_UR,188,93500,94000,99.260869,99.748164,500,development,2,included,4,0.43086445793063827,-1.6567555984139672,-2.1371590955591038,-2.4291473306281537,-0.9985916134031819,-1.6486744625388146,-1.6765920064333382,4.617105845746861,1,0,3,1,False,2
Unbalanced_UR,189,94000,94500,99.788065,100.275359,500,development,2,included,4,0.40655821714269774,-2.270816816226692,-2.514690213684008,-2.8376715135637482,-1.008130921505777,-1.6934820813202007,-1.6223390355168312,2.2812737323448165,0,0,0,1,False,2
Unbalanced_UR,190,94500,95000,100.312644,100.799938,500,development,2,included,4,0.4618625699781078,-2.110868341532252,-2.494753223674953,-3.0219168470005617,-0.8473487457048433,-1.6727265762089731,-1.5174758254058158,2.4046263760660143,0,0,0,1,False,2
Unbalanced_UR,191,95000,95500,100.838955,101.32625,500,development,2,included,4,0.42003087231590186,-2.3451344281570923,-2.739376579811058,-2.925874583925797,-0.9637270345331507,-1.5759869284493067,-1.638118036558348,2.2031251349747176,0,0,0,1,False,2
Unbalanced_UR,192,95500,96000,101.365627,101.852921,500,development,2,included,4,0.3233719129791239,-2.166517554759746,-2.828172297246948,-2.9513168200901276,-1.2433484707767084,-1.75696029983177,-1.8363267154134126,2.0400544359403985,0,0,0,1,False,2
Unbalanced_UR,193,96000,96500,101.894879,102.382174,500,development,2,included,4,0.3608036023241023,-2.506794496117037,-2.588227726706054,-2.800864852684282,-1.1788122198946753,-1.4314463869550957,-1.7986242771441452,2.766932609932364,0,0,0,1,False,2
Unbalanced_UR,194,96500,97000,102.423807,102.911101,500,development,2,included,4,0.36868383875824673,-2.266947955475485,-2.2869753751777817,-2.563173383532577,-1.0880294555767553,-1.6901497978380209,-1.8032764035196593,3.6901738387064498,1,0,4,1,False,2
Unbalanced_UR,195,97000,97500,102.947323,103.434617,500,development,2,included,4,0.4085116441773678,-1.6153259829119317,-2.262491669893071,-2.5039481911839627,-1.0812848316002661,-1.525935964738857,-1.7774604805774945,3.8416575769030383,1,0,3,1,False,2
Unbalanced_UR,196,97500,98000,103.47117,103.958464,500,development,2,included,4,0.34068384301406923,-2.2798465069016105,-2.837385348521121,-2.9724560931260555,-1.1812828950222534,-1.7972071367827154,-1.7080716402548584,1.9754262449964743,0,0,0,1,False,2
Unbalanced_UR,197,98000,98500,103.996253,104.483547,500,development,2,included,4,0.4239207209831189,-1.6228399463213352,-2.2589580210801667,-2.480266281942305,-1.1064891566449704,-1.33839987694829,-1.777856079408326,3.863520702824055,1,0,1,1,False,2
Unbalanced_UR,198,98500,99000,104.521578,105.008872,500,development,2,included,4,0.4321798952222632,-1.6681376983708764,-2.3111089970815284,-2.5101452234377075,-1.0228353148618066,-1.334713233318595,-1.987098757326311,3.540856110050175,1,0,3,1,False,2
Unbalanced_UR,199,99000,99500,105.043199,105.530494,500,development,2,included,4,0.4181835973718062,-1.8502657805160319,-2.3082786551932273,-2.5056460181616313,-1.1255900507887304,-1.2823187160874623,-1.8367732745094558,3.558367788312451,1,0,1,1,False,2
Unbalanced_UR,200,99500,100000,105.569038,106.056332,500,development,2,included,4,0.3878700389881914,-2.197619251354814,-2.3783466830123636,-2.7149741350204137,-1.0690001869659698,-1.6068133513494245,-1.7300873368689953,3.1248481613328867,0,0,0,1,False,2
Unbalanced_UR,201,100000,100500,106.100437,106.587731,500,development,2,included,4,0.4406268878951403,-1.4751088365718619,-2.1006813988936623,-2.4819549662332214,-1.0000200068339844,-1.6497610220888885,-1.6726549532246453,4.842797904502894,1,0,3,1,False,2
Unbalanced_UR,202,100500,101000,106.625677,107.112972,500,development,2,included,4,0.36346535367499844,-2.214784302856141,-2.907612194202255,-2.8670669174236503,-1.1775179892830523,-1.4283600760590112,-1.8121620064201578,1.8418255556387582,0,0,0,1,False,2
Unbalanced_UR,203,101000,101500,107.15285,107.640144,500,development,2,included,4,0.3283282292050377,-2.173556096206486,-2.5088182818412257,-3.211106731679686,-1.354903689841211,-1.4303130784088467,-1.9249269079132227,3.1198217210926775,0,0,0,1,False,2
Unbalanced_UR,204,101500,102000,107.681336,108.16863,500,development,2,included,4,0.44038193392162067,-1.8853271926624269,-2.4514913715958273,-3.140959254118328,-0.8780948525908039,-1.698890159212586,-1.7096899047329643,2.6722928504842582,0,0,0,1,False,2
Unbalanced_UR,205,102000,102500,108.203943,108.691237,500,development,2,included,4,0.41299562771566384,-1.3234974102502528,-1.7092945872201588,-2.471086989193227,-1.2742293679745231,-1.500048952202885,-1.9109251128564229,7.264356921967897,1,0,3,1,False,2
Unbalanced_UR,206,102500,103000,108.729567,109.216861,500,development,2,included,4,0.3927275260370784,-1.6635120432488266,-2.1062302261281665,-2.282294022783218,-1.1594445425311697,-1.519726146898084,-1.8301944387781484,4.808466618355015,1,0,3,1,False,2
Unbalanced_UR,207,103000,103500,109.254481,109.741775,500,development,2,included,4,0.35794040070497896,-2.092835891530748,-2.4876664739539693,-2.8901144940068884,-1.1828178051671294,-1.5149470131174965,-1.8759380875687566,2.448472980446954,0,0,0,1,False,2
Unbalanced_UR,208,103500,104000,109.779162,110.266456,500,development,2,included,4,0.4487605885323517,-2.020795880640569,-2.1182565939812505,-2.48645414815593,-0.8872827912282995,-1.747340209198708,-1.5677859424584155,4.734057980523137,1,0,2,1,False,2
Unbalanced_UR,209,104000,104500,110.302069,110.789364,500,development,2,included,4,0.3728957283985358,-1.8890048382244553,-2.218147028672231,-2.4084045141125783,-1.2455612801996274,-1.428230992589706,-1.9058557256412914,4.116023402786194,1,0,3,1,False,2
Unbalanced_UR,210,104500,105000,110.827353,111.314647,500,development,2,included,4,0.3879476977709672,-1.9382666743039945,-2.2832929852560886,-2.457254609553704,-1.3699966616203896,-1.1339446477726853,-2.1358477730288814,4.58040884759395,1,0,4,1,False,2
Unbalanced_UR,211,105000,105500,111.3516,111.838895,500,development,2,included,4,0.41201363792342466,-2.1867561350440567,-2.3217877477451454,-2.923950778735706,-0.9916843921913503,-1.4884361805282336,-1.6912725621570104,3.4747853478439255,1,0,2,1,False,2
Unbalanced_UR,212,105500,106000,111.880181,112.367475,500,development,2,included,4,0.37594165761368437,-1.787847681962379,-2.0994041066097386,-2.5018514100008957,-1.1167880742904026,-1.686517809433275,-1.9447203863283087,4.850700671167025,1,0,3,1,False,2
Unbalanced_UR,213,106000,106500,112.404995,112.892289,500,development,2,included,4,0.3347638202176346,-1.9198326718849272,-2.4508201622929198,-2.6685435928421137,-1.3248229012300554,-1.5361352891623685,-1.8619373323597819,2.828663210300577,0,0,0,1,False,2
Unbalanced_UR,214,106500,107000,112.929446,113.41674,500,development,2,included,4,0.3922438016759539,-1.4281522921400773,-2.031915631068384,-2.394025067998742,-1.1779471753453432,-1.6922821977909017,-1.954985619316849,5.268260286482999,1,0,3,1,False,2
Unbalanced_UR,215,107000,107500,113.456542,113.943836,500,development,2,included,4,0.46785619426964564,-1.5806712530802098,-2.7855129811238677,-2.66263215058167,-0.9591012988119093,-1.2086248039596923,-1.9023810764663436,3.885751542558145,1,0,1,1,False,2
Unbalanced_UR,216,107500,108000,113.982584,114.469879,500,development,2,included,4,0.39686254713532265,-1.783971069217006,-2.6322707276099897,-2.685810080342622,-1.1083788929364744,-1.3804014773735434,-1.8935288967497959,2.2879251973255945,0,0,0,1,False,2
Unbalanced_UR,217,108000,108500,114.512122,114.999416,500,development,2,included,4,0.3524870456518454,-1.7565614747290028,-2.2090183007852264,-2.431984167329101,-1.3514859542628685,-1.4055584656277396,-2.0153102468196016,4.1725039807551845,1,0,3,1,False,2
Unbalanced_UR,218,108500,109000,115.036954,115.524248,500,development,2,included,4,0.3785527418704682,-1.7767560652475622,-2.4573532258256954,-2.6970800429233344,-1.1001838515060507,-1.7999280167230436,-1.728567204390826,2.636024827275434,0,0,0,1,False,2
Unbalanced_UR,219,109000,109500,115.563391,116.050686,500,development,2,included,4,0.37324705654782037,-1.7039831074804588,-2.5309633700572762,-2.603926397681176,-1.1040884609724173,-1.6255734119618919,-2.141633530886902,4.010103279565621,1,0,3,1,False,2
Unbalanced_UR,220,109500,110000,116.086643,116.573937,500,development,2,included,4,0.29657831590670347,-1.9104526092100753,-2.672585664903555,-2.527094149157134,-1.405350475206833,-1.7866045318503465,-2.0659674929557315,3.608107154402631,1,0,3,1,False,2
Unbalanced_UR,221,110000,110500,116.609038,117.096332,500,development,2,included,4,0.4073707414929691,-2.423189886657953,-2.657860519496217,-2.8030435362009953,-0.9602897957938078,-1.7289164783143196,-1.62023540149996,2.475352231742584,0,0,0,1,False,2
Unbalanced_UR,222,110500,111000,117.132665,117.619959,500,development,2,included,4,0.32478497511237603,-2.3997586203832624,-2.6650798288685573,-2.958534921147456,-1.178768382572334,-2.160979003623657,-1.7390689088674187,4.97282395534903,1,0,4,1,False,2
Unbalanced_UR,223,111000,111500,117.657414,118.144708,500,development,2,included,4,0.389683780113913,-2.3728590848955395,-2.7986254770954373,-2.636529634876382,-1.037784474189812,-1.4880338740624748,-1.7940809857667246,2.2998179602780233,0,0,0,1,False,2
Unbalanced_UR,224,111500,112000,118.185115,118.67241,500,development,2,included,4,0.4135104328588114,-2.330669533909754,-2.588131618088699,-2.7473788827915118,-0.944014335130726,-1.7196221006172174,-1.5935071748639786,2.1526772067755173,0,0,0,1,False,2
Unbalanced_UR,225,112000,112500,118.707654,119.194948,500,development,2,included,4,0.4053314101208058,-2.309127633126665,-2.906432435252585,-2.934628966495944,-0.9737176512862288,-1.5066213974122158,-1.7950222983319082,2.0775474308229867,0,0,0,1,False,2
Unbalanced_UR,226,112500,113000,119.231716,119.71901,500,development,2,included,4,0.31248814331728014,-2.2954092839432128,-2.8318805893104715,-2.762878839993418,-1.2415691866323857,-2.071862927758061,-1.7983641805218011,4.14388710978132,1,0,4,1,False,2
Unbalanced_UR,227,113000,113500,119.75738,120.244675,500,development,2,included,4,0.3984928870429251,-2.539882256031287,-3.0326469958143085,-3.0065581936013,-1.0541691743253299,-1.3707818231305207,-1.8001524755650073,2.882329854314819,0,0,0,1,False,2
Unbalanced_UR,228,113500,114000,120.286602,120.773896,500,development,2,included,4,0.4799936903467541,-2.1378003129387046,-2.9704799036308422,-2.7649090379812638,-0.7960320417242593,-1.8260657010975678,-1.4505228791527667,2.2896187990043484,0,0,0,1,False,2
Unbalanced_UR,229,114000,114500,120.817129,121.304423,500,development,2,included,4,0.3712378777059225,-2.6835506795296586,-2.950258563274255,-2.859641150179388,-1.1471202983496678,-1.3820263838148763,-1.9400219892847848,3.3833894672789357,1,0,4,1,False,2
Unbalanced_UR,230,114500,115000,121.341331,121.828626,500,development,2,included,4,0.44193547675799644,-2.514763661584491,-2.8001403372874143,-3.077217447364427,-0.9221963711979151,-1.5430269558449872,-1.5572870087042059,2.794725961230708,0,0,0,1,False,2
Unbalanced_UR,231,115000,115500,121.867107,122.354401,500,development,2,included,4,0.3956370081885447,-2.4429111776757915,-2.898029951434054,-3.0498290391626575,-1.0005926615570513,-1.6436663423112567,-1.703958898606363,2.5441324285591986,0,0,0,1,False,2
Unbalanced_UR,232,115500,116000,122.39174,122.879034,500,development,2,included,4,0.3347858306083332,-2.287971809845252,-2.8161219251028227,-3.037544737133573,-1.2676056281970838,-1.4572648316166912,-2.121138172213823,3.824752825193513,1,0,4,1,False,2
Unbalanced_UR,233,116000,116500,122.922938,123.410233,500,development,2,included,4,0.4034406078977262,-2.04933760843708,-2.4416613782474546,-2.661006662170596,-1.082341485383771,-1.33646869926297,-1.8489729863845445,2.7331122453243437,0,0,0,1,False,2
Unbalanced_UR,234,116500,117000,123.447557,123.934852,500,development,2,included,4,0.3121798257301605,-2.291617743927393,-2.577907832406963,-2.716891821915314,-1.3090515851296403,-1.674653990450732,-1.9837198414251733,2.676009203506174,0,0,0,1,False,2
Unbalanced_UR,235,117000,117500,123.988056,124.47535,500,development,2,included,4,0.4369866786396825,-1.8057152671444838,-2.741731336620874,-2.4904627490062934,-0.9461470590936336,-1.736525570738942,-1.5620752319856688,2.0996030874008373,0,0,0,1,False,2
Unbalanced_UR,236,117500,118000,124.512085,124.999379,500,development,2,included,4,0.4055981774906379,-2.19751929892827,-2.5669623834079482,-3.0236361300197925,-0.9899833675701465,-1.7680993517006554,-1.5446468603424404,1.9578592988941002,0,0,0,1,False,2
Unbalanced_UR,237,118000,118500,125.036031,125.523325,500,development,2,included,4,0.3965604912763786,-2.1850011100961217,-2.911539826948244,-2.820586138133991,-0.9778515692478834,-1.6738204712517735,-1.7620763618559598,1.6446423701715038,0,0,0,1,False,2
Unbalanced_UR,238,118500,119000,125.564383,126.051677,500,development,2,included,4,0.33575313713511906,-2.1637701730598065,-2.701386687305553,-2.6540185186946923,-1.2253704195618766,-1.696553524509817,-1.7664349028440909,1.8660409588896905,0,0,0,1,False,2
Unbalanced_UR,239,119000,119500,126.097553,126.584847,500,development,2,included,4,0.38971490509165657,-2.4617956678511796,-2.8701153165252764,-3.172678557396368,-1.019454346829038,-1.4904016776996256,-1.8004486676640135,2.6099941893267755,0,0,0,1,False,2
Unbalanced_UR,240,119500,120000,126.620187,127.107481,500,development,2,included,4,0.427693937093253,-2.0989246120740908,-2.755856078964068,-2.7758836581765944,-0.9057895997591602,-2.245864349243079,-1.4759450379942594,5.76240754000789,1,0,4,1,False,2
Unbalanced_UR,241,120000,120500,127.156387,127.643681,500,development,2,included,4,0.39294591314309263,-2.3382351243640054,-2.7511822662504204,-2.6766673529470792,-0.9857704034082373,-2.1622338228459683,-1.568098825812872,4.9844959895785115,1,0,4,1,False,2
Unbalanced_UR,242,120500,121000,127.681503,128.168798,500,development,2,included,4,0.38759176568047715,-2.3689914673588843,-2.960313664429187,-2.979556109227616,-1.0255610424569548,-1.5648008702634868,-1.7794885715170974,2.2863292137683797,0,0,0,1,False,2
Unbalanced_UR,243,121000,121500,128.20674,128.694035,500,development,2,included,4,0.441573609242793,-2.453092555097754,-2.7151766166164073,-2.8766432132181956,-0.8617539772413956,-1.6418565156255192,-1.6785626223307777,2.579641115202147,0,0,0,1,False,2
Unbalanced_UR,244,121500,122000,128.733702,129.220996,500,development,2,included,4,0.3482063986030224,-2.2128807804109982,-2.6009853779172394,-2.9864417828358665,-1.2672639511463553,-1.359520343738193,-2.0755701718241792,3.412657105778618,1,0,4,1,False,2
Unbalanced_UR,245,122000,122500,129.26382,129.751115,500,development,2,included,4,0.43289173104643713,-2.3413217334322045,-2.729629217085579,-2.859023814343881,-0.9212875650944575,-1.499168612281286,-1.6286755067699168,2.189827937882385,0,0,0,1,False,2
Healthy,247,122999,123499,130.406252,130.893546,500,development,3,included,0,0.34936575899460337,-1.3825887612578147,-2.953766363840167,-3.092629222979162,-1.3826142323198496,-1.7694335569739414,-2.159342400777811,4.1033871148524845,1,0,4,1,False,3
Healthy,248,123499,123999,130.93085,131.41814399999998,500,development,3,included,0,0.4221199671889313,-1.2549212653023782,-3.0052925036889286,-2.812049931732507,-1.1175617264750741,-2.1432632217937733,-1.6418142380163807,4.6932862530729045,1,0,3,1,False,3
Healthy,249,123999,124499,131.500327,131.987621,500,development,3,included,0,0.36219728365050813,-2.033140237793982,-3.13017353012862,-2.6786299600227976,-1.1231628908706863,-1.7299085265880378,-1.7217792597403863,1.577330620034581,0,0,0,1,False,3
Healthy,250,124499,124999,132.022929,132.510224,500,development,3,included,0,0.3864374168409343,-1.9065242040939454,-3.1134630903160367,-2.896197992403738,-1.0647945510573908,-1.6761619701500963,-1.7639650498461286,1.470270856136519,0,0,0,1,False,3
Healthy,251,124999,125499,132.554518,133.041813,500,development,3,included,0,0.4212272781733629,-1.8415161934435533,-2.95523674649957,-2.8410398642922123,-0.962877596673628,-1.615872642074657,-1.6565306596308742,0.7392848385169448,0,0,0,1,False,3
Healthy,252,125499,125999,133.086086,133.57338,500,development,3,included,0,0.4279580413987078,-1.9991849753668813,-2.9016901016841805,-2.959230424444096,-0.9430949201091247,-1.603731916562322,-1.6283954705416126,0.9890266841364046,0,0,0,1,False,3
Healthy,253,125999,126499,133.624644,134.111939,500,development,3,included,0,0.4343546526413076,-2.0699639651994395,-2.960857235922287,-2.852755909048881,-0.9095322543986974,-1.5786474407141955,-1.6493294873280107,1.2308831138447056,0,0,0,1,False,3
Healthy,254,126499,126999,134.153238,134.640532,500,development,3,included,0,0.410598423267343,-1.8840011762013853,-2.7318565428412,-3.2027179779190766,-0.9834986927004048,-1.6350853542686994,-1.6499737499764366,1.9870142658733752,0,0,0,1,False,3
Healthy,255,126999,127499,134.68580799999998,135.173102,500,development,3,included,0,0.39003737109427394,-1.8998486739114726,-2.981301138978389,-3.0240156270792142,-1.0611991280075903,-1.5973217956882326,-1.7443799033367016,0.9602327307553274,0,0,0,1,False,3
Healthy,256,127499,127999,135.240324,135.727619,500,development,3,included,0,0.41824255628462126,-1.7136620444450876,-2.8808998844549216,-2.902493376119367,-1.0039894627395989,-1.5873033778574002,-1.6810607719419832,0.36171101366791836,0,0,0,1,False,3
Healthy,257,127999,128499,135.76691499999998,136.25421,500,development,3,included,0,0.4092173050668248,-1.31932246460098,-2.64738949034691,-2.8826234808759508,-1.1735605250250813,-1.5915292246943846,-1.8065761092398887,1.5157504653513774,0,0,0,1,False,3
Healthy,258,128499,128999,136.295502,136.782797,500,development,3,included,0,0.4056429573320191,-1.4795572133027854,-2.6492922514482093,-2.6634346471145425,-1.1170079624068292,-1.6707463673932645,-1.7425199296607086,1.5035599331724394,0,0,0,1,False,3
Healthy,259,128999,129499,136.840046,137.32734,500,development,3,included,0,0.4345359395175756,-1.5133528110602965,-3.0785952833277337,-2.950248296113649,-0.9740360094485914,-1.6435403508863515,-1.6608774965968904,1.246881213154178,0,0,0,1,False,3
Healthy,260,129499,129999,137.37162899999998,137.858923,500,development,3,included,0,0.41122978009605127,-1.379654157387036,-2.7835671353752414,-2.8863182771394578,-1.1070819871736701,-1.633520578485438,-1.7747689221220546,1.1279505726079955,0,0,0,1,False,3
Healthy,261,129999,130499,137.903204,138.390498,500,development,3,included,0,0.39631016944545605,-1.7418011971609528,-3.001843563371342,-2.938000048111511,-1.0682095871773978,-1.5739452354617036,-1.7169039202891714,0.755151425700362,0,0,0,1,False,3
Healthy,262,130499,130999,138.435778,138.923073,500,development,3,included,0,0.3935611314438431,-1.825592041629607,-3.108034715985582,-2.846652927831129,-1.0875554822014255,-1.5452271450935657,-1.7360912281292757,1.4354925689886748,0,0,0,1,False,3
Healthy,263,130999,131499,138.992292,139.47958599999998,500,development,3,included,0,0.4036120195509605,-1.6448136310508477,-3.1540788715574712,-3.1262190896998168,-1.0430494017206118,-1.6826437041419695,-1.679052171521925,1.7304863860095805,0,0,0,1,False,3
Healthy,264,131499,131999,139.52087799999998,140.008172,500,development,3,included,0,0.41566888779066713,-1.9668254643375938,-2.976335474935749,-2.498584677313986,-0.999897597445438,-1.4774695343802229,-1.7742896982825536,2.0587695076759434,0,0,0,1,False,3
Healthy,265,131999,132499,140.066417,140.553711,500,development,3,included,0,0.4056474371639966,-1.6269311574713945,-2.6049077298607495,-2.7512774785076393,-1.0579989599289341,-1.6106157909043533,-1.7319980452855415,1.787920874905621,0,0,0,1,False,3
Healthy,266,132499,132999,140.59999,141.08728399999998,500,development,3,included,0,0.3671230939866059,-1.9241824539742443,-2.9946427651162675,-2.5524049960078727,-1.1451311186608253,-1.643911748159612,-1.7990647013486798,1.7495306577708718,0,0,0,1,False,3
Healthy,267,132999,133499,141.159495,141.64678999999998,500,development,3,included,0,0.40843097899131514,-1.5234971565827153,-2.7703969999306195,-2.988417043415329,-1.0852865592198624,-1.547215367473242,-1.8097693403441903,0.925119191426763,0,0,0,1,False,3
Healthy,268,133499,133999,141.69805399999998,142.185349,500,development,3,included,0,0.42152021725562067,-1.4765671969958083,-2.9486604508539513,-2.762569241909053,-1.0438747895037803,-1.5694763936190899,-1.76431423115833,0.7967923884151075,0,0,0,1,False,3
Healthy,269,133999,134499,142.228635,142.715929,500,development,3,included,0,0.43519306484537035,-1.5755584575241046,-2.6837701049196454,-2.772680247217661,-0.9793515428102156,-1.6608844811103385,-1.6040289586952985,1.2826686284693556,0,0,0,1,False,3
Healthy,270,134499,134999,142.754265,143.24156,500,development,3,included,0,0.4689773225016378,-1.1784898749431267,-2.756996030632409,-2.6563278016646716,-0.9998447290686524,-1.611831608558805,-1.7658091583832556,1.8153420605596358,0,0,0,1,False,3
Healthy,271,134999,135499,143.282815,143.770109,500,development,3,included,0,0.4017969957179629,-1.5294312525145546,-3.078494275351289,-2.8566467574507297,-1.0866618101099013,-1.5904589202555564,-1.7799951540661196,1.2462340793724656,0,0,0,1,False,3
Healthy,272,135499,135999,143.810441,144.297736,500,development,3,included,0,0.4230785615794467,-1.5278985107006973,-2.7240481993230317,-2.8415435860975693,-1.0093860284665737,-1.6421901786459832,-1.698039228007025,1.024616576850511,0,0,0,1,False,3
Healthy,273,135999,136499,144.34297899999999,144.830274,500,development,3,included,0,0.4005118821938791,-1.5938720513316231,-3.0226903087278467,-2.8809543967267217,-1.0712510150222532,-1.6943424579396986,-1.6776755126281626,0.8887115031694037,0,0,0,1,False,3
Healthy,274,136499,136999,144.878548,145.365842,500,development,3,included,0,0.39736425125675906,-1.6214118811989504,-2.9831760953001503,-2.923489080882171,-1.0720259982983271,-1.7769435886629164,-1.6794130184526068,1.3707579204018527,0,0,0,1,False,3
Healthy,275,136999,137499,145.40816999999998,145.895464,500,development,3,included,0,0.4560519139378007,-1.4216960459882313,-2.8961427781709577,-2.689478293820592,-0.9445465254511538,-1.6833940597299808,-1.5920615278143628,1.0542488879796883,0,0,0,1,False,3
Healthy,276,137499,137999,145.939712,146.427006,500,development,3,included,0,0.4431714120146036,-1.5425533112266931,-2.8765648317446892,-2.944017504148918,-0.9613212425743428,-1.5915043237265716,-1.634150187367749,0.7535784871959812,0,0,0,1,False,3
Healthy,277,137999,138499,146.473314,146.960608,500,development,3,included,0,0.41169008580079003,-1.6668018098131272,-2.7691385003536397,-2.8838652524144166,-1.0363683964753485,-1.6475518590985354,-1.648741516045962,0.7357338761812989,0,0,0,1,False,3
Healthy,278,138499,138999,146.996883,147.484177,500,development,3,included,0,0.42126972082494,-1.6198667395249025,-2.750587747204305,-2.8631410412103757,-1.005470882600067,-1.7115716253986442,-1.6325716348214767,0.854584084468663,0,0,0,1,False,3
Healthy,279,138999,139499,147.53946299999998,148.026757,500,development,3,included,0,0.40322292830969225,-1.7663140241441742,-2.988087393747406,-2.561957032599735,-1.041406548126096,-1.6727485771521482,-1.661041374068212,1.6946469097440482,0,0,0,1,False,3
Healthy,280,139499,139999,148.080018,148.567312,500,development,3,included,0,0.46408880038660316,-1.1789003887940115,-2.6359446452863384,-2.5457158079417677,-1.0319554991508242,-1.6077235436836266,-1.6931811607477671,1.81393930792703,0,0,0,1,False,3
Healthy,281,139999,140499,148.613557,149.100852,500,development,3,included,0,0.4276668111906867,-1.5777529160829882,-2.8243232225568486,-2.8055720449300887,-1.0038932124392042,-1.6934819053728434,-1.5906906240739482,1.0667129473636106,0,0,0,1,False,3
Healthy,282,140499,140999,149.158133,149.64542799999998,500,development,3,included,0,0.4057016401047958,-1.4951937766066252,-2.734166351548193,-3.068816026407632,-1.0662753192505605,-1.7174444241887268,-1.7148835543188166,1.2176452526395853,0,0,0,1,False,3
Healthy,283,140999,141499,149.688683,150.175977,500,development,3,included,0,0.38615434142805527,-1.586729924979529,-2.912813307684748,-2.8082551648915666,-1.1537914047088393,-1.5455992334625206,-1.810176101272218,1.0140789373008847,0,0,0,1,False,3
Healthy,284,141499,141999,150.223252,150.710546,500,development,3,included,0,0.4100365157195957,-1.3887219389445227,-2.8842078416794314,-2.461535257317829,-1.1144926036890237,-1.6517799864067393,-1.7677034913694771,2.2716467315070785,0,0,0,1,False,3
Healthy,285,141999,142499,150.755829,151.243124,500,development,3,included,0,0.46792804993749687,-1.7365418788446048,-2.8332733368982774,-2.9838355182199714,-0.8697894554106845,-1.4316470123077136,-1.682494107428615,1.7610907558733009,0,0,0,1,False,3
Healthy,286,142499,142999,151.280425,151.76772,500,development,3,included,0,0.48399884858087566,-1.7795952487996836,-2.929913040025032,-3.168685603067788,-0.8348056728414655,-1.3610907535539578,-1.6792178090070533,2.4010378063577122,0,0,0,1,False,3
Healthy,287,142999,143499,151.808014,152.295309,500,development,3,included,0,0.3849173415559199,-1.944516718689191,-2.80841455071141,-3.0018966002417686,-1.141951081125928,-1.3340278560408372,-2.09998117870332,3.5636834323642526,1,0,4,1,False,3
Healthy,288,143499,143999,152.33759999999998,152.824894,500,development,3,included,0,0.3964575027000767,-1.3717068432878203,-2.5228179271508946,-2.5861698609284085,-1.194912515319816,-1.6754215604446743,-1.7539937942889057,2.3138504731162874,0,0,0,1,False,3
Healthy,289,143999,144499,152.882173,153.369467,500,development,3,included,0,0.43933528601204425,-1.3675689499526316,-2.8074116122475297,-2.4781572432351893,-1.0208213282972274,-1.7104943553708998,-1.6818409241834356,2.1761407231265175,0,0,0,1,False,3
Healthy,290,144499,144999,153.407749,153.895043,500,development,3,included,0,0.416686058431884,-1.8632608796951837,-2.945499538694384,-2.6913207376972035,-0.9694213040277401,-1.698469602319532,-1.6370719849036963,0.9513535894028605,0,0,0,1,False,3
Healthy,291,144999,145499,153.941317,154.428612,500,development,3,included,0,0.3930428165445532,-1.701987335012966,-2.822825795622069,-3.085418013040767,-1.124166212702877,-1.5261542333303557,-1.758269254341095,1.3130363498527116,0,0,0,1,False,3
Healthy,292,145499,145999,154.47189,154.959185,500,development,3,included,0,0.4333638868769002,-1.882438261603377,-2.85707288758181,-3.0905806445272375,-0.9307685214594746,-1.6237468063480793,-1.6181981513101655,1.342699612020299,0,0,0,1,False,3
Healthy,293,145999,146499,154.99947799999998,155.486772,500,development,3,included,0,0.36373805507164586,-2.0509368156357026,-3.1589207498037672,-3.1085634539096656,-1.1470041519012049,-1.5610128697316832,-1.8055507346008257,1.7615071339782404,0,0,0,1,False,3
Healthy,294,146499,146999,155.531071,156.018365,500,development,3,included,0,0.42847226609808425,-1.3346562669512516,-2.799529244439033,-2.86459619644043,-1.0836696738753526,-1.7115351082050503,-1.7029642503143398,1.281711302323835,0,0,0,1,False,3
Healthy,295,146999,147499,156.05968,156.546974,500,development,3,included,0,0.41894062235650603,-2.397090569240724,-2.950890161717517,-3.102251796179,-0.9370966023093151,-1.6756315564591746,-1.594771598247955,2.3486960792910168,0,0,0,1,False,3
Healthy,296,147499,147999,156.590225,157.077519,500,development,3,included,0,0.4053586565471635,-2.1000306575126806,-2.8775258436662985,-2.848562801448562,-0.988051133586177,-1.7393978721454844,-1.6065174588151694,1.3336229646566693,0,0,0,1,False,3
Healthy,297,147999,148499,157.11881,157.606104,500,development,3,included,0,0.4317795073243787,-1.478119327129839,-2.7423341003949595,-2.6906104508841833,-1.0304384404947682,-1.6103976998980094,-1.6519582449929102,0.9554347298065508,0,0,0,1,False,3
Healthy,298,148499,148999,157.650389,158.137684,500,development,3,included,0,0.4488826541459767,-1.4801441631654064,-2.7295322361027554,-2.5007778305960824,-0.9621592492915897,-1.6485027337909741,-1.674169462890732,2.0461681664895695,0,0,0,1,False,3
Healthy,299,148999,149499,158.17399,158.661284,500,development,3,included,0,0.382966798444168,-1.9127858832039637,-2.8409128661143583,-2.683837393064613,-1.0925740817281526,-1.663701003078478,-1.7721647586829952,0.9943511216320492,0,0,0,1,False,3
Healthy,300,149499,149999,158.699583,159.186878,500,development,3,included,0,0.3921424415691286,-1.6633933342158154,-2.8487367052095927,-2.924809315452358,-1.1067881198717113,-1.6372856782657699,-1.7620971655531048,0.5823979718116433,0,0,0,1,False,3
Healthy,301,149999,150499,159.231177,159.718471,500,development,3,included,0,0.41980260618052095,-1.8783942822562023,-2.7253595448984105,-2.897731851975847,-0.980868371441754,-1.6077834018842632,-1.6870356807075122,1.0162151015294902,0,0,0,1,False,3
Healthy,302,150499,150999,159.755768,160.24306199999998,500,development,3,included,0,0.3858758239539514,-1.427187859864321,-2.6660343296079527,-2.413744329251909,-1.247955733949592,-1.588677281414491,-1.837022938855636,2.546242125768088,0,0,0,1,False,3
Healthy,303,150999,151499,160.28038999999998,160.767684,500,development,3,included,0,0.387835714671839,-1.3199850039168881,-2.4878907821136322,-2.9257060926651124,-1.3101689976296886,-1.5544555480104578,-1.8902755586899778,2.5376202806893278,0,0,0,1,False,3
Healthy,304,151499,151999,160.806949,161.294243,500,development,3,included,0,0.3886784283305581,-1.6139275219166986,-3.029405043425631,-2.8951568181298697,-1.1421343990046642,-1.572724852119991,-1.799386951430328,0.9317311914268962,0,0,0,1,False,3
Healthy,305,151999,152499,161.333539,161.820833,500,development,3,included,0,0.4158274482381811,-1.40620624090467,-2.8136134318926116,-2.9133112819618034,-1.0867563292518798,-1.6227879843808024,-1.735237178625902,1.0372203695338398,0,0,0,1,False,3
Healthy,306,152499,152999,161.86313099999998,162.350426,500,development,3,included,0,0.4853502776082031,-1.0477595105567024,-2.4671220238282703,-2.77303361201125,-1.0408330193944737,-1.614420092039173,-1.695145316656242,2.6706807137733453,0,0,0,1,False,3
Healthy,307,152999,153499,162.38871699999999,162.876011,500,development,3,included,0,0.39410779363511445,-1.6096517447901648,-2.736258606174924,-2.7506063097074356,-1.1075755646234975,-1.5640971821301517,-1.795045039327149,0.9463874404947783,0,0,0,1,False,3
Healthy,308,153499,153999,162.919297,163.406591,500,development,3,included,0,0.40313684675719635,-1.4367463488299965,-2.6559169181503943,-2.499418505198279,-1.1355774036880053,-1.5911322434490407,-1.787416067139086,2.0539785294317565,0,0,0,1,False,3
Healthy,309,153999,154499,163.444898,163.932192,500,development,3,included,0,0.42725972016898645,-1.318312350270984,-2.7157073222334454,-2.9529954969484136,-1.0683430423324392,-1.6274693960903572,-1.7137413549797553,1.3375595327816419,0,0,0,1,False,3
Healthy,310,154499,154999,163.972481,164.459775,500,development,3,included,0,0.39417194236931546,-1.5921301286878295,-2.918574225808034,-2.688952051894063,-1.0820085775620223,-1.6511867576179722,-1.796634838541658,0.9649634990304095,0,0,0,1,False,3
Healthy,311,154999,155499,164.50805,164.995345,500,development,3,included,0,0.38489346820077786,-1.5191161456096431,-3.074594029129942,-2.87238236574956,-1.1948061057468817,-1.5612225266795297,-1.8623615857091151,1.4032803124723465,0,0,0,1,False,3
Healthy,312,155499,155999,165.038629,165.525923,500,development,3,included,0,0.4238782741807737,-1.2893804127641262,-2.8249374309317417,-2.6881970156328596,-1.1640498779804858,-1.4791053238448084,-1.8122711279015078,1.4364218523273995,0,0,0,1,False,3
Healthy,313,155999,156499,165.569246,166.05653999999998,500,development,3,included,0,0.413094191370949,-1.2175618725145079,-2.532550386362854,-2.7141122235970174,-1.2333056227021872,-1.6299966663084728,-1.8533489002531571,2.2514969505839093,0,0,0,1,False,3
Healthy,314,156499,156999,166.106773,166.594067,500,development,3,included,0,0.4203357729081099,-1.4447437566895713,-2.7722868615603637,-2.9021445889719355,-1.1136736874525766,-1.4663537495111327,-1.7843464488857286,1.4462997720885582,0,0,0,1,False,3
Healthy,315,156999,157499,166.63436199999998,167.121657,500,development,3,included,0,0.3686785155984771,-1.7846791392853565,-2.9219048896927213,-2.8644817719184426,-1.172661665053356,-1.6200905449174816,-1.8095108544310379,1.1873845314265055,0,0,0,1,False,3
Healthy,316,157499,157999,167.164943,167.65223699999999,500,development,3,included,0,0.4352054254046842,-1.3320781091080502,-3.05095590091463,-2.906250610412648,-1.0882124411974363,-1.5227914723803349,-1.7504166205643157,1.2905210360125503,0,0,0,1,False,3
Healthy,317,157999,158499,167.68954,168.17683399999999,500,development,3,included,0,0.4271489614565196,-1.5724684894210808,-2.8159059826421577,-3.1476097957002205,-1.0085075466284117,-1.6969254334599122,-1.6238673434882787,1.6703756560827967,0,0,0,1,False,3
Healthy,318,158499,158999,168.21812599999998,168.705421,500,development,3,included,0,0.43269122197719606,-1.5463366192274897,-2.96273077563934,-2.8508847810384497,-1.0339692166342846,-1.4983042897604588,-1.738212033738144,1.156507564351193,0,0,0,1,False,3
Healthy,319,158999,159499,168.748707,169.236001,500,development,3,included,0,0.4050510591485331,-1.6361991208666398,-2.902576419160124,-2.6876635890704583,-1.0895990070235608,-1.627865058801367,-1.710237035769327,0.9723667023444426,0,0,0,1,False,3
Healthy,320,159499,159999,169.273304,169.76059899999998,500,development,3,included,0,0.4613821338766734,-1.6964075990589451,-3.126021634082633,-3.0192161678543528,-0.9053033822916948,-1.5013151662639423,-1.586471724594778,1.5507304218711557,0,0,0,1,False,3
Healthy,321,159999,160499,169.797901,170.28519599999998,500,development,3,included,0,0.3992060503399139,-1.7132061835924661,-2.8974496438701807,-2.901649852812279,-1.0566520722832704,-1.6825456643490244,-1.6679268998186778,0.5145663605948334,0,0,0,1,False,3
Healthy,322,160499,160999,170.329512,170.81680699999998,500,development,3,included,0,0.3230495895918911,-2.200142016085126,-3.0669871145097782,-2.8966157430380903,-1.2697819323094637,-1.599994361940614,-1.9707102155972458,2.3883704521227407,0,0,0,1,False,3
Healthy,323,160999,161499,170.85308,171.340374,500,development,3,included,0,0.41927319585171413,-1.9028930273903,-2.9189875931015217,-3.066746453698091,-0.9816054313283662,-1.5208827194588697,-1.6709482968095664,1.2057539762587537,0,0,0,1,False,3
Healthy,324,161499,161999,171.378674,171.86596799999998,500,development,3,included,0,0.45381197759012126,-1.2627557391274473,-2.6937245656867597,-2.769523944973602,-1.0322658186404163,-1.4905409626640957,-1.7480757598772658,1.5274001005780378,0,0,0,1,False,3
Healthy,325,161999,162499,171.902274,172.389569,500,development,3,included,0,0.4026706623123772,-1.8892519870739128,-2.9857665362574743,-2.99798054765858,-1.004264994380559,-1.6154971399918907,-1.7139125020123327,0.8106413085451384,0,0,0,1,False,3
Healthy,326,162499,162999,172.428905,172.916199,500,development,3,included,0,0.4345944516783565,-1.5629100828943894,-3.037563733367205,-3.0610538743827855,-0.9720132161033718,-1.5889176701911338,-1.6625172343603842,1.173045758931561,0,0,0,1,False,3
Healthy,327,162999,163499,172.967424,173.45471899999998,500,development,3,included,0,0.3948811000783101,-1.571954590748354,-2.9881062823107083,-2.885488232383259,-1.094364599776234,-1.6758011716664565,-1.719910686505227,0.6671399739703315,0,0,0,1,False,3
Healthy,328,163499,163999,173.49702,173.98431399999998,500,development,3,included,0,0.4015111100549988,-1.5441778970289632,-2.9187744940594214,-2.9203185203242743,-1.0908813741253733,-1.6324013334652803,-1.7172501643583278,0.5657622118219986,0,0,0,1,False,3
Healthy,329,163999,164499,174.026591,174.51388599999999,500,development,3,included,0,0.4272219111790621,-1.623584568178006,-2.818518661584862,-2.7974305865137667,-0.9912333955881186,-1.6466184600774358,-1.650531309294665,0.5226500549974119,0,0,0,1,False,3
Healthy,330,164499,164999,174.563158,175.050452,500,development,3,included,0,0.40260632691885734,-1.676105747883531,-2.837143443754558,-2.9641675904816336,-1.063946545129542,-1.5626250893540778,-1.7730326647601389,0.6163600362851137,0,0,0,1,False,3
Healthy,331,164999,165499,175.101754,175.589048,500,development,3,included,0,0.39364081529403455,-1.793601543366144,-2.7563629117137785,-2.816125790773777,-1.0523219419998333,-1.73574163761235,-1.687780346313313,0.9970551828313254,0,0,0,1,False,3
Healthy,332,165499,165999,175.631335,176.118629,500,development,3,included,0,0.35340039040907495,-1.9027367475918082,-2.9951781447450676,-3.1591084400386897,-1.1979372901527958,-1.7124338651454456,-1.818024490136492,1.7364441528325119,0,0,0,1,False,3
Healthy,333,165999,166499,176.167867,176.655162,500,development,3,included,0,0.40807177809611406,-1.899648513527585,-2.8120145743123506,-3.054223785016323,-1.0201980302723874,-1.6888270414535762,-1.6581360359496773,1.133801677296763,0,0,0,1,False,3
Healthy,334,166499,166999,176.693459,177.18075299999998,500,development,3,included,0,0.4210359546609969,-1.7163768400733672,-2.99131294165341,-2.7935673574159,-1.0048789672022465,-1.5854309987100383,-1.6928675678457412,0.6876842681948709,0,0,0,1,False,3
Healthy,335,166999,167499,177.224041,177.711335,500,development,3,included,0,0.42201937441224163,-1.9322401111570464,-3.002601639564169,-2.854813769304087,-0.9721149967398607,-1.54874221793752,-1.6556236117765935,0.7602717120267312,0,0,0,1,False,3
Healthy,336,167499,167999,177.762601,178.24989499999998,500,development,3,included,0,0.4328355650540489,-1.5723593542417726,-2.8754609194212555,-2.6038289505615504,-0.9752526814212201,-1.6393338461032034,-1.6363930800862079,1.454060750686204,0,0,0,1,False,3
Healthy,337,167999,168499,178.31611999999998,178.803414,500,development,3,included,0,0.37248098070645974,-1.7876004437703485,-3.064342932643279,-2.901257590501161,-1.122117931200923,-1.6070097020384886,-1.9186378583413053,1.9149360788949257,0,0,0,1,False,3
Healthy,338,168499,168999,178.848735,179.33603,500,development,3,included,0,0.3613798799297728,-1.903380880692688,-2.7048111765508533,-2.6899233632324093,-1.1630939845078165,-1.6429876127668155,-1.783031330013165,1.147863549353304,0,0,0,1,False,3
Healthy,339,168999,169499,179.391245,179.878539,500,development,3,included,0,0.3946969674715581,-1.764487518089036,-2.964038599586001,-2.9623098754041273,-1.0573784924014287,-1.5450573771138636,-1.8646563576844508,1.4241440488018529,0,0,0,1,False,3
Healthy,340,169499,169999,179.922822,180.410116,500,development,3,included,0,0.440893748112891,-1.445175203896924,-2.9751047103366584,-2.757917373867317,-0.9926424634060648,-1.8963974244655724,-1.5692045458332993,2.4542072307989926,0,0,0,1,False,3
Healthy,341,169999,170499,180.456433,180.943727,500,development,3,included,0,0.45918012283311693,-1.3054811929690755,-2.8189383735300755,-2.8501345580759745,-0.9875046559276126,-1.6274430176038444,-1.6512577884006505,1.3814044350811328,0,0,0,1,False,3
Healthy,342,170499,170999,180.984982,181.472276,500,development,3,included,0,0.37415817225514963,-1.9580244993126579,-2.7468982100766963,-3.0606906009964194,-1.107731943864409,-1.7797522076887082,-1.7125622771454372,1.3962321659647134,0,0,0,1,False,3
Healthy,343,170999,171499,181.517563,182.004857,500,development,3,included,0,0.3715926148094685,-2.0611666975317453,-2.9210331896672566,-2.9460121696673793,-1.1063411116083475,-1.5778882770964402,-1.7715445301313448,1.2008222758145186,0,0,0,1,False,3
Healthy,344,171499,171999,182.086037,182.573331,500,development,3,included,0,0.3579158479941449,-1.8838632160565714,-3.2179587989211647,-3.120869606350075,-1.1551786325608722,-1.6523475056699395,-1.853838317628535,2.1397496979322512,0,0,0,1,False,3
Healthy,345,171999,172499,182.617614,183.104908,500,development,3,included,0,0.4136304064482589,-1.2859694852696435,-2.844864931772426,-2.898203225324262,-1.179475402168354,-1.4890940617500026,-1.9538277245194828,2.2348772744922414,0,0,0,1,False,3
Healthy,346,172499,172999,183.14523499999999,183.63253,500,development,3,included,0,0.433533217734867,-1.5858166548927783,-2.608925749487946,-3.1749141269093886,-0.9835338249855091,-1.6218003236253298,-1.6474295905632943,1.827259899533205,0,0,0,1,False,3
Healthy,347,172999,173499,183.671796,184.15909,500,development,3,included,0,0.45895680194510324,-1.5172582253379474,-2.755774085886655,-3.0938549894847256,-0.9073772218444894,-1.7424624368698303,-1.5569869444361173,1.3731419489619052,0,0,0,1,False,3
Healthy,348,173499,173999,184.195395,184.68269,500,development,3,included,0,0.40816904438557955,-1.9962828902908007,-3.173664106723912,-3.0706880319478085,-1.0191611267924672,-1.6458826063484948,-1.6399809739211224,1.8559642714706333,0,0,0,1,False,3
Healthy,349,173999,174499,184.722984,185.210278,500,development,3,included,0,0.44047746483173816,-1.560345388038446,-2.921485251570837,-2.612668880470708,-0.9775000550582165,-1.7380317151862528,-1.589716048979887,1.4032685996047969,0,0,0,1,False,3
Healthy,350,174499,174999,185.252604,185.73989899999998,500,development,3,included,0,0.42907043071247725,-1.6360160585732213,-2.9008718000822693,-2.8184599604683016,-0.9775836095875056,-1.748536094940241,-1.6028538425465348,1.1131012342256918,0,0,0,1,False,3
Healthy,351,174999,175499,185.78115499999998,186.268449,500,development,3,included,0,0.4120939620239507,-1.8604759363002115,-2.9667707423266316,-3.0257272754178075,-1.0140027026655534,-1.6729899705913223,-1.6278240291089876,0.970067458168947,0,0,0,1,False,3
Healthy,352,175499,175999,186.306748,186.794042,500,development,3,included,0,0.39809955130866487,-1.7715397871819063,-2.866254645098019,-2.7212671251988287,-1.0659125779059646,-1.662340812106746,-1.6772200962300028,0.7792887140072774,0,0,0,1,False,3
Healthy,353,175999,176499,186.832344,187.319639,500,development,3,included,0,0.40599773609838485,-1.8549270356348588,-3.1549476541139465,-2.9268472933792244,-1.0138418998867316,-1.7214316128934308,-1.621604957433291,1.7360524666405017,0,0,0,1,False,3
Healthy,354,176499,176999,187.378881,187.866176,500,development,3,included,0,0.4265184494426782,-1.7256602896249902,-2.907842472507274,-2.817304546374188,-0.9656770226595439,-1.6634444128675974,-1.6197339899698495,0.8026548471748873,0,0,0,1,False,3
Healthy,355,176999,177499,187.91145699999998,188.398751,500,development,3,included,0,0.42675482476986576,-1.501586267653349,-3.0644510350991823,-2.7781139384128744,-1.0083345934035501,-1.677232814848068,-1.671705546231549,1.1562624207796053,0,0,0,1,False,3
Healthy,356,177499,177999,188.435058,188.922352,500,development,3,included,0,0.4097342080208974,-1.6104229184389371,-2.8323903142024967,-2.866804316828467,-1.0642319225877952,-1.6282692283687872,-1.707624017253899,0.33939864825505606,0,0,0,1,False,3
Healthy,357,177999,178499,188.966649,189.45394299999998,500,development,3,included,0,0.4076692112269353,-2.0196392295895675,-3.034057021979078,-2.745516439730553,-0.9899243946099672,-1.5450924583362302,-1.744356098392892,1.0589202063574468,0,0,0,1,False,3
Healthy,358,178499,178999,189.51217599999998,189.99947,500,development,3,included,0,0.3800942108660757,-1.8224761496332669,-2.9557203896039748,-2.933313856095753,-1.0960257853917983,-1.6204364007040553,-1.7568207688464859,0.48355605139468544,0,0,0,1,False,3
Damaged_LR,248,123499,123999,130.105969,130.593264,500,development,3,included,1,0.4778374616319183,-1.1027182593231188,-2.731392075680954,-2.7293640162258592,-1.204783632043689,-1.2480830527665563,-1.6862383808633858,3.426020509214996,1,0,1,1,False,3
Damaged_LR,249,123999,124499,130.631977,131.119272,500,development,3,included,1,0.5664198092149973,-1.0622014103843422,-2.68018188652173,-2.737283012943253,-0.8534851796458779,-1.3589581958976602,-1.3865442216109276,2.922782639422106,0,1,0,3,False,3
Damaged_LR,250,124499,124999,131.15783399999998,131.645128,500,development,3,included,1,0.4562926426244831,-1.5776565488998078,-2.738885099547308,-2.7734932891313386,-1.053731046445453,-1.24061395493914,-1.543123236130837,3.4937654153205817,1,0,1,1,False,3
Damaged_LR,251,124999,125499,131.68363499999998,132.17093,500,development,3,included,1,0.5628497756868169,-0.9460531081942554,-2.5817688303325492,-2.527147102310151,-0.925953899172285,-1.4004111274972786,-1.486932714007577,2.6095936692900534,0,1,0,3,False,3
Damaged_LR,252,125499,125999,132.209671,132.696965,500,development,3,included,1,0.4749631880054854,-1.1651835950765639,-2.960906395484381,-2.7750530297447704,-1.1333941387689284,-1.273436785497272,-1.6507577190290448,3.196061512431768,0,0,0,1,False,3
Damaged_LR,253,125999,126499,132.73557,133.222864,500,development,3,included,1,0.4482294317658646,-1.1072214227500086,-2.844917480415471,-2.5083895459001013,-1.2242161177391553,-1.4381926979735684,-1.7795229928565306,2.0588710151129748,0,0,0,1,False,3
Damaged_LR,254,126499,126999,133.262858,133.75015199999999,500,development,3,included,1,0.5219285179841782,-0.8216004805718979,-2.6248692373223217,-2.7694218216290807,-1.2418388561963776,-1.4249412381844913,-1.78020185485694,3.034856423897979,0,1,0,2,False,3
Damaged_LR,255,126999,127499,133.789669,134.276964,500,development,3,included,1,0.42302138164344677,-1.4778734579063961,-2.7781622630621645,-2.775097338877649,-1.0448666579445343,-1.689443333414821,-1.5997886394987633,0.9839951013269226,0,0,0,1,False,3
Damaged_LR,256,127499,127999,134.312918,134.800212,500,development,3,included,1,0.6341415733505051,-0.8110795024073537,-2.022875595887052,-2.3862741110407986,-0.8693469197990209,-1.2745414955435337,-1.5575433749310499,5.516860600201551,1,1,1,3,False,3
Damaged_LR,257,127999,128499,134.839363,135.32665699999998,500,development,3,included,1,0.5589396338518864,-0.8100484193824179,-2.493832993761201,-2.821869241223787,-1.0335892491383027,-1.4837375498084309,-1.7766110704139837,3.0743305712638724,0,1,0,3,False,3
Damaged_LR,258,128499,128999,135.372242,135.859536,500,development,3,included,1,0.7605703893895346,-0.4075314495468998,-2.7700106891561025,-2.535461140850106,-1.0361564382346107,-1.2625124250493376,-1.5129025755716838,4.449757339175174,1,1,1,3,False,3
Damaged_LR,259,128999,129499,135.897513,136.384807,500,development,3,included,1,0.7591656639895922,-0.4842531320438616,-2.3942899607390595,-2.712324148110817,-0.8767722044657432,-1.2211140045685516,-1.3708902894095973,4.187594340609835,1,1,1,3,False,3
Damaged_LR,260,129499,129999,136.422329,136.90962299999998,500,development,3,included,1,0.5823057834029862,-1.0823668185405375,-2.028316977292079,-2.7118848143608663,-0.8979918079392755,-1.073129797284071,-1.5392756858352183,5.481998979859111,1,1,1,3,False,3
Damaged_LR,261,129999,130499,136.946867,137.434162,500,development,3,included,1,0.4835167004131149,-0.9864249995180813,-2.542180962910455,-2.6622213854016654,-1.2819824139343337,-1.4573670428135583,-1.5563102607059083,2.471640280590225,0,0,0,1,False,3
Damaged_LR,262,130499,130999,137.480718,137.968012,500,development,3,included,1,0.6037198163121424,-0.9735577748035844,-2.5200035033790824,-2.7824040947218456,-0.8780055950377711,-1.0942980708027314,-1.4741260143185377,4.820854183149123,1,1,1,3,False,3
Damaged_LR,263,130999,131499,138.007668,138.494962,500,development,3,included,1,0.6382196303221982,-1.029175552388587,-2.604307158974803,-2.6120311496592854,-0.7809852049723127,-1.014873000497835,-1.4294004203354636,5.541241578596587,1,1,1,3,False,3
Damaged_LR,264,131499,131999,138.531019,139.018313,500,development,3,included,1,0.5390279494828263,-0.8666479786824347,-2.6575219375229,-2.177255762134788,-1.1045156173666903,-1.5476165399353146,-1.596305331547835,3.9050496223744497,1,1,3,3,False,3
Damaged_LR,265,131999,132499,139.055188,139.542483,500,development,3,included,1,0.6574472610614881,-1.0219983761368652,-2.768520855359987,-2.6586225998187603,-0.6969642282972959,-1.1354948728313132,-1.300228817719037,4.447198147338157,1,1,1,3,False,3
Damaged_LR,266,132499,132999,139.58646099999999,140.073756,500,development,3,included,1,0.5852789863067325,-0.9693178258035003,-2.430545231454144,-2.439323685306995,-0.9510714797163917,-1.1301802940781078,-1.4622967336036177,4.495401510976679,1,1,1,3,False,3
Damaged_LR,267,132999,133499,140.115694,140.60298799999998,500,development,3,included,1,0.5135718170255618,-1.1983966862994546,-2.8221172476319283,-2.84747500609653,-1.0149984767156384,-1.1812168389596152,-1.5262947005405423,4.032498758751352,1,1,1,2,False,3
Damaged_LR,268,133499,133999,140.64222999999998,141.129524,500,development,3,included,1,0.5010792773844613,-1.3509984409726703,-2.808163003353711,-2.674432715869188,-1.104062626230822,-1.0276031171615663,-1.5972945449042815,5.425779098652614,1,1,1,2,False,3
Damaged_LR,269,133999,134499,141.166178,141.653473,500,development,3,included,1,0.5519446384804982,-1.0736270732479578,-2.6718127922195416,-2.602855189652459,-0.9327295236000956,-1.2303880844998791,-1.4878221176389537,3.586514318703903,1,1,1,3,False,3
Damaged_LR,270,134499,134999,141.692069,142.179363,500,development,3,included,1,0.5554344942132866,-1.2194106832927714,-2.7058800431491172,-2.7122981379167856,-0.9373790630067432,-1.0234509853048144,-1.5675014461885153,5.463439039554871,1,1,1,3,False,3
Damaged_LR,271,134999,135499,142.215536,142.70283,500,development,3,included,1,0.4710948338048809,-1.2032279675642206,-2.6121954231263844,-2.550501133406592,-1.124021184524204,-1.3325393608028402,-1.6253658352026021,2.6599996603594613,0,0,0,1,False,3
Damaged_LR,272,135499,135999,142.74453,143.231825,500,development,3,included,1,0.5559153176070358,-1.0514433964401233,-2.9046799806131554,-2.7474925195312085,-0.9322370225855675,-1.185190617287809,-1.5353766884571471,3.996456488861706,1,1,1,3,False,3
Damaged_LR,273,135999,136499,143.269306,143.7566,500,development,3,included,1,0.515470204010072,-1.3963778975473096,-3.0301217211942015,-2.9100365777537918,-0.9696966980743983,-1.1038950080351775,-1.5020218454901253,4.73380971985038,1,1,1,2,False,3
Damaged_LR,274,136499,136999,143.792224,144.279518,500,development,3,included,1,0.5157719153065565,-1.0792777523559998,-2.842554885529533,-2.806070773563412,-1.007532350670948,-1.3026097352185868,-1.600662624949552,2.9314621209980247,0,1,0,2,False,3
Damaged_LR,275,136999,137499,144.31973499999998,144.807029,500,development,3,included,1,0.5079712782713878,-1.363346396855878,-2.859023895859252,-2.9893267879107155,-0.9639853495656477,-1.1237530594751612,-1.6247201736394965,4.553696691299121,1,1,1,2,False,3
Damaged_LR,276,137499,137999,144.846343,145.33363699999998,500,development,3,included,1,0.4725571925484708,-1.4564440816802195,-2.8205806227526593,-2.9708649938171057,-1.0211693247640137,-1.240067302557384,-1.5480239149961754,3.4987235662419036,1,0,1,1,False,3
Damaged_LR,277,137999,138499,145.369462,145.856757,500,development,3,included,1,0.4874529305221473,-1.2812186380793518,-2.9774035758639505,-2.7154137532320832,-1.0886235133014794,-1.1458217611158619,-1.6142544786823387,4.353533009544451,1,1,1,2,False,3
Damaged_LR,278,138499,138999,145.896366,146.38366,500,development,3,included,1,0.44703854935598336,-1.243395217087943,-2.7770104278508696,-2.932110487007235,-1.0789117039022933,-1.491432195188027,-1.7248177071913362,1.593556268514889,0,0,0,1,False,3
Damaged_LR,279,138999,139499,146.431187,146.91848199999998,500,development,3,included,1,0.5416861464230293,-0.7770460777279798,-2.5498336743156536,-2.8816337210793628,-1.1536027852843966,-1.6260934050757185,-1.7129457254199059,3.187101727555288,0,1,0,3,False,3
Damaged_LR,280,139499,139999,146.955858,147.443152,500,development,3,included,1,0.4425868339177271,-1.1031224210671735,-2.820325057201603,-2.74879359234954,-1.206978436385296,-1.450928667957718,-1.987485999664399,2.5408934649796584,0,0,0,1,False,3
Damaged_LR,281,139999,140499,147.480762,147.968056,500,development,3,included,1,0.519111337161874,-0.8643822711986576,-2.4061127546080048,-2.626761692193181,-1.169813378778192,-1.4834528208233433,-1.7447742371160277,3.061552410243979,0,1,0,2,False,3
Damaged_LR,282,140499,140999,148.005492,148.492786,500,development,3,included,1,0.5183430065724661,-0.9724265314552825,-2.594077973704496,-2.750740734071526,-1.0090519058940246,-1.5469770678510193,-1.6073281945345692,2.519473959978184,0,1,0,2,False,3
Damaged_LR,283,140999,141499,148.529257,149.016552,500,development,3,included,1,0.41397003172983543,-1.1011686352639012,-2.948890751131534,-2.618797272058535,-1.3870094258309162,-1.582057149346365,-1.8337779922802895,3.1559671239738387,0,0,0,1,False,3
Damaged_LR,284,141499,141999,149.054138,149.541432,500,development,3,included,1,0.6283380542228318,-0.6691551293902889,-2.6710662453322174,-2.6484464184539656,-0.9681050739673379,-1.3270157662666644,-1.795470523077085,3.5557721426675633,1,1,1,3,False,3
Damaged_LR,285,141999,142499,149.579232,150.06652599999998,500,development,3,included,1,0.4548212048186324,-0.9901094674108717,-2.521538156000288,-2.798485504959973,-1.312398482633248,-1.535202175529762,-1.7715908239984455,2.4707357809466997,0,0,0,1,False,3
Damaged_LR,286,142499,142999,150.10390999999998,150.591205,500,development,3,included,1,0.49068089596383146,-0.8920875583257342,-2.703038648408589,-2.6575333213220858,-1.1880399974277251,-1.747520086793839,-1.7217357376478417,2.7939974768228075,0,1,0,2,False,3
Damaged_LR,287,142999,143499,150.626889,151.114183,500,development,3,included,1,0.6479635616154955,-0.9733070472590922,-2.4325375142986116,-1.698299533113228,-0.790482942774838,-1.0869435717851592,-1.4335828966263293,6.657019083200414,1,1,1,3,False,3
Damaged_LR,288,143499,143999,151.151599,151.638893,500,development,3,included,1,0.5394542096106567,-0.8838360175146299,-2.6479117257170603,-2.284582212539302,-1.2499305944347006,-1.1521170441846549,-1.6788693472877363,4.296434632972379,1,1,1,3,False,3
Damaged_LR,289,143999,144499,151.6805,152.167794,500,development,3,included,1,0.5863762775511233,-1.0314697229908512,-2.463374309878399,-2.7599504808333952,-0.8544248334116742,-1.1865758075885404,-1.4542755898508422,3.9838927778179216,1,1,1,3,False,3
Damaged_LR,290,144499,144999,152.210182,152.697476,500,development,3,included,1,0.6826409693024134,-0.7671724605336189,-1.9431450159597172,-1.848159313966685,-0.8390660238587135,-1.2155668688416175,-1.3967707474616122,6.027675226160601,1,1,1,3,False,3
Damaged_LR,291,144999,145499,152.741183,153.228477,500,development,3,included,1,0.5071544199468134,-0.9363373219985609,-2.7765587404944303,-2.9801823582311995,-1.1779208836698845,-1.2510050563198822,-1.911938793446203,3.3995178631211598,1,1,3,2,False,3
Damaged_LR,292,145499,145999,153.271499,153.758793,500,development,3,included,1,0.43182559043928914,-1.0218149410099913,-2.626796887873005,-2.6048217288725857,-1.2976932886506227,-1.909942468528802,-1.783387657724705,2.5770611228569216,0,0,0,1,False,3
Damaged_LR,293,145999,146499,153.795034,154.282328,500,development,3,included,1,0.7820179561484188,-0.5365926268533199,-2.158669216128605,-1.738558003018365,-0.8107071882179735,-1.0686084079808293,-1.3318203278625749,6.4257034159110535,1,1,1,3,False,3
Damaged_LR,294,146499,146999,154.319378,154.806672,500,development,3,included,1,0.670021481442195,-0.6999797633486696,-2.3381295356049123,-2.4491266151179434,-0.8758703430068574,-1.2543232598314187,-1.3618748707293356,3.4971045236013163,1,1,1,3,False,3
Damaged_LR,295,146999,147499,154.84523,155.332525,500,development,3,included,1,0.44573194475237665,-0.8988432999399122,-2.5988035236183085,-2.8780856778185653,-1.6107938717514536,-1.5482249168808662,-2.000496271563295,5.211216794527612,1,0,3,1,False,3
Damaged_LR,296,147499,147999,155.369553,155.856847,500,development,3,included,1,0.6983154942848754,-0.6149332672721736,-2.101699021647921,-2.746074403652859,-0.8845362036356508,-1.2756371496992132,-1.3570523469989455,5.011857892538503,1,1,1,3,False,3
Damaged_LR,297,147999,148499,155.894891,156.382185,500,development,3,included,1,0.6387569347160352,-0.6382786590812378,-2.3230212005745785,-2.591485803443313,-1.0622478474838035,-1.2904184659347464,-1.5979120359373642,3.6612790577649355,1,1,1,3,False,3
Damaged_LR,298,148499,148999,156.424925,156.912219,500,development,3,included,1,0.5347888455470856,-1.1174121798576593,-2.8727154102051404,-2.9215332429581826,-0.8892614698000646,-1.3169300344475332,-1.6052488151330755,2.8015766449894115,0,1,0,2,False,3
Damaged_LR,299,148999,149499,156.948537,157.435831,500,development,3,included,1,0.5159844368764861,-0.9492680877014437,-1.9371924867455859,-2.551161721540648,-1.2227682112511244,-1.2741112504021679,-1.8324342908394853,6.0658116474283,1,1,1,2,False,3
Damaged_LR,300,149499,149999,157.473409,157.960703,500,development,3,included,1,0.6261083358402497,-0.8247699360754249,-2.817444583590712,-2.6661138616684967,-0.9907797536772079,-0.9793922866148544,-1.7275930975665694,5.863052550430266,1,1,1,3,False,3
Damaged_LR,301,149999,150499,157.99679,158.484084,500,development,3,included,1,0.46933528047908857,-1.302158835990305,-2.7701680072648234,-1.9960619868921794,-1.0506192221997606,-1.4994214171843356,-1.517586361240861,4.94614629414772,1,0,1,1,False,3
Damaged_LR,302,150499,150999,158.52465899999999,159.011953,500,development,3,included,1,0.4629900608401462,-1.227855452566074,-2.9318023528480577,-2.962679580499569,-1.102258557852352,-1.31981110500735,-1.713725939255215,2.7754452621814467,0,0,0,1,False,3
Damaged_LR,303,150999,151499,159.046491,159.533785,500,development,3,included,1,0.5110146538507327,-1.0472962937032484,-2.778824171260959,-2.6154941994500174,-0.9912301534513351,-1.5709196753131358,-1.5015837741347833,2.263639093823131,0,1,0,2,False,3
Damaged_LR,304,151499,151999,159.577669,160.064963,500,development,3,included,1,0.6812891012142744,-0.5464164520863881,-2.3723475617317242,-2.6950915283941166,-0.9804803669129656,-1.4747000804751735,-1.5682221658486415,3.9751782171264787,1,1,1,3,False,3
Damaged_LR,305,151999,152499,160.102394,160.589688,500,development,3,included,1,0.6895415523915883,-0.5264502218920003,-2.538172920024511,-2.4936481946829994,-1.0686861359267372,-1.2419442407604055,-1.7036252984885634,4.043404129377735,1,1,1,3,False,3
Damaged_LR,306,152499,152999,160.632299,161.11959299999998,500,development,3,included,1,0.5534416281934461,-1.0191804712968298,-2.6855269764654612,-2.728728439853595,-0.9107135903867911,-1.338439971435627,-1.488697589086024,2.606480972758868,0,1,0,3,False,3
Damaged_LR,307,152999,153499,161.154279,161.641574,500,development,3,included,1,0.46401623926911095,-1.358899457353001,-2.77281230604143,-2.6392604385688783,-1.0347509174982983,-1.3449564571115111,-1.6201117341201092,2.54737628294871,0,0,0,1,False,3
Damaged_LR,308,153499,153999,161.686588,162.173882,500,development,3,included,1,0.5092497107321498,-1.3615898805288198,-2.7177401342887744,-2.9704057454748867,-0.9494759114344421,-1.1785174782113168,-1.558757475879434,4.056982028975412,1,1,1,2,False,3
Damaged_LR,309,153999,154499,162.21102299999998,162.698317,500,development,3,included,1,0.7583422217844195,-0.571033875453084,-1.6408874853546056,-1.9151473535606054,-0.8523886428270421,-1.2522453557313478,-1.3156324791078602,7.9641664391941855,1,1,1,3,False,3
Damaged_LR,310,154499,154999,162.73486599999998,163.22216,500,development,3,included,1,0.5936507036835007,-0.8816321269203659,-2.075059519712117,-2.8523150684848977,-0.9485156742406345,-1.2395563764943678,-1.543543822411906,5.182530766478154,1,1,1,3,False,3
Damaged_LR,311,154999,155499,163.25918099999998,163.746475,500,development,3,included,1,0.5714881198697197,-1.046875140205977,-2.828879667033201,-2.865157622005048,-0.8551633645431688,-1.2758086193843698,-1.4619622368392946,3.174548919118329,0,1,0,3,False,3
Damaged_LR,312,155499,155999,163.784887,164.272182,500,development,3,included,1,0.5421639588914784,-1.2617753364899016,-2.3416408325183937,-2.0931826782795175,-0.911847153156586,-1.1712968849283456,-1.5086246638043577,4.388113721404571,1,1,1,3,False,3
Damaged_LR,313,155999,156499,164.309991,164.797285,500,development,3,included,1,0.49794220710819725,-1.4570022415720922,-2.6884890852457355,-2.838283208547553,-0.9309030174248795,-1.2391008190865629,-1.5214932464812252,3.507489595753935,1,1,1,2,False,3
Damaged_LR,314,156499,156999,164.832933,165.320227,500,development,3,included,1,0.5306697118899318,-1.22662393123647,-2.834412658108108,-2.7671308387436504,-0.8853994619190775,-1.2823390116025206,-1.4954467731126102,3.11531809661827,0,1,0,2,False,3
Damaged_LR,315,156999,157499,165.357466,165.844761,500,development,3,included,1,0.5203503411433503,-1.3601787511530414,-2.752755756720252,-2.792881243032732,-0.8822020208771147,-1.2328842786195993,-1.5238648417895713,3.5638737749368854,1,1,1,2,False,3
Damaged_LR,316,157499,157999,165.886082,166.373376,500,development,3,included,1,0.5450327203268673,-1.260337887081939,-2.5573352851133486,-2.8053330926517965,-0.8146901280241947,-1.3904070745533579,-1.4271258799056021,2.553820046373896,0,1,0,3,False,3
Damaged_LR,317,157999,158499,166.41787,166.90516399999998,500,development,3,included,1,0.624716985982431,-0.6801463843761992,-2.074642149330934,-2.580549219355196,-1.1110573279489357,-1.2663994274526407,-1.5833410454364525,5.185204758004924,1,1,1,3,False,3
Damaged_LR,318,158499,158999,166.948845,167.436139,500,development,3,included,1,0.7923361611906963,-0.5383626300772112,-1.3499497603872888,-1.2213089975728193,-0.93748691145595,-1.3274681056734798,-1.4833060258203532,9.82813438338827,1,1,1,3,False,3
Damaged_LR,319,158999,159499,167.478029,167.96532299999998,500,development,3,included,1,0.5112230303019267,-0.7126479848924503,-2.863337931842,-2.523192851330104,-1.51615936575579,-1.701754176311243,-2.1979655032137164,4.454542800084509,1,1,3,2,False,3
Damaged_LR,320,159499,159999,168.003207,168.490501,500,development,3,included,1,0.4574018038397424,-0.9226515374802068,-2.5837227655619843,-2.80556851337031,-1.215639076357523,-2.012762341937176,-2.0659407409401207,3.509639973848887,1,0,3,1,False,3
Damaged_LR,321,159999,160499,168.529598,169.01689199999998,500,development,3,included,1,0.5133903668482599,-0.8442236629895091,-2.265748416490761,-2.5479236828790954,-1.1114156921712295,-1.881506442709115,-1.8666078513910138,3.9608329239276343,1,1,3,2,False,3
Damaged_LR,322,160499,160999,169.055645,169.542939,500,development,3,included,1,0.5359098153675549,-0.7425447495403559,-2.4007703925950326,-2.5611486269923733,-1.2664436796819631,-1.591967656861875,-1.8563818332952715,3.304995018705577,1,1,3,2,False,3
Damaged_LR,323,160999,161499,169.580162,170.067456,500,development,3,included,1,0.6600713532539187,-0.625927328364783,-2.3071224862347255,-2.7765753312253603,-1.136504613607475,-1.011637021411167,-1.864369322543944,5.5705919907148065,1,1,1,3,False,3
Damaged_LR,324,161499,161999,170.10472,170.592015,500,development,3,included,1,0.6185234896391156,-0.8164987380459492,-2.409295384991894,-2.4553413599733958,-0.8502567519765134,-1.344653228030782,-1.5227927229078329,3.0522894112228336,0,1,0,3,False,3
Damaged_LR,325,161999,162499,170.63329099999999,171.120585,500,development,3,included,1,0.5893579308809668,-0.7655196109748243,-2.7230337579518094,-2.600554446899405,-1.1169603947282472,-1.1649866182629554,-1.7195347603989344,4.179707270752926,1,1,1,3,False,3
Damaged_LR,326,162499,162999,171.158749,171.646043,500,development,3,included,1,0.6622826621628372,-0.8579884524533394,-2.3269890247660157,-1.7862135226372495,-0.8381660741871428,-1.091667195603551,-1.4028157921634548,6.151886046631032,1,1,1,3,False,3
Damaged_LR,327,162999,163499,171.68504199999998,172.172336,500,development,3,included,1,0.5317177013652828,-1.1622954269910293,-2.7629304180832652,-2.8559188612059696,-1.0538816247946352,-1.0417191155706682,-1.5968250173145415,5.2977466362445,1,1,1,2,False,3
Damaged_LR,328,163499,163999,172.20869,172.69598399999998,500,development,3,included,1,0.5283582464483546,-1.0321099231885027,-1.3849770171878624,-1.699992886275307,-1.17007082838294,-1.5541866583905632,-1.858181778460397,9.603723183855251,1,1,3,2,False,3
Damaged_LR,329,163999,164499,172.736078,173.22337299999998,500,development,3,included,1,0.947149395664207,-0.47135295466513455,-1.4549786973863057,-0.5759933343886265,-0.9036605695416876,-1.1423235248894463,-1.5256988108721652,13.105525642756506,1,1,1,3,False,3
Damaged_LR,330,164499,164999,173.262257,173.749551,500,development,3,included,1,0.6749164017073372,-0.7300887570661386,-1.1931259087970578,-1.2240902527792845,-1.369987170266391,-1.4238411436968703,-1.7833027112831035,10.832867036336868,1,1,1,3,False,3
Damaged_LR,331,164999,165499,173.786943,174.274237,500,development,3,included,1,0.7276498520079872,-0.5171301697086377,-2.410145281049242,-2.4333727842861053,-0.8603301486319281,-1.4251656753587336,-1.4291884925452016,4.075251356232706,1,1,1,3,False,3
Damaged_LR,332,165499,165999,174.310005,174.79729899999998,500,development,3,included,1,0.5547171465985398,-0.8133589292853006,-2.561677947490729,-2.7408601255923273,-1.0907274934812619,-1.3830158546251947,-1.806393677961352,3.0630183427689572,0,1,0,3,False,3
Damaged_LR,333,165999,166499,174.83750899999998,175.324804,500,development,3,included,1,0.6481687735490341,-0.5192464892663048,-2.619015177392065,-2.5823128039355217,-1.3619282839532065,-1.4658730935187394,-1.6008627982842072,4.068019754120977,1,1,1,3,False,3
Damaged_LR,334,166499,166999,175.362741,175.850035,500,development,3,included,1,0.611273185013615,-0.8277174940438435,-2.5174571048395262,-2.82037819560159,-1.3188785711179478,-0.8271485800081145,-1.856758143959137,7.243906817913817,1,1,1,3,False,3
Damaged_LR,335,166999,167499,175.88946099999998,176.376756,500,development,3,included,1,0.5864138415067006,-0.8507895749415819,-2.5164921239271254,-2.604922175913987,-1.0441226697046582,-1.1492484940834191,-1.535809781871889,4.32245245490451,1,1,1,3,False,3
Damaged_LR,336,167499,167999,176.419594,176.90688799999998,500,development,3,included,1,0.6039502130375214,-0.6932669624821097,-2.6091976909675965,-2.682666064229073,-1.351920000351139,-1.0730310924879398,-1.7141921011059003,5.013746214071077,1,1,1,3,False,3
Damaged_LR,337,167999,168499,176.950901,177.438195,500,development,3,included,1,0.4354450359909365,-1.30107428197935,-2.967862412151088,-2.935718441763744,-1.228067924929817,-1.2475322125211743,-1.7605778209038894,3.4310166441652714,1,0,2,1,False,3
Damaged_LR,338,168499,168999,177.472413,177.95970699999998,500,development,3,included,1,0.49167660407266517,-0.8846950237793539,-2.944282794002908,-2.265301150341656,-1.2597053966049785,-1.6323786842965646,-1.7031616295980259,3.3991615999828237,1,1,3,2,False,3
Damaged_LR,339,168999,169499,178.00052499999998,178.48782,500,development,3,included,1,0.6007356612947174,-0.678009946826402,-2.6223828370684474,-2.6519909840269626,-1.102050949760535,-1.6369962548915187,-1.4716883872228712,3.525514653321028,1,1,1,3,False,3
Damaged_LR,340,169499,169999,178.529109,179.016403,500,development,3,included,1,0.5337461560949411,-1.1352954240665996,-2.6727781048704475,-2.936174383167624,-1.0284474519003006,-1.0350888730861711,-1.8260276697417148,5.357883103184429,1,1,1,2,False,3
Damaged_LR,341,169999,170499,179.05012299999999,179.537417,500,development,3,included,1,0.5382203196731726,-1.1798196721918919,-2.757215591781957,-2.954931859656729,-1.0318420994020385,-1.000720200063959,-1.7421311328478168,5.669607836299718,1,1,1,2,False,3
Damaged_LR,342,170499,170999,179.57994499999998,180.067239,500,development,3,included,1,0.5030947739778642,-1.3545325850133196,-2.6862596050832654,-2.5871260343070315,-0.9510552681186356,-1.279998678597157,-1.4756753935577025,3.136544976138069,0,1,0,2,False,3
Damaged_LR,343,170999,171499,180.104616,180.59190999999998,500,development,3,included,1,0.4656036495562199,-1.0911821004609168,-2.8552797419547447,-3.1989161605904375,-1.3414692887782471,-1.1544372302790775,-1.9171547582781105,4.275390486444107,1,0,2,1,False,3
Damaged_LR,344,171499,171999,180.63035,181.11764399999998,500,development,3,included,1,0.4514807648436065,-1.2858440617006925,-2.6298142610166364,-2.501585360312427,-1.1226458506837877,-1.5163721085714439,-1.5333752363501316,2.0415282913121873,0,0,0,1,False,3
Damaged_LR,345,171999,172499,181.161273,181.64856699999999,500,development,3,included,1,0.5121731742540189,-0.8482462506738805,-2.5430478536116823,-2.6638302790317407,-1.4222723679760034,-1.3440676737268717,-1.764531231141247,3.4798240834167737,1,1,3,2,False,3
Damaged_LR,346,172499,172999,181.6857,182.172994,500,development,3,included,1,0.6267281719982789,-0.7435412188754578,-2.3657732855520535,-1.316272218973594,-1.087622069307446,-1.5670289694006017,-1.4778254115682485,8.852057873825089,1,1,1,3,False,3
Damaged_LR,347,172999,173499,182.211183,182.698478,500,development,3,included,1,0.6030647960007307,-0.747093817746091,-1.9183798896329052,-1.3280642374409908,-1.2484129274510056,-1.625868689395217,-1.6266283399829224,8.784303718565296,1,1,3,3,False,3
Damaged_LR,348,173499,173999,182.737168,183.224462,500,development,3,included,1,0.6220812350165236,-0.583330212554666,-2.5973856938081084,-2.436552500795224,-1.0961571255647335,-2.080742199352823,-1.7010938622057148,4.126218999067943,1,1,3,3,False,3
Damaged_LR,349,173999,174499,183.260741,183.748035,500,development,3,included,1,0.7670663496452593,-0.4488024415061657,-2.6759896969770414,-2.363161455670044,-0.8623818019241026,-1.3746823202315246,-1.4386197708048831,4.3087316648980805,1,1,1,3,False,3
Damaged_LR,350,174499,174999,183.79246799999999,184.279763,500,development,3,included,1,0.5983440899319783,-0.857044714415145,-2.6318218747197855,-2.6174550130733416,-0.8953450602085217,-1.2881241144655962,-1.5228232657690357,3.062847067408873,0,1,0,3,False,3
Damaged_LR,351,174999,175499,184.325011,184.81230499999998,500,development,3,included,1,0.638144691921417,-0.9825341698164336,-2.2995781070025387,-1.41967734730492,-0.8508104356755941,-1.1508055819228584,-1.3994015026244833,8.257916409495602,1,1,1,3,False,3
Damaged_LR,352,175499,175999,184.845555,185.33284899999998,500,development,3,included,1,0.5426293149141498,-1.2236476825134464,-3.068102831953143,-2.516595479039766,-0.9342309298652705,-1.093701641939359,-1.591570827560791,4.8262638080170035,1,1,1,3,False,3
Damaged_LR,353,175999,176499,185.36983999999998,185.857134,500,development,3,included,1,0.672218165814315,-0.6711271414158791,-2.541446444703746,-2.6975578810642835,-0.910517890341289,-1.15514408604668,-1.4434297758290617,4.268979286763384,1,1,1,3,False,3
Damaged_LR,354,176499,176999,185.899923,186.387217,500,development,3,included,1,0.4953703622529356,-1.5966733609784498,-2.865965308737487,-2.967624174941189,-1.0274182806346086,-1.0793220133235353,-1.4816054541953239,4.956687403064379,1,1,1,2,False,3
Damaged_LR,355,176999,177499,186.424544,186.911838,500,development,3,included,1,0.6305098121679101,-0.8326079423274372,-2.628846921846831,-2.1253793872190574,-0.908978713543698,-1.1078971294213469,-1.5682730070828592,4.697510377708414,1,1,1,3,False,3
Damaged_LR,356,177499,177999,186.956969,187.444264,500,development,3,included,1,0.6183503152594191,-0.8359268353730992,-2.4867660027747527,-2.4968747781265974,-0.8918275019057873,-1.1882682148008032,-1.5139464146568458,3.9685426016204275,1,1,1,3,False,3
Damaged_LR,357,177999,178499,187.485706,187.97299999999998,500,development,3,included,1,0.5943568610440553,-0.826015656611508,-2.6133043391143076,-2.720806685152763,-1.01479616455142,-1.1713793167988906,-1.534497554434664,4.121725333431313,1,1,1,3,False,3
Damaged_LR,358,178499,178999,188.013545,188.50083899999998,500,development,3,included,1,0.6135168175663928,-0.8442596959709323,-2.631273348461286,-2.5751692429362896,-0.9046491571942558,-1.2179691508504467,-1.4231479217879728,3.699154360841807,1,1,1,3,False,3
Damaged_LR,359,178999,179499,188.53930499999998,189.026599,500,development,3,included,1,0.5124856428061898,-1.2519331429898297,-2.7365044573429174,-2.80943411988497,-0.9939416919349975,-1.1908627365004674,-1.4836598207294733,3.9450102242177003,1,1,1,2,False,3
Damaged_LR,360,179499,179999,189.065211,189.552506,500,development,3,included,1,0.5167753934391022,-1.1472550203283127,-2.836727384006768,-2.8223660193111453,-1.0242213330585177,-1.2100720795373814,-1.5391147327572126,3.7707809972809474,1,1,1,2,False,3
Damaged_UR,249,124000,124500,130.395055,130.882349,500,development,3,included,2,0.4368382690794267,-2.6152649945008495,-2.9612502441421125,-2.745422190548351,-0.9480670947104768,-1.53533062124338,-1.5353369677740831,3.094212335907637,0,0,0,1,False,3
Damaged_UR,250,124500,125000,130.918734,131.406028,500,development,3,included,2,0.4066622585585946,-2.5245982689138473,-2.8250341171792988,-2.754514389013862,-1.0932733438249695,-1.4114900821329812,-1.6372007446902304,2.7843982145745905,0,0,0,1,False,3
Damaged_UR,251,125000,125500,131.443456,131.93075,500,development,3,included,2,0.4483670294211614,-2.522671342346595,-2.3701025226598116,-2.5857287027975926,-1.0181905446361297,-1.285921674949721,-1.6350245298108614,3.292261294841073,1,0,2,1,False,3
Damaged_UR,252,125500,126000,131.968864,132.456158,500,development,3,included,2,0.43714705719642427,-2.484919732073557,-2.5073697863941087,-2.78039380432525,-0.9984141772780443,-1.4300533093781598,-1.6441194528299876,2.648814063416961,0,0,0,1,False,3
Damaged_UR,253,126000,126500,132.497198,132.984493,500,development,3,included,2,0.4216683302111065,-2.5386849893396386,-2.73804155267006,-2.456633770259137,-1.0463559215396676,-1.4836711099541946,-1.6304607007297378,2.832533458049254,0,0,0,1,False,3
Damaged_UR,254,126500,127000,133.023979,133.511273,500,development,3,included,2,0.5241427698948771,-2.099529664913922,-2.5147995906788974,-2.8983828561887375,-0.8207509282044436,-1.3662165763978615,-1.3228801674220232,3.5016070518434796,1,1,2,2,False,3
Damaged_UR,255,127000,127500,133.554671,134.041966,500,development,3,included,2,0.4820177082734704,-2.256772176404948,-2.26494843879783,-2.663019103914221,-0.9961194537066301,-1.2665693874453636,-1.3058084632040616,3.9659581883664794,1,0,2,1,False,3
Damaged_UR,256,127500,128000,134.083262,134.570557,500,development,3,included,2,0.5129745204861372,-2.326010173427136,-2.73235172494651,-2.882371024569113,-0.882065346682594,-1.1633595365643759,-1.3724424227802603,4.194464942889953,1,1,2,2,False,3
Damaged_UR,257,128000,128500,134.608843,135.096138,500,development,3,included,2,0.4135642188036148,-2.356897896134709,-2.5575219546615715,-3.028802450027013,-1.1199123904626922,-1.3334605197416531,-1.5495713979105836,2.651644725498501,0,0,0,1,False,3
Damaged_UR,258,128500,129000,135.138373,135.625668,500,development,3,included,2,0.36421671518286214,-2.4143021132466163,-2.517647975067263,-2.614009162683648,-1.289171634202073,-1.3184128160072586,-1.9813268754250792,2.7881277787595478,0,0,0,1,False,3
Damaged_UR,259,129000,129500,135.66536,136.152654,500,development,3,included,2,0.5149903370606155,-1.979889603795299,-2.262012382792956,-2.5597237746258643,-0.8121603738683713,-1.5447234930581877,-1.3558196572365098,3.9847687921685773,1,1,1,2,False,3
Damaged_UR,260,129500,130000,136.193303,136.680597,500,development,3,included,2,0.5014960638565619,-2.246483433702813,-2.604518375594542,-2.7573764346549408,-0.850263110599284,-1.2461755010779676,-1.4894610550689364,3.4433220512513913,1,1,2,2,False,3
Damaged_UR,261,130000,130500,136.718971,137.206266,500,development,3,included,2,0.6127544446688942,-1.4858605752885166,-2.022073607866991,-1.7691128340222433,-0.9511596629791028,-0.9278980092585593,-1.4906244360574463,6.330106947772914,1,1,1,3,False,3
Damaged_UR,262,130500,131000,137.245384,137.732678,500,development,3,included,2,0.4177110346911025,-2.145034666098636,-2.672297332960515,-2.778403920173886,-1.0619513096036357,-1.3565187486321573,-1.7516670617590746,2.4425060065739084,0,0,0,1,False,3
Damaged_UR,263,131000,131500,137.767256,138.25455,500,development,3,included,2,0.40415843858142686,-2.6267601059279895,-2.6701867611379564,-2.7975797056778653,-1.0692545493433594,-1.4407671509233015,-1.7052532885781293,3.1334918822171307,0,0,0,1,False,3
Damaged_UR,264,131500,132000,138.291059,138.778353,500,development,3,included,2,0.4130623732512742,-2.440025325500419,-2.6444770559821142,-3.125162962895668,-1.0303719728029825,-1.4735665845957857,-1.652785275370027,2.49540694481667,0,0,0,1,False,3
Damaged_UR,265,132000,132500,138.815955,139.303249,500,development,3,included,2,0.4301713486016807,-2.1459865275354746,-2.298479128385781,-2.7488608147122924,-1.0633328171197056,-1.3644514792629578,-1.6877815957683755,3.7511351345817414,1,0,2,1,False,3
Damaged_UR,266,132500,133000,139.339255,139.82655,500,development,3,included,2,0.38933246968067636,-2.0064969491566105,-2.326021751191149,-2.8309266306713377,-1.4397530768772706,-1.2262886712507042,-1.868614620531603,3.6403679543841645,1,0,2,1,False,3
Damaged_UR,267,133000,133500,139.863411,140.350705,500,development,3,included,2,0.4375959459913524,-2.208416620436605,-2.6110932601101933,-2.7213498885535476,-1.033604014800099,-1.314858280413161,-1.6082603245101184,2.820367506452926,0,0,0,1,False,3
Damaged_UR,268,133500,134000,140.38562,140.872914,500,development,3,included,2,0.42936861437744195,-2.3644550448312933,-2.5190667785171734,-2.621889935598905,-1.0512865154735076,-1.3341421110129246,-1.70340819933757,2.6454626754381603,0,0,0,1,False,3
Damaged_UR,269,134000,134500,140.909256,141.39655,500,development,3,included,2,0.4043234654055496,-2.3884865494447465,-2.763025058446855,-2.7494270055933723,-1.090629043127859,-1.4214749777839661,-1.6974241123416909,2.319295581856432,0,0,0,1,False,3
Damaged_UR,270,134500,135000,141.43295,141.920244,500,development,3,included,2,0.4091287477895984,-2.1794985520127694,-2.7353522085710216,-2.4041924619036763,-1.113125886564483,-1.3944197354751697,-1.68033928281494,2.601124901360958,0,0,0,1,False,3
Damaged_UR,271,135000,135500,141.954918,142.442213,500,development,3,included,2,0.4131512885613374,-2.4032609696816047,-2.640678951054753,-2.613593869528144,-1.059180609711393,-1.444314682241988,-1.6538902995342233,2.369780740488251,0,0,0,1,False,3
Damaged_UR,272,135500,136000,142.478452,142.965747,500,development,3,included,2,0.38042874520542447,-2.3476908645137446,-2.1093522462652836,-2.8271853869754153,-1.3498448182478004,-1.2775163607590845,-1.7833314251025767,4.962825525360671,1,0,2,1,False,3
Damaged_UR,273,136000,136500,143.009314,143.496608,500,development,3,included,2,0.4067900635879432,-2.2174656995276245,-2.2955503650498765,-2.4974703361845885,-1.1439771374388905,-1.3532932152909003,-1.74492952475473,3.7698990160098726,1,0,2,1,False,3
Damaged_UR,274,136500,137000,143.533386,144.020681,500,development,3,included,2,0.4106370959539639,-2.5173253619612894,-2.7313852948347526,-2.828856131074963,-1.0598753334940159,-1.448313192677222,-1.6629488160576325,2.7595462166397855,0,0,0,1,False,3
Damaged_UR,275,137000,137500,144.061974,144.549269,500,development,3,included,2,0.40058505219037543,-2.236977883182147,-2.679134722728806,-2.7175775578267385,-1.1412685141881735,-1.3058380864325192,-1.810627264017097,2.9021808938783424,0,0,0,1,False,3
Damaged_UR,276,137500,138000,144.5853,145.072595,500,development,3,included,2,0.351660383331257,-2.4096057218801223,-2.7767545532297437,-2.8573456066238774,-1.2675155062913452,-1.4732389660784189,-1.8265677328511518,2.3914611730254713,0,0,0,1,False,3
Damaged_UR,277,138000,138500,145.112013,145.599307,500,development,3,included,2,0.45003523698162823,-2.629925285775588,-2.809625331636618,-3.096237571788286,-0.9552185743105573,-1.2540514824658644,-1.7318615249036737,3.37188670096666,1,0,2,1,False,3
Damaged_UR,278,138500,139000,145.637927,146.125221,500,development,3,included,2,0.4086557159466407,-2.3283313491823034,-2.4995687621308686,-2.4610393973519344,-1.0967209694425397,-1.400778526677981,-1.7093290343242686,2.4628022748514353,0,0,0,1,False,3
Damaged_UR,279,139000,139500,146.166232,146.653526,500,development,3,included,2,0.4307816137295538,-2.3777645181145304,-2.7020033958748244,-2.644398103957936,-1.0249246697937444,-1.3816586667712485,-1.6462597005062831,2.282657700715696,0,0,0,1,False,3
Damaged_UR,280,139500,140000,146.69373,147.181024,500,development,3,included,2,0.38054697496927126,-1.9732644894047104,-1.8683296518602592,-2.641878352432461,-1.3495870461409718,-1.4192022720197055,-1.896441343341973,6.506999247925961,1,0,4,1,False,3
Damaged_UR,281,140000,140500,147.218526,147.70582,500,development,3,included,2,0.3860672972810641,-2.240346902115781,-2.571177323349104,-2.6855891303633412,-1.1664333954622537,-1.4176432853668073,-1.8726523021053287,2.004023466927352,0,0,0,1,False,3
Damaged_UR,282,140500,141000,147.747594,148.234889,500,development,3,included,2,0.44051828263706466,-2.3845330172761194,-2.5851076936069473,-2.6839077751095366,-0.9836587216421214,-1.3530953728820574,-1.6614230614733496,2.4735561111666446,0,0,0,1,False,3
Damaged_UR,283,141000,141500,148.278351,148.765645,500,development,3,included,2,0.5313591871735329,-2.106905512557402,-2.2514840852869487,-2.6304047127150123,-0.8452806269577064,-1.1547062819295069,-1.606226659790645,4.27295018117337,1,1,1,2,False,3
Damaged_UR,284,141500,142000,148.80135,149.288644,500,development,3,included,2,0.4984088388162239,-2.54452326838291,-2.9268883673825945,-2.961894497980441,-0.8414768178066808,-1.368212334612942,-1.359825821073877,3.1657024893865557,0,1,0,2,False,3
Damaged_UR,285,142000,142500,149.327008,149.814303,500,development,3,included,2,0.4664097622101054,-2.2853807415679914,-2.5745799806088687,-2.795790540838593,-0.8932629306003932,-1.4578717019136598,-1.504893618498697,1.982223461245747,0,0,0,1,False,3
Damaged_UR,286,142500,143000,149.851558,150.338852,500,development,3,included,2,0.4524560299567858,-2.0374687601573944,-1.906542935672278,-2.5969619033995905,-1.0645934736527314,-1.493880100258885,-1.7192611605682284,6.262175940546365,1,0,4,1,False,3
Damaged_UR,287,143000,143500,150.383011,150.870305,500,development,3,included,2,0.3951928935808826,-2.4671672526452095,-2.875973696945125,-2.9231366415900495,-1.0612217412725986,-1.633048792355113,-1.6072087367012824,2.588152682078128,0,0,0,1,False,3
Damaged_UR,288,143500,144000,150.910709,151.398003,500,development,3,included,2,0.3658476019903699,-2.6358854662660347,-2.8560774428958484,-2.7235683166986098,-1.1407488463913023,-1.6830246426677684,-1.6991311388855124,3.164673834324423,0,0,0,1,False,3
Damaged_UR,289,144000,144500,151.437013,151.924307,500,development,3,included,2,0.39818604711982725,-2.5404867587939255,-2.6846798969911134,-2.54352641698656,-1.1004537982766824,-1.672641310909239,-1.582598711432995,2.838690221919467,0,0,0,1,False,3
Damaged_UR,290,144500,145000,151.959623,152.446917,500,development,3,included,2,0.4229183059406099,-2.547805476860115,-2.739067514600033,-2.7503578557306376,-0.9697152306021617,-1.8174238630722015,-1.5428683618578765,2.8636987594207466,0,0,0,1,False,3
Damaged_UR,291,145000,145500,152.482715,152.970009,500,development,3,included,2,0.4285371409665783,-2.5048492787327836,-2.8437681338858574,-2.7211886485562027,-0.9822472225527361,-1.5239111384186765,-1.6329404161616605,2.7169146256333536,0,0,0,1,False,3
Damaged_UR,292,145500,146000,153.006646,153.49394,500,development,3,included,2,0.5059265654648651,-1.6964019216703674,-1.9362953152138087,-1.8507255573016381,-0.9183011087850268,-1.5493144331913367,-1.543957280273002,6.071559609387733,1,1,1,2,False,3
Damaged_UR,293,146000,146500,153.531084,154.018378,500,development,3,included,2,0.426888965930736,-2.6827181856922673,-2.6217987801365616,-2.918379191676651,-0.9660955671210198,-1.6285216458316523,-1.5833707769149032,3.324704294504132,1,0,2,1,False,3
Damaged_UR,294,146500,147000,154.054606,154.541901,500,development,3,included,2,0.4078254343380006,-2.542209704675857,-2.875630135281282,-2.7687816767626208,-1.0465961854714065,-1.6473896839234279,-1.59365845483195,2.8445776404962277,0,0,0,1,False,3
Damaged_UR,295,147000,147500,154.578462,155.065756,500,development,3,included,2,0.3922805072773384,-2.2859710856794466,-2.765142712658415,-2.784051434831566,-1.0787171664152093,-1.7377754620313457,-1.6614455840500866,1.9689935485154455,0,0,0,1,False,3
Damaged_UR,296,147500,148000,155.100287,155.587582,500,development,3,included,2,0.4109160223719793,-2.31116628030699,-2.4994652564859026,-2.642868611351376,-0.990983013705332,-1.89458573081728,-1.6282352717728,2.4634654105939093,0,0,0,1,False,3
Damaged_UR,297,148000,148500,155.625344,156.112638,500,development,3,included,2,0.3752842761857309,-2.212481861340899,-2.476513436825632,-2.343970574370625,-1.1488562235400162,-2.0277824852220694,-1.6373150514305368,3.6458730531362606,1,0,3,1,False,3
Damaged_UR,298,148500,149000,156.146016,156.63331,500,development,3,included,2,0.39955296966635645,-2.3119331558521514,-2.658075023203782,-2.602102593007654,-1.0515629546557648,-1.7650145627078664,-1.644570199279206,2.0577076374655876,0,0,0,1,False,3
Damaged_UR,299,149000,149500,156.67098,157.158274,500,development,3,included,2,0.39044523862808395,-2.546000796980346,-2.6305923741215906,-2.7417640860193457,-1.0795741794635572,-1.7227740237736247,-1.6544526514881253,2.8575320504366273,0,0,0,1,False,3
Damaged_UR,300,149500,150000,157.198353,157.685647,500,development,3,included,2,0.3857585428597584,-2.5048936512634166,-2.5487846208301645,-2.5518765613657695,-1.1105086682327496,-1.5899311535852294,-1.7180924956380206,2.717066249467791,0,0,0,1,False,3
Damaged_UR,301,150000,150500,157.722421,158.209716,500,development,3,included,2,0.41616810876647037,-2.7256317500796503,-2.4978741648867144,-2.6538963043811266,-1.0014663989954071,-1.659882363179866,-1.6006651213278003,3.47134274601839,1,0,4,1,False,3
Damaged_UR,302,150500,151000,158.245141,158.732436,500,development,3,included,2,0.42636396616713473,-2.339198326468821,-2.825160332915177,-2.8639611807620216,-0.9737286323301071,-1.6878372850139132,-1.5582767229889083,2.150874505717528,0,0,0,1,False,3
Damaged_UR,303,151000,151500,158.771045,159.25834,500,development,3,included,2,0.4390967305009497,-2.577028450811512,-2.7735401468798235,-2.823851704100432,-0.9387629933232741,-1.6618036244059557,-1.51357772544113,2.963555569500458,0,0,0,1,False,3
Damaged_UR,304,151500,152000,159.29535,159.782644,500,development,3,included,2,0.40741468052167334,-2.442460582826399,-2.7289449262906125,-2.8756455180019107,-1.0070293073709626,-1.674013111414502,-1.616388034086631,2.5037283781074797,0,0,0,1,False,3
Damaged_UR,305,152000,152500,159.820286,160.30758,500,development,3,included,2,0.3402799924794679,-2.4256752806835946,-2.6306222558378365,-2.828266165009951,-1.2737065967213472,-1.532016025066922,-1.9163274325580943,2.4463719047043178,0,0,0,1,False,3
Damaged_UR,306,152500,153000,160.346097,160.833391,500,development,3,included,2,0.3760504100002382,-2.2044959871556946,-2.6377122461366938,-2.466875032614876,-1.1060913701593509,-2.048863828034415,-1.6286613948201647,3.8370813653583604,1,0,3,1,False,3
Damaged_UR,307,153000,153500,160.872919,161.360213,500,development,3,included,2,0.38439597534722475,-2.335020455652843,-2.850321636101097,-2.544500247635198,-1.1389898303485202,-1.511857420623492,-1.7132773905899672,2.136598448349016,0,0,0,1,False,3
Damaged_UR,308,153500,154000,161.395299,161.882594,500,development,3,included,2,0.39950961742926705,-2.4437079385075484,-2.7871171652554376,-2.603978351612804,-1.065120866363256,-1.5839377468402134,-1.6296107521729044,2.5079906739149336,0,0,0,1,False,3
Damaged_UR,309,154000,154500,161.918515,162.405809,500,development,3,included,2,0.40729248804696894,-2.6185809363692942,-2.805195856990607,-2.892366996914037,-1.0349669192787336,-1.5316615798697497,-1.62844260229783,3.105543125783553,0,0,0,1,False,3
Damaged_UR,310,154500,155000,162.441561,162.928856,500,development,3,included,2,0.39193754510526757,-2.6091606839038364,-2.7581062113945243,-2.9019558815075794,-1.0500574005899965,-1.745479222587671,-1.601407507436613,3.073353508022176,0,0,0,1,False,3
Damaged_UR,311,155000,155500,162.971783,163.459077,500,development,3,included,2,0.41362607280525,-1.7904770758119943,-1.9019150133816967,-2.2460801276296314,-1.20189528012717,-1.4853094914366454,-1.8298896635262858,6.291825924228728,1,0,4,1,False,3
Damaged_UR,312,155500,156000,163.49705,163.984345,500,development,3,included,2,0.42027190971724737,-2.4701116464609303,-2.685749538967359,-2.5109073169891545,-0.9600536219281959,-1.894905618750889,-1.610346868166719,2.5982138679979907,0,0,0,1,False,3
Damaged_UR,313,156000,156500,164.021311,164.508605,500,development,3,included,2,0.5245529663953156,-2.5468177396252534,-2.791562653883383,-2.133145965528856,-0.7708667603654116,-1.5157023541720986,-1.4117644851765991,4.158494103993887,1,1,1,2,False,3
Damaged_UR,314,156500,157000,164.544976,165.03227,500,development,3,included,2,0.3821704293543336,-2.263998311864677,-2.350489568942424,-2.521959660626092,-1.1299533500501695,-2.278355122285231,-1.622782186931676,5.918573205511269,1,0,3,1,False,3
Damaged_UR,315,157000,157500,165.06731,165.554604,500,development,3,included,2,0.42317016152640224,-2.40875313901968,-2.6778983959696006,-2.7615939747451455,-1.0329367926012822,-1.507399740897828,-1.7495142306812272,2.3885478417227093,0,0,0,1,False,3
Damaged_UR,316,157500,158000,165.591711,166.079005,500,development,3,included,2,0.5254231534026156,-1.4698781487728494,-2.1099869873811286,-1.943868294889146,-0.8852261071633505,-1.7819119374615353,-1.3664120650421117,5.246038930962428,1,1,1,2,False,3
Damaged_UR,317,158000,158500,166.117252,166.604547,500,development,3,included,2,0.526754115041473,-1.3680789266475613,-1.75975693663814,-1.617538511035967,-1.0645140071166328,-1.4850111372790928,-1.583439616345095,7.2025984893473955,1,1,1,2,False,3
Damaged_UR,318,158500,159000,166.641238,167.128532,500,development,3,included,2,0.4736241179203917,-2.5430733666662144,-2.666775808032162,-2.873572588630124,-0.8666594758534908,-1.7084244058695295,-1.4451031866857211,2.847528829909312,0,0,0,1,False,3
Damaged_UR,319,159000,159500,167.167349,167.654643,500,development,3,included,2,0.4942673372849749,-1.3087428485362576,-1.9997747442268619,-2.154868432960475,-1.0493665563853831,-1.783387957156277,-1.4725981702191961,5.664862193955042,1,1,3,2,False,3
Damaged_UR,320,159500,160000,167.691626,168.17892,500,development,3,included,2,0.5427381708525146,-1.4430992156066924,-1.5731901710889644,-1.6771059099575842,-0.92908706027072,-1.7283570061543228,-1.4564293058864066,8.397886829746367,1,1,1,3,False,3
Damaged_UR,321,160000,160500,168.217404,168.704698,500,development,3,included,2,0.3880465886716982,-2.3300960930996557,-2.521779210699815,-2.5587843076127985,-1.1720442228016827,-1.6169499463609591,-1.6137259383932576,2.3205052792887666,0,0,0,1,False,3
Damaged_UR,322,160500,161000,168.742937,169.230231,500,development,3,included,2,0.4038243841218223,-1.7712631673883876,-2.5400352848365757,-2.6923020495646903,-1.1336171032558038,-1.5720477264471289,-1.6793908190677842,2.2035430084743663,0,0,0,1,False,3
Damaged_UR,323,161000,161500,169.264945,169.752239,500,development,3,included,2,0.424603214595144,-2.4775011549351404,-2.876111315315423,-2.731052507885363,-0.9801983829679527,-1.5986488482618177,-1.5517845303295492,2.623464300945673,0,0,0,1,False,3
Damaged_UR,324,161500,162000,169.794643,170.281937,500,development,3,included,2,0.323401641322825,-2.5431310033798376,-2.6385866025174263,-2.7553659551314635,-1.2834588915103708,-2.2918065791990223,-1.732826955230729,6.040578259758005,1,0,4,1,False,3
Damaged_UR,325,162000,162500,170.318763,170.806057,500,development,3,included,2,0.4233313650315248,-2.503926242388245,-2.674681003081533,-2.7104439483413403,-0.973108944792425,-1.7057113235123644,-1.496780365250801,2.713760550175237,0,0,0,1,False,3
Damaged_UR,326,162500,163000,170.84113,171.328424,500,development,3,included,2,0.4211847653752134,-2.5119971493049307,-2.784573418198393,-2.592034119444703,-0.9686079364556024,-1.6254318113889548,-1.5566044403993027,2.741339366092157,0,0,0,1,False,3
Damaged_UR,327,163000,163500,171.368152,171.855446,500,development,3,included,2,0.34827133672935223,-2.707075340557858,-2.7226291546585673,-2.7525811634338053,-1.2183289526488523,-1.8757000102826198,-1.6409778070997,3.4079342830583643,1,0,4,1,False,3
Damaged_UR,328,163500,164000,171.89103,172.378324,500,development,3,included,2,0.43774302926550945,-1.9928420484640186,-2.3309594658307065,-2.536816105233541,-0.9501179305306914,-1.5580824056995828,-1.6621385880147515,3.5430414340458314,1,0,4,1,False,3
Damaged_UR,329,164000,164500,172.414876,172.90217,500,development,3,included,2,0.28659491280575367,-2.235073529956789,-2.387200110990264,-2.7833925172458027,-1.4836540617457812,-1.8793993323659517,-2.1685779976184216,4.187355831308478,1,0,4,1,False,3
Damaged_UR,330,164500,165000,172.939147,173.426441,500,development,3,included,2,0.44620139119960756,-1.9278042623108418,-2.043161787768689,-2.3556160654319527,-1.1117888281060444,-1.2372895832007744,-1.7973118106310244,5.386891853861114,1,0,2,1,False,3
Damaged_UR,331,165000,165500,173.47005,173.957345,500,development,3,included,2,0.3987446074273766,-2.332567448222723,-2.2383552555387762,-2.810276064318169,-1.0995133677006181,-1.4487710386862713,-1.8055150403424205,4.136334309698023,1,0,4,1,False,3
Damaged_UR,332,165500,166000,173.993204,174.480498,500,development,3,included,2,0.41067696996923087,-2.359702076022878,-2.4388136463282732,-2.735043468148749,-1.0087051796726383,-1.7796722631861945,-1.6132420851273088,2.852045671576831,0,0,0,1,False,3
Damaged_UR,333,166000,166500,174.520334,175.007628,500,development,3,included,2,0.39737837803739995,-1.9285924116439481,-2.20427429408104,-1.9308284873244115,-1.2351655312463847,-1.573479104101822,-1.8793546120882374,5.320962587903908,1,0,3,1,False,3
Damaged_UR,334,166500,167000,175.043814,175.531108,500,development,3,included,2,0.2986140585532419,-2.3708758433083115,-2.4707434248394082,-2.5368328127404474,-1.4536955262430937,-1.7292708206773724,-1.7731871672884745,3.768416239187639,1,0,4,1,False,3
Damaged_UR,335,167000,167500,175.567849,176.055143,500,development,3,included,2,0.6537533141502794,-1.2150713949187333,-1.3246683313950895,-2.0394941313492816,-0.7454917829976282,-1.5266122435594465,-1.4043400520817013,9.990106411010926,1,1,1,3,False,3
Damaged_UR,336,167500,168000,176.093526,176.58082,500,development,3,included,2,0.41315654386238043,-2.215603847875809,-2.255989230480187,-2.8000306079066224,-1.048632162536911,-1.5398141887290988,-1.6229497097055492,4.0233576786227525,1,0,2,1,False,3
Damaged_UR,337,168000,168500,176.617438,177.104733,500,development,3,included,2,0.4239411708160279,-2.4251396416463518,-2.539709518826152,-2.544894763287106,-0.9746866355095983,-1.8068731707991175,-1.464350769325699,2.44454159113999,0,0,0,1,False,3
Damaged_UR,338,168500,169000,177.144899,177.632194,500,development,3,included,2,0.38054764863526275,-2.2314512737525534,-2.2362083577647462,-2.650750613173628,-1.1956518980672892,-1.4360467435397795,-1.8596568005786285,4.15008896674947,1,0,4,1,False,3
Damaged_UR,339,169000,169500,177.669529,178.156823,500,development,3,included,2,0.3820376158178944,-2.5675433189338004,-2.866518717397571,-2.846422788606818,-1.1232365804597082,-1.4446341466327381,-1.7052158251029015,2.931144254551167,0,0,0,1,False,3
Damaged_UR,340,169500,170000,178.193232,178.680526,500,development,3,included,2,0.4227778587199786,-2.1965511505125703,-2.369226930517467,-2.7797864740623335,-0.9597895876406529,-1.741397457928317,-1.5443413098254963,3.297871002848868,1,0,4,1,False,3
Damaged_UR,341,170000,170500,178.717365,179.204659,500,development,3,included,2,0.3952960105125181,-2.1364612626336834,-2.3989440588127056,-2.76172203752933,-1.2239163320271265,-1.3199396611535736,-1.7582442471525823,3.1074805179365024,0,0,0,1,False,3
Damaged_UR,342,170500,171000,179.242503,179.729798,500,development,3,included,2,0.39675280450721495,-2.4035403397401294,-2.624931354567934,-3.0993535031475914,-1.0784991265693094,-1.4230524317825783,-1.8484661690335,2.3707353662194466,0,0,0,1,False,3
Damaged_UR,343,171000,171500,179.767303,180.254597,500,development,3,included,2,0.406226539769926,-2.2335302289155132,-2.777820405869981,-2.927654440462985,-1.000303254190814,-1.7693822721268555,-1.5544704483893748,1.789799716874532,0,0,0,1,False,3
Damaged_UR,344,171500,172000,180.292037,180.779332,500,development,3,included,2,0.3646997754087431,-2.6097049135509156,-2.8356059134039646,-2.4507372876813878,-1.1796316890795222,-1.6220024899820937,-1.716011057860107,3.0752131762612307,0,0,0,1,False,3
Damaged_UR,345,172000,172500,180.817461,181.304756,500,development,3,included,2,0.4201068327199995,-2.4103742681351896,-2.6075545994754914,-2.8289104777001226,-0.9828446723098851,-1.712382992619625,-1.5125876941819105,2.394087345760572,0,0,0,1,False,3
Damaged_UR,346,172500,173000,181.348806,181.8361,500,development,3,included,2,0.37857583383374765,-2.297741672971926,-2.6065119191734687,-2.831567204826155,-1.1147396390451365,-1.5014469882633257,-1.9815761618255197,2.4871620704246586,0,0,0,1,False,3
Damaged_UR,347,173000,173500,181.871296,182.35859,500,development,3,included,2,0.3211066829517561,-2.692749831372727,-2.687392830832167,-2.859123734915801,-1.3095316179390548,-1.5804594117702568,-1.943752525814143,3.358983082801541,1,0,4,1,False,3
Damaged_UR,348,173500,174000,182.398877,182.886171,500,development,3,included,2,0.4123967646820404,-2.3887940230321663,-2.6721344052718177,-2.7605661865503275,-0.9828729116060212,-1.8917357474588932,-1.5171003444329583,2.4119257025061316,0,0,0,1,False,3
Damaged_UR,349,174000,174500,182.927209,183.414503,500,development,3,included,2,0.3747708814235305,-2.257979058637112,-2.4694714026562377,-2.970595287976536,-1.129984185789188,-2.3298494572565174,-1.5862816264551052,6.385628125423341,1,0,4,1,False,3
Damaged_UR,350,174500,175000,183.454597,183.941891,500,development,3,included,2,0.3899007635457982,-2.475072953158374,-2.92667560823255,-2.76293486452347,-1.0501623293869402,-1.9214573911639996,-1.5162696091137922,2.6815017622432697,0,0,0,1,False,3
Damaged_UR,351,175000,175500,183.980047,184.467342,500,development,3,included,2,0.38713648785404214,-2.412293009665571,-2.7665098730648667,-2.8146944441536537,-1.0825919793178038,-1.686204976984818,-1.6359537109776918,2.400643810852387,0,0,0,1,False,3
Damaged_UR,352,175500,176000,184.505527,184.992821,500,development,3,included,2,0.635518463606992,-0.9472794367023839,-1.0230936164336866,-1.3576257229652695,-1.1168435764662168,-1.752890288748276,-1.6180550979201578,11.922222988641659,1,1,3,3,False,3
Damaged_UR,353,176000,176500,185.03332,185.520615,500,development,3,included,2,0.4067680551273221,-2.33534583954665,-2.7783433950621803,-2.808126295670163,-0.9939872459256937,-2.0307254914130417,-1.5320814489810266,3.6725661936844736,1,0,4,1,False,3
Damaged_UR,354,176500,177000,185.559998,186.047292,500,development,3,included,2,0.28973457178615014,-1.9971257747584696,-2.5259952368732312,-2.6345230226390797,-1.4646207740011121,-2.194782812338671,-2.08579167380749,5.1605702416760675,1,0,3,1,False,3
Damaged_UR,355,177000,177500,186.087455,186.574749,500,development,3,included,2,0.6746471006586883,-0.7290293198234058,-1.355977537231016,-1.084718454549396,-1.3757148758389153,-1.2937443146952154,-1.8235062011385248,10.182511158745198,1,1,1,3,False,3
Damaged_UR,356,177500,178000,186.611656,187.09895,500,development,3,included,2,0.5779313068973844,-1.1553634110015079,-1.124825783418174,-1.2249733916922299,-1.525528997721453,-1.3794660837169324,-1.9345816125928685,11.27044949253081,1,1,3,3,False,3
Damaged_UR,357,178000,178500,187.136899,187.624193,500,development,3,included,2,0.40825038612643777,-2.257811227998386,-2.6224490547665575,-2.7453045267729688,-1.0254072737447117,-1.5484862381439588,-1.747079915482721,1.8727694761466946,0,0,0,1,False,3
Damaged_UR,358,178500,179000,187.663391,188.150685,500,development,3,included,2,0.3415581332270059,-2.476068156919653,-2.473489444991868,-2.945509169461164,-1.2097403830189344,-1.720558363802382,-1.9746117516732946,2.6298861796940587,0,0,0,1,False,3
Damaged_UR,359,179000,179500,188.193251,188.680545,500,development,3,included,2,0.9624642856271549,-0.32627981762248637,-1.1514569678237456,-0.6100991951834023,-1.1943805481948193,-1.5478733918203718,-1.9339840774973622,12.909561415432135,1,1,3,3,False,3
Damaged_UR,360,179500,180000,188.72218,189.209475,500,development,3,included,2,0.27322215434697134,-2.224211340524743,-2.585149639810495,-2.9559961332791964,-1.627031903761965,-1.671301087565508,-2.064687282129701,5.360347846968564,1,0,4,1,False,3
Damaged_UR,361,180000,180500,189.254131,189.741425,500,development,3,included,2,0.42777344149402924,-2.244023798536029,-2.266148660092191,-2.7684695988397534,-1.0022470438886595,-1.3844286816289186,-1.7129376267041414,3.9582686595545,1,0,2,1,False,3
Unbalanced_LR,249,124000,124500,130.481392,130.968686,500,development,3,included,3,0.3930718502906643,-1.1461380757857906,-2.9179042768473824,-2.7986710440120324,-1.4826201280892688,-1.4154162002222948,-2.155419117192037,4.067717185482926,1,0,3,1,False,3
Unbalanced_LR,250,124500,125000,131.004719,131.492013,500,development,3,included,3,0.41542446679351114,-1.0659919460496363,-2.755523394139184,-2.5004072956880603,-1.2718459566132272,-2.006178866282674,-1.8154530368323099,3.449927683239229,1,0,3,1,False,3
Unbalanced_LR,251,125000,125500,131.532353,132.019648,500,development,3,included,3,0.42493046030837794,-1.159774368239535,-2.6981512893282145,-2.5246756982412704,-1.2216255741007227,-1.4772263376732648,-2.0451232082548523,3.0649226651462995,0,0,0,1,False,3
Unbalanced_LR,252,125500,126000,132.056316,132.543611,500,development,3,included,3,0.4668443011089987,-1.4023073114278835,-2.5226884472173277,-1.854689095144452,-0.9220040421369776,-1.8191611494828197,-1.6568625432353086,5.758441566876886,1,0,3,1,False,3
Unbalanced_LR,253,126000,126500,132.587934,133.075228,500,development,3,included,3,0.34501253371426843,-1.3720719510619213,-2.6663284819663082,-2.778691008469015,-1.5147853851225928,-1.5066940770378514,-2.1262629793605314,4.329469139087793,1,0,3,1,False,3
Unbalanced_LR,254,126500,127000,133.112317,133.599611,500,development,3,included,3,0.4485754892491514,-1.3370310611662555,-2.736648008085827,-2.4629494821727933,-0.9992985666519505,-1.555481155285179,-1.7528810170346725,2.2635209292400242,0,0,0,1,False,3
Unbalanced_LR,255,127000,127500,133.635607,134.122902,500,development,3,included,3,0.43991831551445465,-1.371550710270483,-2.562241509785918,-2.650477202617961,-1.0136702968061093,-1.6177631332013902,-1.6758197258081506,2.0612730726254247,0,0,0,1,False,3
Unbalanced_LR,256,127500,128000,134.157819,134.645113,500,development,3,included,3,0.47412903525202,-1.2259530956933482,-2.5472203431199616,-1.5604209295973512,-1.0308338271552375,-1.7917578488127492,-1.7144081667497812,7.449237000382872,1,0,3,1,False,3
Unbalanced_LR,257,128000,128500,134.683695,135.170989,500,development,3,included,3,0.4879103162895782,-1.1509515013758873,-2.6242668763276034,-2.6840223632553264,-0.9962193927171678,-1.4721936159168842,-1.6664995618263747,1.9094424811322142,0,1,0,2,False,3
Unbalanced_LR,258,128500,129000,135.207185,135.694479,500,development,3,included,3,0.37723898223716285,-1.244481220113866,-2.699049216748892,-2.5043500733502553,-1.2368242030803884,-2.1443888009989793,-2.0098596059446114,4.7034952849175795,1,0,3,1,False,3
Unbalanced_LR,259,129000,129500,135.744404,136.231698,500,development,3,included,3,0.4900663062511,-1.4217812476962666,-2.5440740298358278,-1.623767939998541,-0.8821733764208414,-1.891989268086976,-1.5708714368179937,7.085260028176395,1,1,3,2,False,3
Unbalanced_LR,260,129500,130000,136.269824,136.757118,500,development,3,included,3,0.42341085618604674,-1.2479178374557514,-2.4087300877608597,-2.6853278688441473,-1.0791610727926901,-2.4529543600592354,-1.6242972674162768,7.502192705806168,1,0,3,1,False,3
Unbalanced_LR,261,130000,130500,136.792635,137.279929,500,development,3,included,3,0.4060591255554751,-1.4814456695221676,-2.6109418785130805,-2.6074908421072602,-1.0768747185681025,-1.5187123120728285,-2.078508885404963,3.3684604339217983,1,0,3,1,False,3
Unbalanced_LR,262,130500,131000,137.317903,137.805198,500,development,3,included,3,0.41459783814805806,-1.493460966095555,-2.6324778607250665,-2.1560785325612994,-1.064788221805517,-1.6811998116826368,-1.7619165321048498,4.0267289857897595,1,0,3,1,False,3
Unbalanced_LR,263,131000,131500,137.844581,138.331875,500,development,3,included,3,0.44841951429866084,-1.361192668595597,-2.423899557561624,-2.5430093965545355,-1.006728903933165,-1.6586559904048512,-1.5958549231121661,2.947596646896454,0,0,0,1,False,3
Unbalanced_LR,264,131500,132000,138.367985,138.855279,500,development,3,included,3,0.4259346733337135,-1.208274169384038,-2.7233613845861835,-2.676771670670782,-1.177525402947493,-1.437383288984326,-2.1330209243226768,3.8640760414797586,1,0,3,1,False,3
Unbalanced_LR,265,132000,132500,138.896203,139.383497,500,development,3,included,3,0.47520873871619335,-1.5033709293841935,-2.903668527332396,-2.704560247456524,-0.8843746784325104,-1.5551879688580903,-1.5614156296575161,1.4602603119859878,0,0,0,1,False,3
Unbalanced_LR,266,132500,133000,139.421699,139.908993,500,development,3,included,3,0.4095668142973158,-1.6272665340095631,-2.810794761579841,-2.5917114493425246,-1.0184223452837753,-1.7128260827694206,-1.7145998253331998,1.5236850530246524,0,0,0,1,False,3
Unbalanced_LR,267,133000,133500,139.947812,140.435106,500,development,3,included,3,0.4379025324908119,-1.317870042219032,-2.7254299354169733,-2.4705414378104855,-1.0272639656830576,-1.686553789455617,-1.739609914513576,2.219899343807143,0,0,0,1,False,3
Unbalanced_LR,268,133500,134000,140.478693,140.965987,500,development,3,included,3,0.3824237943526358,-1.2675717631774537,-2.555509164722644,-2.8825620529998393,-1.290687084117666,-1.744530502764239,-1.8491451200177804,2.2713370047589385,0,0,0,1,False,3
Unbalanced_LR,269,134000,134500,141.002819,141.490114,500,development,3,included,3,0.3731533061406083,-1.6592604614882633,-2.7040041942409547,-2.8200265257952135,-1.1134343469799481,-1.6696086733110718,-1.961435106182705,2.304042493034781,0,0,0,1,False,3
Unbalanced_LR,270,134500,135000,141.52571,142.013004,500,development,3,included,3,0.38368252144335147,-1.6558100869173706,-2.844345082071785,-2.509070655593366,-1.0819435206794485,-1.9178470004658326,-1.7104830737884131,2.6487554273440237,0,0,0,1,False,3
Unbalanced_LR,271,135000,135500,142.050224,142.537519,500,development,3,included,3,0.4632853899798886,-1.752839703436299,-2.761746491513803,-2.5818861836638742,-0.9030482134197676,-1.4239678145517483,-1.6295847078712222,1.8307412736419313,0,0,0,1,False,3
Unbalanced_LR,272,135500,136000,142.5755,143.062794,500,development,3,included,3,0.34867216754893116,-1.4366106793464466,-2.7934768663547342,-2.7270532922080686,-1.3158559675775086,-1.6529387873651131,-2.1369117270832723,3.899450659864361,1,0,3,1,False,3
Unbalanced_LR,273,136000,136500,143.101495,143.588789,500,development,3,included,3,0.466204526904094,-1.526667278154122,-2.877295340908875,-2.392954675695693,-0.9143967214047993,-1.4905601453554966,-1.6392670454429443,2.665694568854036,0,0,0,1,False,3
Unbalanced_LR,274,136500,137000,143.632306,144.1196,500,development,3,included,3,0.5036907830531472,-1.3863120604943666,-2.540316931585137,-2.373224993588546,-0.8632584813149503,-1.418733412731874,-1.6274105713815248,2.779056666141279,0,1,0,2,False,3
Unbalanced_LR,275,137000,137500,144.157131,144.644425,500,development,3,included,3,0.47003030283700237,-1.0135452513283179,-2.4981094276211455,-2.47108585925447,-1.0778467567714447,-1.9326195657476593,-1.7673660021986666,2.7827429678850697,0,0,0,1,False,3
Unbalanced_LR,276,137500,138000,144.687413,145.174707,500,development,3,included,3,0.5343105250225391,-0.8827139944662037,-2.550349732379367,-2.448832044172734,-1.0153345824213953,-1.515681034871625,-1.7771807997754059,2.8260275565692403,0,1,0,2,False,3
Unbalanced_LR,277,138000,138500,145.213515,145.700809,500,development,3,included,3,0.546564898465882,-1.0695448071046982,-2.3642552512083754,-2.5551260572372336,-0.8590958287961994,-1.4214917262819184,-1.6092800254015844,3.3297233549699294,1,1,1,3,False,3
Unbalanced_LR,278,138500,139000,145.737346,146.22464,500,development,3,included,3,0.5073185176837651,-1.5473325557840678,-2.7049662165913144,-2.0252995311618527,-0.8035903459222037,-1.5483182377887714,-1.5615810598857354,4.778154264679687,1,1,1,2,False,3
Unbalanced_LR,279,139000,139500,146.265247,146.752542,500,development,3,included,3,0.3999657686638494,-1.7841002860613926,-3.003146891581194,-2.737170550215924,-0.9815107105770682,-2.2638001934618104,-1.5788321259252738,5.786559633149584,1,0,3,1,False,3
Unbalanced_LR,280,139500,140000,146.789581,147.276876,500,development,3,included,3,0.5016844760249115,-1.5840797722356228,-2.782724310885895,-2.7710254316782286,-0.810603649306192,-1.441827435719292,-1.589172874265592,2.1377778341917804,0,1,0,2,False,3
Unbalanced_LR,281,140000,140500,147.316169,147.803463,500,development,3,included,3,0.3188082330755421,-1.6169128256792875,-2.6109401230632505,-3.0112035220210296,-1.361882435809785,-1.702994070119162,-2.1226834663523557,3.770089362311523,1,0,4,1,False,3
Unbalanced_LR,282,140500,141000,147.840286,148.32758,500,development,3,included,3,0.3526836618571734,-1.5653718470968803,-2.9370770449924106,-2.7179574155278545,-1.2391674694463004,-1.655519991675209,-1.9877237842989364,2.5430553686334934,0,0,0,1,False,3
Unbalanced_LR,283,141000,141500,148.366037,148.853332,500,development,3,included,3,0.42509721964755953,-1.3530081090500627,-2.874715423133596,-2.6416190002465902,-1.071834885316942,-1.4999872655386506,-1.9636935533448174,2.324575969393601,0,0,0,1,False,3
Unbalanced_LR,284,141500,142000,148.887521,149.374815,500,development,3,included,3,0.3758682047384768,-1.3156348182272104,-2.6800518903524937,-2.544158251973012,-1.2324727373030335,-2.403057568770766,-1.7676778131440434,7.049627547481465,1,0,3,1,False,3
Unbalanced_LR,285,142000,142500,149.411381,149.898675,500,development,3,included,3,0.3317438954482199,-1.7308717723121028,-2.805050584448258,-2.531904004038917,-1.2773097005479996,-1.6177656833440648,-2.224922981496591,4.699636310484389,1,0,3,1,False,3
Unbalanced_LR,286,142500,143000,149.941921,150.429215,500,development,3,included,3,0.4821473793208621,-1.632001486348737,-2.9332494929416653,-2.4393154977014246,-0.8562554415733992,-1.4257847063553584,-1.6476907346262375,2.3993162265174166,0,0,0,1,False,3
Unbalanced_LR,287,143000,143500,150.46743,150.954724,500,development,3,included,3,0.48349135376610575,-1.3250071537915813,-3.0298180436487754,-2.8825585756069567,-0.9155773226269228,-1.3991540600198724,-1.7392225981665794,2.055802654511603,0,0,0,1,False,3
Unbalanced_LR,288,143500,144000,150.991409,151.478703,500,development,3,included,3,0.3557799815880021,-1.7450618447148243,-2.8347300076867987,-2.673455200374792,-1.1192413275318855,-2.320975505339538,-1.7133361242449916,6.305141157212188,1,0,3,1,False,3
Unbalanced_LR,289,144000,144500,151.514946,152.00224,500,development,3,included,3,0.3886674326708907,-1.6569877939069928,-3.1307026673137623,-2.6697047180391844,-1.1169705783615267,-1.510105771622246,-1.841020479503954,1.5807206745601563,0,0,0,1,False,3
Unbalanced_LR,290,144500,145000,152.041511,152.528805,500,development,3,included,3,0.4704926891229839,-1.4080003855492977,-2.5511278662902397,-2.780445630972846,-0.927997936920977,-1.4612973979914514,-1.7068568585173103,2.1324755102655515,0,0,0,1,False,3
Unbalanced_LR,291,145000,145500,152.565978,153.053273,500,development,3,included,3,0.4898078293896964,-1.1487270627552288,-2.632641209314773,-2.416452547136765,-1.0007162952052124,-1.3893111095836046,-1.7534261684206143,2.5306813449267764,0,1,0,2,False,3
Unbalanced_LR,292,145500,146000,153.088595,153.57589,500,development,3,included,3,0.3821306963486254,-1.2136779161569384,-2.8713416321629586,-2.7894120477711715,-1.2602435846859006,-1.7600100601289401,-2.2089187202243266,4.554127871771557,1,0,3,1,False,3
Unbalanced_LR,293,146000,146500,153.618719,154.106013,500,development,3,included,3,0.4711358369217779,-1.6340153929435626,-2.1985809231546973,-1.6703583098108805,-0.9040923232161326,-1.699906478200952,-1.6283587599307279,6.817562758315072,1,0,3,1,False,3
Unbalanced_LR,294,146500,147000,154.143337,154.630631,500,development,3,included,3,0.5360907541138952,-1.0321861629526863,-2.530220217567736,-2.0556764502924127,-0.9836040602563569,-1.1868548448025453,-2.0174460274488815,4.603615656147427,1,1,1,2,False,3
Unbalanced_LR,295,147000,147500,154.671698,155.158992,500,development,3,included,3,0.3885186538641715,-1.4848311164422048,-2.6715892806429644,-2.9147721467038648,-1.3730918273248225,-1.2002381575310632,-2.2256471756337937,4.706220579288597,1,0,4,1,False,3
Unbalanced_LR,296,147500,148000,155.196803,155.684098,500,development,3,included,3,0.4987488518684228,-1.8050006397466543,-2.8608854174476197,-2.1801664768330338,-0.7857512732898339,-1.4762766970065568,-1.6565213884916008,3.888325342631573,1,1,3,2,False,3
Unbalanced_LR,297,148000,148500,155.723882,156.211176,500,development,3,included,3,0.41812908179370256,-1.779519679786749,-2.4759469886361045,-2.4880886029506675,-0.9462615440374742,-1.885270493546587,-1.7105020844505414,2.6141412893577187,0,0,0,1,False,3
Unbalanced_LR,298,148500,149000,156.247646,156.73494,500,development,3,included,3,0.42586388177285234,-1.2416183939465166,-2.8593022840204276,-2.7682281581331463,-1.130410269399624,-1.5270463793101618,-1.8768332783630397,1.5996277892052109,0,0,0,1,False,3
Unbalanced_LR,299,149000,149500,156.773551,157.260845,500,development,3,included,3,0.3907680426833524,-1.315802618364753,-2.3953296396737613,-2.184480198141602,-1.2490061176984193,-1.7030156024485117,-1.8877464003878441,3.863539718007909,1,0,3,1,False,3
Unbalanced_LR,300,149500,150000,157.297213,157.784507,500,development,3,included,3,0.5184199905069359,-0.7567157800812195,-2.522451473085094,-2.7607158709317123,-1.4684469169937835,-1.3846892497912044,-2.0904824009296266,3.9038938898163624,1,1,3,2,False,3
Unbalanced_LR,301,150000,150500,157.824647,158.311941,500,development,3,included,3,0.5464140085342212,-0.6997775887110639,-2.597394639145696,-2.6512765464527095,-1.6437857873559452,-1.2250701329445153,-2.180125331635428,5.514216511054587,1,1,3,3,False,3
Unbalanced_LR,302,150500,151000,158.349405,158.836699,500,development,3,included,3,0.45380445120764007,-1.5509818400206346,-2.821127674235604,-2.7929167132864,-0.9412979089731048,-1.4276983036929567,-1.7401116614814982,1.7969056428283376,0,0,0,1,False,3
Unbalanced_LR,303,151000,151500,158.873244,159.360538,500,development,3,included,3,0.4459543323095536,-1.100631076359429,-2.511680050126251,-2.276785917061535,-1.1089212473254086,-2.232813007073431,-1.6946268445721386,5.505505069283574,1,0,3,1,False,3
Unbalanced_LR,304,151500,152000,159.397421,159.884715,500,development,3,included,3,0.321099117154903,-1.3827630891795384,-2.634226889051068,-2.9637662226615027,-1.4198097163345802,-2.3102934323176436,-1.9991635999620183,6.20825448487206,1,0,3,1,False,3
Unbalanced_LR,305,152000,152500,159.931048,160.418342,500,development,3,included,3,0.49992829692071145,-1.3586153084080281,-2.638962121977552,-2.528380124336851,-0.8810355126283416,-1.3389003792872205,-1.7365377229728893,2.6023050619062897,0,1,0,2,False,3
Unbalanced_LR,306,152500,153000,160.456161,160.943455,500,development,3,included,3,0.3904494223908537,-1.5470173367830002,-2.8544836979939463,-2.8922267337858827,-1.05463335991332,-2.2249697388002287,-1.63987768483572,5.434366427776077,1,0,3,1,False,3
Unbalanced_LR,307,153000,153500,160.979913,161.467207,500,development,3,included,3,0.3964162522343489,-1.7875781103868946,-2.9077836674741793,-2.874424388453744,-1.0362571976866932,-1.6312714811325033,-1.750138065799406,0.38296023076889707,0,0,0,1,False,3
Unbalanced_LR,308,153500,154000,161.505436,161.992731,500,development,3,included,3,0.4104450223366793,-1.5754790987854828,-2.9100925574490297,-2.776867555971359,-1.0234092346655332,-1.681541852401152,-1.6870578857054122,0.5054617608523232,0,0,0,1,False,3
Unbalanced_LR,309,154000,154500,162.03057,162.517864,500,development,3,included,3,0.4112359823218914,-1.6403339600861535,-2.5951061096150725,-3.0296231355143424,-1.0168622298612937,-1.6896732371943028,-1.6468173341285732,1.8507174955266081,0,0,0,1,False,3
Unbalanced_LR,310,154500,155000,162.555787,163.043081,500,development,3,included,3,0.38919684298398033,-1.9092855280888823,-2.6736442202966395,-2.5264228150074484,-1.0352224747361747,-1.628311376480879,-1.83398378008452,1.8988181381422813,0,0,0,1,False,3
Unbalanced_LR,311,155000,155500,163.079186,163.56648,500,development,3,included,3,0.41159636887568907,-1.6114807364249466,-2.7687820219507726,-2.5186190920093776,-1.0138462324687674,-1.6853980401452915,-1.7126896052575034,1.9436564888519225,0,0,0,1,False,3
Unbalanced_LR,312,155500,156000,163.603175,164.09047,500,development,3,included,3,0.36656872934221735,-1.8314748850396014,-2.995190207274049,-2.660419669728048,-1.1203139066641934,-1.6746084210472854,-1.775208091023813,1.1289038334653398,0,0,0,1,False,3
Unbalanced_LR,313,156000,156500,164.126893,164.614188,500,development,3,included,3,0.40288686183342176,-1.6664688383210697,-3.1277193769398886,-2.637864496537153,-1.0040568761822737,-1.8873350900004586,-1.6313078721440109,2.372011628114149,0,0,0,1,False,3
Unbalanced_LR,314,156500,157000,164.650241,165.137535,500,development,3,included,3,0.386573113984263,-1.751995904994585,-2.924116780621449,-2.5560547215225395,-1.0738854745651514,-1.5584508817179237,-1.8677694553635902,1.7285601962794768,0,0,0,1,False,3
Unbalanced_LR,315,157000,157500,165.175898,165.663193,500,development,3,included,3,0.457282495832889,-1.6914668274506472,-2.933539824623411,-1.7165935695709515,-0.9476989717627117,-1.4163578222393542,-1.82275873542955,6.551905867009993,1,0,3,1,False,3
Unbalanced_LR,316,157500,158000,165.704118,166.191412,500,development,3,included,3,0.3715493563884609,-1.6408403056161118,-2.697807394125966,-2.7237509431911593,-1.1270482940088602,-1.799278804908638,-1.7437429717403157,1.5733388963612698,0,0,0,1,False,3
Unbalanced_LR,317,158000,158500,166.237046,166.72434,500,development,3,included,3,0.41860809157005624,-1.8734922959903946,-2.80003075240434,-2.823648503098064,-1.0105995499847422,-1.3359993213129666,-1.9501727311277497,2.62861773106846,0,0,0,1,False,3
Unbalanced_LR,318,158500,159000,166.762777,167.250071,500,development,3,included,3,0.44473582813178936,-2.0143793881592678,-2.8751036652087274,-2.870973880564886,-0.9060442617901661,-1.4825723968648192,-1.6184694687075813,1.299196230600313,0,0,0,1,False,3
Unbalanced_LR,319,159000,159500,167.28555,167.772844,500,development,3,included,3,0.3532082029486752,-1.837432218491514,-2.7700128119100125,-2.9506337958982654,-1.1539224496263945,-1.723111594428783,-1.8207790679884874,1.0252180496571939,0,0,0,1,False,3
Unbalanced_LR,320,159500,160000,167.80821,168.295504,500,development,3,included,3,0.3871816210130251,-1.7055910685222297,-2.99678566767574,-2.7529876593828773,-1.0861074763065623,-1.6110133567424663,-1.7614232074177454,0.7227467059523869,0,0,0,1,False,3
Unbalanced_LR,321,160000,160500,168.334662,168.821956,500,development,3,included,3,0.43579117052121885,-1.3923070718053887,-2.8211604498284513,-2.651739475108844,-1.0246554252193065,-1.510550149040559,-1.7708664515331576,1.1787781832673567,0,0,0,1,False,3
Unbalanced_LR,322,160500,161000,168.857899,169.345194,500,development,3,included,3,0.40484847171219684,-1.4084778918099239,-2.8189515621519177,-2.471782377503619,-1.096588912420762,-1.687951766154768,-1.781241687294165,2.212769197185589,0,0,0,1,False,3
Unbalanced_LR,323,161000,161500,169.383431,169.870725,500,development,3,included,3,0.35042627377422825,-1.2537078765819143,-2.82606344150587,-2.8576344782088636,-1.42064982951248,-1.6910123512083064,-2.4091221860917185,6.374348952125125,1,0,3,1,False,3
Unbalanced_LR,324,161500,162000,169.910414,170.397708,500,development,3,included,3,0.27463045357252597,-1.7538163136884124,-2.9187992364825712,-2.6377972427101017,-1.5756619216059786,-1.764853462426997,-2.0629679175690785,4.888562873405506,1,0,3,1,False,3
Unbalanced_LR,325,162000,162500,170.438134,170.925429,500,development,3,included,3,0.3834008352312592,-1.5317430464359474,-2.922925328240852,-2.932087088276325,-1.1704230445544177,-1.3998426939455584,-2.248905406829174,4.917681067897768,1,0,4,1,False,3
Unbalanced_LR,326,162500,163000,170.961384,171.448678,500,development,3,included,3,0.31454650216321084,-1.5242418802203985,-2.8820803750104997,-3.088603411020754,-1.3313933202742902,-2.096881221042684,-2.058219589661589,4.272600333772437,1,0,4,1,False,3
Unbalanced_LR,327,163000,163500,171.486023,171.973317,500,development,3,included,3,0.46489749778384515,-1.4584306882583395,-2.0018903692064183,-1.630960217301076,-0.9847834539574561,-1.6274296427055617,-1.7416016788941981,7.043934900135358,1,0,3,1,False,3
Unbalanced_LR,328,163500,164000,172.009893,172.497187,500,development,3,included,3,0.314209904852471,-1.4888499191424664,-2.976543887787599,-2.6051023552153785,-1.4664641693777463,-1.7060415269372475,-2.175275380870135,4.248247475342505,1,0,3,1,False,3
Unbalanced_LR,329,164000,164500,172.534486,173.02178,500,development,3,included,3,0.3971442420856044,-1.464182414812092,-2.9216909927702432,-2.788531982430665,-1.0997768809119108,-1.5196991446300119,-2.0460748145575174,3.0735745326092516,0,0,0,1,False,3
Unbalanced_LR,330,164500,165000,173.058317,173.545611,500,development,3,included,3,0.41863165334789115,-1.6337920953568277,-2.832728424034906,-2.896412924777633,-1.0707078114503217,-1.320961950908514,-1.9021301566871538,2.765007060765718,0,0,0,1,False,3
Unbalanced_LR,331,165000,165500,173.592365,174.079659,500,development,3,included,3,0.38260388202904305,-1.5370479175468155,-3.008497623521825,-3.0965241622180457,-1.132368146396776,-1.5459268613681132,-2.0080202999610357,2.7275883661309,0,0,0,1,False,3
Unbalanced_LR,332,165500,166000,174.118717,174.606012,500,development,3,included,3,0.3894863648771242,-1.364887318367965,-2.8952491411027115,-2.665965878223749,-1.1321483132379033,-1.8889653263642352,-1.8581227164654166,2.386797913144259,0,0,0,1,False,3
Unbalanced_LR,333,166000,166500,174.647642,175.134936,500,development,3,included,3,0.3742904850553303,-1.1932289766261894,-2.728214003728309,-2.625362095359414,-1.3008911397899823,-2.3939438558694137,-1.8428001675515975,6.966965941081145,1,0,3,1,False,3
Unbalanced_LR,334,166500,167000,175.171534,175.658828,500,development,3,included,3,0.42301511593198016,-1.594882697489456,-2.842878560264939,-2.657989512451609,-1.0819606717290082,-1.3013698932556625,-1.8573752835671236,2.9427075189436454,0,0,0,1,False,3
Unbalanced_LR,335,167000,167500,175.69716,176.184455,500,development,3,included,3,0.4744584580881146,-1.6606944376871768,-1.9913391990281526,-1.4104693443817522,-0.9464008298854351,-1.72551334487163,-1.7193509462272056,8.31082342125223,1,0,3,1,False,3
Unbalanced_LR,336,167500,168000,176.220957,176.708251,500,development,3,included,3,0.4135993147159062,-1.4687884972299337,-2.622486282390322,-2.268068007280021,-1.062181799602052,-1.7156200218472786,-1.721780256527843,3.3832638929785537,1,0,3,1,False,3
Unbalanced_LR,337,168000,168500,176.742679,177.229973,500,development,3,included,3,0.4585108213379005,-1.6579987838496724,-2.7277547154444073,-2.773736271625932,-0.9101616451270972,-1.415721280110324,-1.7177902838264556,1.9055375494893465,0,0,0,1,False,3
Unbalanced_LR,338,168500,169000,177.267445,177.754739,500,development,3,included,3,0.43488910484685295,-1.4956460425326805,-2.714992024823599,-2.8631196468702376,-0.9773259359893334,-1.6462820859991574,-1.6611552144029875,1.0826373060834322,0,0,0,1,False,3
Unbalanced_LR,339,169000,169500,177.794661,178.281955,500,development,3,included,3,0.45045161992372457,-1.3963878925967443,-2.604691559470057,-2.758885638109986,-0.9620319869624847,-1.699510636035904,-1.6040590038899982,1.7893058265435713,0,0,0,1,False,3
Unbalanced_LR,340,169500,170000,178.324534,178.811828,500,development,3,included,3,0.39494486387528827,-1.4890159151164295,-2.8480112211657076,-2.46913328549573,-1.1427998389078438,-1.6336900008267767,-1.732336795190834,2.2279902546912447,0,0,0,1,False,3
Unbalanced_LR,341,170000,170500,178.850454,179.337748,500,development,3,included,3,0.44153197131416055,-1.8907151312203416,-2.8155057086013424,-2.383503950390416,-0.920749469291235,-1.5326776076898985,-1.6724647425605905,2.7199962061370697,0,0,0,1,False,3
Unbalanced_LR,342,170500,171000,179.375654,179.862948,500,development,3,included,3,0.45761363967353214,-1.7102342201588916,-2.661823168666944,-1.6747441245546317,-0.9288155750193234,-1.684844389799942,-1.6297703291326888,6.7923629018265155,1,0,3,1,False,3
Unbalanced_LR,343,171000,171500,179.899765,180.38706,500,development,3,included,3,0.3816962260880014,-1.4598376426728028,-2.6476139119508573,-2.541213763673412,-1.1896942706516358,-1.553480788893618,-1.9645797356346835,2.3326330111539,0,0,0,1,False,3
Unbalanced_LR,344,171500,172000,180.422984,180.910278,500,development,3,included,3,0.46102590494272383,-1.3994372601892862,-3.0469116191845753,-2.437850390447549,-0.9625394634814665,-1.3875487863306935,-1.8347358456904037,2.4077343870406382,0,0,0,1,False,3
Unbalanced_LR,345,172000,172500,180.945884,181.433179,500,development,3,included,3,0.35112977014436897,-1.7455893266069629,-2.9743415372660182,-2.648755449588716,-1.1593918600508228,-1.9201961357147936,-1.771969293105321,2.6700621434357634,0,0,0,1,False,3
Unbalanced_LR,346,172500,173000,181.469636,181.956931,500,development,3,included,3,0.43689781959209406,-1.916611366033424,-2.836913993711315,-2.506080270738128,-0.8978556355566485,-1.8201761650416406,-1.562333301720155,2.015701596781151,0,0,0,1,False,3
Unbalanced_LR,347,173000,173500,181.99354,182.480834,500,development,3,included,3,0.42202758092998605,-1.754025583939404,-2.9958495453674105,-2.6556380601730836,-0.953277683349064,-1.7292286173344127,-1.6449201285609607,1.1563778335336508,0,0,0,1,False,3
Unbalanced_LR,348,173500,174000,182.518539,183.005833,500,development,3,included,3,0.48161038118792593,-1.4902433588632489,-2.7055146737899403,-2.5233801633399806,-0.840538888109853,-1.8493504498179834,-1.5168119349428058,2.0274899814474345,0,0,0,1,False,3
Unbalanced_LR,349,174000,174500,183.043371,183.530666,500,development,3,included,3,0.48919542757746454,-1.3571411464705914,-2.8750392570879026,-2.826561474551072,-0.8627869743666869,-1.608673137585657,-1.5900319659004933,1.6585230709851118,0,1,0,2,False,3
Unbalanced_LR,350,174500,175000,183.569067,184.056361,500,development,3,included,3,0.45372249382863694,-1.4412623396677806,-2.655577317349778,-2.9174828254525846,-0.9320854797802355,-1.734367660945862,-1.5899879883896444,1.4632930294252975,0,0,0,1,False,3
Unbalanced_LR,351,175000,175500,184.093545,184.580839,500,development,3,included,3,0.40926352449373077,-1.736156696808365,-2.6913835838957274,-2.6856723059927856,-0.9960562099769521,-1.833447933599438,-1.6357824295571768,1.883253757346382,0,0,0,1,False,3
Unbalanced_LR,352,175500,176000,184.622887,185.110181,500,development,3,included,3,0.4362516376198263,-1.621456394238671,-2.9019525472274963,-2.054912656940429,-0.9778271516202602,-1.5813070931368494,-1.7049048468385357,4.608004232496742,1,0,3,1,False,3
Unbalanced_LR,353,176000,176500,185.151778,185.639072,500,development,3,included,3,0.4206799600338055,-1.7306961688966718,-2.702573359139921,-2.3349967883802685,-0.9716318666863976,-1.6574592443851606,-1.6920624625829535,2.998706911614196,0,0,0,1,False,3
Unbalanced_LR,354,176500,177000,185.677622,186.164916,500,development,3,included,3,0.3815826145213733,-1.481491900057358,-2.598687935740422,-2.630959511551787,-1.132301826680424,-1.997075011274085,-1.7246600598530433,3.3673554881754697,1,0,3,1,False,3
Unbalanced_LR,355,177000,177500,186.204035,186.69133,500,development,3,included,3,0.41434097545815624,-1.5289968085962964,-2.8036253445158166,-2.670662025453101,-1.0261661589658257,-1.713514045686745,-1.6935837804843388,1.07005367461086,0,0,0,1,False,3
Unbalanced_LR,356,177500,178000,186.730586,187.217881,500,development,3,included,3,0.4367529339263604,-1.5606605170393546,-2.88445708229885,-2.221450363928447,-0.9700567678898872,-1.7038019147427337,-1.618015907336125,3.6511178701599083,1,0,3,1,False,3
Unbalanced_LR,357,178000,178500,187.253869,187.741163,500,development,3,included,3,0.36708858779040826,-1.9984333379437973,-2.8032238756301235,-2.6795183400838867,-1.0936267801266706,-1.726531521251225,-1.7564729126315695,1.0191673807856865,0,0,0,1,False,3
Unbalanced_LR,358,178500,179000,187.777904,188.265198,500,development,3,included,3,0.44175562261057433,-1.657028471142453,-2.4429766475506978,-2.5238103704837234,-0.919059953748027,-1.7801971214301275,-1.5723964451227264,2.825374325222171,0,0,0,1,False,3
Unbalanced_LR,359,179000,179500,188.306897,188.794191,500,development,3,included,3,0.4025397245584876,-1.847685486150647,-2.742009968996447,-2.146006908991022,-1.0133510334209255,-1.7561265197221982,-1.6849197383384873,4.084598157974784,1,0,3,1,False,3
Unbalanced_LR,360,179500,180000,188.831694,189.318988,500,development,3,included,3,0.36964958840906587,-2.025617980764908,-2.8461038363429587,-2.889097707748749,-1.0604673896255368,-1.7881868374365646,-1.7573688913429826,1.4727344709963195,0,0,0,1,False,3
Unbalanced_LR,361,180000,180500,189.357143,189.844437,500,development,3,included,3,0.4440065665290411,-1.508706469349412,-2.467600071186166,-1.9788221328834943,-0.9716006304364274,-1.7337484250469637,-1.6294879167478773,5.045202426767438,1,0,3,1,False,3
Unbalanced_UR,247,123000,123500,130.313282,130.800577,500,development,3,included,4,0.48109755144814365,-2.7433470477343036,-2.892009608981626,-3.099168689728648,-0.7948971404849932,-1.491980520167868,-1.5702408882912233,3.5318770748087593,1,0,2,1,False,3
Unbalanced_UR,248,123500,124000,130.840278,131.327573,500,development,3,included,4,0.34996924054982415,-2.313020703644745,-2.814300888655246,-2.7490804140514973,-1.2109885900398591,-1.4704104668339948,-1.9359841888034506,2.072646417410692,0,0,0,1,False,3
Unbalanced_UR,249,124000,124500,131.3683,131.855594,500,development,3,included,4,0.44267176052047286,-2.123167775448721,-2.8194269830145986,-2.9828088497321565,-0.9030005973080373,-1.5447798769175651,-1.6034025972294772,1.4126840073614142,0,0,0,1,False,3
Unbalanced_UR,250,124500,125000,131.898867,132.386161,500,development,3,included,4,0.4101014702126706,-1.8965837295504322,-2.5818391736510473,-2.5760280471416954,-0.9619012184207028,-1.7558966590175062,-1.691397948086708,1.9357155594847855,0,0,0,1,False,3
Unbalanced_UR,251,125000,125500,132.432837,132.920131,500,development,3,included,4,0.37987694493299673,-2.278745059610042,-2.7345266230899234,-3.0396420325279845,-1.0134067161775124,-1.7230550295550615,-1.753695331589795,1.9443017456194203,0,0,0,1,False,3
Unbalanced_UR,252,125500,126000,132.956881,133.444176,500,development,3,included,4,0.35746593962459866,-2.4281263325809586,-2.884934232830811,-2.9430844650573036,-1.0539634140933856,-1.7549401670794216,-1.8859703953945233,2.454747309076838,0,0,0,1,False,3
Unbalanced_UR,253,126000,126500,133.487293,133.974587,500,development,3,included,4,0.44349374576050377,-1.8409504986873617,-2.9202384109381354,-2.9733675116596934,-0.9651005417196561,-1.4541386486674768,-1.6893856660424735,1.5570910455253908,0,0,0,1,False,3
Unbalanced_UR,254,126500,127000,134.013267,134.500561,500,development,3,included,4,0.3219718835195623,-2.5476289885480603,-3.0153904056858516,-3.0946094787521656,-1.2264134138965077,-1.5341526412225472,-2.302522299437942,5.405158134124866,1,0,4,1,False,3
Unbalanced_UR,255,127000,127500,134.538192,135.025486,500,development,3,included,4,0.4330958954649764,-2.584499602450061,-2.9710728991484325,-2.9564386362030177,-0.9004676818766234,-1.660865222139209,-1.5157145853273797,2.9890849824715033,0,0,0,1,False,3
Unbalanced_UR,256,127500,128000,135.063255,135.550549,500,development,3,included,4,0.3456839263810264,-2.1950487452057446,-2.5200521234398874,-2.9973070247585096,-1.1326976647992206,-1.9468761874657503,-1.7808064221174786,2.9120508872605244,0,0,0,1,False,3
Unbalanced_UR,257,128000,128500,135.586607,136.073901,500,development,3,included,4,0.2950195466845234,-2.254167603721713,-2.5933202014971313,-2.7587656507752993,-1.3390912790122518,-1.802974782879909,-2.0143852310671426,2.7854574031335253,0,0,0,1,False,3
Unbalanced_UR,258,128500,129000,136.116847,136.604141,500,development,3,included,4,0.43361748143987694,-1.9901178274157372,-2.5666195767599156,-2.6722740911388683,-0.9750946970764659,-1.3640339097273304,-1.8224375321009634,2.374343305465337,0,0,0,1,False,3
Unbalanced_UR,259,129000,129500,136.642995,137.130289,500,development,3,included,4,0.46001569233334655,-1.7921160244247325,-2.7278549393247173,-2.8578787407539332,-0.9181291940566094,-1.3495864541334677,-1.7116276833926727,2.5053820929181203,0,0,0,1,False,3
Unbalanced_UR,260,129500,130000,137.165364,137.652658,500,development,3,included,4,0.31857084703756,-2.0917620243565973,-2.5785301502449487,-2.478675422246717,-1.2801666584972786,-1.784829352538374,-1.8886609810965556,2.174716789705813,0,0,0,1,False,3
Unbalanced_UR,261,130000,130500,137.692993,138.180287,500,development,3,included,4,0.35741242869540646,-2.3968130176567857,-2.263980692196337,-3.1890604667892024,-1.1627032780205122,-1.5719686905984245,-1.7380911030484871,3.9721583078026534,1,0,4,1,False,3
Unbalanced_UR,262,130500,131000,138.215758,138.703052,500,development,3,included,4,0.372566223186085,-2.2531200225748687,-3.0121889036508263,-2.7594725451785904,-1.0536280518737167,-1.6489512809316156,-1.8348173844085047,1.8567393209064986,0,0,0,1,False,3
Unbalanced_UR,263,131000,131500,138.74043,139.227724,500,development,3,included,4,0.42842005560763663,-2.3739388216514326,-2.7818189090834546,-3.0705379016398746,-0.9473053936856047,-1.4686689444512626,-1.6404458010490253,2.269585046105883,0,0,0,1,False,3
Unbalanced_UR,264,131500,132000,139.265629,139.752923,500,development,3,included,4,0.34827191413907677,-2.1993407066870496,-2.729129346165687,-2.5486472837584895,-1.118370059467377,-1.8794650733563323,-1.8197894414847675,2.300630378206198,0,0,0,1,False,3
Unbalanced_UR,265,132000,132500,139.795787,140.283081,500,development,3,included,4,0.3573330073062332,-2.5082971407944634,-2.6666426712300297,-3.0298810013473476,-1.2091783683793829,-1.3402762841385103,-2.0672474829693828,3.266073384732723,1,0,4,1,False,3
Unbalanced_UR,266,132500,133000,140.31849,140.805784,500,development,3,included,4,0.33154716534848333,-2.2764237088338444,-2.5770716865936985,-2.6534044546851177,-1.1942098819938523,-2.0192699352087264,-1.6942554713714193,3.568664009326949,1,0,4,1,False,3
Unbalanced_UR,267,133000,133500,140.843479,141.330774,500,development,3,included,4,0.4269034791190732,-2.1676011163395335,-2.892913762796656,-2.6170033543753526,-0.9210926798515592,-1.5171254790983433,-1.8965653266139435,1.7142557990963296,0,0,0,1,False,3
Unbalanced_UR,268,133500,134000,141.371707,141.859001,500,development,3,included,4,0.4724450568865253,-1.940519715781981,-2.6867498550173865,-2.8052622436031918,-0.8368312454525751,-1.6920550086899147,-1.520236708047229,1.8969020301673487,0,0,0,1,False,3
Unbalanced_UR,269,134000,134500,141.894933,142.382228,500,development,3,included,4,0.4586658874460954,-2.384577358342977,-2.8976717363345843,-2.902050888006021,-0.8488227315865308,-1.5136226940732609,-1.6022898109144788,2.3059376206145696,0,0,0,1,False,3
Unbalanced_UR,270,134500,135000,142.416213,142.903508,500,development,3,included,4,0.5219420453440786,-2.2822487740247923,-2.7078271297358456,-2.926647624266403,-0.7149209321516876,-1.5346479042928236,-1.4528942191415675,3.0165336033899366,0,1,0,2,False,3
Unbalanced_UR,271,135000,135500,142.941328,143.428622,500,development,3,included,4,0.32981984608959186,-2.2647280072486193,-2.429998307163094,-2.7082569165509174,-1.1886737458942116,-1.8170872838426342,-1.9658677781906795,2.908523426817884,0,0,0,1,False,3
Unbalanced_UR,272,135500,136000,143.468919,143.956213,500,development,3,included,4,0.4553308452334595,-2.134872575012876,-2.8536542441251025,-2.687901000364978,-0.8803910338356971,-1.595372363212266,-1.5085234896692092,1.8137647004776944,0,0,0,1,False,3
Unbalanced_UR,273,136000,136500,143.998403,144.485697,500,development,3,included,4,0.4206023412951889,-2.2438249755785193,-2.981566798394911,-2.776043554300403,-0.9364633006614979,-1.7303774927498639,-1.5694560668270812,1.8249775384082436,0,0,0,1,False,3
Unbalanced_UR,274,136500,137000,144.529636,145.01693,500,development,3,included,4,0.3715475660191405,-2.1638709245562393,-2.38374272564971,-2.558886833471212,-1.1266410689657682,-1.5363477023175367,-1.8385849195722668,3.2048717989332225,0,0,0,1,False,3
Unbalanced_UR,275,137000,137500,145.053212,145.540506,500,development,3,included,4,0.44029981883992125,-1.9519487222280503,-2.314086908985331,-2.6661568083276808,-0.8876856704689724,-1.9350969855545008,-1.5568644173233832,3.6511398427341692,1,0,4,1,False,3
Unbalanced_UR,276,137500,138000,145.578766,146.06606,500,development,3,included,4,0.43229995640085944,-1.3826251395855,-1.8549408027471643,-2.3479033672082172,-1.1434972412228435,-1.4388867090677013,-1.8595850730470829,6.59277838007276,1,0,3,1,False,3
Unbalanced_UR,277,138000,138500,146.103196,146.59049,500,development,3,included,4,0.40881602975437137,-1.5025835860639072,-2.1746444086056784,-2.4765129548915463,-1.0560001753224837,-1.72248631862534,-1.8367699179197219,4.544514364017521,1,0,3,1,False,3
Unbalanced_UR,278,138500,139000,146.629744,147.117038,500,development,3,included,4,0.3611691925865692,-2.1256938648198487,-2.717711893032363,-2.8533514957178605,-1.1704029347180414,-1.4145583484881998,-2.0335338801431067,2.9595541629341238,0,0,0,1,False,3
Unbalanced_UR,279,139000,139500,147.156117,147.643411,500,development,3,included,4,0.42222542719430656,-2.174678857949107,-2.2165437112623563,-2.4630266326338788,-0.9593093163839408,-1.6786396964160972,-1.6143488213105646,4.27607562151719,1,0,4,1,False,3
Unbalanced_UR,280,139500,140000,147.683016,148.17031,500,development,3,included,4,0.387495817544964,-1.6588032725778645,-2.3282075936832016,-2.486620396122112,-1.0760673102310825,-1.7423787192561035,-1.861192120889872,3.5606720162264196,1,0,3,1,False,3
Unbalanced_UR,281,140000,140500,148.207039,148.694334,500,development,3,included,4,0.39859711975550244,-1.952618702014565,-2.3154167409448543,-2.539181334608463,-1.0061964062418642,-1.8309450112333752,-1.75719442185598,3.642619929601575,1,0,4,1,False,3
Unbalanced_UR,282,140500,141000,148.730588,149.217882,500,development,3,included,4,0.35704467108790394,-1.8648402579133363,-2.3793391475013443,-3.052617970608543,-1.1826597466053554,-1.7198511392098828,-1.8878629735937809,3.2330844637199188,0,0,0,1,False,3
Unbalanced_UR,283,141000,141500,149.261636,149.74893,500,development,3,included,4,0.4454421392194762,-1.8836578089963978,-2.2830263355974134,-2.53119284107692,-0.886180952624731,-1.7528627444636031,-1.6422002956631048,3.850137456845128,1,0,4,1,False,3
Unbalanced_UR,284,141500,142000,149.787014,150.274308,500,development,3,included,4,0.36481737499548084,-2.131048053039387,-2.636398579318374,-2.715157156966337,-1.1992769422731022,-1.4785205947683475,-1.8285332350363357,1.5861665856292897,0,0,0,1,False,3
Unbalanced_UR,285,142000,142500,150.312701,150.799995,500,development,3,included,4,0.425702111467859,-2.200055337670969,-2.609174520464221,-3.1833062388543834,-0.9101570931216246,-1.751841980890923,-1.675160840838657,1.8754789942751982,0,0,0,1,False,3
Unbalanced_UR,286,142500,143000,150.836035,151.323329,500,development,3,included,4,0.42496959335190854,-2.044742211832977,-2.577269499594914,-2.8947008661295666,-0.9420680792711713,-1.6088768469362094,-1.6901427826702677,1.9649923607555881,0,0,0,1,False,3
Unbalanced_UR,287,143000,143500,151.359647,151.846941,500,development,3,included,4,0.41806385169035587,-1.7030916262997688,-2.581795287513368,-2.835858916143897,-1.0074549881390535,-1.6916612474966422,-1.6745445050770833,1.935996727400834,0,0,0,1,False,3
Unbalanced_UR,288,143500,144000,151.886388,152.373682,500,development,3,included,4,0.45277910475050587,-2.2723913344826627,-2.552214860245244,-2.704575222505678,-0.8626638991318261,-1.5499214159450763,-1.6736550506160954,2.125511401750959,0,0,0,1,False,3
Unbalanced_UR,289,144000,144500,152.412596,152.89989,500,development,3,included,4,0.368465020095125,-1.8552246956778125,-2.536159164151573,-2.610456244253238,-1.1383208075514832,-1.5342089955807396,-2.103255386138026,3.593452054841797,1,0,4,1,False,3
Unbalanced_UR,290,144500,145000,152.939273,153.426567,500,development,3,included,4,0.3748775558162574,-1.716551114686059,-2.3493875674281828,-2.5335239668965914,-1.2677781078860177,-1.3913049471818908,-1.9172195909655338,3.4249770247159437,1,0,4,1,False,3
Unbalanced_UR,291,145000,145500,153.464975,153.952269,500,development,3,included,4,0.44790475611417224,-1.9422529668863167,-2.3778939285620653,-2.7910785813195833,-0.8600834514265683,-1.8337881972156709,-1.6211879742613722,3.2423436334458833,0,0,0,1,False,3
Unbalanced_UR,292,145500,146000,153.994761,154.482055,500,development,3,included,4,0.35060333560294416,-2.2217223120342515,-2.490911681550544,-2.7885057706210747,-1.0981338011111998,-1.7915862090918249,-2.0503047686445526,3.1120326660126416,0,0,0,1,False,3
Unbalanced_UR,293,146000,146500,154.518954,155.006248,500,development,3,included,4,0.49276125336757254,-1.9175121380809286,-2.5261533382661057,-2.826255691891268,-0.765390434592634,-1.7103785166824967,-1.5473492439502465,2.553018689124626,0,1,0,2,False,3
Unbalanced_UR,294,146500,147000,155.040966,155.528261,500,development,3,included,4,0.4478776031216438,-2.0211647735284366,-2.8259800387749245,-2.713893462926189,-0.8661009469598093,-1.6946384995499373,-1.649371974217692,1.6280873494486046,0,0,0,1,False,3
Unbalanced_UR,295,147000,147500,155.569108,156.056402,500,development,3,included,4,0.3640069276320177,-2.0514821549441664,-2.7284208668326824,-2.6869653252691346,-1.1594838339285294,-1.5450267104848454,-1.8717031825423884,1.4882127655965642,0,0,0,1,False,3
Unbalanced_UR,296,147500,148000,156.093285,156.580579,500,development,3,included,4,0.4875397532785131,-2.2933982394687384,-2.6362966903761635,-2.9248749702438235,-0.7856280864122959,-1.566647304982979,-1.4988261211511174,2.3671548903067614,0,1,0,2,False,3
Unbalanced_UR,297,148000,148500,156.620005,157.107299,500,development,3,included,4,0.47572101631660874,-2.3188572183742515,-2.8649243122033954,-2.839070020698437,-0.817569449467564,-1.4522542397208407,-1.633033509059677,2.081367611204035,0,0,0,1,False,3
Unbalanced_UR,298,148500,149000,157.145083,157.632378,500,development,3,included,4,0.4472557313036374,-1.9886576283606812,-2.566236101012814,-2.6480746686972174,-0.9252312441169658,-1.507307332467475,-1.6629417904983526,2.0356806885579086,0,0,0,1,False,3
Unbalanced_UR,299,149000,149500,157.669741,158.157035,500,development,3,included,4,0.38283552656128655,-1.909097658768277,-2.543890159905591,-2.8886175933231044,-1.0566852942141245,-1.7418718525227124,-1.8313626970531571,2.1788457521858424,0,0,0,1,False,3
Unbalanced_UR,300,149500,150000,158.192369,158.679663,500,development,3,included,4,0.4514944988334998,-2.2424617166050536,-2.5436453076457815,-2.8749826220265127,-0.8957294602793855,-1.470883826841096,-1.6256644605111097,2.180414461652448,0,0,0,1,False,3
Unbalanced_UR,301,150000,150500,158.715709,159.203003,500,development,3,included,4,0.3281505153342165,-2.4910017885978246,-2.6540569286149784,-2.8123716341608134,-1.2266240507633352,-1.6192392080883231,-1.9566774014280794,2.669596847682791,0,0,0,1,False,3
Unbalanced_UR,302,150500,151000,159.240062,159.727356,500,development,3,included,4,0.39646501137361045,-2.299467310770969,-2.5101472965839102,-2.8426637933969454,-1.0041051379802481,-1.5999222906533193,-1.7847454002963692,2.3950281519897914,0,0,0,1,False,3
Unbalanced_UR,303,151000,151500,159.766171,160.253465,500,development,3,included,4,0.4108372284788564,-2.1956489963280545,-2.417782935308032,-2.7831910491132787,-0.9562113505961077,-1.6000332537089015,-1.8397724129658664,2.986784372753322,0,0,0,1,False,3
Unbalanced_UR,304,151500,152000,160.288575,160.775869,500,development,3,included,4,0.36625624772604065,-1.8948442917881543,-2.410976022658899,-2.71968568806219,-1.2383389175559192,-1.4467964574719812,-1.8600664781207827,3.030394622948061,0,0,0,1,False,3
Unbalanced_UR,305,152000,152500,160.811219,161.298513,500,development,3,included,4,0.3127196947300547,-2.0672808996438237,-2.4472982523619686,-2.81576169319609,-1.2370343145542857,-1.9160030493674705,-2.122728699401109,3.7705006146767737,1,0,4,1,False,3
Unbalanced_UR,306,152500,153000,161.335939,161.823233,500,development,3,included,4,0.27741906943300343,-1.9908213196811073,-2.6108165887951,-2.6708866720784905,-1.4118636897402603,-2.209951626530992,-1.9670936597888535,5.298151769852054,1,0,3,1,False,3
Unbalanced_UR,307,153000,153500,161.861796,162.349091,500,development,3,included,4,0.3373235270109382,-2.3284330523524472,-2.36060986849002,-2.6882601593482787,-1.1916305872380133,-2.291941262460938,-1.710217965739712,6.04179984034823,1,0,4,1,False,3
Unbalanced_UR,308,153500,154000,162.387092,162.874387,500,development,3,included,4,0.3701242277553942,-2.3434500429445007,-2.744679182208241,-2.5487422569627554,-1.0909158555675906,-1.5254891045322923,-1.9067714685167125,2.1654028985269265,0,0,0,1,False,3
Unbalanced_UR,309,154000,154500,162.915851,163.403145,500,development,3,included,4,0.3111307626825343,-2.296699072566939,-2.5536833437845097,-2.863962924791491,-1.3014866148844806,-1.7126422526996485,-2.0323527118839615,2.9488151512220857,0,0,0,1,False,3
Unbalanced_UR,310,154500,155000,163.440836,163.92813,500,development,3,included,4,0.3364786385782958,-2.2877765586390226,-2.7324570235071457,-2.8083202852008564,-1.1693343115217856,-2.1553534570616577,-1.6503395255350037,4.802944992581019,1,0,4,1,False,3
Unbalanced_UR,311,155000,155500,163.970995,164.458289,500,development,3,included,4,0.3049688357498951,-2.0847082270953514,-2.7120011657375405,-2.8246733667345865,-1.2810487068285548,-1.7106190595014432,-2.2649708803440616,5.063746039505351,1,0,4,1,False,3
Unbalanced_UR,312,155500,156000,164.494483,164.981777,500,development,3,included,4,0.37409807435970704,-2.552104048498577,-2.7066157138155913,-2.897869078145916,-1.1111348159037728,-1.407889722573981,-1.9227254678460637,2.8783872593807387,0,0,0,1,False,3
Unbalanced_UR,313,156000,156500,165.019088,165.506383,500,development,3,included,4,0.35508789812709435,-2.3981037323124954,-3.067674166153239,-2.864098615561204,-1.1244514479783083,-1.6018992443309104,-1.8602875152820653,2.352158123660831,0,0,0,1,False,3
Unbalanced_UR,314,156500,157000,165.547471,166.034765,500,development,3,included,4,0.443905013120575,-2.6213453433768996,-2.809868146928082,-2.928929570602504,-0.8665101101992788,-1.6661108225634063,-1.5408914049742384,3.1149892850280088,0,0,0,1,False,3
Unbalanced_UR,315,157000,157500,166.073063,166.560358,500,development,3,included,4,0.32164111921601807,-2.504718602106895,-2.73363729904577,-2.9484490173029245,-1.1792805834731355,-1.9567807273502373,-1.8514824180070784,3.0018853143891495,0,0,0,1,False,3
Unbalanced_UR,316,157500,158000,166.597697,167.084992,500,development,3,included,4,0.3705168322127655,-2.753461224810286,-2.8400863339625255,-2.91613859843536,-1.066563804963454,-1.6312943772678263,-1.7129771601741623,3.5664378782734825,1,0,2,1,False,3
Unbalanced_UR,317,158000,158500,167.124652,167.611946,500,development,3,included,4,0.39297163829791265,-2.3883772291993686,-2.932494137431366,-2.8524696306938413,-1.0845121972340286,-1.4405810711649119,-1.7644440030533144,2.3189220274400086,0,0,0,1,False,3
Unbalanced_UR,318,158500,159000,167.648826,168.136121,500,development,3,included,4,0.457540188458569,-2.001416183963978,-2.848291315388495,-2.8505386277804643,-0.8767562280655987,-1.6087495417053088,-1.514812367033807,1.756587133140367,0,0,0,1,False,3
Unbalanced_UR,319,159000,159500,168.173219,168.660513,500,development,3,included,4,0.32791598031179325,-1.9768715612975167,-2.9301635396268666,-2.8654503861508127,-1.25692962468533,-1.962629900295974,-1.9023857837272524,3.0549374608679067,0,0,0,1,False,3
Unbalanced_UR,320,159500,160000,168.699454,169.186748,500,development,3,included,4,0.360179172711247,-2.3903442589077866,-2.9251908873163885,-2.8278067858579523,-1.1233199009893455,-1.5474489759933394,-1.8915475391772112,2.3256434963891075,0,0,0,1,False,3
Unbalanced_UR,321,160000,160500,169.225463,169.712757,500,development,3,included,4,0.2924316761347182,-2.3652503003354037,-2.676813078674167,-2.937098007869182,-1.4567426803550159,-1.6936327219534526,-2.1809913929201916,4.300216633738391,1,0,4,1,False,3
Unbalanced_UR,322,160500,161000,169.752937,170.240231,500,development,3,included,4,0.41581651483446497,-2.1336777746361206,-2.8481157208166503,-2.8971500638553156,-0.9956228713350388,-1.390767042592668,-1.860088241972249,2.1318731145913072,0,0,0,1,False,3
Unbalanced_UR,323,161000,161500,170.276903,170.764197,500,development,3,included,4,0.3680484685488132,-2.324173380312143,-2.8089798179405125,-2.9184988496716358,-1.0578993769016767,-1.8203866617131061,-1.7952989008298679,2.0995332836598206,0,0,0,1,False,3
Unbalanced_UR,324,161500,162000,170.804746,171.292041,500,development,3,included,4,0.3645471022995194,-2.4262899295906677,-2.814943822808962,-3.1362986503991124,-1.1014680674354727,-1.533494424779517,-1.9520595629354471,2.4484722001527337,0,0,0,1,False,3
Unbalanced_UR,325,162000,162500,171.329607,171.816901,500,development,3,included,4,0.4178074697064807,-2.135869904456764,-2.8680096544738873,-2.931639064024349,-0.9471556048313238,-1.6732820250382936,-1.630790647429815,1.4560880115559818,0,0,0,1,False,3
Unbalanced_UR,326,162500,163000,171.854,172.341294,500,development,3,included,4,0.4098852292425676,-2.41991417893174,-2.946184905780677,-3.1033004943072386,-0.9332373194502775,-1.8266759975373614,-1.5878233982282486,2.4266858438522756,0,0,0,1,False,3
Unbalanced_UR,327,163000,163500,172.37757,172.864864,500,development,3,included,4,0.45705918052895667,-1.6717600957424137,-2.7658305506581446,-2.816656340200843,-0.912332944837338,-1.5949099097849337,-1.6405620213664482,1.2034899293018393,0,0,0,1,False,3
Unbalanced_UR,328,163500,164000,172.910801,173.398095,500,development,3,included,4,0.42980280488963624,-2.2748897837283173,-2.933293559065975,-2.8016114371879843,-0.9128654799711133,-1.8097320552276934,-1.5385126504909765,1.9311280162047972,0,0,0,1,False,3
Unbalanced_UR,329,164000,164500,173.435731,173.923026,500,development,3,included,4,0.44867901343569366,-1.7126649900329507,-3.03573041907993,-3.189012392479991,-0.8965100933939573,-1.792874162537103,-1.5382201291367215,1.9082652063859236,0,0,0,1,False,3
Unbalanced_UR,330,164500,165000,173.963174,174.450468,500,development,3,included,4,0.4129529772212114,-2.2872755110660936,-3.049566836359233,-2.871794906856414,-0.9728550810283946,-1.6899099484711464,-1.6106691337418373,1.9734508552329,0,0,0,1,False,3
Unbalanced_UR,331,165000,165500,174.489611,174.976905,500,development,3,included,4,0.397513137178439,-2.4397873973207345,-2.9693391787019143,-2.853963842533785,-1.0655877679249846,-1.4464019016771243,-1.8056216799856177,2.494593928691381,0,0,0,1,False,3
Unbalanced_UR,332,165500,166000,175.014373,175.501667,500,development,3,included,4,0.308637323821805,-2.2306543017208047,-2.9454785132995496,-3.0704817611347086,-1.250029702655316,-1.9892744806466216,-1.885413070476182,3.2966044781951855,1,0,4,1,False,3
Unbalanced_UR,333,166000,166500,175.547289,176.034583,500,development,3,included,4,0.31277001565403345,-2.273320730315691,-2.6611320370894505,-2.8288265333103872,-1.3169263105970697,-1.627111349078193,-1.9753258558648543,2.5123196224540445,0,0,0,1,False,3
Unbalanced_UR,334,166500,167000,176.074191,176.561485,500,development,3,included,4,0.35271491462566873,-1.830796032090679,-2.440380950350528,-2.9165463208924107,-1.2176259793544701,-1.5363349874926782,-2.0283407327627185,2.9123388148170912,0,0,0,1,False,3
Unbalanced_UR,335,167000,167500,176.60089,177.088184,500,development,3,included,4,0.3789770165350316,-2.01370340989132,-2.9329726028251137,-2.8050241311215336,-1.0862510696976377,-1.516789339982699,-1.9288864832566877,2.008115100720512,0,0,0,1,False,3
Unbalanced_UR,336,167500,168000,177.124886,177.61218,500,development,3,included,4,0.3574748833586217,-2.2519838225611966,-2.4881875152779354,-2.8831465660641062,-1.1348970221284187,-1.723366129983094,-1.756220485306899,2.535719182760888,0,0,0,1,False,3
Unbalanced_UR,337,168000,168500,177.649901,178.137195,500,development,3,included,4,0.34094211543661285,-1.768562168515382,-2.7980083469284747,-2.934908897808194,-1.2097438008305377,-1.7497753673572156,-1.8927363524403178,1.679443317320518,0,0,0,1,False,3
Unbalanced_UR,338,168500,169000,178.174827,178.662122,500,development,3,included,4,0.45068796278308,-1.9716612362207744,-2.7127873758668843,-2.783960892668664,-0.8891905665270728,-1.4849176712806706,-1.6853086915540194,1.4160309090931347,0,0,0,1,False,3
Unbalanced_UR,339,169000,169500,178.699627,179.186921,500,development,3,included,4,0.4615244346410247,-1.8490449053098963,-2.8735280580129325,-2.9076009999236825,-0.8658443406355755,-1.527916268191458,-1.604465481771802,1.6304440372030828,0,0,0,1,False,3
Unbalanced_UR,340,169500,170000,179.224947,179.712241,500,development,3,included,4,0.3897915556172214,-2.0909195263456026,-2.9077625717064706,-3.0089359117661747,-1.056769746760116,-1.8700427092875642,-1.6491343332099422,2.21516929791504,0,0,0,1,False,3
Unbalanced_UR,341,170000,170500,179.752386,180.23968,500,development,3,included,4,0.4074592606600285,-2.3883033262303326,-2.7852311571665265,-3.207536383370685,-1.00626826031045,-1.5987606058782728,-1.721936370792491,2.318669496169385,0,0,0,1,False,3
Unbalanced_UR,342,170500,171000,180.274953,180.762247,500,development,3,included,4,0.49687554864976224,-1.9523062194898428,-2.9525991188977394,-3.235025884892287,-0.8288735380026541,-1.5694577985517972,-1.5039200836837112,2.1726478748466045,0,1,0,2,False,3
Unbalanced_UR,343,171000,171500,180.800119,181.287413,500,development,3,included,4,0.2783794551298006,-2.5191852263715253,-3.0643740643062336,-3.0329532706629805,-1.3702859883820375,-1.9884402634487477,-1.9375341832106203,3.289038107122338,1,0,4,1,False,3
Unbalanced_UR,344,171500,172000,181.324594,181.811888,500,development,3,included,4,0.3857594878060959,-2.23298967283028,-2.926525750902404,-2.792612044066421,-1.026603954885715,-1.7592294855960844,-1.6481493963743226,1.7879526014361664,0,0,0,1,False,3
Unbalanced_UR,345,172000,172500,181.849676,182.33697,500,development,3,included,4,0.2768517484091927,-2.0690722472573086,-2.8115948379442686,-2.903755746164016,-1.4563402667118337,-2.0126946432383517,-1.9561628018405386,3.7927056930624095,1,0,4,1,False,3
Unbalanced_UR,346,172500,173000,182.374592,182.861886,500,development,3,included,4,0.4388224737892823,-1.6528045238863647,-2.60957836565087,-2.56520510873006,-0.913737141127805,-2.093487314041784,-1.5163288372517811,4.241817511479882,1,0,3,1,False,3
Unbalanced_UR,347,173000,173500,182.897894,183.385188,500,development,3,included,4,0.31762713747108123,-1.8652551974782514,-2.6589018073139976,-2.4071739280651405,-1.2787060090077635,-2.078858318741532,-1.801245914056354,4.109132154301019,1,0,3,1,False,3
Unbalanced_UR,348,173500,174000,183.425129,183.912424,500,development,3,included,4,0.47535755720844347,-1.9783940421811248,-2.9203475775716683,-2.4271273957197503,-0.7996319244023982,-1.9039023341051666,-1.4472296334564734,2.5222769509463174,0,0,0,1,False,3
Unbalanced_UR,349,174000,174500,183.955695,184.442989,500,development,3,included,4,0.3538886461159472,-2.144212051868098,-2.895597754635069,-2.7140412374770793,-1.1193834874625348,-1.846821183581658,-1.713915035161646,2.0045494727467785,0,0,0,1,False,3
Unbalanced_UR,350,174500,175000,184.48094,184.968234,500,development,3,included,4,0.4371014427591386,-1.6691010896836622,-2.996880449056886,-2.567786034712917,-0.9447111490780802,-1.7086184256499386,-1.5943430405870873,1.6611548392153137,0,0,0,1,False,3
Unbalanced_UR,351,175000,175500,185.004326,185.49162,500,development,3,included,4,0.45976177350915376,-1.8104286521452486,-2.704666175183273,-2.929219717269534,-0.8801306252224748,-1.5558599824766715,-1.5891302843520538,1.4992379492648344,0,0,0,1,False,3
Unbalanced_UR,352,175500,176000,185.527628,186.014922,500,development,3,included,4,0.4140508498174187,-2.0053160948526596,-2.456931053361712,-2.671191292229939,-1.0134255333653117,-1.686522061890939,-1.6808423143335294,2.735971807501487,0,0,0,1,False,3
Unbalanced_UR,353,176000,176500,186.057005,186.5443,500,development,3,included,4,0.4048662168041255,-2.177943266240782,-2.357065998332753,-2.5669700775007858,-1.0238356119086882,-1.7347074762881416,-1.604402444275632,3.3757831669258076,1,0,4,1,False,3
Unbalanced_UR,354,176500,177000,186.579689,187.066984,500,development,3,included,4,0.36297226279034184,-2.5755275699547937,-2.4951196011991446,-3.00439220893862,-1.155884610313719,-1.4181401630788046,-1.9453043771410456,2.9584269616143866,0,0,0,1,False,3
Unbalanced_UR,355,177000,177500,187.103706,187.591001,500,development,3,included,4,0.39538708722590193,-2.4705039688081682,-2.848130818661145,-2.8819744795327393,-1.0089051640892832,-1.5201705041192184,-1.7864782951225067,2.599554459074837,0,0,0,1,False,3
Unbalanced_UR,356,177500,178000,187.628571,188.115865,500,development,3,included,4,0.35878841586718035,-2.36664299498948,-2.8732967115727654,-2.805845661560808,-1.0944926179728764,-1.7967646240606285,-1.7119486056691944,2.2446547300275537,0,0,0,1,False,3
Unbalanced_UR,357,178000,178500,188.150386,188.637681,500,development,3,included,4,0.4058323815351196,-2.3802891337229477,-2.9774952079278014,-2.954653235850914,-0.9545102431618292,-1.6953991648420312,-1.6407712356785888,2.2912844770921628,0,0,0,1,False,3
Unbalanced_UR,358,178500,179000,188.675943,189.163237,500,development,3,included,4,0.4171137362044473,-2.0372607597578725,-2.9395669798349795,-3.0514750666441337,-0.9635984509271437,-1.68718487648421,-1.6357726211751893,1.1191341255245002,0,0,0,1,False,3
Unbalanced_UR,359,179000,179500,189.199367,189.686661,500,development,3,included,4,0.39601943144601787,-2.095590331758987,-3.0601903556048975,-2.520678015048552,-0.9987098420300761,-1.747646168617016,-1.6606534482622108,1.9318264029637533,0,0,0,1,False,3
Healthy,359,178999,179499,190.036803,190.52409699999998,500,development,4,included,0,0.42194060275930073,-1.912245441455163,-2.942409759656151,-2.8125241317853207,-0.9551262594605097,-1.6113446814195558,-1.639926276705084,1.0760477562355484,0,0,0,1,False,4
Healthy,360,179499,179999,190.56436499999998,191.051659,500,development,4,included,0,0.38251339388760897,-2.4374808059925983,-3.080920525499707,-3.036383781272102,-1.0431503889765366,-1.5952444721539563,-1.7102235459340893,2.7549767951606037,0,0,0,1,False,4
Healthy,361,179999,180499,191.14381699999998,191.631112,500,development,4,included,0,0.369326480027325,-2.3447534118148696,-3.041877863468284,-2.973688325083142,-1.084298838502589,-1.5837136963583363,-1.7713442514342477,2.4235004989312166,0,0,0,1,False,4
Healthy,362,180499,180999,191.672435,192.159729,500,development,4,included,0,0.3770240327657292,-2.154878158721588,-2.9955036000783823,-3.2158756899498036,-1.0632809605546696,-1.5702050831846908,-1.8161478863111722,2.1944165613863844,0,0,0,1,False,4
Healthy,363,180999,181499,192.197992,192.685287,500,development,4,included,0,0.33825208719631494,-2.1239300528000333,-3.1165099262716605,-2.98422076566932,-1.1937308584602226,-1.6255095632278662,-1.9905952860362972,3.0759720716310177,0,0,0,1,False,4
Healthy,364,181499,181999,192.722625,193.20991999999998,500,development,4,included,0,0.4707734248854923,-2.08280856744398,-2.971337682233806,-2.953960935959413,-0.8287613130869846,-1.6233205842800242,-1.5079503262805496,2.4640867850129715,0,0,0,1,False,4
Healthy,365,181999,182499,193.247188,193.73448199999999,500,development,4,included,0,0.38351300711586944,-2.077929033403006,-2.87275315865072,-3.0793590630611756,-1.0467387221802833,-1.6164128776842606,-1.7925933990845873,1.4696728034160114,0,0,0,1,False,4
Healthy,366,182499,182999,193.771785,194.25907899999999,500,development,4,included,0,0.39499824293810915,-2.030398568930217,-2.9671905861011045,-3.0179753804693568,-1.0680577801762894,-1.3853883842181176,-1.9932868256076706,3.105681595921832,0,0,0,1,False,4
Healthy,367,182999,183499,194.298376,194.78566999999998,500,development,4,included,0,0.355486929575819,-1.7781103615997211,-2.8604056413948333,-2.7983245147493987,-1.199083060775731,-1.5539407740082634,-1.973157513691708,2.883491928831217,0,0,0,1,False,4
Healthy,368,183499,183999,194.836965,195.32425899999998,500,development,4,included,0,0.44012680759464834,-1.4347742941427009,-2.897165146884187,-2.6741613340115533,-0.9906687605073259,-1.6214138271761784,-1.6469734347414664,1.1147460551707322,0,0,0,1,False,4
Healthy,369,183999,184499,195.382475,195.869769,500,development,4,included,0,0.4326134788258039,-1.3010346377317206,-2.9150674014702607,-2.78330379604443,-1.031879243421927,-1.8853186801381348,-1.6650461650946056,2.7887899671312217,0,0,0,1,False,4
Healthy,370,184499,184999,195.916049,196.403343,500,development,4,included,0,0.38876694438341525,-1.8906144706310952,-2.825836361641755,-2.9691583570066395,-1.0413302842915046,-1.790784939704723,-1.6449396370228677,1.7647812718671045,0,0,0,1,False,4
Healthy,371,184999,185499,196.443639,196.93093299999998,500,development,4,included,0,0.33632434181617343,-1.7749079624185526,-2.7933347226020007,-3.12450526325787,-1.298696487316622,-1.647928393954175,-1.815227789030716,2.697853939418161,0,0,0,1,False,4
Healthy,372,185499,185999,196.97422,197.461514,500,development,4,included,0,0.4261336072140872,-1.72329789858284,-2.8419653454395366,-2.8995883089438728,-0.9826432591935406,-1.552784412022617,-1.6555145618792053,0.8132888299458465,0,0,0,1,False,4
Healthy,373,185999,186499,197.509786,197.99708099999998,500,development,4,included,0,0.3625568601282442,-1.907136419782391,-3.2236092906930303,-2.600792275651355,-1.2147155041664504,-1.4560973745060248,-1.8255351616021112,2.298587058527038,0,0,0,1,False,4
Healthy,374,186499,186999,198.091263,198.578557,500,development,4,included,0,0.4337365788456041,-2.0721976916181344,-3.1302019693782057,-2.9342721306670265,-0.866478421706726,-1.8984703919261314,-1.6123518646426922,2.931251982986846,0,0,0,1,False,4
Healthy,375,186999,187499,198.623807,199.111101,500,development,4,included,0,0.4562614950334136,-1.8951770431896295,-3.1572124654132345,-3.100401688346145,-0.8466589556594646,-1.7243888661329085,-1.5432567742578118,2.2674924989656553,0,0,0,1,False,4
Healthy,376,187499,187999,199.157381,199.644675,500,development,4,included,0,0.40607645107455376,-1.739519970280665,-2.848381894028279,-2.6880397557339104,-1.0715759426326712,-1.4110464298986027,-1.9000156339992875,2.348623467914774,0,0,0,1,False,4
Healthy,377,187999,188499,199.687963,200.175257,500,development,4,included,0,0.4721101092023351,-1.2484082794478442,-2.979625262697544,-2.478952337282387,-0.9424372836420591,-1.6779217790356311,-1.6594545992198284,2.3072164176608347,0,1,0,2,False,4
Healthy,378,188499,188999,200.221535,200.70883,500,development,4,included,0,0.4408734712611809,-1.370475252019752,-2.77763084074342,-2.7886688459035973,-0.9945528736532535,-1.631627368810246,-1.7093916953874004,1.059290307063791,0,0,0,1,False,4
Healthy,379,188999,189499,200.752152,201.23944699999998,500,development,4,included,0,0.4208091564715222,-1.6068186405392173,-2.726723890150572,-3.02959974590762,-0.9601420395624289,-1.8160930249136256,-1.685137533000429,2.0389235960318404,0,0,0,1,False,4
Healthy,380,189499,189999,201.278707,201.766001,500,development,4,included,0,0.4477550151660649,-1.5777640727830722,-3.1115413665139386,-2.5751632860685785,-0.9082988857132215,-1.6497432264220995,-1.718526144723617,1.7194939924810082,0,0,0,1,False,4
Healthy,381,189999,190499,201.80928699999998,202.296582,500,development,4,included,0,0.4530679976393921,-1.4974923654281627,-2.9464537726902784,-2.6654745270236697,-0.949144351474058,-1.5491743948271386,-1.6104704001279335,1.167811026823114,0,0,0,1,False,4
Healthy,382,190499,190999,202.34688699999998,202.834181,500,development,4,included,0,0.3736081875879589,-1.5387500434608725,-2.6528825387520127,-2.8441242546467844,-1.1988675990620545,-1.724665503212523,-1.6923735744309167,1.601296728946135,0,0,0,1,False,4
Healthy,383,190999,191499,202.877431,203.364726,500,development,4,included,0,0.3741346840708004,-1.9006115262405439,-3.1675453493193104,-2.942269213651224,-1.1168770096475225,-1.5052050143835416,-1.9648525228014004,2.7918204813017686,0,0,0,1,False,4
Healthy,384,191499,191999,203.412033,203.899327,500,development,4,included,0,0.5068018603397333,-1.094357650092383,-2.949543208680202,-2.9531409875501824,-0.9497783252962926,-1.4869756938155125,-1.6388159518612797,2.046338857519093,0,1,0,2,False,4
Healthy,385,191999,192499,203.941624,204.42891799999998,500,development,4,included,0,0.4410546227759244,-1.4132978387803008,-2.879037596186353,-2.6032057607275827,-0.9824328847312638,-1.684685966839226,-1.6876544717625996,1.5481913349086383,0,0,0,1,False,4
Healthy,386,192499,192999,204.472196,204.95949099999999,500,development,4,included,0,0.3775255695772158,-1.6956950000821291,-2.654129053563785,-2.4009422111366314,-1.2075375963844235,-1.5283447653179436,-1.7288119735230845,2.7837557419830157,0,0,0,1,False,4
Healthy,387,192999,193499,205.004742,205.49203599999998,500,development,4,included,0,0.400419285418143,-2.0438930512023465,-3.042835462005801,-2.4845729564618106,-0.9728630912823518,-1.834401535326478,-1.6737923956820007,2.272881822931038,0,0,0,1,False,4
Healthy,388,193499,193999,205.538317,206.025612,500,development,4,included,0,0.3443139274194383,-1.9434089268502877,-3.2071284387214183,-3.0243514770780586,-1.1995091558299236,-1.5908000341245476,-1.9351220484782614,2.4636520759492755,0,0,0,1,False,4
Healthy,389,193999,194499,206.067931,206.555226,500,development,4,included,0,0.43823918011221386,-1.670919440821737,-2.621694857895442,-2.6513590806943776,-0.9720576795028684,-1.4719527435158568,-1.6870973439104298,1.768156154278068,0,0,0,1,False,4
Healthy,390,194499,194999,206.599478,207.086772,500,development,4,included,0,0.4156422014355139,-1.5769409179491414,-2.88900185148354,-2.861618324504909,-1.0659625380284887,-1.4981829175478096,-1.7206048229299928,1.404743318684737,0,0,0,1,False,4
Healthy,391,194999,195499,207.126068,207.613362,500,development,4,included,0,0.4560780382981578,-1.7710161641899955,-3.0822035630922784,-2.8215653471820135,-0.8950427247360155,-1.514847244762067,-1.6323157648296667,1.7360273912364013,0,0,0,1,False,4
Healthy,392,195499,195999,207.64970499999998,208.137,500,development,4,included,0,0.36330867905801706,-2.1468512336564847,-2.929821006056694,-2.944723303962881,-1.0759705264932389,-1.6383007206088533,-1.9418848959659538,2.5383011666955615,0,0,0,1,False,4
Healthy,393,195999,196499,208.174265,208.66155899999998,500,development,4,included,0,0.39450322964816875,-1.608581276344841,-2.8610890947561116,-3.097664671606998,-1.1414047290445346,-1.4070835551053824,-1.9378369996005913,2.4936200196403564,0,0,0,1,False,4
Healthy,394,196499,196999,208.71282499999998,209.200119,500,development,4,included,0,0.4259780012344323,-1.8337797717459032,-2.844495976420146,-2.5858776041589766,-0.9212218694816982,-1.655079353172668,-1.8098574951516597,1.6540435932106432,0,0,0,1,False,4
Healthy,395,196999,197499,209.23945,209.726744,500,development,4,included,0,0.4446595133075862,-1.614497409467551,-2.8780686129283493,-2.746941062520259,-0.9080872773619743,-1.7001778532309002,-1.6551150546533517,1.5927412293901346,0,0,0,1,False,4
Healthy,396,197499,197999,209.767004,210.254299,500,development,4,included,0,0.36226014205133406,-1.948082570719806,-2.927610108808256,-2.8749567747988447,-1.1763333654358414,-1.5063829836540743,-1.7934062547022704,1.3537724221315233,0,0,0,1,False,4
Healthy,397,197999,198499,210.30061,210.787904,500,development,4,included,0,0.3593388521425933,-1.9281784127644193,-3.139281497043703,-2.905281309778141,-1.1471753422085473,-1.6536005562737552,-1.7555343780582913,1.7288391611717429,0,0,0,1,False,4
Healthy,398,198499,198999,210.824177,211.31147199999998,500,development,4,included,0,0.3840811467569107,-1.7074364141284906,-2.796863120312391,-3.0905679093060607,-1.0959591934977864,-1.6534360680753586,-1.729995182190106,1.428950742132223,0,0,0,1,False,4
Healthy,399,198999,199499,211.348775,211.83606899999998,500,development,4,included,0,0.4146337649222668,-1.5787621522860364,-2.7429912248922057,-2.7951419550158954,-1.0343186796395791,-1.619136767910221,-1.6925232994979071,0.9486357202367619,0,0,0,1,False,4
Healthy,400,199499,199999,211.883377,212.370671,500,development,4,included,0,0.3924910319642622,-1.2510638227621433,-2.4673490921203434,-2.7429786603201536,-1.3558364861960417,-1.5160207294620547,-1.8771968966343415,3.325500694511864,1,0,3,1,False,4
Healthy,401,199999,200499,212.408939,212.896233,500,development,4,included,0,0.40271106949316154,-1.7178774969610502,-3.075305046023208,-2.6302931103260585,-1.0822276454878006,-1.4565824182244165,-1.8260549787812659,1.8553683848164422,0,0,0,1,False,4
Healthy,402,200499,200999,212.940517,213.427812,500,development,4,included,0,0.37634123830960226,-2.0952277943163615,-3.130276563464093,-3.0664141363471633,-1.0639960510077042,-1.5506146847835718,-1.890902978371186,1.975556878897037,0,0,0,1,False,4
Healthy,403,200999,201499,213.46411799999998,213.951412,500,development,4,included,0,0.417980464034436,-1.8147903618388161,-2.929853410437432,-2.856895513919379,-0.9739044800044107,-1.5288339558883939,-1.877687187628619,1.8296794560775504,0,0,0,1,False,4
Healthy,404,201499,201999,213.999685,214.486979,500,development,4,included,0,0.3810058520349101,-1.870488663015865,-3.1174126356795706,-3.017859978356703,-1.0656101296789575,-1.612680441720497,-1.9095395722365207,2.181269751941547,0,0,0,1,False,4
Healthy,405,201999,202499,214.53026599999998,215.01756,500,development,4,included,0,0.3617159991234242,-1.992365622999678,-3.2353527322365196,-2.94971136977172,-1.2516547809941598,-1.3937917684404655,-1.809356621623443,2.53552946873484,0,0,0,1,False,4
Healthy,406,202499,202999,215.06483599999999,215.55213,500,development,4,included,0,0.3892367224734029,-1.5805060421222357,-2.942678134199484,-2.7624664902791314,-1.144553010650205,-1.4944162542331352,-1.9458341681917017,2.5818936891202005,0,0,0,1,False,4
Healthy,407,202999,203499,215.588474,216.075769,500,development,4,included,0,0.35771858785815164,-1.4553749264704912,-2.9970661004806365,-2.593399984779704,-1.3069014664455538,-1.5699050817212776,-2.1656866874890035,5.0086511597997365,1,0,3,1,False,4
Healthy,408,203499,203999,216.11506,216.602354,500,development,4,included,0,0.31601170358724817,-1.7753079595173125,-2.6520949234206994,-2.647552336086838,-1.5727391725110376,-1.45305087170902,-1.9883993808548481,5.708039544818839,1,0,4,1,False,4
Healthy,409,203999,204499,216.647603,217.134897,500,development,4,included,0,0.49301764915954066,-1.2590672978169792,-2.69888227628217,-2.4088605077125513,-1.0111118411947584,-1.2384568492930517,-1.8319404867762108,4.218148892824413,1,1,1,2,False,4
Healthy,410,204499,204999,217.176189,217.66348399999998,500,development,4,included,0,0.5658963733904293,-0.7241260913773155,-2.4198772569308384,-2.8559301141383595,-1.425739907817596,-1.1924271845904724,-1.9865354173630911,4.716751578801216,1,1,1,3,False,4
Healthy,411,204999,205499,217.70477599999998,218.19207,500,development,4,included,0,0.5115548371311938,-1.0299616274982675,-2.6741394495191,-2.541518184240005,-0.9750103094322508,-1.4757064633324233,-1.751660632983998,2.2765378753032914,0,1,0,2,False,4
Healthy,412,205499,205999,218.230372,218.71766599999998,500,development,4,included,0,0.3818650446938644,-1.6428318750329594,-2.8158379768799864,-2.855559648686779,-1.1447924219690473,-1.4714394665300725,-2.0278343100483656,3.4870207146529157,1,0,4,1,False,4
Healthy,413,205999,206499,218.757959,219.245253,500,development,4,included,0,0.3515045791546372,-1.9159310933268405,-2.731730517391115,-2.8942008073688004,-1.140623243513949,-1.6644770630127366,-2.066292968955262,3.911531828343722,1,0,4,1,False,4
Healthy,414,206499,206999,219.281601,219.768895,500,development,4,included,0,0.40697495633660424,-1.7456862746710553,-3.1265280496806014,-3.0817315422598917,-0.999513814482544,-1.779706551164893,-1.5969217851782795,1.644777914946185,0,0,0,1,False,4
Healthy,415,206999,207499,219.807153,220.294447,500,development,4,included,0,0.389948121940703,-2.153089409097429,-3.163080857516629,-3.063092626607036,-1.0405318144431615,-1.4736922257830527,-1.8513093316761935,1.8896359163226888,0,0,0,1,False,4
Healthy,416,207499,207999,220.33076499999999,220.81806,500,development,4,included,0,0.3394470080270841,-2.0661684948476284,-2.9369383323347065,-2.999503680787727,-1.2139001377963154,-1.5870548702848708,-1.8853681307121593,1.9144625919243565,0,0,0,1,False,4
Healthy,417,207999,208499,220.856346,221.343641,500,development,4,included,0,0.49926374694772246,-1.683250617338129,-2.924021126240341,-2.956100769953221,-0.7970761085121818,-1.4494945423815069,-1.5698937292951172,2.8121287210623955,0,1,0,2,False,4
Healthy,418,208499,208999,221.394919,221.882214,500,development,4,included,0,0.42971404366206595,-1.9322836541345543,-2.8075965943635057,-3.059315788196543,-0.9673207952770004,-1.4382373117744867,-1.7080168277163832,2.0540863074771485,0,0,0,1,False,4
Healthy,419,208999,209499,221.919502,222.40679699999998,500,development,4,included,0,0.29434824549324123,-2.2580109813071765,-2.7665009693018514,-2.8705004577999453,-1.3233583118524737,-1.9619975756102914,-1.8541185546842966,3.619391351851052,1,0,4,1,False,4
Healthy,420,209499,209999,222.45606899999999,222.943364,500,development,4,included,0,0.3861753791572365,-1.6486641746842363,-3.1364504527008674,-2.8635643932727537,-1.0908557253842712,-1.7143732206228937,-1.7322586984512587,1.7097116411472333,0,0,0,1,False,4
Healthy,421,209999,210499,222.990639,223.477933,500,development,4,included,0,0.404019405307204,-2.2018789451247085,-3.0073702706027743,-2.9143412234947736,-0.9942519747092513,-1.580542864640416,-1.6873891286557274,1.9127614723019277,0,0,0,1,False,4
Healthy,422,210499,210999,223.525209,224.01250299999998,500,development,4,included,0,0.42300764718625383,-2.104705209480905,-2.6950100048038728,-2.9897092020950997,-0.9597639902971936,-1.5134175025136338,-1.7079594899503374,1.565390662762691,0,0,0,1,False,4
Healthy,423,210999,211499,224.056801,224.544096,500,development,4,included,0,0.4020209637698858,-1.9599655743808688,-2.8785529765535682,-2.786786210093034,-0.9866723637462119,-2.116990012117574,-1.531813894234947,5.298300934355351,1,0,3,1,False,4
Healthy,424,211499,211999,224.589362,225.07665699999998,500,development,4,included,0,0.3441868235410051,-1.6661763899344797,-3.128158049503119,-2.7896085058172964,-1.2299508517784086,-2.144864510240416,-1.7221750444119186,5.600243164960508,1,0,3,1,False,4
Healthy,425,211999,212499,225.12592899999999,225.613223,500,development,4,included,0,0.4654159097090058,-1.5290260144450678,-2.7690943257472056,-2.914621222576874,-0.8748881003114395,-1.871877986364471,-1.5203635181346233,2.6431976396562633,0,0,0,1,False,4
Healthy,426,212499,212999,225.650542,226.137836,500,development,4,included,0,0.3292430186347516,-2.0473505305188535,-2.9714656625844396,-2.9514385308503224,-1.2636494624145356,-1.5423958600789056,-2.055725178900281,3.7948833425930624,1,0,4,1,False,4
Healthy,427,212999,213499,226.175122,226.662416,500,development,4,included,0,0.4731626848005699,-1.452970210649844,-2.7997778446170174,-2.7038082153723857,-0.9040839544993422,-1.5578762697541095,-1.61801532276324,1.636715199526638,0,1,0,2,False,4
Healthy,428,213499,213999,226.698722,227.186016,500,development,4,included,0,0.3178710085633196,-1.7520429620175817,-3.0267971400617215,-2.555163638726017,-1.3664140498858535,-1.914918023922835,-1.7828920856742574,3.441688542900123,1,0,3,1,False,4
Healthy,429,213999,214499,227.23030699999998,227.717601,500,development,4,included,0,0.4074332994004687,-1.6634692292943516,-2.8510494745940678,-2.8691416145933353,-1.0212698677630616,-1.8156065721683006,-1.6171367374006593,2.033654240997711,0,0,0,1,False,4
Healthy,430,214499,214999,227.767892,228.255187,500,development,4,included,0,0.4458557552035981,-1.7276729471560268,-2.564957835730294,-2.7734094845147834,-0.9333717986971866,-1.5047307948409787,-1.6935469029996872,2.1514912052959922,0,0,0,1,False,4
Healthy,431,214999,215499,228.297446,228.78474,500,development,4,included,0,0.37973555199437486,-1.7426102884119605,-2.692069924845784,-2.8073807207598844,-1.1023236391868942,-1.6967991010454173,-1.771680105108952,1.2926777303087083,0,0,0,1,False,4
Healthy,432,215499,215999,228.829025,229.316319,500,development,4,included,0,0.40624179414873285,-1.8293131849516966,-2.9536240184419453,-2.877243518856154,-1.038942312834167,-1.5529126218664446,-1.658845779549987,0.8119000348522011,0,0,0,1,False,4
Healthy,433,215999,216499,229.359631,229.846925,500,development,4,included,0,0.40170469482737786,-1.9462198678783629,-2.733114802666528,-3.1973871390517847,-1.0123272139448227,-1.6607089876068974,-1.6430418450460251,2.0814758191015126,0,0,0,1,False,4
Healthy,434,216499,216999,229.88420299999999,230.371498,500,development,4,included,0,0.43884638089469485,-1.5839718350963703,-3.0885654335874473,-3.132282053283768,-0.9344439879968647,-1.7315873332922131,-1.5992599234358642,1.6837693274614352,0,0,0,1,False,4
Healthy,435,216999,217499,230.409795,230.89709,500,development,4,included,0,0.4013792140937922,-1.6300981484246948,-3.1829131364804284,-3.08968036333413,-1.049134174752147,-1.6989650180470093,-1.6570010836870357,2.023629689317346,0,0,0,1,False,4
Healthy,436,217499,217999,230.93442299999998,231.421718,500,development,4,included,0,0.39637890864686887,-1.515235504005735,-3.1409401032712774,-2.704157614267725,-1.138448279965853,-1.5775032718460595,-1.7393874528586715,1.7400452815954615,0,0,0,1,False,4
Healthy,437,217999,218499,231.455999,231.94329399999998,500,development,4,included,0,0.4057641606540254,-1.7289427363208207,-2.9349488481929313,-2.78625350285003,-1.0552790458314572,-1.547181086818347,-1.6716023926055592,0.8739851877251805,0,0,0,1,False,4
Healthy,438,218499,218999,231.980595,232.46788899999999,500,development,4,included,0,0.42518010551981067,-1.689429971558283,-2.762726771231781,-2.6083468681235846,-0.9995978736380666,-1.505884252431239,-1.703355269249601,1.5167859268442927,0,0,0,1,False,4
Healthy,439,218999,219499,232.51120699999998,232.998501,500,development,4,included,0,0.4169401693728123,-1.7429491710976948,-2.9985770309961377,-3.009468101026404,-0.986675705889691,-1.6437777812623036,-1.6374355870086945,0.9335375214429404,0,0,0,1,False,4
Healthy,440,219499,219999,233.035778,233.52307199999998,500,development,4,included,0,0.4083852350996931,-1.9015562493352278,-2.7491442061662563,-3.071735492139519,-0.9956341670662223,-1.660454317633347,-1.6534416517960495,1.3139094289682187,0,0,0,1,False,4
Healthy,441,219999,220499,233.57034299999998,234.057638,500,development,4,included,0,0.43358487951426744,-1.5444948887854089,-3.1599749007350844,-2.994122540100183,-0.9825531203343901,-1.6723525784029027,-1.59442278771959,1.868650992266447,0,0,0,1,False,4
Healthy,442,220499,220999,234.111897,234.599191,500,development,4,included,0,0.4304480676722372,-1.6607944750138115,-2.6695398769489853,-2.9470155878804323,-0.967948768120297,-1.6552628827538745,-1.627010024584365,1.4448985683149158,0,0,0,1,False,4
Healthy,443,220999,221499,234.638486,235.12578,500,development,4,included,0,0.46305486561983633,-1.6799568185086642,-2.7571042031179283,-2.724707814209467,-0.8815486371259476,-1.739416379736231,-1.4944890909491373,2.400105341655828,0,0,0,1,False,4
Healthy,444,221499,221999,235.18103499999998,235.66833,500,development,4,included,0,0.32855785740600324,-1.8418043591581124,-3.0253181696310385,-2.998482181441087,-1.3294787835747115,-1.5636739509883197,-2.063531160920514,3.881046672647852,1,0,4,1,False,4
Healthy,445,221999,222499,235.756497,236.243791,500,development,4,included,0,0.48299981728818187,-2.0660987967395954,-2.9827529355988434,-2.965468627963858,-0.8256075445945269,-1.464308159759263,-1.5332524672938803,2.498728937610577,0,1,0,2,False,4
Healthy,446,222499,222999,236.287078,236.774372,500,development,4,included,0,0.5013628146215076,-1.7762727045837843,-2.8298186082169985,-3.1051905064446004,-0.7992784563819324,-1.48244386228151,-1.5046287491121595,2.7879373223724255,0,1,0,2,False,4
Healthy,447,222999,223499,236.811712,237.299007,500,development,4,included,0,0.4497276059541208,-1.94439251544554,-2.6448835409421694,-2.8735970123748458,-0.9035118110080911,-1.6391674684659088,-1.5136077657315323,2.189071203834879,0,0,0,1,False,4
Healthy,448,223499,223999,237.335276,237.82256999999998,500,development,4,included,0,0.48216617769807224,-1.9934732932069403,-3.015791151776901,-3.128144335215505,-0.8162507494191347,-1.4711763810781011,-1.5647401006283985,2.601507415823438,0,1,0,2,False,4
Healthy,449,223999,224499,237.860869,238.348163,500,development,4,included,0,0.3633339812648798,-2.1258779302392927,-2.9826310526882613,-3.1441673255819045,-1.0999033868192418,-1.9177568522079957,-1.6292137163500433,3.140166841734093,0,0,0,1,False,4
Healthy,450,224499,224999,238.388457,238.875751,500,development,4,included,0,0.35653065369887454,-2.063361225183137,-3.0244169971871107,-3.3379956931933537,-1.1668283122988345,-1.5740351181959147,-1.8543830867790003,2.9404092511452924,0,0,0,1,False,4
Healthy,451,224999,225499,238.93203499999998,239.419329,500,development,4,included,0,0.43607185965707546,-1.9163376585546763,-2.8944973238813585,-2.5082500371894936,-0.9199218466968818,-1.7053395453014182,-1.5786484531298244,2.1282459838502206,0,0,0,1,False,4
Healthy,452,225499,225999,239.456637,239.943931,500,development,4,included,0,0.3994336953690049,-1.7792526337876093,-3.032372672922768,-2.826930973331692,-1.0574381429491027,-1.5405117694313808,-1.7874211172695456,1.0065259698065627,0,0,0,1,False,4
Healthy,453,225999,226499,239.988179,240.475474,500,development,4,included,0,0.4115684013765314,-1.7960526523517215,-3.025748172303111,-2.855801489922792,-1.043631515997271,-1.410982767377665,-1.793650760576031,2.349313073284284,0,0,0,1,False,4
Healthy,454,226499,226999,240.521791,241.009086,500,development,4,included,0,0.37202906267414687,-1.883964196016855,-2.779037594565004,-3.157176986612621,-1.1110452496358498,-1.6630600420907253,-1.7958290745720484,1.8358446450350994,0,0,0,1,False,4
Healthy,455,226999,227499,241.07629799999998,241.563592,500,development,4,included,0,0.4562021211875122,-1.597547904351995,-2.689471833866499,-2.7995914557767563,-0.9567554089897367,-1.4195765925293453,-1.6882671688519981,2.2562230121002678,0,0,0,1,False,4
Healthy,456,227499,227999,241.6019,242.089194,500,development,4,included,0,0.2993606277734195,-1.943038733938447,-2.781558198753195,-2.965210734264112,-1.3631044587712924,-1.9548588104321916,-1.9173409773156698,3.5420627961173228,1,0,4,1,False,4
Healthy,457,227999,228499,242.132445,242.61973899999998,500,development,4,included,0,0.4362882307676601,-1.9888632021282378,-2.7557750526518405,-3.1901401169523966,-0.9157233739390538,-1.6883283546128656,-1.5615905954862486,2.0372060404815193,0,0,0,1,False,4
Healthy,458,228499,228999,242.666048,243.15334199999998,500,development,4,included,0,0.4136278119643859,-2.289964952222521,-2.9100018345944867,-3.026516748669268,-0.9516608341657393,-1.711346216342367,-1.5968895614339207,2.2276460179244912,0,0,0,1,False,4
Healthy,459,228999,229499,243.19560099999998,243.682895,500,development,4,included,0,0.3448834136666169,-1.9216932653236434,-2.929980434750813,-2.732158660381715,-1.1971026514884182,-1.7364476057043785,-1.8321918053205903,1.5819098959179965,0,0,0,1,False,4
Healthy,460,229499,229999,243.72319,244.210484,500,development,4,included,0,0.47223174212312674,-1.1803430724771196,-2.565311337951604,-2.687561091528247,-1.0048626175216013,-1.6421297816482885,-1.6496224615125388,2.1491028213648375,0,1,0,2,False,4
Healthy,461,229999,230499,244.250779,244.73807299999999,500,development,4,included,0,0.46825037521511637,-1.1173447312751608,-2.830467280026013,-3.083542724123498,-1.0362618240352737,-1.6982072015680956,-1.6881186112051625,1.9641660260795841,0,0,0,1,False,4
Healthy,462,230499,230999,244.775377,245.26267199999998,500,development,4,included,0,0.41788417477164075,-1.3335923511050396,-2.7170431684734275,-2.936127062236669,-1.0903773306910103,-1.8529075466912737,-1.6813197461959646,2.4377059803896888,0,0,0,1,False,4
Healthy,463,230999,231499,245.370784,245.858078,500,development,4,included,0,0.4864622927077746,-1.5061382078953391,-2.6927132165475127,-2.4469813857437193,-0.8746598127289544,-1.5081093079060082,-1.5845257214371935,2.502516904878453,0,1,0,2,False,4
Healthy,464,231499,231999,245.896379,246.38367399999998,500,development,4,included,0,0.3422148394304138,-1.9994833847160713,-3.1903614719456717,-2.7395062931204537,-1.1906511604352608,-1.7780225591665673,-1.7901062411484117,2.0739532337440663,0,0,0,1,False,4
Healthy,465,231999,232499,246.427957,246.91525199999998,500,development,4,included,0,0.4300926957861266,-2.181507242147255,-2.8340584512720746,-2.800796174690198,-0.9308777552415984,-1.5885639924301447,-1.6334077722225315,1.8399379371348699,0,0,0,1,False,4
Healthy,466,232499,232999,246.970515,247.457809,500,development,4,included,0,0.4261189309781083,-2.111979244970055,-3.0145011370242973,-2.9390678172530302,-0.9440030563399592,-1.6447258241116685,-1.598491150753039,1.59139344612532,0,0,0,1,False,4
Healthy,467,232999,233499,247.506073,247.993367,500,development,4,included,0,0.4412830730708669,-1.6891144602787191,-2.807382405656618,-3.059660370819022,-0.9416427261482307,-1.6816510755468217,-1.5875175700229867,1.373246257666293,0,0,0,1,False,4
Healthy,468,233499,233999,248.034672,248.521966,500,development,4,included,0,0.48085186738726715,-1.2468104969945177,-3.1250567735930455,-2.823557067053809,-0.9404231602331158,-1.6416241895291668,-1.5905472657579394,1.6327319831495726,0,1,0,2,False,4
Healthy,469,233999,234499,248.565241,249.052535,500,development,4,included,0,0.4553844716400128,-1.603901680461651,-2.9812219907664708,-2.889499367428757,-0.9237456750943983,-1.5890450184572789,-1.5720661848638506,1.5438004295590162,0,0,0,1,False,4
Healthy,470,234499,234999,249.098849,249.586143,500,development,4,included,0,0.46104281942832176,-1.2959061410299386,-2.7786976417001816,-2.63660257466967,-0.9922003091008007,-1.5911678411919088,-1.6466570423404459,1.3441807027409607,0,0,0,1,False,4
Damaged_LR,362,180499,180999,190.113343,190.600638,500,development,4,included,1,0.6473390770485089,-1.028049101185332,-1.611392704652848,-1.0845170760590357,-0.9335993129817034,-1.2621721943355615,-1.4886251933350598,10.82538284073301,1,1,1,3,False,4
Damaged_LR,363,180999,181499,190.645215,191.132509,500,development,4,included,1,0.3603970530591656,-1.2247694140069287,-2.7046966223750895,-2.880518478834233,-1.4027809796424315,-1.7863651938982648,-2.303584606632762,6.530784299519395,1,0,3,1,False,4
Damaged_LR,364,181499,181999,191.17076,191.658055,500,development,4,included,1,0.4285336475934761,-1.1796521094709655,-2.8744645573580034,-2.822557749834149,-1.1009023948500207,-1.7830272422976152,-1.9420559692887798,2.5401894937683136,0,0,0,1,False,4
Damaged_LR,365,181999,182499,191.701671,192.188965,500,development,4,included,1,0.4559058990252737,-1.4597704718221094,-3.0135221157927363,-2.543345806192339,-0.9479250301099276,-1.6724750444150187,-1.5454529116273372,1.9138569695838554,0,0,0,1,False,4
Damaged_LR,366,182499,182999,192.224927,192.712221,500,development,4,included,1,0.4618195469814565,-1.1536389700950642,-2.641314417488913,-2.812727593358243,-1.0769947891397873,-1.6078575198008136,-1.6389688585659088,1.8344235700861862,0,0,0,1,False,4
Damaged_LR,367,182999,183499,192.75280899999998,193.240103,500,development,4,included,1,0.7439348557390341,-0.752910778133041,-1.7940072333678865,-1.2271390625288563,-0.7952166234199803,-1.0812253689656715,-1.399155156526135,9.95414998387506,1,1,1,3,False,4
Damaged_LR,368,183499,183999,193.278957,193.76625099999998,500,development,4,included,1,0.6795851157628952,-0.6607057346353392,-2.415138806103233,-1.7803479009873642,-0.9523917458496238,-1.1342707254316375,-1.5536456171978392,6.574771188928458,1,1,1,3,False,4
Damaged_LR,369,183999,184499,193.80329899999998,194.290593,500,development,4,included,1,0.5909920683297745,-1.220933245323608,-2.758582607957743,-1.6852693000082124,-0.8670384334502427,-1.0619221042271236,-1.4376407855529056,7.155576457509201,1,1,1,3,False,4
Damaged_LR,370,184499,184999,194.329105,194.816399,500,development,4,included,1,0.6233450210792273,-1.254727196323309,-2.8122730725145817,-1.3979348021718578,-0.8597711421818371,-0.946564632417173,-1.5181349662619865,8.910812530292294,1,1,1,3,False,4
Damaged_LR,371,184999,185499,194.856786,195.34408,500,development,4,included,1,0.46878242108584767,-1.0740980880394244,-2.7800041515434994,-2.690774976038899,-1.2182234821325164,-1.4038082489081747,-1.6141757797559866,2.427028915939066,0,0,0,1,False,4
Damaged_LR,372,185499,185999,195.381302,195.868596,500,development,4,included,1,0.6887851749759394,-0.8276779415180876,-2.36793469573451,-2.190636766818265,-0.7465327062797829,-1.169018302152451,-1.2395758772670302,5.213866801634578,1,1,1,3,False,4
Damaged_LR,373,185999,186499,195.912748,196.40004199999998,500,development,4,included,1,0.7577605163724644,-0.7269893419060246,-1.441760521800188,-1.4739684330934553,-0.7943809576447503,-0.9751894508902478,-1.4575206860901317,9.740202829697642,1,1,1,3,False,4
Damaged_LR,374,186499,186999,196.438605,196.925899,500,development,4,included,1,0.6626119242773976,-0.6996240816793741,-2.0718724556237285,-2.4315208618844455,-0.9375545941292621,-1.1768960984504035,-1.4734940879736573,5.482947494791756,1,1,1,3,False,4
Damaged_LR,375,186999,187499,196.96819499999998,197.455489,500,development,4,included,1,0.5987955284367256,-1.3178888868227425,-2.8784006129495388,-2.703192852086586,-0.7638058802729415,-1.0686419299825094,-1.3576870511299803,6.057618622492593,1,1,1,3,False,4
Damaged_LR,376,187499,187999,197.50017599999998,197.98747,500,development,4,included,1,0.5854669082716527,-1.2885303265734243,-2.6234389619799994,-2.9533747343922734,-0.8955610517167202,-0.898653238804543,-1.5982321030574722,7.898970684356864,1,1,1,3,False,4
Damaged_LR,377,187999,188499,198.027561,198.51485499999998,500,development,4,included,1,0.6828675461469669,-0.6818314300498088,-2.398575558265271,-2.8813679600821205,-0.8348003056331085,-1.2276882010492485,-1.387195502941882,4.334797079887978,1,1,1,3,False,4
Damaged_LR,378,188499,188999,198.55674,199.04403399999998,500,development,4,included,1,0.5211773748523147,-1.001746571212804,-2.579842855239668,-2.6038743622683636,-1.0320684857593374,-1.4894870776825593,-1.4762040535625158,2.6019376937319625,0,1,0,2,False,4
Damaged_LR,379,188999,189499,199.08442499999998,199.571719,500,development,4,included,1,0.5506117319125408,-1.303612643714109,-2.938546279772604,-2.7564110382074065,-0.8117533810657117,-1.307590318643559,-1.3912082825104886,3.5401308199055506,1,1,1,3,False,4
Damaged_LR,380,189499,189999,199.609943,200.097237,500,development,4,included,1,0.5054988584547354,-1.3730386894380584,-2.714002680613448,-2.851457689681771,-1.0464333337712313,-1.0677178944922616,-1.542672666522481,6.067627962781132,1,1,1,2,False,4
Damaged_LR,381,189999,190499,200.141471,200.628765,500,development,4,included,1,0.4905316553493786,-1.352305129249299,-2.822062153754681,-2.7081419627890067,-0.9724781355514295,-1.2946435958078133,-1.5253077367325105,3.6095226317039812,1,1,1,2,False,4
Damaged_LR,382,190499,190999,200.666462,201.153756,500,development,4,included,1,0.5908676500251148,-1.168545760519834,-2.583437263915839,-2.363954294596146,-0.7848814510965513,-1.1981968910091436,-1.3966131254185374,4.65425294588187,1,1,1,3,False,4
Damaged_LR,383,190999,191499,201.194995,201.68229,500,development,4,included,1,0.5418105681976843,-1.0996535434410897,-2.476800280229063,-2.4296722185517483,-0.9616739192971558,-1.2736070663236656,-1.431579572211912,3.8373945958427624,1,1,1,3,False,4
Damaged_LR,384,191499,191999,201.72033399999998,202.207628,500,development,4,included,1,0.5922738122686929,-1.1199920407597712,-2.3903115395581866,-3.0585165160966423,-0.7981131825475863,-1.2300339837927132,-1.3465650485249236,4.30938708430867,1,1,1,3,False,4
Damaged_LR,385,191999,192499,202.24553699999998,202.732831,500,development,4,included,1,0.5467276571800539,-1.3350559509171236,-2.712251359968062,-2.3812758100052727,-0.8967208616548823,-1.115588601998865,-1.4439929796801438,5.549082726863633,1,1,1,3,False,4
Damaged_LR,386,192499,192999,202.77248699999998,203.259781,500,development,4,included,1,0.6664621337372291,-0.6618246501372119,-1.990163848308423,-2.076580794622356,-0.9470568348470322,-1.4341581970319661,-1.4083094543134795,6.034999258499868,1,1,1,3,False,4
Damaged_LR,387,192999,193499,203.303449,203.790743,500,development,4,included,1,0.7211742067061259,-0.5027248781838413,-2.311422610976583,-2.6252382352530566,-1.0428254752654238,-1.2279545728816603,-1.4176655614964546,4.331911686045393,1,1,1,3,False,4
Damaged_LR,388,193499,193999,203.825988,204.313282,500,development,4,included,1,0.39921959043231287,-1.1328246350077755,-2.713863065062774,-2.673188733013814,-1.3104094032423892,-1.769355455393176,-2.1362515459261617,4.683742671525649,1,0,3,1,False,4
Damaged_LR,389,193999,194499,204.35307799999998,204.840372,500,development,4,included,1,0.4217468272656306,-1.3985248409079416,-2.974201608995111,-2.9654862612670283,-1.0681562184915345,-1.7241846753600547,-1.6992496056864996,1.0433536685251232,0,0,0,1,False,4
Damaged_LR,390,194499,194999,204.878972,205.366267,500,development,4,included,1,0.8207535195475932,-0.3438489080161197,-1.2767441237568753,-2.056875713608891,-1.0986599144223639,-1.5772152857825192,-1.6777449496075163,10.8551109963371,1,1,1,3,False,4
Damaged_LR,391,194999,195499,205.40334199999998,205.890636,500,development,4,included,1,0.6640057354249347,-0.5293806077365578,-1.9541857273691627,-2.0362696582732376,-1.1912928489471304,-1.6767427749533819,-1.6210283005421153,6.278079954304383,1,1,3,3,False,4
Damaged_LR,392,195499,195999,205.92604,206.413334,500,development,4,included,1,0.6182555045313428,-0.9065274105696328,-2.1146003692789814,-2.694581989384001,-0.8074166611268733,-1.3579981950281546,-1.396926267690032,5.194262852280026,1,1,1,3,False,4
Damaged_LR,393,195999,196499,206.45333399999998,206.940628,500,development,4,included,1,0.5215895526089567,-0.9965749145373456,-2.6751518014977895,-2.7368578707808964,-0.9925605629259545,-1.5499199177451697,-1.5384539644278563,2.3958866832116468,0,1,0,2,False,4
Damaged_LR,394,196499,196999,206.97911399999998,207.466408,500,development,4,included,1,0.43832093434567787,-1.1084066699375192,-2.7046356742149977,-2.727514915548513,-1.148292708627846,-1.678319681996769,-1.9815200966429856,2.975799084173598,0,0,0,1,False,4
Damaged_LR,395,196999,197499,207.502668,207.989962,500,development,4,included,1,0.5744776225635777,-0.7265019197075283,-2.3662991694111732,-2.555129034917718,-1.2372846879478805,-1.319048613555509,-1.6906403757139505,3.4936982348952923,1,1,1,3,False,4
Damaged_LR,396,197499,197999,208.037119,208.524414,500,development,4,included,1,0.6346278981784045,-0.7719299594218992,-2.4307237687451058,-2.2679560174342686,-1.0511378191332728,-0.9982746394614235,-1.5414566661546465,6.819851419221123,1,1,1,3,False,4
Damaged_LR,397,197999,198499,208.559955,209.047249,500,development,4,included,1,0.5026866191555514,-1.158172323542612,-2.573441529992342,-2.687369689444475,-1.1060622940378286,-1.1573335702939873,-1.6200381727809616,5.09689274345934,1,1,1,2,False,4
Damaged_LR,398,198499,198999,209.08615799999998,209.573452,500,development,4,included,1,0.5005035589004265,-1.260876805454133,-2.4204775529097518,-2.9219481467103896,-1.0701235565766727,-1.1254655191706247,-1.5983286736580282,5.442093952063067,1,1,1,2,False,4
Damaged_LR,399,198999,199499,209.612638,210.099932,500,development,4,included,1,0.609387449305699,-0.7549462408878479,-2.4412992765976735,-2.7862719277756582,-1.015914564412765,-1.2121732598137254,-1.561728441995004,4.502858077568255,1,1,1,3,False,4
Damaged_LR,400,199499,199999,210.135663,210.62295699999999,500,development,4,included,1,0.6582793196031427,-0.5985508465243796,-2.328602636328986,-2.570331063246697,-1.1152679519541309,-1.153085673827895,-1.6537482985208154,5.142906821585491,1,1,1,3,False,4
Damaged_LR,401,199999,200499,210.66041099999998,211.147705,500,development,4,included,1,0.6322513253445191,-0.7825615498321741,-1.6633612513563458,-1.9328657816614376,-1.0244849417858235,-1.1918909123966412,-1.571416255946197,8.242991243182624,1,1,1,3,False,4
Damaged_LR,402,200499,200999,211.189271,211.67656499999998,500,development,4,included,1,0.5726888846669739,-1.050545648379594,-2.125688213508834,-2.8974207696024536,-0.9600855341919053,-1.0851987122060178,-1.6552670203712223,5.878272191422203,1,1,1,3,False,4
Damaged_LR,403,200999,201499,211.713999,212.201293,500,development,4,included,1,0.5955657373844822,-0.883352474322101,-1.5593209810599138,-2.206827125899616,-1.067543455430243,-1.1926985696912746,-1.6200532108558714,8.945923487421906,1,1,1,3,False,4
Damaged_LR,404,201499,201999,212.243777,212.731071,500,development,4,included,1,0.6478603971134288,-1.0669937153714986,-2.81299516927257,-2.0590852753864644,-0.7833537202392383,-0.9452756237056387,-1.44972693395556,7.3939475326885855,1,1,1,3,False,4
Damaged_LR,405,201999,202499,212.768602,213.255897,500,development,4,included,1,0.6911719794271031,-0.6800919502013506,-2.088621382652069,-1.877486727722979,-0.9670091591372685,-1.0499822087214525,-1.5653044558901252,6.259744516749218,1,1,1,3,False,4
Damaged_LR,406,202499,202999,213.299262,213.786556,500,development,4,included,1,0.6797618223190461,-0.6939731918394157,-2.167865383296092,-2.2696252575280336,-0.9009347114415375,-1.355099677107884,-1.275931180418061,4.834385895638089,1,1,1,3,False,4
Damaged_LR,407,202999,203499,213.826664,214.31395799999999,500,development,4,included,1,0.5670947552554114,-1.0566668175355771,-2.4663603039983273,-2.595747058262864,-0.9647000388649076,-1.0885222111385393,-1.5718619168589214,5.842271375311471,1,1,1,3,False,4
Damaged_LR,408,203499,203999,214.353949,214.841243,500,development,4,included,1,0.6825509007967363,-0.7413930503972431,-1.642564325241726,-1.969294550456219,-0.8643203754135659,-1.150456443005192,-1.4894531377939941,8.383502507766773,1,1,1,3,False,4
Damaged_LR,409,203999,204499,214.880909,215.368203,500,development,4,included,1,0.44044088141736587,-1.0587385840925532,-2.1401308057791435,-2.2979278837935584,-1.267633798137477,-1.6483609366095784,-2.1273237202391284,5.02177034553879,1,0,3,1,False,4
Damaged_LR,410,204499,204999,215.413782,215.901076,500,development,4,included,1,0.5249104778787892,-1.03827917770867,-2.141138354284141,-1.1168775900072687,-1.4949142348844746,-1.4728794939566807,-1.8368253871006754,10.627702639283308,1,1,3,3,False,4
Damaged_LR,411,204999,205499,215.94036499999999,216.427659,500,development,4,included,1,0.6111705912830168,-0.7764304215716551,-2.6078006099033684,-2.5043344715715725,-0.9171005120171515,-1.3826395597934324,-1.4923627586216806,3.1828459395420703,0,1,0,3,False,4
Damaged_LR,412,205499,205999,216.463192,216.95048699999998,500,development,4,included,1,0.6346401321209251,-0.8401421979046936,-2.2757781637949956,-2.1256559456889113,-0.8685519985203991,-1.2159728550986515,-1.4114732499267644,4.465392952600072,1,1,1,3,False,4
Damaged_LR,413,205999,206499,216.989495,217.476789,500,development,4,included,1,0.6388523434752308,-0.7415214543191206,-2.708308867011305,-2.3064692572050833,-0.9260330074883618,-1.2147470867848313,-1.4689134151754935,4.474977860553312,1,1,1,3,False,4
Damaged_LR,414,206499,206999,217.520047,218.007341,500,development,4,included,1,0.5479956948090048,-1.175451560986628,-2.622396559990249,-2.7975217142746915,-0.8966493367254018,-1.1535191571853085,-1.569223493380884,5.138211241729995,1,1,1,3,False,4
Damaged_LR,415,206999,207499,218.045968,218.533262,500,development,4,included,1,0.6396996839418178,-0.7141990928334363,-2.660852380626084,-2.885727993853907,-1.0047429830737693,-1.1041603586878577,-1.6161618417542054,5.672875781792086,1,1,1,3,False,4
Damaged_LR,416,207499,207999,218.576053,219.063347,500,development,4,included,1,0.6503205565637176,-0.7515241463098528,-2.0231193313715785,-2.831646883923547,-1.047516440903805,-1.0244037722802994,-1.4781096776921727,6.536815340424612,1,1,1,3,False,4
Damaged_LR,417,207999,208499,219.100979,219.588273,500,development,4,included,1,0.6834160675408615,-0.584595181433775,-2.403056131142689,-2.727027185673908,-1.010550581168151,-1.216182437366889,-1.5067067471661952,4.459429851238957,1,1,1,3,False,4
Damaged_LR,418,208499,208999,219.627198,220.11449199999998,500,development,4,included,1,0.6619899070419168,-0.7894000771925558,-2.096655535098302,-2.483199621113288,-0.8659445534322892,-1.0933297349716513,-1.484347528196809,5.790195299772454,1,1,1,3,False,4
Damaged_LR,419,208999,209499,220.152534,220.639828,500,development,4,included,1,0.5499550368687297,-1.080463132065872,-2.31698608390325,-2.2694257776117155,-1.1716902880022972,-0.9997015660165998,-1.5161296282315129,6.804394660678568,1,1,1,3,False,4
Damaged_LR,420,209499,209999,220.676129,221.163423,500,development,4,included,1,0.49935447562152546,-1.1795222540954922,-2.431901920092244,-2.7485231778250063,-1.2097110095556103,-1.0256166609341575,-1.7793967699142408,6.52367708394345,1,1,1,2,False,4
Damaged_LR,421,209999,210499,221.20239899999999,221.689693,500,development,4,included,1,0.5529767202597615,-0.8652581565772591,-2.3159937114984928,-2.536973674704398,-0.9830680211068143,-1.6801547417245082,-1.5596040645278397,3.833579401363753,1,1,3,3,False,4
Damaged_LR,422,210499,210999,221.732079,222.219373,500,development,4,included,1,0.5228550315334282,-1.0093959872573923,-2.5874392350774946,-2.618499903580149,-1.032394148957014,-1.3715062933658684,-1.5377697344131067,2.7769302654223855,0,1,0,2,False,4
Damaged_LR,423,210999,211499,222.257551,222.744845,500,development,4,included,1,0.5920832660750958,-0.7195619636268854,-2.482113522786969,-2.6708549964143034,-1.0969171416767158,-1.3744987690527875,-1.6040944192315483,3.386135873212356,1,1,1,3,False,4
Damaged_LR,424,211499,211999,222.788119,223.275413,500,development,4,included,1,0.44533660902828376,-0.9631693614382383,-1.916062486806154,-2.894416385376936,-1.4185985277051154,-2.111161079275915,-2.033945073578916,6.5356538242133775,1,0,4,1,False,4
Damaged_LR,425,211999,212499,223.32398799999999,223.811282,500,development,4,included,1,0.6257850763582068,-0.8709371658979417,-1.534304140173934,-1.9622441562505928,-1.0570598841775907,-1.1072572011181925,-1.551538941916932,9.11494596360017,1,1,1,3,False,4
Damaged_LR,426,212499,212999,223.849595,224.33688899999999,500,development,4,included,1,0.5982223016799407,-1.0395452702418153,-2.333626688956609,-1.6499681152044903,-0.9283755397274558,-1.0812606950661345,-1.6210600222554514,7.371220292294276,1,1,1,3,False,4
Damaged_LR,427,212999,213499,224.381864,224.869158,500,development,4,included,1,0.7023161494887796,-1.1518801659678992,-2.6737505780738102,-1.199995585961295,-0.7630172021263221,-0.9131383576296264,-1.352076804171839,10.11996094486611,1,1,1,3,False,4
Damaged_LR,428,213499,213999,224.906664,225.393958,500,development,4,included,1,0.5618787958883363,-1.1255504617963652,-2.6440072708054214,-2.078972047485421,-1.0051183812403255,-1.008218990852742,-1.6051025008640942,6.712132183244792,1,1,1,3,False,4
Damaged_LR,429,213999,214499,225.428706,225.916,500,development,4,included,1,0.5047535349930213,-1.228949856212966,-3.030392590369654,-2.2648803225368113,-0.9746824088390225,-1.357190993195814,-1.500205657547581,3.614915024281984,1,1,1,2,False,4
Damaged_LR,430,214499,214999,225.955524,226.442819,500,development,4,included,1,0.578450810797971,-1.1226888644723567,-2.5562761025371774,-2.2842402856318733,-0.8896522247602664,-1.0571423508085498,-1.5580887583713103,6.182184401991263,1,1,1,3,False,4
Damaged_LR,431,214999,215499,226.480434,226.967728,500,development,4,included,1,0.6030199581582485,-1.0584663233739087,-2.5154126334177707,-2.6339047548932233,-0.7915259165247389,-1.237052614511196,-1.3611924274997562,4.233359849465079,1,1,1,3,False,4
Damaged_LR,432,215499,215999,227.00771899999998,227.495013,500,development,4,included,1,0.8467305811394958,-0.303089646896561,-1.9290935179389215,-2.3642104415817573,-1.0386248737737063,-1.3670108166338382,-1.3884830213451462,6.447611646575721,1,1,1,3,False,4
Damaged_LR,433,215999,216499,227.53671599999998,228.02401,500,development,4,included,1,0.7458424043620966,-0.5490874479234242,-1.8060750879738554,-1.4050065144590347,-0.9398998791925375,-1.279747943463985,-1.5716779675287729,8.867613664175403,1,1,1,3,False,4
Damaged_LR,434,216499,216999,228.070204,228.55749799999998,500,development,4,included,1,0.9405026892432294,-0.43452567837108613,-0.7066627765217613,-1.3260291182678057,-0.892737733284204,-1.2937433868550998,-1.3606539904263577,14.706778813704112,1,1,1,3,False,4
Damaged_LR,435,216999,217499,228.599652,229.08694599999998,500,development,4,included,1,0.7717275865794528,-0.49063342655873904,-2.3683438755568234,-2.556478558833511,-0.8395666754966671,-1.0706823417414504,-1.6387919506240922,6.035516467500149,1,1,1,3,False,4
Damaged_LR,436,217499,217999,229.13800899999998,229.625304,500,development,4,included,1,0.4577773845854288,-1.3290483331667085,-2.5564534761381483,-2.8228665372167154,-1.1195927203443699,-1.242496817662281,-1.7192691318604005,4.17438713411566,1,0,1,1,False,4
Damaged_LR,437,217999,218499,229.66575799999998,230.153052,500,development,4,included,1,0.4037252250842698,-1.2706375739835947,-2.735342358953974,-3.0506579333482176,-1.3921875358202775,-1.2806276628436448,-2.0610388762711858,3.853536547173063,1,0,4,1,False,4
Damaged_LR,438,218499,218999,230.195445,230.682739,500,development,4,included,1,0.6173616704018445,-1.0030211712053476,-2.8073881499343063,-2.4949550799055586,-0.8822078844694454,-0.9525990532230227,-1.5984027425067895,7.314618655289118,1,1,1,3,False,4
Damaged_LR,439,218999,219499,230.720272,231.20756599999999,500,development,4,included,1,0.480980664336732,-1.0674398820639104,-2.893935378260787,-2.926137677770202,-1.1281789507655609,-1.3740491587741153,-1.713902356159394,2.7493854303508765,0,1,0,2,False,4
Damaged_LR,440,219499,219999,231.244105,231.7314,500,development,4,included,1,0.6002573252526682,-0.832309869000321,-2.743525953278559,-2.4196522443130895,-0.9838052588134163,-1.1639548408143596,-1.573430883648198,5.025169795065764,1,1,1,3,False,4
Damaged_LR,441,219999,220499,231.770001,232.257295,500,development,4,included,1,0.39224607806120293,-1.3780681654674998,-2.8816253955789617,-2.9254339261328157,-1.5087469081638256,-1.241529185057171,-1.8168137603957237,5.0051249866057095,1,0,2,1,False,4
Damaged_LR,442,220499,220999,232.296896,232.78419,500,development,4,included,1,0.7173621197536546,-0.8657012156233042,-1.4469411642113386,-1.579741244932438,-0.7820119411437939,-0.9969492255023898,-1.4961491075390454,9.705200608093493,1,1,1,3,False,4
Damaged_LR,443,220999,221499,232.821889,233.309183,500,development,4,included,1,0.46583939341638136,-1.1469630401427366,-2.5734343129359636,-1.9402652003617424,-1.1754673625457843,-1.5609539735707885,-1.6186359055576915,5.597886705381953,1,0,3,1,False,4
Damaged_LR,444,221499,221999,233.348623,233.835917,500,development,4,included,1,0.538795559075725,-0.8561915618428654,-2.478065610963281,-2.708168731961935,-1.123123474341858,-1.5498582493405837,-1.4961714464454565,2.8977206257706247,0,1,0,3,False,4
Damaged_LR,445,221999,222499,233.869846,234.35714,500,development,4,included,1,0.9804322794300888,-0.3802004325411055,-0.7878266834181884,-0.9753263410072184,-0.8363497243658242,-1.215209033235799,-1.4391051320246955,14.158407235435634,1,1,1,3,False,4
Damaged_LR,446,222499,222999,234.393634,234.88092799999998,500,development,4,included,1,0.3655152036855537,-1.2045562685172921,-2.433614669332333,-2.790076079600641,-1.4383165190926088,-2.0708615994776833,-1.9240409507212815,4.798628590645947,1,0,3,1,False,4
Damaged_LR,447,222999,223499,234.917397,235.40469099999999,500,development,4,included,1,0.5745705055986756,-1.000292868929949,-2.3929160404342413,-2.650533371477518,-0.9101648564638253,-1.1744215582253419,-1.5694166282755353,4.911792184166429,1,1,1,3,False,4
Damaged_LR,448,223499,223999,235.443222,235.93051599999998,500,development,4,included,1,0.731772522249979,-0.5911227730192966,-1.058261515083217,-1.650897082395056,-1.0667389975635544,-1.5669140408740685,-1.549038042949141,12.33125547389998,1,1,1,3,False,4
Damaged_LR,449,223999,224499,235.969592,236.456887,500,development,4,included,1,0.9211345973174402,-0.6073941504626174,-0.7097631500891391,-0.6951990372062069,-1.0442568802807217,-1.3277052751928364,-1.6816681721903022,14.685831611784245,1,1,1,3,False,4
Damaged_LR,450,224499,224999,236.497813,236.985107,500,development,4,included,1,0.35541012844419995,-1.2297495762457709,-3.0243126502320474,-2.7741941854298275,-1.4788550789894939,-1.741776057628824,-2.184165544175834,5.212622911671002,1,0,3,1,False,4
Damaged_LR,451,224999,225499,237.023301,237.510596,500,development,4,included,1,0.6525124233753048,-0.62894957307528,-2.4408708363858125,-1.9439545657549637,-1.1622512231093725,-1.3151647361100687,-1.4281397403255558,5.575349532600327,1,1,1,3,False,4
Damaged_LR,452,225499,225999,237.548422,238.035717,500,development,4,included,1,0.5604918884660562,-0.767258425457941,-2.363827637093859,-2.505749640001469,-1.2171641639350015,-1.3476153709635608,-1.830985923862121,3.5103967666615934,1,1,1,3,False,4
Damaged_LR,453,225999,226499,238.07667899999998,238.563974,500,development,4,included,1,0.5816038420438614,-1.0365895621736054,-2.684556076303031,-2.919451138410558,-0.9286976751298185,-1.0223886313116242,-1.6442558488255732,6.558643757079298,1,1,1,3,False,4
Damaged_LR,454,226499,226999,238.605256,239.092551,500,development,4,included,1,0.4464539696760831,-1.0749000391210166,-2.684575126143579,-2.7771800316104245,-1.3119140743509115,-1.5085121867786075,-1.6500542760830323,2.843040774821274,0,0,0,1,False,4
Damaged_LR,455,226999,227499,239.128517,239.615811,500,development,4,included,1,0.44561139456805066,-1.1174208554684382,-2.9700152090831864,-2.9163027341401375,-1.3077975748334192,-1.3381406589788911,-1.6917804723158076,3.138353600399115,0,0,0,1,False,4
Damaged_LR,456,227499,227999,239.656334,240.143628,500,development,4,included,1,0.561646344298041,-1.0007903957168485,-2.740175319589492,-2.2451003869140056,-0.9081933598494442,-1.4399853218244911,-1.3902776031871027,3.7357444296750284,1,1,1,3,False,4
Damaged_LR,457,227999,228499,240.186916,240.67421,500,development,4,included,1,0.5341087892304055,-1.199427422194646,-2.7114963185441465,-2.799070812724379,-0.928479511189895,-1.1434036044830227,-1.6591435583203546,5.247784965112277,1,1,1,3,False,4
Damaged_LR,458,228499,228999,240.70971,241.197004,500,development,4,included,1,0.5882643138435698,-1.0024440814231603,-2.7130606555151164,-2.938609978632325,-0.9435654338533483,-0.9786000447798994,-1.8432206884489923,7.032970628693947,1,1,1,3,False,4
Damaged_LR,459,228999,229499,241.24109099999998,241.728385,500,development,4,included,1,0.4997422662478889,-0.9514426950036788,-2.515620854897097,-2.9950182527102953,-1.236553881454228,-1.3379123946232228,-1.7372989862325687,3.1408262063062926,0,1,0,2,False,4
Damaged_LR,460,229499,229999,241.76636399999998,242.253659,500,development,4,included,1,0.6806144930315892,-0.9298027790831905,-2.3206423789508874,-2.453671188967243,-0.7385922849786827,-0.9915885065711215,-1.394606669081261,6.89227696999242,1,1,1,3,False,4
Damaged_LR,461,229999,230499,242.289639,242.77693299999999,500,development,4,included,1,0.6034280602573854,-1.0972956973951282,-2.4053984841156697,-1.8093440796517006,-0.9589503480879108,-0.9169653302254527,-1.6323996919319579,7.700610387202522,1,1,1,3,False,4
Damaged_LR,462,230499,230999,242.815473,243.302767,500,development,4,included,1,0.3863184571675115,-1.3857774925854713,-2.829249786780898,-2.891162038460613,-1.265708369591473,-1.4952448796010567,-1.8809894009916557,2.3355003263120158,0,0,0,1,False,4
Damaged_LR,463,230999,231499,243.341695,243.828989,500,development,4,included,1,0.43638793961419525,-1.5802250027970084,-2.949449715444872,-3.059348958043891,-1.2091862855996176,-1.099319704142319,-2.0206839592701633,5.725310735943645,1,0,2,1,False,4
Damaged_LR,464,231499,231999,243.871789,244.359083,500,development,4,included,1,0.3792218470194411,-1.3826509335055353,-2.7372442229136866,-2.8469046836071747,-1.326987506471135,-1.5725644000166088,-1.7618041419847297,3.008612894945886,0,0,0,1,False,4
Damaged_LR,465,231999,232499,244.39765599999998,244.88495,500,development,4,included,1,0.42319851617305576,-1.358008200943882,-2.7498375270607434,-2.898035962099438,-1.188186856314401,-1.3730815824364013,-1.7598147628350176,2.7598664139511055,0,0,0,1,False,4
Damaged_LR,466,232499,232999,244.93374799999998,245.421042,500,development,4,included,1,0.532648143103277,-0.8878390267650696,-2.34538806211464,-2.3057710523931942,-1.0804093829842643,-1.6249917346577956,-1.7094804163043351,3.634980947248883,1,1,3,3,False,4
Damaged_LR,467,232999,233499,245.457662,245.944956,500,development,4,included,1,0.4057237792923424,-1.3104817727034623,-2.6477732147655204,-2.3838470747170857,-1.1444922221708886,-2.3666622092622007,-1.7181748845746363,8.002800932658948,1,0,3,1,False,4
Damaged_LR,468,233499,233999,245.983215,246.470509,500,development,4,included,1,0.5774883210322396,-1.003837761648505,-2.214424408191955,-2.3001468159974987,-0.922612784838569,-1.1679133901906873,-1.673144178649226,4.982289983440759,1,1,1,3,False,4
Damaged_LR,469,233999,234499,246.516821,247.00411499999998,500,development,4,included,1,0.6235520026714144,-0.9287903591560827,-2.7677147336482864,-2.766559423977954,-0.8228596508482078,-1.1285331720058043,-1.4834868269054715,5.40886451289274,1,1,1,3,False,4
Damaged_LR,470,234499,234999,247.04683,247.534124,500,development,4,included,1,0.5815121948480007,-1.0246099658561196,-2.713512910302141,-2.9280691307707727,-0.8303507008217655,-1.206862357251423,-1.6515222173521427,4.560386853839716,1,1,1,3,False,4
Damaged_LR,471,234999,235499,247.57475,248.062044,500,development,4,included,1,0.519599531496688,-0.9290056353081767,-2.439762119740565,-2.4511290119073568,-1.0570258527541052,-1.7516846839507427,-1.5523867929613457,2.997356997061645,0,1,0,2,False,4
Damaged_LR,472,235499,235999,248.097958,248.585253,500,development,4,included,1,0.6632267358134502,-0.6393711161776593,-2.4468626170153622,-2.1760999892707713,-1.0161078338143377,-1.3481175395774472,-1.3967368678029652,4.157246156379488,1,1,1,3,False,4
Damaged_LR,473,235999,236499,248.623749,249.111043,500,development,4,included,1,0.6524387946231588,-0.7395334973194014,-2.3663475522479027,-1.663989617675793,-0.9314637856431062,-1.3223176352970822,-1.3992266324560798,7.285567343840226,1,1,1,3,False,4
Damaged_LR,474,236499,236999,249.153346,249.640641,500,development,4,included,1,0.6944566446529091,-0.8848602914871225,-1.4608496826761341,-1.4025779343220406,-0.8671174617281674,-1.1303143779264488,-1.446000847474467,9.611229820910355,1,1,1,3,False,4
Damaged_UR,363,181000,181500,190.30347,190.790764,500,development,4,included,2,0.3799941540084647,-1.87867467096899,-1.861039086352431,-2.2839650336031,-1.331558643188958,-1.4306386998092866,-1.8789541187268872,6.907411051068051,1,0,4,1,False,4
Damaged_UR,364,181500,182000,190.826469,191.313763,500,development,4,included,2,0.6700373205214913,-0.9874837941840919,-1.0311434300824938,-0.9486197190317575,-1.2262995918070327,-1.5708203177747289,-1.7348632646862823,12.514474685986972,1,1,3,3,False,4
Damaged_UR,365,182000,182500,191.350608,191.837902,500,development,4,included,2,0.3162788957330052,-2.3775624555555503,-2.701554752403736,-2.819585408846624,-1.3260865566180122,-1.5591442427003492,-2.293981535441493,6.424784491878501,1,0,4,1,False,4
Damaged_UR,366,182500,183000,191.877225,192.364519,500,development,4,included,2,0.40787995837714747,-2.7762630403874633,-3.0964713726503343,-2.771117009220925,-1.0443905564449318,-1.4053221224366919,-1.6986072631496472,3.9660350943972467,1,0,2,1,False,4
Damaged_UR,367,183000,183500,192.403904,192.891198,500,development,4,included,2,0.4059656629315969,-2.661899227261555,-3.062115871487874,-3.126765402171371,-1.039611175513204,-1.486826783316086,-1.667791962235151,3.55721423262487,1,0,2,1,False,4
Damaged_UR,368,183500,184000,192.928056,193.415351,500,development,4,included,2,0.35810877892796344,-2.4390794303459984,-2.795712579073087,-2.9204306053096585,-1.2085844391398874,-1.4349437079816751,-2.0197514345080183,3.3978010019800515,1,0,4,1,False,4
Damaged_UR,369,184000,184500,193.451027,193.938321,500,development,4,included,2,0.39542550577359814,-2.6063901582486433,-2.8051267015406944,-2.803022267668739,-1.0426595151826088,-2.188428755503786,-1.4968592900145317,6.072139926347331,1,0,4,1,False,4
Damaged_UR,370,184500,185000,193.973168,194.460462,500,development,4,included,2,0.2857002754016688,-2.598737761259982,-2.697775330547971,-2.924577567567802,-1.3886015186650111,-2.1144679835543934,-2.056355993972787,5.27098180822577,1,0,4,1,False,4
Damaged_UR,371,185000,185500,194.502227,194.989521,500,development,4,included,2,0.39361013963750113,-2.6269131928860747,-2.618437191500802,-2.8365139330540194,-1.063110240992704,-1.930906863241215,-1.5015487261856828,3.4321482669803447,1,0,4,1,False,4
Damaged_UR,372,185500,186000,195.031885,195.51918,500,development,4,included,2,0.3484379793855448,-2.487635525071851,-2.703903497810501,-3.033897375403474,-1.204964306470906,-1.8867748424495938,-1.6470985606244308,2.9342668600464026,0,0,0,1,False,4
Damaged_UR,373,186000,186500,195.556823,196.044117,500,development,4,included,2,0.37427283044038495,-2.3240500874493297,-2.587845384203496,-2.8360293335601976,-1.1518759389461062,-1.5877874125835219,-1.7080887195942172,2.349491503626428,0,0,0,1,False,4
Damaged_UR,374,186500,187000,196.080543,196.567837,500,development,4,included,2,0.37030495762260945,-2.5043917996633294,-2.91289854790054,-2.9719757451864166,-1.1820682594908805,-1.4698553256560143,-1.7064297226615879,2.9941661798691945,0,0,0,1,False,4
Damaged_UR,375,187000,187500,196.603291,197.090585,500,development,4,included,2,0.7719788928280283,-0.7451035327281633,-1.1067251835375627,-0.8638782615065077,-1.1324219002976075,-1.415271993253574,-1.6234385492325378,12.173195961938037,1,1,3,3,False,4
Damaged_UR,376,187500,188000,197.130187,197.617482,500,development,4,included,2,0.299218599610791,-2.439049525271832,-3.0074301790876126,-2.744804338371651,-1.3722233132890695,-1.902332445773653,-1.8715023699275934,3.5054996278846984,1,0,4,1,False,4
Damaged_UR,377,188000,188500,197.658102,198.145396,500,development,4,included,2,0.3800291929972179,-2.188176986031815,-2.540975808944296,-3.0067578394784595,-1.1177374867960659,-1.8160029970881786,-1.539111837515738,2.3135221175769485,0,0,0,1,False,4
Damaged_UR,378,188500,189000,198.180922,198.668216,500,development,4,included,2,0.4319565797239798,-1.7485417639481409,-1.876570627173069,-1.99921489912569,-1.2186556815215304,-1.325940677625932,-1.645326096971696,6.80247456047226,1,0,1,1,False,4
Damaged_UR,379,189000,189500,198.710507,199.197801,500,development,4,included,2,0.3194327633434962,-2.6253361303064406,-2.768823541402026,-2.939627118261804,-1.2806611012832314,-1.9993607937484963,-1.6787001414320535,4.024117326737466,1,0,4,1,False,4
Damaged_UR,380,189500,190000,199.235039,199.722334,500,development,4,included,2,0.8585960304552629,-0.4877387674601304,-1.361049306822755,-0.9839439728512104,-1.0133264856484785,-1.1986951033352802,-1.5797853854373185,11.439752295258621,1,1,1,3,False,4
Damaged_UR,381,190000,190500,199.762588,200.249882,500,development,4,included,2,0.41593382906229515,-2.7967148520552256,-2.9276637386048527,-3.1357915835318804,-0.9991563398392256,-1.796452048408643,-1.3574616392355554,4.0391449972789895,1,0,2,1,False,4
Damaged_UR,382,190500,191000,200.29436,200.781655,500,development,4,included,2,0.35578662216341134,-2.621315034761558,-2.7598740139895845,-3.1573741842753384,-1.2433382384933864,-1.5184106346908048,-1.623965082435581,3.412136308947053,1,0,2,1,False,4
Damaged_UR,383,191000,191500,200.820951,201.308245,500,development,4,included,2,0.43541700760193297,-1.9819243854928903,-1.7177808025149635,-2.430740661892886,-1.0530564769423947,-1.6440378551183246,-1.5592849766985013,7.87531383214332,1,0,4,1,False,4
Damaged_UR,384,191500,192000,201.347382,201.834677,500,development,4,included,2,0.39045096882444913,-2.4759640174793045,-2.1835324600285158,-2.7354255288663873,-1.0990269718105303,-1.6520967426445374,-1.608744947432484,4.72853367729212,1,0,4,1,False,4
Damaged_UR,385,192000,192500,201.870366,202.35766,500,development,4,included,2,0.4171331430916483,-2.006686942108775,-1.9771342182349918,-2.681331503653315,-1.0775631946149242,-1.787281232013634,-1.4271089030736817,6.123031970093455,1,0,4,1,False,4
Damaged_UR,386,192500,193000,202.396438,202.883733,500,development,4,included,2,0.4088999651186019,-2.3480509565242853,-2.088714914180453,-2.88900740156275,-1.0031730107834074,-1.872121016024663,-1.5677741812569626,5.369153988123103,1,0,4,1,False,4
Damaged_UR,387,193000,193500,202.927226,203.41452,500,development,4,included,2,0.46179959962495665,-2.2064694073486035,-2.8609656551659115,-2.758127686184916,-0.9122396489931978,-1.6248716586711283,-1.3273743258432928,4.2447373976253635,1,0,2,1,False,4
Damaged_UR,388,193500,194000,203.45281,203.940104,500,development,4,included,2,0.4440523829932686,-1.411621042327597,-1.4880386425596834,-2.2266054247526235,-1.224020289441593,-1.7334513363379649,-1.7901290784730597,9.427531753469534,1,0,3,1,False,4
Damaged_UR,389,194000,194500,203.979042,204.466336,500,development,4,included,2,0.3615439288013619,-2.081606484434586,-2.0510453057125555,-2.4993507288701844,-1.2817918582109267,-1.4992721520168424,-1.9111817018717823,5.623662961855195,1,0,4,1,False,4
Damaged_UR,390,194500,195000,204.503543,204.990838,500,development,4,included,2,0.35920233409236224,-2.055273020807159,-2.358052046047301,-2.751146509867727,-1.182514045412181,-1.711385447825018,-1.7886620373926931,3.5494186681291517,1,0,4,1,False,4
Damaged_UR,391,195000,195500,205.02775,205.515044,500,development,4,included,2,0.34560470729324144,-2.3311515222541344,-2.2711289311056695,-2.9824969312379404,-1.2779278253248407,-1.56774516816898,-1.7855748192915164,4.136701458611151,1,0,4,1,False,4
Damaged_UR,392,195500,196000,205.551397,206.038691,500,development,4,included,2,0.3617872940834148,-2.088505413096416,-2.311544078370098,-2.86891532129613,-1.173440615527483,-1.7207304792569482,-1.7060648339170623,3.863642670058387,1,0,4,1,False,4
Damaged_UR,393,196000,196500,206.076101,206.563396,500,development,4,included,2,0.36456769092649044,-2.368022082337208,-2.7576683962066277,-3.0270945115764922,-1.1838506866101488,-1.4904725789945226,-1.7495984068110935,2.5066799389588668,0,0,0,1,False,4
Damaged_UR,394,196500,197000,206.599293,207.086587,500,development,4,included,2,0.40515466688935914,-2.3705881385448953,-2.4572339809314965,-2.854609089745235,-1.08964690053286,-1.426475786056076,-1.8205626932514807,2.8793110273329425,0,0,0,1,False,4
Damaged_UR,395,197000,197500,207.121994,207.609288,500,development,4,included,2,0.39315214432514245,-2.123414717725875,-2.439975330647071,-2.9225693559391153,-1.0992491087549658,-1.5819504155437423,-1.7788453521299765,2.9959164700370655,0,0,0,1,False,4
Damaged_UR,396,197500,198000,207.653057,208.140352,500,development,4,included,2,0.3678797941267443,-2.1937652935321372,-2.6173986246344123,-2.891237228489615,-1.1479337666307332,-1.6879130225471561,-1.6432075539461726,1.8837572799308329,0,0,0,1,False,4
Damaged_UR,397,198000,198500,208.17684,208.664134,500,development,4,included,2,0.3640157995568569,-2.122817644076631,-2.4026611882700357,-2.9504537297475535,-1.199521788080041,-1.5135920476749707,-1.7691767923448298,3.2480237912524075,0,0,0,1,False,4
Damaged_UR,398,198500,199000,208.699879,209.187173,500,development,4,included,2,0.3527068464489449,-2.2886659707182684,-2.6022927903999076,-2.7166032589816838,-1.1851383884776732,-1.654249853598024,-1.7583595614739276,2.2230024971858957,0,0,0,1,False,4
Damaged_UR,399,199000,199500,209.223396,209.710691,500,development,4,included,2,0.4314631472778511,-1.656896236826833,-2.124130032170727,-2.4419201394922423,-1.0942893905344664,-1.4571966066312836,-1.7647197424313423,5.129877136016002,1,0,3,1,False,4
Damaged_UR,400,199500,200000,209.74951,210.236804,500,development,4,included,2,0.3385621820632596,-2.4736312394401847,-2.6601021138648027,-3.232312816238306,-1.2755999091922225,-1.5632047844070103,-1.7173664205763535,2.8842051843820813,0,0,0,1,False,4
Damaged_UR,401,200000,200500,210.277149,210.764443,500,development,4,included,2,0.40688738439601385,-1.6102095351792953,-2.176181603475038,-2.2308004421463834,-1.2561797040089482,-1.4666434506377495,-1.8287022316617891,4.778198620294429,1,0,3,1,False,4
Damaged_UR,402,200500,201000,210.801511,211.288805,500,development,4,included,2,0.37485937926259977,-2.6230641355379167,-2.8220164083495933,-2.6015883219672635,-1.0525159311653731,-1.846292610666737,-1.628918569274495,3.418388888912452,1,0,4,1,False,4
Damaged_UR,403,201000,201500,211.326546,211.81384,500,development,4,included,2,0.4099919812072071,-2.605442325514922,-2.977650540619974,-2.9839438286848488,-0.9930646101768151,-1.6199690558969868,-1.536776098181965,3.3553955052303395,1,0,2,1,False,4
Damaged_UR,404,201500,202000,211.851238,212.338532,500,development,4,included,2,0.35633714536365685,-2.546633209245932,-2.745802936059736,-3.0738182394790274,-1.1318196764631823,-1.7799956313611474,-1.6960165089684327,3.145168223225576,0,0,0,1,False,4
Damaged_UR,405,202000,202500,212.379407,212.866702,500,development,4,included,2,0.3681895691474579,-2.4485746592280044,-2.958663133541785,-2.8899994047153705,-1.1074769019238004,-1.7136770226345912,-1.6953914789711064,2.7946344326257146,0,0,0,1,False,4
Damaged_UR,406,202500,203000,212.903685,213.390979,500,development,4,included,2,0.37764868017163516,-2.39231326112452,-2.7052941418702474,-2.863998376689853,-1.058135670495451,-1.8398862318543934,-1.6323483173841777,2.5935145798637,0,0,0,1,False,4
Damaged_UR,407,203000,203500,213.432968,213.920263,500,development,4,included,2,0.3742662165379618,-2.324411675022979,-2.832895703988409,-3.0023975621366086,-1.0989023800287079,-1.6684963242042838,-1.6899903758068617,2.350784085077019,0,0,0,1,False,4
Damaged_UR,408,203500,204000,213.954517,214.441811,500,development,4,included,2,0.37485094424362814,-2.5407170497579123,-2.9675355515115593,-3.0032213346606556,-1.087340042768036,-1.68856233110006,-1.661165861470507,3.1240194930969976,0,0,0,1,False,4
Damaged_UR,409,204000,204500,214.476117,214.963411,500,development,4,included,2,0.31054874403376437,-2.3635310913515126,-2.8950360841009157,-2.9960768351765688,-1.3642840108811605,-1.5859271294424317,-1.9924727746301685,3.41829141136815,1,0,4,1,False,4
Damaged_UR,410,204500,205000,215.001066,215.48836,500,development,4,included,2,0.32208503493825186,-2.2977333771446316,-2.9190994273549844,-2.9227930486728257,-1.3807756046088937,-1.5415044208109694,-1.8441364765138024,3.5994411399738246,1,0,4,1,False,4
Damaged_UR,411,205000,205500,215.52876,216.016054,500,development,4,included,2,0.37169162860760135,-2.360905427755415,-2.9330865392603567,-2.9831011492534385,-1.1085264149943357,-1.655994297800449,-1.670887191314961,2.4812397513720654,0,0,0,1,False,4
Damaged_UR,412,205500,206000,216.052419,216.539714,500,development,4,included,2,0.38794691403825327,-2.468349101265088,-2.7514769166103576,-2.5287236321109154,-1.0622652852030974,-1.6884133698857622,-1.6494642661885848,2.865322915404513,0,0,0,1,False,4
Damaged_UR,413,206000,206500,216.583394,217.070688,500,development,4,included,2,0.4503161470648057,-1.5472169815176064,-1.696677256837705,-2.425719575895058,-1.2142644554928514,-1.5124721573496305,-1.73667907892378,8.017896725114044,1,0,4,1,False,4
Damaged_UR,414,206500,207000,217.108753,217.596047,500,development,4,included,2,0.42641457588722675,-2.2016062892275214,-2.3802142266371655,-2.676719664078742,-0.9989119212334859,-1.666493793607447,-1.4965667090414219,3.399683269567773,1,0,2,1,False,4
Damaged_UR,415,207000,207500,217.638386,218.12568,500,development,4,included,2,0.3639800365425362,-2.4430727132469316,-2.8148120582764062,-2.6454919576541855,-1.237877511327862,-1.5505601094298442,-1.6327626833386726,2.7749664079601604,0,0,0,1,False,4
Damaged_UR,416,207500,208000,218.161398,218.648692,500,development,4,included,2,0.3917449859418372,-2.46082217372377,-2.7679355641576002,-2.841042046540416,-1.0758045550433455,-1.7576183258125624,-1.5515134663508539,2.8384161087859527,0,0,0,1,False,4
Damaged_UR,417,208000,208500,218.687058,219.174352,500,development,4,included,2,0.4065924337323646,-2.316447615731825,-2.4465985698136414,-2.854912922889062,-1.0746287065829032,-1.5328578173511977,-1.5495192757752367,2.951167563116449,0,0,0,1,False,4
Damaged_UR,418,208500,209000,219.208531,219.695826,500,development,4,included,2,0.4918011113040655,-1.6315927657151963,-2.2398487062266392,-2.9203271922365968,-0.9557362949346924,-1.356816213714305,-1.529991417911278,4.348041535024623,1,1,1,2,False,4
Damaged_UR,419,209000,209500,219.74386,220.231154,500,development,4,included,2,0.35534548979490743,-2.514250318607211,-2.748110085698162,-2.8129165076438305,-1.1795422362089087,-1.6913912122265058,-1.6843898403000335,3.029407818813147,0,0,0,1,False,4
Damaged_UR,420,209500,210000,220.269022,220.756316,500,development,4,included,2,0.38379268717642023,-2.315295140479432,-2.8293357085932973,-3.044592443985795,-1.07981690101804,-1.6125691981085064,-1.675672510508153,2.3181948472175993,0,0,0,1,False,4
Damaged_UR,421,210000,210500,220.798356,221.28565,500,development,4,included,2,0.388799517413901,-2.292519999329684,-2.829224834305652,-2.685584263144231,-1.0694953701944774,-1.7377710957046355,-1.607403255079531,2.2367796462258602,0,0,0,1,False,4
Damaged_UR,422,210500,211000,221.326618,221.813912,500,development,4,included,2,0.3681389014675303,-2.487587985821605,-2.672587713419317,-2.822182884071344,-1.1708505664276438,-1.677072437619145,-1.6240475484209225,2.93409691960176,0,0,0,1,False,4
Damaged_UR,423,211000,211500,221.853973,222.341267,500,development,4,included,2,0.36770066314218414,-2.381995403133082,-2.495566531482691,-2.5666133811935956,-1.1936004755747398,-1.6425594908288728,-1.6455302209338887,2.6203229863600144,0,0,0,1,False,4
Damaged_UR,424,211500,212000,222.378751,222.866045,500,development,4,included,2,0.39162324779295593,-2.1807339118548525,-2.600846363174957,-2.782010035360869,-1.0899468947158206,-1.6670685680369184,-1.6501088599771752,1.9090158342954884,0,0,0,1,False,4
Damaged_UR,425,212000,212500,222.903493,223.390787,500,development,4,included,2,0.38743247455383933,-2.53935656498669,-2.874155214995755,-2.92784336573867,-1.06549333371664,-1.7156065752024414,-1.628874545640977,3.11915611418896,0,0,0,1,False,4
Damaged_UR,426,212500,213000,223.426899,223.914193,500,development,4,included,2,0.3735119869095393,-2.131639991444182,-2.376974322919315,-2.871080816694851,-1.149511770372253,-1.658576794979322,-1.6704353205160307,3.4215731857033136,1,0,4,1,False,4
Damaged_UR,427,213000,213500,223.95192,224.439214,500,development,4,included,2,0.30285065689569246,-2.4909565947874865,-2.6462402265076017,-3.0544014513320628,-1.3332390076756524,-1.7736083320647789,-1.9656499348262806,3.0772816825277665,0,0,0,1,False,4
Damaged_UR,428,213500,214000,224.482178,224.969473,500,development,4,included,2,0.37369244769075594,-2.5288071984166183,-2.4806605141265496,-2.7140743253295723,-1.1854037795671901,-1.4901709830037402,-1.6378727178333026,3.081444874816578,0,0,0,1,False,4
Damaged_UR,429,214000,214500,225.005521,225.492816,500,development,4,included,2,0.47241026495275185,-1.479388479417515,-2.215999995319668,-2.8760821989773127,-1.0061753285289152,-1.6763797364021549,-1.4202850856218072,4.5091717188686955,1,1,1,2,False,4
Damaged_UR,430,214500,215000,225.532599,226.019893,500,development,4,included,2,0.45018118157761045,-2.0625548835167664,-2.1565259707674627,-2.467190435622098,-1.1642857192622698,-1.0837996542912793,-1.6850098793284245,5.893427071185789,1,0,2,1,False,4
Damaged_UR,431,215000,215500,226.05575,226.543044,500,development,4,included,2,0.43327519364769906,-2.5216499727924107,-2.7683413504904983,-2.786463165897972,-0.994757307624899,-1.2745873632919889,-1.8395310771604911,3.8267758197856447,1,0,2,1,False,4
Damaged_UR,432,215500,216000,226.579576,227.06687,500,development,4,included,2,0.41816027088246543,-2.3892557905598273,-2.661267398077465,-2.7996003953489486,-1.0411854999186487,-1.6191851504294827,-1.4598480605157305,2.7824770318461387,0,0,0,1,False,4
Damaged_UR,433,216000,216500,227.102562,227.589856,500,development,4,included,2,0.3696999436995285,-2.466029917515994,-2.156928969827794,-2.88997331558303,-1.1845701906163493,-1.6404576149505514,-1.5938278998609143,4.908276107969297,1,0,4,1,False,4
Damaged_UR,434,216500,217000,227.630589,228.117883,500,development,4,included,2,0.3880883267520582,-2.3409377417930095,-2.540586026928636,-3.026034080661219,-1.171014207647966,-1.4643537886136297,-1.6003999026521754,2.4098604718637517,0,0,0,1,False,4
Damaged_UR,435,217000,217500,228.153266,228.64056,500,development,4,included,2,0.40194648945789724,-2.4067195787341973,-2.9472129187865397,-3.225937383603149,-1.0813824234268068,-1.6403457534210648,-1.4475853082908334,2.91783470556294,0,0,0,1,False,4
Damaged_UR,436,217500,218000,228.676337,229.163631,500,development,4,included,2,0.39273147522152196,-1.9715630577740348,-2.2636212794803856,-2.5739727507450083,-1.0739653297224188,-2.0304940788679695,-1.6945020059854083,4.361359400607736,1,0,4,1,False,4
Damaged_UR,437,218000,218500,229.200637,229.687931,500,development,4,included,2,0.36486517620513303,-2.5458368405023046,-2.819490467673586,-2.9594075942650124,-1.1213642247017348,-1.6143880504475814,-1.815590980990864,3.1423214122706113,0,0,0,1,False,4
Damaged_UR,438,218500,219000,229.722152,230.209446,500,development,4,included,2,0.37946395917375847,-2.1781230087686505,-2.322516357714152,-2.9144723109098787,-1.1863231674026766,-1.4531219024259856,-1.7504986153809103,3.7895101353988667,1,0,4,1,False,4
Damaged_UR,439,219000,219500,230.252133,230.739427,500,development,4,included,2,0.34254014411618694,-2.3464396395633815,-2.619853457670817,-2.9986178239363412,-1.284593551645254,-1.568535817860964,-1.7194664483529687,2.5429421090887856,0,0,0,1,False,4
Damaged_UR,440,219500,220000,230.777406,231.2647,500,development,4,included,2,0.40728733410933743,-2.1925854538543192,-2.558879229458371,-2.7558033770984283,-0.9988480310592348,-1.7719176658817597,-1.5874238867013466,2.1925603829941616,0,0,0,1,False,4
Damaged_UR,441,220000,220500,231.303346,231.790641,500,development,4,included,2,0.3860628180324673,-2.125594840149005,-2.3004826596010517,-2.5619307008325976,-1.1202643011515672,-1.6422474411664996,-1.7409785898331096,3.9383774616697744,1,0,4,1,False,4
Damaged_UR,442,220500,221000,231.826932,232.314226,500,development,4,included,2,0.49573295385502214,-1.751390050191717,-1.8957916360738887,-2.4789031080296815,-0.8427861747619155,-1.6248725150446384,-1.4949837235417052,6.672610740581168,1,1,4,2,False,4
Damaged_UR,443,221000,221500,232.350435,232.83773,500,development,4,included,2,0.46437885375171783,-2.4034810052046485,-2.3378932034885462,-2.492365758456808,-0.9362293066736718,-1.4831514881935999,-1.3603361550598,3.88090092418358,1,0,2,1,False,4
Damaged_UR,444,221500,222000,232.873983,233.361277,500,development,4,included,2,1.1044174996674876,-0.43277206539953333,-0.3932357572992591,-0.9278808503674837,-1.2546838759540133,-1.0010447413708732,-1.3508864992407248,16.824400744131353,1,1,1,3,False,4
Damaged_UR,445,222000,222500,233.397403,233.884697,500,development,4,included,2,0.35609988327378594,-2.271438497043079,-2.524930453814482,-2.827509752978305,-1.1674735814669446,-1.7716270011373902,-1.7136771087230374,2.421930116315138,0,0,0,1,False,4
Damaged_UR,446,222500,223000,233.928728,234.416022,500,development,4,included,2,0.38015056552831217,-2.1578763934589396,-2.1647511446135455,-2.5779904379477174,-1.1642290300161453,-1.5203364224727849,-1.900907240781683,4.8554267750973805,1,0,4,1,False,4
Damaged_UR,447,223000,223500,234.455475,234.942769,500,development,4,included,2,0.3522540522919165,-2.4168002397785573,-2.582534908788243,-2.9403091893066176,-1.2876687007912604,-1.552934405218829,-1.6039938289971312,2.6810491543232278,0,0,0,1,False,4
Damaged_UR,448,223500,224000,234.979032,235.466326,500,development,4,included,2,0.4355414254218132,-2.4220034677176208,-2.8761290220126927,-3.0630980930915346,-0.9395887772424018,-1.5517626811806058,-1.554307783586683,2.699649339748176,0,0,0,1,False,4
Damaged_UR,449,224000,224500,235.505935,235.99323,500,development,4,included,2,0.39380593727911245,-2.22804073011367,-2.6563285647386365,-3.0052650781527244,-1.0718549956866668,-1.5735733354481645,-1.6664041092688595,2.0062830434383825,0,0,0,1,False,4
Damaged_UR,450,224500,225000,236.03674,236.524034,500,development,4,included,2,0.3735939113061215,-2.24019715411739,-2.8892425160363966,-2.7485243264715833,-1.1007261420484713,-1.8160093969253297,-1.6639364310065268,2.049739094801411,0,0,0,1,False,4
Damaged_UR,451,225000,225500,236.562259,237.049553,500,development,4,included,2,0.3627167205521958,-1.983466825712632,-2.2252529629385527,-2.6751160106590013,-1.2443236036711611,-1.5880819925089116,-1.8417811827091373,4.44665545208388,1,0,4,1,False,4
Damaged_UR,452,225500,226000,237.086551,237.573845,500,development,4,included,2,0.37976240307491904,-2.261328817151893,-2.429705721271607,-2.6748645038615155,-1.1256606501779522,-1.6965682797505188,-1.6300008675590574,3.065301522048058,0,0,0,1,False,4
Damaged_UR,453,226000,226500,237.609423,238.096717,500,development,4,included,2,0.36149976039630777,-2.2599369002668004,-2.5875954876641964,-2.836948620123821,-1.1797023688140915,-1.7024957030893229,-1.6994107662416909,2.120303548813496,0,0,0,1,False,4
Damaged_UR,454,226500,227000,238.133666,238.620961,500,development,4,included,2,0.37182937834948676,-2.088793423940798,-2.3731820423704875,-2.6695197288592345,-1.2019585335159213,-1.631429410165929,-1.6252869674690413,3.447195151787957,1,0,4,1,False,4
Damaged_UR,455,227000,227500,238.656212,239.143506,500,development,4,included,2,0.4328584704297312,-2.1841375969599803,-2.4549445391820353,-2.832750356425864,-0.9744138040729688,-1.4403189593632033,-1.737121813704044,2.8947792919041375,0,0,0,1,False,4
Damaged_UR,456,227500,228000,239.177096,239.664391,500,development,4,included,2,0.4679727744109912,-1.7828654540697175,-2.037330287293591,-2.4723461667284843,-0.9281109643581894,-1.5970767614895502,-1.5545033362545222,5.716326395442568,1,0,4,1,False,4
Damaged_UR,457,228000,228500,239.703579,240.190873,500,development,4,included,2,0.41017773902133964,-2.293296222064952,-2.6956040631731155,-2.9399489191173926,-1.1408395618769143,-1.3993054651850774,-1.4646321624127692,2.729669563201983,0,0,0,1,False,4
Damaged_UR,458,228500,229000,240.227381,240.714676,500,development,4,included,2,0.5022699565249762,-2.1624980285937876,-2.4187138325526045,-2.9454505246476232,-0.812615350579505,-1.3505509402621472,-1.5296970328005368,3.1395665444635363,0,1,0,2,False,4
Damaged_UR,459,229000,229500,240.753972,241.241266,500,development,4,included,2,0.302618074691235,-2.2481594013293096,-2.7606460007688143,-2.67410557778283,-1.487349473380809,-1.4936164785317667,-2.2265443386382886,5.680404933859624,1,0,4,1,False,4
Damaged_UR,460,229500,230000,241.278345,241.76564,500,development,4,included,2,0.4667722078326734,-1.9478737290043726,-2.2688790295054635,-2.76480657365454,-0.9046310584902255,-1.3864663414867573,-1.6766332094002536,4.151902576184608,1,0,2,1,False,4
Damaged_UR,461,230000,230500,241.808121,242.295416,500,development,4,included,2,0.4008855110898225,-1.982248674220523,-2.4689883690986654,-2.738552928592065,-1.17177111738035,-1.4029190032716228,-1.5879681255944122,2.799894293500302,0,0,0,1,False,4
Damaged_UR,462,230500,231000,242.330978,242.818272,500,development,4,included,2,0.379953926522356,-2.3396820343675975,-2.6652949915451685,-2.762091453577719,-1.1913979364404739,-1.4125146518836862,-1.60844950577833,2.4053716446922957,0,0,0,1,False,4
Damaged_UR,463,231000,231500,242.857526,243.34482,500,development,4,included,2,0.40205079793905135,-2.34506547462633,-2.6372671976593005,-2.8696613495239864,-1.0886862939296607,-1.5108546711278321,-1.5231358211139203,2.4246160422488217,0,0,0,1,False,4
Damaged_UR,464,231500,232000,243.389237,243.876531,500,development,4,included,2,0.37630389832388056,-2.2640767972337223,-2.194370052117422,-2.753300275529921,-1.2053683480037742,-1.5881372968291518,-1.6725257712849049,4.6553111365634265,1,0,4,1,False,4
Damaged_UR,465,232000,232500,243.915538,244.402832,500,development,4,included,2,0.4008196234461208,-2.0434452827035434,-2.4792755968202007,-2.886581354792033,-1.1917233972658723,-1.3309802080447486,-1.8535504021826616,3.2159170606510536,0,0,0,1,False,4
Damaged_UR,466,232500,233000,244.440189,244.927483,500,development,4,included,2,0.38510673670847645,-2.280970121225828,-2.6529926892879754,-2.813306653001279,-1.079974554578603,-1.7103739964202205,-1.6406337099857207,2.1954918385643074,0,0,0,1,False,4
Damaged_UR,467,233000,233500,244.969818,245.457112,500,development,4,included,2,0.36768319327602667,-2.4399833820881405,-2.555567629739255,-2.7390348676084617,-1.1528205101377111,-1.555752990808411,-1.8084867968449903,2.763922853254208,0,0,0,1,False,4
Damaged_UR,468,233500,234000,245.494791,245.982085,500,development,4,included,2,0.3441736791392927,-2.510008096361139,-2.881294393300888,-3.1061410255375113,-1.1943645312719615,-1.6828237556479964,-1.744326827590944,3.0142429785803397,0,0,0,1,False,4
Damaged_UR,469,234000,234500,246.017579,246.504873,500,development,4,included,2,0.33606858869652034,-2.4188460073519296,-2.599381643613962,-2.8704132929881014,-1.2407122629557403,-1.636635717200646,-1.8398343318658668,2.6883622408623347,0,0,0,1,False,4
Damaged_UR,470,234500,235000,246.540447,247.027742,500,development,4,included,2,0.429592551450734,-2.42571083163804,-2.7268067878235334,-2.851341443418297,-0.9496630110690069,-1.7080114867342504,-1.5349311597754087,2.712902200696253,0,0,0,1,False,4
Damaged_UR,471,235000,235500,247.071605,247.558899,500,development,4,included,2,0.36522923392633,-2.2075666966264604,-2.542852895636987,-3.2617829648963483,-1.1779483388068825,-1.6608394597559641,-1.6643107287765946,2.4748496649507135,0,0,0,1,False,4
Damaged_UR,472,235500,236000,247.60112,248.088415,500,development,4,included,2,0.4227412495526459,-2.7936382311083885,-2.735116730279707,-2.827272189705388,-1.0429161883644813,-1.4519889553519065,-1.497164940498951,4.028146878272166,1,0,2,1,False,4
Damaged_UR,473,236000,236500,248.126271,248.613566,500,development,4,included,2,0.3515283139255128,-2.2372964573342653,-2.284194799338557,-2.6957830844547392,-1.196185120455664,-1.6447028774421681,-1.85718072574986,4.048423909411115,1,0,4,1,False,4
Damaged_UR,474,236500,237000,248.650797,249.138091,500,development,4,included,2,0.3224460367830221,-2.5699101298911358,-2.867723437920727,-3.1160456933885072,-1.2991132263063037,-1.592416579867652,-1.8542745192016852,3.228377155294872,0,0,0,1,False,4
Damaged_UR,475,237000,237500,249.176666,249.663961,500,development,4,included,2,0.6496985493514689,-0.8453557754060209,-1.8771492669310996,-1.8003754396888838,-1.050335500679827,-1.1672845239634588,-1.3177256049115038,6.798565069055527,1,1,1,3,False,4
Unbalanced_LR,363,181000,181500,190.408633,190.895927,500,development,4,included,3,0.5281662693410045,-1.431059533341273,-2.7947168457699596,-2.5689011001959012,-0.7794854336622904,-1.4450843965389668,-1.5330699278295905,3.005351160788752,0,1,0,3,False,4
Unbalanced_LR,364,181500,182000,190.933391,191.420685,500,development,4,included,3,0.43993627696385595,-1.6442910543256732,-2.7810090906451235,-2.5769767417266842,-0.9570018872746839,-1.4669180827508488,-1.7662393506531195,1.7434103654058524,0,0,0,1,False,4
Unbalanced_LR,365,182000,182500,191.45767,191.944965,500,development,4,included,3,0.3389720554230268,-1.5757829017143563,-3.056334660741177,-2.614567395614005,-1.3098244989770094,-1.646011918904022,-2.021279814091095,3.41467143213532,1,0,3,1,False,4
Unbalanced_LR,366,182500,183000,191.989539,192.476834,500,development,4,included,3,0.5067300417798937,-1.1802131284064463,-2.592785957394509,-2.91122649641038,-0.9128844661099029,-1.4052395316378932,-1.6714480807379688,2.4115249704282515,0,1,0,2,False,4
Unbalanced_LR,367,183000,183500,192.511813,192.999108,500,development,4,included,3,0.451587085059306,-1.1181161378758797,-2.4139519461190613,-2.5564247760382965,-1.1530764958754378,-1.4919273239726487,-1.8389761684922359,3.171739505068176,0,0,0,1,False,4
Unbalanced_LR,368,183500,184000,193.03729,193.524584,500,development,4,included,3,0.3637327732477573,-1.416037649628295,-2.719921347676611,-2.902147107779109,-1.3216376635037064,-1.4956927905744644,-2.1040337141016368,4.32811852712576,1,0,4,1,False,4
Unbalanced_LR,369,184000,184500,193.566301,194.053595,500,development,4,included,3,0.415797652757282,-1.5176785282667546,-2.819377279469201,-1.869803265367781,-1.0487524151066887,-1.8039751564839193,-1.7418858421554906,6.028316504068835,1,0,3,1,False,4
Unbalanced_LR,370,184500,185000,194.092015,194.579309,500,development,4,included,3,0.3325498580566829,-1.352087057816209,-2.818384826184133,-2.610004415955237,-1.3852864325473895,-2.6193168311065524,-1.8532672076167167,10.739607161642587,1,0,3,1,False,4
Unbalanced_LR,371,185000,185500,194.616268,195.103562,500,development,4,included,3,0.48019246398023924,-1.3715107246859228,-2.789615829354361,-2.6525658125353555,-0.8682253704685056,-1.734954073987627,-1.5791252679500514,2.0305990698554446,0,1,0,2,False,4
Unbalanced_LR,372,185500,186000,195.14238,195.629674,500,development,4,included,3,0.46516139134780565,-1.5277657389197263,-2.86153423353676,-2.2402587273835426,-0.8825540571566773,-1.8087976318729642,-1.5464395451461732,3.765320604913279,1,0,3,1,False,4
Unbalanced_LR,373,186000,186500,195.668286,196.15558,500,development,4,included,3,0.4565484721706348,-1.4821181727838924,-2.828630264911964,-2.9049712526850278,-0.9043568073229977,-1.836436319327037,-1.5457244297525503,2.2592862969483964,0,0,0,1,False,4
Unbalanced_LR,374,186500,187000,196.196386,196.68368,500,development,4,included,3,0.4744507390853924,-1.4346411254254308,-2.333798538694183,-1.659388764729089,-0.9367807275102682,-1.741853833617744,-1.6377369550756582,7.3136725073985,1,1,3,2,False,4
Unbalanced_LR,375,187000,187500,196.724903,197.212197,500,development,4,included,3,0.4095981856230947,-1.5855152856072847,-2.9145927441191297,-2.8710863773914217,-1.018617111898142,-1.6652784197877355,-1.7328429561379195,0.4052691324118589,0,0,0,1,False,4
Unbalanced_LR,376,187500,188000,197.247686,197.73498,500,development,4,included,3,0.38159805113876755,-1.517172423556463,-2.5066781052364324,-2.1250213493671266,-1.1476979358110388,-1.7289491156042531,-1.9295309024654046,4.469269501932086,1,0,3,1,False,4
Unbalanced_LR,377,188000,188500,197.775136,198.26243,500,development,4,included,3,0.4488620900601163,-1.526563917682924,-2.6478149409436837,-2.407648630356006,-0.952217567158277,-1.5459872678755768,-1.6285899837375442,2.7427883363227448,0,0,0,1,False,4
Unbalanced_LR,378,188500,189000,198.302346,198.78964,500,development,4,included,3,0.3932820079005396,-1.7880101834480935,-2.9566307357427775,-2.557629523312462,-1.066373646250603,-1.5591132553506934,-1.786299500399354,1.826602234313786,0,0,0,1,False,4
Unbalanced_LR,379,189000,189500,198.826891,199.314185,500,development,4,included,3,0.40971591316737344,-1.6953583701439336,-2.99388334768718,-2.4457917849650492,-1.0063692136169562,-1.679081743456124,-1.68980612044609,2.5097838018736116,0,0,0,1,False,4
Unbalanced_LR,380,189500,190000,199.356339,199.843634,500,development,4,included,3,0.3868861471159672,-1.255250765662377,-2.8725850908546007,-2.675793115780088,-1.3162800466416116,-1.550967842622942,-1.9929518685761163,3.101984301566147,0,0,0,1,False,4
Unbalanced_LR,381,190000,190500,199.880371,200.367665,500,development,4,included,3,0.4902528198568196,-1.449999360963457,-2.366566204637951,-2.5780346542440666,-0.8623104242874595,-1.5004548899380084,-1.6177877874458757,3.4918940520465247,1,1,1,2,False,4
Unbalanced_LR,382,190500,191000,200.410114,200.897409,500,development,4,included,3,0.4546285368618468,-1.4560879871311676,-2.990964370820432,-2.480058154461576,-0.9085059551177512,-1.903099730416382,-1.5593289689507008,2.9813979186665676,0,0,0,1,False,4
Unbalanced_LR,383,191000,191500,200.933619,201.420913,500,development,4,included,3,0.46177437036807334,-1.221642901386774,-2.5935397912356786,-2.65756406369417,-0.983627138110627,-1.6849211169435714,-1.6941442193088794,1.958381575045096,0,0,0,1,False,4
Unbalanced_LR,384,191500,192000,201.457688,201.944982,500,development,4,included,3,0.4358653187148988,-1.9007219839811607,-3.035700340261403,-2.714125917758599,-0.8982346273446309,-1.807060608612495,-1.557074231127014,1.9410826263505638,0,0,0,1,False,4
Unbalanced_LR,385,192000,192500,201.98265,202.469944,500,development,4,included,3,0.46545342028186965,-1.6187759540665592,-2.826171979340636,-2.8637544497308416,-0.8571990423853924,-1.8063958748974223,-1.531894879343668,2.151716311327026,0,0,0,1,False,4
Unbalanced_LR,386,192500,193000,202.507527,202.994821,500,development,4,included,3,0.42198150459432315,-1.6573350560143068,-2.714634277766527,-2.3427853101057705,-0.9817811511679517,-1.78327365839593,-1.639593693960334,3.139017958456515,0,0,0,1,False,4
Unbalanced_LR,387,193000,193500,203.036842,203.524136,500,development,4,included,3,0.44975093770121116,-1.6590878706508292,-2.694338856583572,-2.976025021833884,-0.8968381817981796,-1.7173785490414197,-1.583657171273139,1.7163054307695231,0,0,0,1,False,4
Unbalanced_LR,388,193500,194000,203.560061,204.047355,500,development,4,included,3,0.47148748973402943,-1.7260250525156364,-2.933438786435767,-2.4315294503516593,-0.8489968318907845,-1.5908003276968838,-1.5775737589802745,2.5969079181354267,0,1,0,2,False,4
Unbalanced_LR,389,194000,194500,204.09014,204.577435,500,development,4,included,3,0.42226534045586234,-1.4352304537354659,-2.9824460449619066,-2.8672030826455255,-0.9930295643532713,-2.180445028293768,-1.5953901385499916,5.985658570101477,1,0,3,1,False,4
Unbalanced_LR,390,194500,195000,204.611467,205.098761,500,development,4,included,3,0.41085040009120116,-1.6965819320596967,-2.9013006122173906,-2.727900003830918,-0.9923801310781847,-1.748788799061965,-1.6708535009195067,1.3098705385294054,0,0,0,1,False,4
Unbalanced_LR,391,195000,195500,205.142311,205.629605,500,development,4,included,3,0.3775889116489982,-1.824246666311381,-2.7738745037121144,-2.5479005235853704,-1.0917852891336257,-1.7481127796541516,-1.7091403999672268,1.8860336336120838,0,0,0,1,False,4
Unbalanced_LR,392,195500,196000,205.671175,206.158469,500,development,4,included,3,0.33806946099196844,-1.354162492351544,-2.9320940819485712,-3.175396422455398,-1.3750976671562465,-2.155585700001944,-1.8442143219479339,5.716377272095669,1,0,4,1,False,4
Unbalanced_LR,393,196000,196500,206.19385,206.681144,500,development,4,included,3,0.4829253736813453,-1.4190156561733898,-2.81103148515219,-2.866543893401269,-0.9012769605549998,-1.398771817278552,-1.6673673126301929,2.481584567267278,0,1,0,2,False,4
Unbalanced_LR,394,196500,197000,206.718624,207.205918,500,development,4,included,3,0.2978869356050746,-1.492266340588854,-2.8200388267263388,-2.9617917459904604,-1.491082290965813,-1.9291994594823765,-2.259546818064715,6.044690109007992,1,0,4,1,False,4
Unbalanced_LR,395,197000,197500,207.242481,207.729775,500,development,4,included,3,0.4253666720945671,-1.4646519947880903,-3.0154504941126246,-3.01219777432881,-1.0517475874255122,-1.4314773165220165,-1.8204280343759056,2.12731195037181,0,0,0,1,False,4
Unbalanced_LR,396,197500,198000,207.767986,208.255281,500,development,4,included,3,0.3982576282173336,-1.9166027490326856,-2.9118494253358396,-3.0507678340897186,-1.0091683286981887,-1.524517101545523,-1.8759392507181685,1.8103855268141058,0,0,0,1,False,4
Unbalanced_LR,397,198000,198500,208.295797,208.783091,500,development,4,included,3,0.3055809864516119,-1.5525415281978174,-3.010103231637088,-2.9121784326848466,-1.4125536407418446,-2.1376603580783966,-1.9193938876105527,5.522206324123667,1,0,3,1,False,4
Unbalanced_LR,398,198500,199000,208.820392,209.307686,500,development,4,included,3,0.29447832251205514,-1.497300194653677,-3.1270779150249344,-3.0291108462376313,-1.669773495724663,-1.631474660056738,-2.2587612897125635,6.7739002254651135,1,0,4,1,False,4
Unbalanced_LR,399,199000,199500,209.345516,209.83281,500,development,4,included,3,0.43043673273896293,-1.1019835520139718,-2.4794536180362963,-2.707227724562182,-1.1626660400275,-2.2530337035811785,-1.6678751132079876,6.771953858230587,1,0,3,1,False,4
Unbalanced_LR,400,199500,200000,209.868257,210.355551,500,development,4,included,3,0.3734340477920266,-1.1680307160748864,-2.833878778368256,-2.5789020966062113,-1.3392682985095354,-2.1794422377734177,-1.9400217021258392,5.9747961393158215,1,0,3,1,False,4
Unbalanced_LR,401,200000,200500,210.392942,210.880236,500,development,4,included,3,0.3666933291952465,-1.6317057060988494,-2.806566147243903,-2.521539549521619,-1.1456752258718987,-1.8385930349912019,-1.7710499906472252,2.282648279487031,0,0,0,1,False,4
Unbalanced_LR,402,200500,201000,210.919212,211.406506,500,development,4,included,3,0.32708338125787273,-1.4264257072995985,-2.9642662143284553,-2.6376474685063718,-1.3824559032910193,-1.8496540286152123,-2.1234977060494558,4.542964315655215,1,0,3,1,False,4
Unbalanced_LR,403,201000,201500,211.446111,211.933405,500,development,4,included,3,0.4575354584564698,-1.5925437853107007,-3.03490078510433,-2.4761417881366303,-0.8845895390453742,-1.7028642331476274,-1.569361144761515,2.324385178398264,0,0,0,1,False,4
Unbalanced_LR,404,201500,202000,211.975728,212.463022,500,development,4,included,3,0.3913018422012318,-1.5530512665908536,-2.8932478863431035,-2.626339920325346,-1.0748536547670013,-1.7122524975205757,-1.854472328863909,1.5734311669149077,0,0,0,1,False,4
Unbalanced_LR,405,202000,202500,212.499617,212.986912,500,development,4,included,3,0.43457164918630614,-1.3162032265502248,-2.7814397208665778,-2.7398626879086887,-1.071891408042566,-1.5218113144227365,-1.7272669878161846,1.253298670514887,0,0,0,1,False,4
Unbalanced_LR,406,202500,203000,213.023747,213.511041,500,development,4,included,3,0.339145693567733,-1.7874971645659417,-2.573595305512544,-2.6180631881718974,-1.2487558177582867,-1.58130049648004,-2.169540964459445,5.051195113637441,1,0,4,1,False,4
Unbalanced_LR,407,203000,203500,213.551594,214.038888,500,development,4,included,3,0.3765240654677287,-1.4711388977159692,-2.913433247120768,-2.651037848167701,-1.122822895869461,-2.152505291805697,-1.7453936384567728,5.683009664261074,1,0,3,1,False,4
Unbalanced_LR,408,203500,204000,214.081132,214.568426,500,development,4,included,3,0.4358989901143683,-1.4805119276505203,-2.690261052915709,-2.5459630027055025,-0.9877037252713335,-1.5845355901184366,-1.7372460092324822,1.897869339264287,0,0,0,1,False,4
Unbalanced_LR,409,204000,204500,214.606364,215.093658,500,development,4,included,3,0.335670040721498,-1.6196070782354806,-2.801784140443287,-2.617398308925053,-1.2266196143715025,-2.1779562280313636,-1.7971639540845061,5.958699379681281,1,0,3,1,False,4
Unbalanced_LR,410,204500,205000,215.131605,215.618899,500,development,4,included,3,0.45770258356646565,-1.7636955206186995,-2.4166012674840465,-1.6965945299055454,-0.9285642874906418,-1.5834904122478053,-1.679611076087139,7.086394190158617,1,0,3,1,False,4
Unbalanced_LR,411,205000,205500,215.656266,216.14356,500,development,4,included,3,0.46776197912566014,-1.208671946436643,-2.7510251985902694,-2.522855314786502,-0.9774486380356042,-1.5794182426367414,-1.7511643833378352,2.039026936766357,0,0,0,1,False,4
Unbalanced_LR,412,205500,206000,216.186099,216.673393,500,development,4,included,3,0.4292616654424525,-1.1701934502923954,-2.822511772220909,-2.2988391877890018,-1.1724723880898025,-1.6615652700807284,-1.7889912290319818,3.4074709974412793,1,0,3,1,False,4
Unbalanced_LR,413,206000,206500,216.712256,217.19955,500,development,4,included,3,0.3525729329600282,-1.5940113230920132,-2.7547327736377594,-2.7258695580851877,-1.2117599387720892,-1.693296236840285,-1.9977726812854109,3.155196988391024,0,0,0,1,False,4
Unbalanced_LR,414,206500,207000,217.244233,217.731527,500,development,4,included,3,0.3760733492393019,-1.6769938982114416,-2.7530066201607997,-2.4001663315851203,-1.1495906511565226,-1.6148127440820066,-1.8211468181016097,2.788495346128017,0,0,0,1,False,4
Unbalanced_LR,415,207000,207500,217.766634,218.253928,500,development,4,included,3,0.4037466728946229,-1.4244585308275424,-2.760640955098247,-3.0261223003854103,-1.1391375220234794,-1.5889823706068424,-1.7639154938307382,1.0352727871293361,0,0,0,1,False,4
Unbalanced_LR,416,207500,208000,218.294145,218.781439,500,development,4,included,3,0.4219742410160239,-1.6642088173111578,-2.865159525360297,-2.441153406263384,-0.9971590454271908,-1.5580618287596337,-1.762006852619253,2.538118198466074,0,0,0,1,False,4
Unbalanced_LR,417,208000,208500,218.82532,219.312614,500,development,4,included,3,0.408607153049103,-1.4175307735532305,-2.4680985955466053,-2.6948482232108124,-1.1274651091066625,-1.5315284578865302,-1.8586807453692398,2.805905913020631,0,0,0,1,False,4
Unbalanced_LR,418,208500,209000,219.349129,219.836423,500,development,4,included,3,0.5424551763727754,-0.790842281883353,-2.3085007869058365,-2.142399642923468,-1.1437064889477477,-1.5853285350143917,-1.8075849154327304,4.36311097254145,1,1,3,3,False,4
Unbalanced_LR,419,209000,209500,219.874962,220.362256,500,development,4,included,3,0.4122199721168933,-1.358304734716296,-2.278275414376853,-2.395186663376741,-1.14502404626527,-1.568651633560768,-1.8768198661125772,4.088417332571122,1,0,3,1,False,4
Unbalanced_LR,420,209500,210000,220.401091,220.888385,500,development,4,included,3,0.453105080723794,-1.191503873948967,-2.5237022290305857,-2.353310633576254,-1.0724656781355606,-1.524619020092488,-1.8436635701789346,3.0747220678752694,0,0,0,1,False,4
Unbalanced_LR,421,210000,210500,220.923228,221.410522,500,development,4,included,3,0.43008055821132607,-1.3147981046195265,-2.3039372418672035,-2.50868330798724,-1.0795762369644724,-1.5931397547287856,-1.8112599838513792,3.9150371026113397,1,0,3,1,False,4
Unbalanced_LR,422,210500,211000,221.445901,221.933195,500,development,4,included,3,0.48074534190604773,-1.0484659390637117,-2.614265416218401,-2.638648953554175,-1.109237675709523,-1.4329465370880954,-1.7838700551493967,2.210389778331736,0,1,0,2,False,4
Unbalanced_LR,423,211000,211500,221.969686,222.456981,500,development,4,included,3,0.4977244740523375,-1.3646911110405946,-2.8236074776402718,-2.6335158656220194,-0.8782356579312368,-1.3269686523520363,-1.802199954955575,3.259371047471422,0,1,0,2,False,4
Unbalanced_LR,424,211500,212000,222.492664,222.979958,500,development,4,included,3,0.3863030946783908,-1.692978063545296,-3.052179314136069,-2.755077259698463,-1.087205877662201,-1.6314343087287642,-1.8013078835681617,1.140346525243792,0,0,0,1,False,4
Unbalanced_LR,425,212000,212500,223.020329,223.507623,500,development,4,included,3,0.41333657811881785,-1.5578098849619262,-2.7383940107253366,-2.533329599597588,-1.039768905046967,-1.6750942040959618,-1.6782062227198042,1.9750428253023269,0,0,0,1,False,4
Unbalanced_LR,426,212500,213000,223.545005,224.0323,500,development,4,included,3,0.42200916284361867,-1.4577673839156482,-2.7174293367795657,-2.6868273066824178,-1.019753539987825,-1.7997263144344497,-1.6351214316065998,1.861636060738009,0,0,0,1,False,4
Unbalanced_LR,427,213000,213500,224.075086,224.56238,500,development,4,included,3,0.42090609270403073,-1.7311329853862079,-2.704900066119912,-2.354941347319497,-0.9728089935307751,-1.768120996461717,-1.5938891132532822,3.0647605505215374,0,0,0,1,False,4
Unbalanced_LR,428,213500,214000,224.602138,225.089432,500,development,4,included,3,0.43622175443937355,-1.308307364059246,-2.6572928891346446,-2.22717775501432,-1.0550875457522724,-1.7092222542167088,-1.6800268797033076,3.8452281507959687,1,0,3,1,False,4
Unbalanced_LR,429,214000,214500,225.128596,225.61589,500,development,4,included,3,0.3830277183436749,-1.3840786258658238,-2.8242938504458013,-2.6682514629643754,-1.2161804930598237,-1.6921007922985691,-1.742287306103055,1.7914679216672262,0,0,0,1,False,4
Unbalanced_LR,430,214500,215000,225.653162,226.140456,500,development,4,included,3,0.3775763023467411,-1.4105872034663507,-2.2920707192519014,-2.3422614882716313,-1.2295131666075987,-1.711683957083274,-1.8409338033850269,3.995211455768288,1,0,3,1,False,4
Unbalanced_LR,431,215000,215500,226.178807,226.666102,500,development,4,included,3,0.35155102931486,-1.5541779608287707,-2.7919955676868926,-2.8472958177072996,-1.2522750387256953,-1.6186449257545306,-1.9977867635513609,3.1553524300671416,0,0,0,1,False,4
Unbalanced_LR,432,215500,216000,226.702459,227.189754,500,development,4,included,3,0.5101657448542458,-1.2910700221284785,-2.2333647570827684,-1.1773771820634333,-1.0228681245195559,-1.6982343079587068,-1.704590725223284,10.258129660176149,1,1,3,2,False,4
Unbalanced_LR,433,216000,216500,227.229829,227.717123,500,development,4,included,3,0.5138483214748334,-1.0952858617985612,-1.472656616036197,-2.1767591955374876,-1.0670946094106077,-1.4381925080796838,-1.7492977777059648,9.531458073482886,1,1,3,2,False,4
Unbalanced_LR,434,216500,217000,227.752648,228.239942,500,development,4,included,3,0.5036272794933448,-0.8368179474147734,-1.7841423565452648,-2.2215081718561467,-1.4325445285387879,-1.453577426320287,-2.016738491272813,7.426952097088064,1,1,3,2,False,4
Unbalanced_LR,435,217000,217500,228.278711,228.766005,500,development,4,included,3,0.4270643730235354,-1.4483930821624817,-2.4949467061384674,-2.2348600975952326,-0.9872507704935796,-2.2384428764455904,-1.6016110280227194,6.613903052354962,1,0,3,1,False,4
Unbalanced_LR,436,217500,218000,228.801752,229.289046,500,development,4,included,3,0.5194819352719097,-1.0149951118946559,-1.452918750696406,-2.4836365628625354,-1.0879752247508259,-1.4656174078601876,-1.8322476582879548,9.664813955203117,1,1,3,2,False,4
Unbalanced_LR,437,218000,218500,229.333279,229.820573,500,development,4,included,3,0.5216662788091747,-1.0372472587688792,-1.7179332517643144,-2.4815003259532014,-1.0106715250505234,-1.4261386008234551,-1.701502343323136,7.874283832003243,1,1,1,2,False,4
Unbalanced_LR,438,218500,219000,229.859669,230.346964,500,development,4,included,3,0.44628148573382437,-1.221754177937957,-2.0227160096448884,-2.500044585278802,-1.0679448054391074,-1.6763305348861788,-1.8008574200283372,5.815065537087135,1,0,3,1,False,4
Unbalanced_LR,439,219000,219500,230.383792,230.871086,500,development,4,included,3,0.6233790948667354,-0.6047571199314623,-1.3830827998746158,-2.2057039716093767,-1.2869690164963037,-1.6792293399939955,-1.831845142957747,10.136649923140128,1,1,3,3,False,4
Unbalanced_LR,440,219500,220000,230.908795,231.396089,500,development,4,included,3,0.4096263908788072,-1.853695289608587,-2.7273789027634123,-2.876503699973146,-0.9521714043540784,-1.9927702181325277,-1.6114174173742295,3.952726871788725,1,0,4,1,False,4
Unbalanced_LR,441,220000,220500,231.439864,231.927159,500,development,4,included,3,0.5299152968985588,-1.0833695006228468,-2.078614093178099,-2.6627191718851817,-0.8637077973841574,-1.56049842360705,-1.7438167063068466,5.43739864719227,1,1,3,3,False,4
Unbalanced_LR,442,220500,221000,231.969533,232.456827,500,development,4,included,3,0.4596539494764429,-1.1739065534515942,-1.891897607728178,-2.50825607546368,-1.0487429468372655,-1.7732108216549778,-1.762766394983978,6.698920150162505,1,0,3,1,False,4
Unbalanced_LR,443,221000,221500,232.502183,232.989477,500,development,4,included,3,0.44285831184573465,-1.1941306730996695,-1.9863003522914207,-2.5342808043655003,-1.0733942427222984,-1.8530339012645984,-1.7934416783607348,6.061102381051388,1,0,3,1,False,4
Unbalanced_LR,444,221500,222000,233.029131,233.516426,500,development,4,included,3,0.41685338717209647,-1.5344979310964701,-2.623940282258304,-2.4083799870016502,-1.0301875093335309,-1.6538643993791198,-1.716276037926017,2.738320708606022,0,0,0,1,False,4
Unbalanced_LR,445,222000,222500,233.558479,234.045773,500,development,4,included,3,0.45726969193868144,-0.9810881015003252,-2.463058681103039,-2.9111999639222073,-1.301807836526432,-1.4513226314069014,-2.0102276833470607,3.292676737984272,0,0,0,1,False,4
Unbalanced_LR,446,222500,223000,234.084332,234.571626,500,development,4,included,3,0.5472102935667871,-0.7003988389449255,-2.7687572468648454,-2.605796007075877,-1.3210656927246145,-1.4620062731806611,-2.007230226832648,3.4546390555791877,1,1,3,3,False,4
Unbalanced_LR,447,223000,223500,234.616765,235.104059,500,development,4,included,3,0.550865330775209,-0.7701213626697252,-2.468981874757023,-2.4465027678808298,-1.0596585795404863,-1.6719237147970785,-1.8803474299460587,3.2053991827993586,0,1,0,3,False,4
Unbalanced_LR,448,223500,224000,235.141693,235.628987,500,development,4,included,3,0.43146728550804214,-1.5072959608748637,-2.5735024680747522,-2.7951960860302183,-0.9927764116623825,-1.5364092362549135,-1.8561343432354118,2.0937606979359438,0,0,0,1,False,4
Unbalanced_LR,449,224000,224500,235.668508,236.155802,500,development,4,included,3,0.46369680154946885,-1.1875589232879387,-2.4828283449177073,-2.8328430592562706,-0.9882613208581832,-1.7024494019354488,-1.7541313138039205,2.7063866042663363,0,0,0,1,False,4
Unbalanced_LR,450,224500,225000,236.191672,236.678966,500,development,4,included,3,0.5364708829306525,-0.9085897300660825,-2.4309302735378187,-2.5641767291259514,-0.9659792995267071,-1.5041244019746756,-1.8652854401516434,3.057028021121697,0,1,0,3,False,4
Unbalanced_LR,451,225000,225500,236.719458,237.206752,500,development,4,included,3,0.4580837091103079,-1.5646534245656007,-2.24864173457308,-2.494318764453655,-0.9036637363887478,-1.7801933811370614,-1.5546472545935548,4.288632777899978,1,0,3,1,False,4
Unbalanced_LR,452,225500,226000,237.244897,237.732191,500,development,4,included,3,0.6018609489180495,-0.7973271878079112,-1.2303202032263203,-2.086611611007491,-1.0764327026565625,-1.5151250326028203,-1.8097748094166082,11.16876714651771,1,1,3,3,False,4
Unbalanced_LR,453,226000,226500,237.771994,238.259288,500,development,4,included,3,0.4769906036582443,-1.6758132089964373,-2.392899813966498,-2.766119332344947,-0.827575198548497,-1.84506216749162,-1.4910102407304775,3.3139750303879394,0,1,0,2,False,4
Unbalanced_LR,454,226500,227000,238.302029,238.789323,500,development,4,included,3,0.47694042797946695,-1.6305189074889117,-2.64944688535865,-2.653293879584818,-0.8385738435189553,-1.7718954853496085,-1.4935872454306474,2.410060016527826,0,1,0,2,False,4
Unbalanced_LR,455,227000,227500,238.82816,239.315454,500,development,4,included,3,0.4372873578246606,-1.3910804394082483,-2.6959627968132645,-2.856296559171995,-0.9930975646083898,-1.7689792541231402,-1.6495598413106045,1.5285776525100065,0,0,0,1,False,4
Unbalanced_LR,456,227500,228000,239.35417,239.841464,500,development,4,included,3,0.4428245388933311,-1.3664836133319431,-2.6086484059891077,-2.758672199075929,-0.9851922902559864,-1.708112118339606,-1.673036684133249,1.8563025200242351,0,0,0,1,False,4
Unbalanced_LR,457,228000,228500,239.881618,240.368912,500,development,4,included,3,0.42168226112958446,-1.3367273095381396,-2.8350035888355167,-2.1891399932273243,-1.0765379947702787,-1.7913319928062756,-1.7116167415523542,4.0775888736441175,1,0,3,1,False,4
Unbalanced_LR,458,228500,229000,240.409205,240.8965,500,development,4,included,3,0.4257893777871865,-1.32116160446964,-2.9969031827597656,-2.3869408934751988,-1.037750352599193,-2.010541155582257,-1.6419388117490084,4.14522527910961,1,0,3,1,False,4
Unbalanced_LR,459,229000,229500,240.934173,241.421467,500,development,4,included,3,0.3704710868473618,-1.7328035391338525,-2.990748322272338,-2.9196884113078685,-1.1755027602665251,-1.402735648328337,-2.1296788483400246,4.611192477328846,1,0,4,1,False,4
Unbalanced_LR,460,229500,230000,241.46388,241.951174,500,development,4,included,3,0.42779485979277054,-1.7964009998002437,-2.893416770585444,-2.52802876155961,-0.9796561261393228,-1.4681526483036518,-1.7654554142908043,2.007423977618883,0,0,0,1,False,4
Unbalanced_LR,461,230000,230500,241.986996,242.474291,500,development,4,included,3,0.36252563834656154,-1.5180098247865133,-2.6353376261516495,-2.760056413150186,-1.189684553711198,-1.7899209491922192,-1.8995212192438162,2.070686015868578,0,0,0,1,False,4
Unbalanced_LR,462,230500,231000,242.512321,242.999615,500,development,4,included,3,0.41853395306595625,-1.7568416056705147,-2.770675653870418,-2.7618348700808886,-0.9590209085840103,-1.7300603373354406,-1.646830639149639,1.107000033575769,0,0,0,1,False,4
Unbalanced_LR,463,231000,231500,243.037153,243.524447,500,development,4,included,3,0.38338766518669054,-1.74840516311767,-2.907380315277719,-2.450443297713202,-1.0875196516669405,-1.6666625974354055,-1.7717709685316878,2.48136917352217,0,0,0,1,False,4
Unbalanced_LR,464,231500,232000,243.561328,244.048622,500,development,4,included,3,0.48167647027969157,-1.417348377352161,-2.724325537860038,-2.3844680095562563,-0.8919307277171543,-1.4589432453894866,-1.6923630893778006,2.8843914578539422,0,1,0,2,False,4
Unbalanced_LR,465,232000,232500,244.088645,244.575939,500,development,4,included,3,0.5511128340940094,-1.3123517338457333,-2.677018470824236,-2.398724883251081,-0.7520186899758893,-1.4231510969223247,-1.5131761400362584,3.3070559715315695,0,1,0,3,False,4
Unbalanced_LR,466,232500,233000,244.615171,245.102465,500,development,4,included,3,0.3882134752643314,-1.3697486999618282,-2.7386303520322204,-2.7612123974162697,-1.1643720800234363,-1.6414876564997314,-2.0095021281841965,3.2846679763949185,0,0,0,1,False,4
Unbalanced_LR,467,233000,233500,245.139556,245.62685,500,development,4,included,3,0.5409118948086837,-1.4438790354673887,-2.1552754948084276,-1.717665107740326,-0.7747014286086232,-1.5325705980530824,-1.5390247265145163,6.9576806574346275,1,1,3,3,False,4
Unbalanced_LR,468,233500,234000,245.665993,246.153287,500,development,4,included,3,0.4486059089282972,-1.5052771537537695,-3.02595404388019,-2.627242508885021,-0.9251651896119425,-1.766100272867566,-1.5869229941004523,1.497391942247258,0,0,0,1,False,4
Unbalanced_LR,469,234000,234500,246.190062,246.677356,500,development,4,included,3,0.4246148291109161,-1.6536766933778615,-2.80261023262208,-2.646307667383388,-0.9713492582969057,-1.7006939950407336,-1.640789029168938,1.2848953438679591,0,0,0,1,False,4
Unbalanced_LR,470,234500,235000,246.712692,247.199987,500,development,4,included,3,0.4378192781223053,-1.4575595460235387,-2.49943410711163,-2.917980324519806,-1.007256238364103,-1.4408849540050048,-1.8830920901612342,2.594192300531638,0,0,0,1,False,4
Unbalanced_LR,471,235000,235500,247.238682,247.725976,500,development,4,included,3,0.35218185467524815,-1.771999489351537,-2.9564915997977455,-2.72919066149703,-1.1952651732265887,-1.6150970697155094,-1.892342967136009,1.991451641003463,0,0,0,1,False,4
Unbalanced_LR,472,235500,236000,247.763717,248.251011,500,development,4,included,3,0.438748720277005,-1.7067971283124157,-2.7225561158941107,-1.5168252957445378,-1.0099202537793135,-1.6776137297144482,-1.7309097289711273,8.184547899344274,1,0,3,1,False,4
Unbalanced_LR,473,236000,236500,248.296517,248.783811,500,development,4,included,3,0.4058942209270202,-1.5255149944331663,-2.94073786013414,-2.6138097442913018,-1.0456565234855912,-1.7453304329151382,-1.7159686831041499,1.483414934558552,0,0,0,1,False,4
Unbalanced_LR,474,236500,237000,248.820091,249.307385,500,development,4,included,3,0.4430576400773325,-1.283528909793219,-3.105909921005014,-2.7543088546701804,-1.012475796432653,-1.6846362783386621,-1.6960647369925268,1.5033691890941905,0,0,0,1,False,4
Unbalanced_LR,475,237000,237500,249.34994,249.837234,500,development,4,included,3,0.4134874686235949,-1.6587446811877713,-2.8182174823002453,-2.5706344267950367,-0.9986892251404018,-1.7762163779350986,-1.6458165109448004,1.7471593693338983,0,0,0,1,False,4
Unbalanced_UR,361,180000,180500,190.251021,190.738316,500,development,4,included,4,0.4221699198405066,-2.2689153874034793,-2.8370859821927086,-2.7557460244429963,-0.9170259768183319,-1.8338639108454962,-1.5639740219858245,2.2314214453008043,0,0,0,1,False,4
Unbalanced_UR,362,180500,181000,190.777871,191.265166,500,development,4,included,4,0.44004249749660296,-2.2553303384307153,-2.7844907180887457,-3.0176128736757817,-0.8970929053871961,-1.6590892805979032,-1.559352010324704,2.1038362893879756,0,0,0,1,False,4
Unbalanced_UR,363,181000,181500,191.303556,191.790851,500,development,4,included,4,0.4194301683026566,-2.17594209398732,-2.971918233474318,-2.8928938898702694,-0.9394627214236233,-1.7560933309766869,-1.5770468684425223,1.8200439811321028,0,0,0,1,False,4
Unbalanced_UR,364,181500,182000,191.833347,192.320641,500,development,4,included,4,0.3933249122943184,-1.8730382930824083,-3.165393730338527,-2.884088457642727,-1.0644098202934134,-1.6976457658762811,-1.673831909248315,1.9052624893669956,0,0,0,1,False,4
Unbalanced_UR,365,182000,182500,192.358119,192.845414,500,development,4,included,4,0.4690496556814075,-2.226083154346113,-2.8027322972257886,-2.903868826822284,-0.8220253929568891,-1.6092140225752167,-1.5759456342767078,2.538076608169015,0,0,0,1,False,4
Unbalanced_UR,366,182500,183000,192.878636,193.365931,500,development,4,included,4,0.42846469850150076,-2.12701888102897,-2.6866426232070375,-2.7417072186893776,-0.9218510753324304,-1.6878615041781075,-1.586034879618616,1.6451562300540021,0,0,0,1,False,4
Unbalanced_UR,367,183000,183500,193.405081,193.892375,500,development,4,included,4,0.37640016855336694,-2.176031955900972,-2.7689968737544826,-2.731031553555084,-1.107238851943955,-1.5629176412795427,-1.731980420452353,1.8203652140813686,0,0,0,1,False,4
Unbalanced_UR,368,183500,184000,193.931435,194.418729,500,development,4,included,4,0.46052520294562344,-2.304432329502711,-2.9103067806738987,-2.9397598479661124,-0.8394382257219015,-1.6449616875448418,-1.5716330190025385,2.3468076512862437,0,0,0,1,False,4
Unbalanced_UR,369,184000,184500,194.456677,194.943971,500,development,4,included,4,0.37873439895860533,-2.098333835301996,-2.676615161497485,-3.012514503720825,-1.0513334392196634,-1.8571661694307582,-1.6593894212554852,2.4838362476898954,0,0,0,1,False,4
Unbalanced_UR,370,184500,185000,194.981383,195.468677,500,development,4,included,4,0.39680968817857465,-2.25662582213689,-2.699081487541067,-2.762531503549668,-1.0378367593146063,-1.640287812947095,-1.6706772653765363,2.1084673064089565,0,0,0,1,False,4
Unbalanced_UR,371,185000,185500,195.50508,195.992374,500,development,4,included,4,0.4374331540671519,-2.014325806738449,-2.6356893178380796,-2.872222296785041,-0.9121846825077967,-1.7871561857876608,-1.561200523267538,1.725473871704906,0,0,0,1,False,4
Unbalanced_UR,372,185500,186000,196.031625,196.518919,500,development,4,included,4,0.4169650114499717,-2.446388919613411,-2.974210938895578,-3.0025989265760415,-0.9372182725507785,-1.6993284825741335,-1.5966283183890688,2.786820982475497,0,0,0,1,False,4
Unbalanced_UR,373,186000,186500,196.561493,197.048787,500,development,4,included,4,0.49351516677138635,-2.2541250919388514,-2.867736585742929,-2.7886950549924663,-0.7698520349440409,-1.535116126938344,-1.500587487357957,3.111167954009077,0,1,0,2,False,4
Unbalanced_UR,374,186500,187000,197.086815,197.57411,500,development,4,included,4,0.43058344820795874,-2.260249998521271,-2.57656382273464,-2.5497934583888098,-0.9002712470007493,-1.996482823201812,-1.5138874606461656,3.9929425646788896,1,0,4,1,False,4
Unbalanced_UR,375,187000,187500,197.612881,198.100175,500,development,4,included,4,0.3499065575834507,-2.1001997439721576,-3.137456005377797,-2.841551027801689,-1.1408119349603003,-1.746852898452934,-1.7952390948746442,1.716505504695272,0,0,0,1,False,4
Unbalanced_UR,376,187500,188000,198.138901,198.626195,500,development,4,included,4,0.39626676632405916,-2.2541962839873086,-2.6456572862301675,-2.6980221381774796,-1.02470193839816,-1.5952130712917043,-1.7150256941356825,2.0997823399595856,0,0,0,1,False,4
Unbalanced_UR,377,188000,188500,198.661318,199.148612,500,development,4,included,4,0.32670198436953735,-2.4073474556786305,-2.78922487192439,-2.7851013656365797,-1.3049166154550078,-1.473390795350197,-2.041466153589219,3.637490576256664,1,0,4,1,False,4
Unbalanced_UR,378,188500,189000,199.184768,199.672063,500,development,4,included,4,0.2947724660763045,-2.427886336415448,-2.7543350450471,-2.8407310245850756,-1.2840418830328737,-2.2741498203554484,-1.767755075630341,7.0006879280762195,1,0,4,1,False,4
Unbalanced_UR,379,189000,189500,199.711276,200.19857,500,development,4,included,4,0.37081112371260816,-2.4223068495984057,-2.530781734964708,-2.9606568601691463,-1.0845615396876522,-1.5402655218820969,-1.9367075462837497,2.7007338509983567,0,0,0,1,False,4
Unbalanced_UR,380,189500,190000,200.237587,200.724882,500,development,4,included,4,0.46305461645071344,-2.447787505345361,-2.4921038957155166,-2.7490415429551636,-0.8320162491226515,-1.6522365946907691,-1.5097671190753958,2.791820562400039,0,0,0,1,False,4
Unbalanced_UR,381,190000,190500,200.765049,201.252343,500,development,4,included,4,0.4348499883199927,-2.4802632711435058,-2.7425386015534308,-2.909869270128412,-0.9006620305316493,-1.5516544987555578,-1.6471814261005358,2.9079129713309864,0,0,0,1,False,4
Unbalanced_UR,382,190500,191000,201.295211,201.782505,500,development,4,included,4,0.3703862059648441,-2.3195249781215295,-2.8493459071162386,-3.0402604278313095,-1.0282257192726605,-2.013776820270936,-1.650535626326855,4.180274656834171,1,0,4,1,False,4
Unbalanced_UR,383,191000,191500,201.821945,202.309239,500,development,4,included,4,0.3879304811015695,-2.44523787621562,-3.2551232243546666,-3.116895634834314,-1.0965156174484247,-1.3029305227515413,-2.152369065228808,4.861649708941154,1,0,4,1,False,4
Unbalanced_UR,384,191500,192000,202.345567,202.832861,500,development,4,included,4,0.38123800802587526,-2.4124165444252794,-2.9830874748379155,-3.171221278619621,-1.037223249793143,-1.5912677577859358,-1.7680614376822406,2.6653785845591575,0,0,0,1,False,4
Unbalanced_UR,385,192000,192500,202.869002,203.356296,500,development,4,included,4,0.3526276571075242,-2.470495771248604,-2.847958150262332,-2.820926299250964,-1.1222236342683882,-1.7223190850499055,-1.7789375191041241,2.872996701793882,0,0,0,1,False,4
Unbalanced_UR,386,192500,193000,203.392956,203.880251,500,development,4,included,4,0.38768673727234004,-2.096975703050894,-2.7471746615399284,-2.701205891991155,-1.0053264725594289,-1.9952848375933732,-1.6202887568744508,3.9799657410155262,1,0,4,1,False,4
Unbalanced_UR,387,193000,193500,203.917103,204.404398,500,development,4,included,4,0.3731255873457303,-2.712463396174023,-2.494602461062484,-2.927471977002713,-1.043908890404179,-1.9257043767218165,-1.6655920161326314,3.73796797408014,1,0,4,1,False,4
Unbalanced_UR,388,193500,194000,204.445039,204.932333,500,development,4,included,4,0.41248842599527147,-2.1649283067303475,-2.494229828004992,-2.7558076899334463,-0.9740018674926924,-1.569891911692282,-1.7620237281761304,2.6293542198697337,0,0,0,1,False,4
Unbalanced_UR,389,194000,194500,204.969397,205.456691,500,development,4,included,4,0.406943966852495,-2.256513645307185,-2.5224762237648695,-2.632195641892595,-0.9992897865805591,-1.670920106792867,-1.6325024698268829,2.438511747944297,0,0,0,1,False,4
Unbalanced_UR,390,194500,195000,205.492991,205.980285,500,development,4,included,4,0.38679793042495275,-1.8628606443261828,-2.060199636285797,-2.337341527539943,-1.0713794574492834,-1.9576225412534114,-1.684218787786516,5.5618131212499895,1,0,3,1,False,4
Unbalanced_UR,391,195000,195500,206.016712,206.504006,500,development,4,included,4,0.4564284985273701,-2.2123561375975487,-2.753906381414986,-2.7504631810076683,-0.864294619799028,-1.6073676772813859,-1.5329984397097212,2.0737758803413224,0,0,0,1,False,4
Unbalanced_UR,392,195500,196000,206.547901,207.035195,500,development,4,included,4,0.41321824693537157,-2.447710037560421,-2.6730785273080144,-2.9264888970984537,-0.9281660607467918,-1.880929511581529,-1.5920800421104746,2.79154363523459,0,0,0,1,False,4
Unbalanced_UR,393,196000,196500,207.075448,207.562742,500,development,4,included,4,0.3296825635665678,-2.298140406209194,-2.7454761575418485,-2.7675129062101265,-1.2357226105210288,-1.6554817915002125,-1.8470316663635757,2.2568711377666593,0,0,0,1,False,4
Unbalanced_UR,394,196500,197000,207.598853,208.086147,500,development,4,included,4,0.40732773714030923,-1.9612155393048267,-2.7048774845300025,-2.89778744308787,-0.9997606999759414,-1.8375509083702968,-1.6251566666865769,2.2713597520630606,0,0,0,1,False,4
Unbalanced_UR,395,197000,197500,208.121547,208.608841,500,development,4,included,4,0.4101166682646889,-2.071564352332221,-2.8859664357001513,-2.73300512755989,-0.9713168399659363,-1.8150048591164745,-1.5951585367786554,2.0271363628909214,0,0,0,1,False,4
Unbalanced_UR,396,197500,198000,208.648318,209.135613,500,development,4,included,4,0.37638455841426893,-2.3489763692545274,-2.8691702364950484,-2.988050530557941,-1.0537021966202385,-1.813864196504393,-1.6592220073575923,2.4385964724959335,0,0,0,1,False,4
Unbalanced_UR,397,198000,198500,209.175723,209.663017,500,development,4,included,4,0.2798133244439579,-2.3294487051863633,-2.7730550633835214,-3.003926077408912,-1.3328666434697949,-1.942219223851041,-2.041573705712019,3.638677748995585,1,0,4,1,False,4
Unbalanced_UR,398,198500,199000,209.699767,210.187062,500,development,4,included,4,0.32398300095681426,-2.153328563033352,-2.4762168184329956,-2.7485931337067964,-1.2869448253531843,-1.5227426137202515,-2.1342353031442927,4.661487151101123,1,0,4,1,False,4
Unbalanced_UR,399,199000,199500,210.230912,210.718206,500,development,4,included,4,0.42508404650128484,-1.8095716441935796,-2.4671736310736323,-2.6737682074118023,-1.0032791772695193,-1.4137864192856981,-1.7815575720905839,2.8121552946396524,0,0,0,1,False,4
Unbalanced_UR,400,199500,200000,210.760247,211.247541,500,development,4,included,4,0.3180557104524531,-2.3405745049146094,-2.54061657907775,-3.0238005902555725,-1.2643039055647112,-1.7163164989802782,-1.9298373448262947,2.408561994578008,0,0,0,1,False,4
Unbalanced_UR,401,200000,200500,211.292999,211.780293,500,development,4,included,4,0.31326206799838513,-2.4416805958416163,-2.761611203079277,-2.9864887597716145,-1.4080560467924563,-1.4774875859197598,-1.988077243503011,3.8990995465161027,1,0,4,1,False,4
Unbalanced_UR,402,200500,201000,211.818809,212.306103,500,development,4,included,4,0.3154761106666502,-2.60148477052752,-2.680772723427155,-2.8649504177992187,-1.2984684304667389,-1.6571812109705688,-1.9526699939711119,3.341248276345272,1,0,4,1,False,4
Unbalanced_UR,403,201000,201500,212.342775,212.83007,500,development,4,included,4,0.373330799046207,-2.4178457473321324,-2.6317158881395826,-2.7901099875587914,-1.1092103212361657,-1.5762621274903754,-1.8768271739344398,2.684786571670195,0,0,0,1,False,4
Unbalanced_UR,404,201500,202000,212.867904,213.355198,500,development,4,included,4,0.36914474838349237,-2.3395033018289526,-2.7374008577548525,-2.802180424165941,-1.0822609628348085,-1.585141222151496,-2.019099915931769,3.390609464774777,1,0,4,1,False,4
Unbalanced_UR,405,202000,202500,213.40123,213.888524,500,development,4,included,4,0.3627762386418964,-2.288578092542875,-2.6862336288232034,-2.9437376175015175,-1.2235286516353503,-1.3538094244523473,-2.0195024918563167,3.3950531442719907,1,0,4,1,False,4
Unbalanced_UR,406,202500,203000,213.92382,214.411114,500,development,4,included,4,0.4253942262793163,-2.052485352116552,-2.8608201765748644,-2.7625960130571268,-0.919252760135893,-1.6652303058911517,-1.6222943117591555,1.4700954616348119,0,0,0,1,False,4
Unbalanced_UR,407,203000,203500,214.450332,214.937627,500,development,4,included,4,0.3502394223077948,-2.337841181128615,-2.843373760018046,-3.039439881501344,-1.1939365289080786,-1.5300564740918376,-1.8934692843412613,2.3987910735571867,0,0,0,1,False,4
Unbalanced_UR,408,203500,204000,214.980724,215.468018,500,development,4,included,4,0.29033655485883564,-2.536064454705638,-2.656088146302734,-2.780573541455485,-1.3585627968210428,-1.8981457281625,-1.8863163054441647,3.355447492739326,1,0,4,1,False,4
Unbalanced_UR,409,204000,204500,215.505151,215.992445,500,development,4,included,4,0.31472110960741223,-2.41968101546733,-3.003462938284062,-3.0474874421067,-1.324561786842848,-1.4999276741251042,-2.1930540224935444,5.310734960736532,1,0,4,1,False,4
Unbalanced_UR,410,204500,205000,216.026737,216.514031,500,development,4,included,4,0.4197170317327341,-2.5436234459456486,-2.8109366101547035,-3.1304750333799016,-0.9863603192805699,-1.409381772750362,-1.6686859955978761,3.134409102901404,0,0,0,1,False,4
Unbalanced_UR,411,205000,205500,216.556592,217.043887,500,development,4,included,4,0.3291188861486121,-2.43119939212403,-2.61561594126493,-2.847221875272026,-1.1841120087016814,-1.814342116507331,-1.8266813108681341,2.7325223757012784,0,0,0,1,False,4
Unbalanced_UR,412,205500,206000,217.081105,217.5684,500,development,4,included,4,0.38944590896912606,-2.379918001947454,-2.8632963423379407,-2.7279149055028986,-1.036665709957994,-1.513637685975983,-1.8191963423982243,2.5492047549273718,0,0,0,1,False,4
Unbalanced_UR,413,206000,206500,217.605782,218.093076,500,development,4,included,4,0.35255043906475586,-2.2236908016419696,-2.7610826909458557,-2.6232434098357786,-1.1423220517346975,-1.6018352873179367,-1.9204883362902876,2.3021234726408144,0,0,0,1,False,4
Unbalanced_UR,414,206500,207000,218.131447,218.618741,500,development,4,included,4,0.37263352943379446,-2.2402238721974452,-2.30062016560181,-2.7674478315509234,-1.1051164083485545,-1.5269025657847333,-1.8596788616259803,3.9374484233134344,1,0,4,1,False,4
Unbalanced_UR,415,207000,207500,218.658079,219.145374,500,development,4,included,4,0.44705771065919303,-1.615360701455195,-2.006773182090919,-2.2541408026492693,-0.9748268914063642,-1.520443964579981,-1.703166909206224,5.922780823870813,1,0,3,1,False,4
Unbalanced_UR,416,207500,208000,219.183175,219.67047,500,development,4,included,4,0.3983804468740057,-1.9760769708775825,-2.3273687576007895,-3.028710399800416,-1.0438297576375934,-1.553204055572498,-1.7096107435650378,3.75672563443071,1,0,4,1,False,4
Unbalanced_UR,417,208000,208500,219.70664,220.193934,500,development,4,included,4,0.43193962083593684,-1.8947152633078002,-2.5714355925016896,-2.923652301239216,-0.9283200695551486,-1.6980022599989575,-1.6295200178138853,2.1077252280260397,0,0,0,1,False,4
Unbalanced_UR,418,208500,209000,220.23252,220.719814,500,development,4,included,4,0.3462672462855499,-2.293301574452549,-2.6663428872932076,-2.770342242864468,-1.1699901188173607,-1.8324082370102028,-1.6537186340838304,2.2395735738375415,0,0,0,1,False,4
Unbalanced_UR,419,209000,209500,220.753812,221.241106,500,development,4,included,4,0.33987739658058813,-2.355390211711216,-2.6313595224012865,-3.0816496326522897,-1.2077946076034258,-1.73327861903379,-1.7080701303340973,2.4615242896851774,0,0,0,1,False,4
Unbalanced_UR,420,209500,210000,221.283846,221.77114,500,development,4,included,4,0.38960196501944155,-2.0532100833380587,-2.452303947981141,-2.5872907886399346,-1.0328336839076306,-1.6482573568211005,-1.757544129005515,2.912620044275067,0,0,0,1,False,4
Unbalanced_UR,421,210000,210500,221.815461,222.302755,500,development,4,included,4,0.40648000670806256,-1.9043622379659544,-2.2885786614316896,-2.563103770056861,-1.0620075861343259,-1.407281643885625,-1.8215531069425113,4.018805012701396,1,0,4,1,False,4
Unbalanced_UR,422,210500,211000,222.341023,222.828317,500,development,4,included,4,0.38517886793049677,-2.300171533620188,-2.51382681868977,-2.91330136110783,-1.0248760024779318,-1.6324176041689336,-1.7435189466087258,2.496950136305373,0,0,0,1,False,4
Unbalanced_UR,423,211000,211500,222.863308,223.350602,500,development,4,included,4,0.36191171118006404,-2.306176480256388,-2.784071881950241,-2.9425029284018622,-1.1200826125982253,-1.5190536226677078,-1.8412019106075974,2.2855980106073157,0,0,0,1,False,4
Unbalanced_UR,424,211500,212000,223.385569,223.872864,500,development,4,included,4,0.37397409568716955,-1.7416246751076139,-2.356156735021236,-2.3080885092954695,-1.1643794660796114,-1.557037052674833,-1.9330467683491457,3.5622240484812737,1,0,3,1,False,4
Unbalanced_UR,425,212000,212500,223.911086,224.398381,500,development,4,included,4,0.38324869260735583,-2.250292325428892,-2.4722684588207766,-3.0848205045461348,-1.0537034924058033,-1.6620555589222166,-1.6757059207255347,2.777732866746022,0,0,0,1,False,4
Unbalanced_UR,426,212500,213000,224.438277,224.925572,500,development,4,included,4,0.38761363221725703,-1.8824614217998161,-2.9757814397727143,-3.0021294713987077,-1.0334134628705085,-1.7503122347264497,-1.695792493005132,1.326372703364474,0,0,0,1,False,4
Unbalanced_UR,427,213000,213500,224.966517,225.453811,500,development,4,included,4,0.3568298604850753,-2.5842675842941873,-2.7979510625447235,-2.7511280866637935,-1.1289154099738792,-1.610970554021203,-1.78196485815449,3.279701317383198,0,0,0,1,False,4
Unbalanced_UR,428,213500,214000,225.494957,225.982251,500,development,4,included,4,0.3926312997809549,-2.5959067360349835,-2.641680151257586,-2.954023548303162,-0.9980735529498589,-1.7801220032352243,-1.5847513013071342,3.321308255057907,1,0,4,1,False,4
Unbalanced_UR,429,214000,214500,226.023099,226.510393,500,development,4,included,4,0.4036173634267446,-2.4725836701631216,-2.965239231660168,-2.9082986477773143,-0.9559731247978219,-1.6537330814706526,-1.6708252280044655,2.8804603969103333,0,0,0,1,False,4
Unbalanced_UR,430,214500,215000,226.54796,227.035254,500,development,4,included,4,0.43718834824811276,-2.21885714068994,-2.5235995625024055,-2.823215493129323,-0.902049939269124,-1.5809686718568052,-1.623875629537306,2.4309220808128362,0,0,0,1,False,4
Unbalanced_UR,431,215000,215500,227.073241,227.560535,500,development,4,included,4,0.3421212602969893,-2.055997410870691,-2.2885333909122845,-2.7840315878982773,-1.1662561117288832,-2.300502645363163,-1.7270147659987387,7.286147086139279,1,0,4,1,False,4
Unbalanced_UR,432,215500,216000,227.607165,228.094459,500,development,4,included,4,0.3447727634169397,-2.157858988793883,-2.688218250335974,-2.8731946908213746,-1.14609279625757,-1.7583619545488507,-1.9744556767812909,2.8978212027730144,0,0,0,1,False,4
Unbalanced_UR,433,216000,216500,228.139364,228.626658,500,development,4,included,4,0.3121362237935175,-2.3369643790516172,-2.587046040758355,-2.9208512408456535,-1.2577809431048173,-1.9878447484580815,-2.0056262023660225,3.899373182917761,1,0,4,1,False,4
Unbalanced_UR,434,216500,217000,228.67205,229.159345,500,development,4,included,4,0.38644006609096776,-2.2025967983834565,-2.5777513859864096,-2.756034830653888,-1.0188163671987172,-1.8002392056199976,-1.7674047831074653,2.065053531040663,0,0,0,1,False,4
Unbalanced_UR,435,217000,217500,229.196658,229.683953,500,development,4,included,4,0.3566193508070568,-2.130119568538984,-3.0555279388324212,-2.5132806619476784,-1.1487199038390858,-1.601821164785691,-1.8745752935448587,2.0975154794705113,0,0,0,1,False,4
Unbalanced_UR,436,217500,218000,229.723331,230.210626,500,development,4,included,4,0.3985073989165968,-2.274665981636096,-2.7636903708943383,-2.6691950339730464,-1.0162291762822766,-1.561707201703775,-1.7227624179527539,2.1729561805675766,0,0,0,1,False,4
Unbalanced_UR,437,218000,218500,230.246738,230.734032,500,development,4,included,4,0.37751255731839767,-1.9522321049185212,-2.5099494856795928,-2.497116887157429,-1.111914559489034,-1.5610187444508483,-1.8105810904212478,2.5231467463943464,0,0,0,1,False,4
Unbalanced_UR,438,218500,219000,230.770018,231.257312,500,development,4,included,4,0.3736752775791653,-2.1953281211068205,-2.8416472597621807,-2.9475539004824074,-1.096490144333694,-1.6042043222298727,-1.7639082403825603,1.8893439816891962,0,0,0,1,False,4
Unbalanced_UR,439,219000,219500,231.298065,231.78536,500,development,4,included,4,0.37166951541711407,-2.1690993172815745,-2.7745906111161247,-2.7264274603236966,-1.075425573579015,-1.7515998858577044,-1.7609283907565472,1.795582835658761,0,0,0,1,False,4
Unbalanced_UR,440,219500,220000,231.826669,232.313964,500,development,4,included,4,0.4349032128053492,-2.3560362713142475,-2.898225014556725,-2.7567459395267746,-0.9441420588694039,-1.4359619140019935,-1.6444772857662338,2.4638337845896268,0,0,0,1,False,4
Unbalanced_UR,441,220000,220500,232.355771,232.843066,500,development,4,included,4,0.319923899341974,-2.3762156877564395,-2.9422618336254147,-2.9685669153660803,-1.340103941152543,-1.4005246358630465,-2.155997457944261,4.901700326313783,1,0,4,1,False,4
Unbalanced_UR,442,220500,221000,232.879815,233.367109,500,development,4,included,4,0.35248190136844315,-2.202696167429643,-2.4834614838841964,-2.832411627458951,-1.1464964068514687,-1.5109307766714448,-2.1541357143347444,4.881150185577053,1,0,4,1,False,4
Unbalanced_UR,443,221000,221500,233.406697,233.893991,500,development,4,included,4,0.35172790511523777,-2.4606703744462504,-2.713663052187897,-2.975969780609626,-1.1207542082929516,-1.6106806210673374,-1.9669960498981167,2.8378734658838347,0,0,0,1,False,4
Unbalanced_UR,444,221500,222000,233.935144,234.422438,500,development,4,included,4,0.340699627821591,-2.558249356896141,-2.6880911149367863,-2.826679911390465,-1.2101154618001162,-1.5814852774490469,-1.748411525013292,3.1866929272646525,0,0,0,1,False,4
Unbalanced_UR,445,222000,222500,234.462734,234.950028,500,development,4,included,4,0.35489991096152373,-2.554935563320658,-2.706735870819896,-2.7024255646271556,-1.0852691065431002,-1.851298892947458,-1.747140203527414,3.174846977849052,0,0,0,1,False,4
Unbalanced_UR,446,222500,223000,234.987132,235.474426,500,development,4,included,4,0.49030614956824753,-2.202708324015575,-2.9814189481696105,-3.1383449766503535,-0.7635075076146657,-1.6677729731833568,-1.4717308813707484,3.1808585747472566,0,1,0,2,False,4
Unbalanced_UR,447,223000,223500,235.516484,236.003779,500,development,4,included,4,0.40679585836049703,-1.912122998432149,-2.542336556578112,-2.806347028503528,-1.0399242912421742,-1.4972704432298445,-1.780830871084046,2.304328433387582,0,0,0,1,False,4
Unbalanced_UR,448,223500,224000,236.042495,236.529789,500,development,4,included,4,0.43277685032714597,-2.016157458180304,-2.7380254670100146,-2.734796101098817,-0.9483394966781257,-1.3538131817743086,-1.931995871520616,2.9685856472254306,0,0,0,1,False,4
Unbalanced_UR,449,224000,224500,236.568795,237.05609,500,development,4,included,4,0.38878918086418834,-1.9045293290149525,-1.9001734950937823,-3.050986544489066,-1.164224396207704,-1.433467607988564,-1.7868693837711738,6.643005377330784,1,0,4,1,False,4
Unbalanced_UR,450,224500,225000,237.095652,237.582946,500,development,4,included,4,0.3464509475428931,-2.577920633672966,-2.5125263806936777,-2.9449628765936957,-1.1197252391102197,-2.0173715974626774,-1.6746807381956528,4.219214014200159,1,0,4,1,False,4
Unbalanced_UR,451,225000,225500,237.620811,238.108105,500,development,4,included,4,0.40151903770752384,-2.5170654191047133,-2.886666610217091,-3.0002206031795597,-0.9919071256370833,-1.5866569992368489,-1.6240344521698495,3.0394710702902357,0,0,0,1,False,4
Unbalanced_UR,452,225500,226000,238.145297,238.632591,500,development,4,included,4,0.4023876863802343,-2.2126468082627198,-2.4306637331254777,-2.642674259420981,-0.9881794045474609,-1.6377463265282186,-1.7645330617511779,3.0588288608320657,0,0,0,1,False,4
Unbalanced_UR,453,226000,226500,238.667633,239.154928,500,development,4,included,4,0.377322138643689,-2.2688176286746065,-2.5470172399638296,-2.6604210354016766,-1.0624811134088123,-1.6842975120461823,-1.687905626647217,2.272704108810941,0,0,0,1,False,4
Unbalanced_UR,454,226500,227000,239.193474,239.680768,500,development,4,included,4,0.3866487750379837,-1.6904874231872697,-2.4323590200704293,-2.2662554913362274,-1.1375726402852686,-1.5375568246274136,-1.829505722375207,3.606514550614267,1,0,3,1,False,4
Unbalanced_UR,455,227000,227500,239.720686,240.20798,500,development,4,included,4,0.34850757401442445,-1.4885394563432492,-2.6305347131990415,-2.770086299320476,-1.215479966850915,-2.488458621564895,-1.8493123460556409,9.32212443216423,1,0,3,1,False,4
Unbalanced_UR,456,227500,228000,240.249516,240.736811,500,development,4,included,4,0.443523546419484,-1.31204652077973,-1.9176694557643927,-2.335318153227105,-1.1079346678900432,-1.3669284649990299,-2.217100824834402,6.5247965831372134,1,0,3,1,False,4
Unbalanced_UR,457,228000,228500,240.774586,241.26188,500,development,4,included,4,0.36552363879428823,-2.067647122928853,-2.4643352222949724,-2.9404533733228315,-1.1392818192038716,-1.5476103597853945,-1.9078728783254781,2.8313325713534394,0,0,0,1,False,4
Unbalanced_UR,458,228500,229000,241.299739,241.787033,500,development,4,included,4,0.3679753040489153,-2.0263325798749316,-2.641062085839087,-2.819425666876007,-1.1120484799193575,-1.6545019869112596,-1.8500433511022714,1.6373044276886268,0,0,0,1,False,4
Unbalanced_UR,459,229000,229500,241.826624,242.313918,500,development,4,included,4,0.34666790168094086,-1.9556437229174501,-2.299279566206224,-2.6619888722945406,-1.2290572836413292,-1.7998217349051833,-1.6802886291239367,3.946505978999133,1,0,4,1,False,4
Unbalanced_UR,460,229500,230000,242.350675,242.837969,500,development,4,included,4,0.3956202960323193,-2.246900447693302,-2.5993747658000577,-2.9140334866845734,-0.986943524556264,-1.6128392604732082,-1.8774477700076906,2.073701624394583,0,0,0,1,False,4
Unbalanced_UR,461,230000,230500,242.875383,243.362677,500,development,4,included,4,0.3859247402104652,-2.195891350376284,-2.679771044196387,-2.933816320770142,-1.0298333564537063,-1.760023159176587,-1.7510912726127115,1.8913573797127825,0,0,0,1,False,4
Unbalanced_UR,462,230500,231000,243.40603,243.893324,500,development,4,included,4,0.41746634113320275,-1.870128879445003,-2.1687539614080955,-2.51924564123915,-0.9916513171623271,-1.6557558634922434,-1.6806967070165888,4.828382352926476,1,0,4,1,False,4
Unbalanced_UR,463,231000,231500,243.92986,244.417154,500,development,4,included,4,0.371921504130903,-2.009608377220028,-2.249501662582358,-2.53287368087434,-1.107954708550268,-1.5246927211466086,-2.0653784807224254,4.282822805244931,1,0,4,1,False,4
Unbalanced_UR,464,231500,232000,244.456383,244.943677,500,development,4,included,4,0.466429018131361,-2.5899738705067294,-2.985391040673224,-2.9139219614754577,-0.8500958565816612,-1.3693060821294205,-1.615132777976851,3.300099805184256,0,0,0,1,False,4
Unbalanced_UR,465,232000,232500,244.980728,245.468022,500,development,4,included,4,0.43552985576211156,-2.446402790686361,-2.6270827897631484,-3.057927978875613,-0.9712096749152392,-1.274592719006695,-1.752747960728729,3.8267178055951208,1,0,2,1,False,4
Unbalanced_UR,466,232500,233000,245.508059,245.995353,500,development,4,included,4,0.38108342545054313,-1.554680151806453,-2.3751148540269185,-2.7492957742408257,-1.2328506447298215,-1.4696866630874823,-1.844929791017073,3.434136404136919,1,0,4,1,False,4
Unbalanced_UR,467,233000,233500,246.03297,246.520265,500,development,4,included,4,0.3921935511829753,-1.935691592773377,-2.6099151818638413,-2.734705229930742,-1.1535114315081911,-1.2905513146664065,-1.8805518017033762,3.653851052996247,1,0,2,1,False,4
Unbalanced_UR,468,233500,234000,246.564658,247.051952,500,development,4,included,4,0.47196260374088206,-2.1598200145563538,-2.5155447172976495,-2.959202449859352,-0.9669261619939945,-1.106961983349468,-1.884651972376409,5.642528013881896,1,1,2,2,False,4
Unbalanced_UR,469,234000,234500,247.096256,247.58355,500,development,4,included,4,0.47388947323002134,-2.016989900790314,-2.8033379284642246,-3.132691530576695,-0.846461391056246,-1.557544470682014,-1.4876533467752067,2.475559074434335,0,1,0,2,False,4
Unbalanced_UR,470,234500,235000,247.620531,248.107825,500,development,4,included,4,0.44120607982906945,-1.791503800677382,-2.406495481284843,-2.961761292813955,-1.0004227973245012,-1.36217010779713,-1.7777868006807083,3.2221179743385306,0,0,0,1,False,4
Unbalanced_UR,471,235000,235500,248.14584,248.633134,500,development,4,included,4,0.47702579488185926,-2.06984170877905,-2.439287178347282,-2.7450534679691057,-0.8376730093548181,-1.6934461525163895,-1.4468855347521095,3.0005658662669186,0,1,0,2,False,4
Unbalanced_UR,472,235500,236000,248.673566,249.16086,500,development,4,included,4,0.29886774518614817,-2.1618354581253167,-2.7113263954324194,-2.9057087609171517,-1.2910268260166224,-1.9132902560420164,-2.092135119583431,4.196780468185461,1,0,4,1,False,4
Unbalanced_UR,473,236000,236500,249.197341,249.684636,500,development,4,included,4,0.419426591481747,-2.5803880062344526,-2.5850762382309633,-2.9877184663976952,-0.9907195422853196,-1.3684557829755264,-1.7382573351211659,3.2658328357162936,0,0,0,1,False,4
