condition,segment_id,begin_index,end_index_exclusive,start_relative_s,end_relative_s,n_samples,partition,block,reason
Healthy,1,0,499,0.0,0.486317,499,excluded,0,not_500_samples
Healthy,2,499,999,0.538621,1.025916,500,excluded,0,outside_intervals_or_crosses_boundary
Healthy,3,999,1499,1.069161,1.556455,500,excluded,0,outside_intervals_or_crosses_boundary
Healthy,4,1499,1999,1.599743,2.087037,500,excluded,0,outside_intervals_or_crosses_boundary
Healthy,5,1999,2499,2.13132,2.618615,500,excluded,0,outside_intervals_or_crosses_boundary
Healthy,6,2499,2999,2.6599060000000003,3.1472010000000004,500,excluded,0,outside_intervals_or_crosses_boundary
Healthy,7,2999,3499,3.202456,3.68975,500,excluded,0,outside_intervals_or_crosses_boundary
Healthy,8,3499,3999,3.7330370000000004,4.220332,500,excluded,0,outside_intervals_or_crosses_boundary
Healthy,9,3999,4499,4.264652,4.751947,500,excluded,0,outside_intervals_or_crosses_boundary
Healthy,10,4499,4999,4.803175,5.290469,500,excluded,0,outside_intervals_or_crosses_boundary
Healthy,11,4999,5499,5.350752,5.838046,500,excluded,0,outside_intervals_or_crosses_boundary
Healthy,12,5499,5999,5.879296,6.3665910000000006,500,excluded,0,outside_intervals_or_crosses_boundary
Healthy,13,5999,6499,6.423841,6.911135,500,excluded,0,outside_intervals_or_crosses_boundary
Healthy,14,6499,6999,6.9743710000000005,7.461665,500,excluded,0,outside_intervals_or_crosses_boundary
Healthy,15,6999,7499,7.498965,7.986260000000001,500,excluded,0,outside_intervals_or_crosses_boundary
Healthy,16,7499,7999,8.032537,8.519832,500,excluded,0,outside_intervals_or_crosses_boundary
Healthy,17,7999,8499,8.568105999999998,9.055401,500,excluded,0,outside_intervals_or_crosses_boundary
Healthy,18,8499,8999,9.097688,9.584982,500,excluded,0,outside_intervals_or_crosses_boundary
Healthy,19,8999,9499,9.753934,10.241228,500,excluded,0,outside_intervals_or_crosses_boundary
Healthy,20,9499,9999,10.283517999999999,10.770812,500,development,1,included
Healthy,21,9999,10499,10.809146,11.296441,500,development,1,included
Healthy,22,10499,10999,11.331714,11.819008,500,development,1,included
Healthy,23,10999,11499,11.861298,12.348592,500,development,1,included
Healthy,24,11499,11999,12.389928,12.877222,500,development,1,included
Healthy,25,11999,12499,12.936425,13.423719,500,development,1,included
Healthy,26,12499,12999,13.468997,13.956290999999998,500,development,1,included
Healthy,27,12999,13499,13.997584999999999,14.484879,500,development,1,included
Healthy,28,13499,13999,14.529162999999999,15.016456999999999,500,development,1,included
Healthy,29,13999,14499,15.065729,15.553023,500,development,1,included
Healthy,30,14499,14999,15.604286,16.091581,500,development,1,included
Healthy,31,14999,15499,16.126896000000002,16.614191,500,development,1,included
Healthy,32,15499,15999,16.658468000000003,17.145762,500,development,1,included
Healthy,33,15999,16499,17.181072,17.668367,500,development,1,included
Healthy,34,16499,16999,17.703672,18.190967,500,development,1,included
Healthy,35,16999,17499,18.232261,18.719555,500,development,1,included
Healthy,36,17499,17999,18.758850000000002,19.246145000000002,500,development,1,included
Healthy,37,17999,18499,19.291464,19.778758,500,development,1,included
Healthy,38,18499,18999,19.816063,20.303357000000002,500,development,1,included
Healthy,39,18999,19499,20.341623000000002,20.828917,500,development,1,included
Healthy,40,19499,19999,20.883169000000002,21.370463,500,development,1,included
Healthy,41,19999,20499,21.414748,21.902042,500,development,1,included
Healthy,42,20499,20999,21.944331000000002,22.431626,500,development,1,included
Healthy,43,20999,21499,22.475910000000002,22.963205000000002,500,development,1,included
Healthy,44,21499,21999,23.002501000000002,23.489795,500,development,1,included
Healthy,45,21999,22499,23.543054,24.030348,500,development,1,included
Healthy,46,22499,22999,24.071641,24.558936000000003,500,development,1,included
Healthy,47,22999,23499,24.605214,25.092509,500,development,1,included
Healthy,48,23499,23999,25.140783000000003,25.628077,500,development,1,included
Healthy,49,23999,24499,25.665379,26.152674,500,development,1,included
Healthy,50,24499,24999,26.193004000000002,26.680299,500,development,1,included
Healthy,51,24999,25499,26.717564,27.204859000000003,500,development,1,included
Healthy,52,25499,25999,27.248146000000002,27.73544,500,development,1,included
Healthy,53,25999,26499,27.772744,28.260038,500,development,1,included
Healthy,54,26499,26999,28.302327000000002,28.789621,500,development,1,included
Healthy,55,26999,27499,28.826928000000002,29.314223000000002,500,development,1,included
Healthy,56,27499,27999,29.359534,29.846828000000002,500,development,1,included
Healthy,57,27999,28499,29.893072,30.380366000000002,500,development,1,included
Healthy,58,28499,28999,30.429637,30.916932000000003,500,development,1,included
Healthy,59,28999,29499,30.955232000000002,31.442526,500,development,1,included
Healthy,60,29499,29999,31.479864000000003,31.967158,500,development,1,included
Healthy,61,29999,30499,32.008415,32.495709,500,development,1,included
Healthy,62,30499,30999,32.535041,33.022335,500,development,1,included
Healthy,63,30999,31499,33.061598000000004,33.548892,500,development,1,included
Healthy,64,31499,31999,33.586195000000004,34.07349,500,development,1,included
Healthy,65,31999,32499,34.108798,34.596092,500,development,1,included
Healthy,66,32499,32999,34.642374000000004,35.129668,500,development,1,included
Healthy,67,32999,33499,35.171953,35.659248,500,development,1,included
Healthy,68,33499,33999,35.704533,36.191828,500,development,1,included
Healthy,69,33999,34499,36.235111,36.722406,500,development,1,included
Healthy,70,34499,34999,36.768684,37.255978,500,development,1,included
Healthy,71,34999,35499,37.292284,37.779579,500,development,1,included
Healthy,72,35499,35999,37.82087,38.308164,500,development,1,included
Healthy,73,35999,36499,38.347502,38.834796000000004,500,development,1,included
Healthy,74,36499,36999,38.872058,39.359353,500,development,1,included
Healthy,75,36999,37499,39.413611,39.900905,500,development,1,included
Healthy,76,37499,37999,39.936212,40.423506,500,development,1,included
Healthy,77,37999,38499,40.46182,40.949115,500,development,1,included
Healthy,78,38499,38999,40.987401,41.474696,500,development,1,included
Healthy,79,38999,39499,41.531945,42.01924,500,development,1,included
Healthy,80,39499,39999,42.062525,42.549820000000004,500,development,1,included
Healthy,81,39999,40499,42.59012,43.077414000000005,500,development,1,included
Healthy,82,40499,40999,43.111719,43.599014000000004,500,development,1,included
Healthy,83,40999,41499,43.638352,44.125646,500,development,1,included
Healthy,84,41499,41999,44.174911,44.662205,500,development,1,included
Healthy,85,41999,42499,44.703463,45.190758,500,development,1,included
Healthy,86,42499,42999,45.233046,45.72034,500,development,1,included
Healthy,87,42999,43499,45.756646,46.24394,500,development,1,included
Healthy,88,43499,43999,46.282244,46.769538000000004,500,development,1,included
Healthy,89,43999,44499,46.813818,47.301113,500,development,1,included
Healthy,90,44499,44999,47.344433,47.831727,500,development,1,included
Healthy,91,44999,45499,47.867041,48.354335,500,development,1,included
Healthy,92,45499,45999,48.390602,48.877896,500,development,1,included
Healthy,93,45999,46499,48.913204,49.400498,500,development,1,included
Healthy,94,46499,46999,49.440829,49.928123,500,development,1,included
Healthy,95,46999,47499,49.968381,50.455675,500,development,1,included
Healthy,96,47499,47999,50.490985,50.97828,500,development,1,included
Healthy,97,47999,48499,51.024573000000004,51.511867,500,development,1,included
Healthy,98,48499,48999,51.589048,52.076342000000004,500,development,1,included
Healthy,99,48999,49499,52.114641,52.601936,500,development,1,included
Healthy,100,49499,49999,52.639238,53.126532000000005,500,development,1,included
Healthy,101,49999,50499,53.170818000000004,53.658113,500,development,1,included
Healthy,102,50499,50999,53.694418,54.181712000000005,500,development,1,included
Healthy,103,50999,51499,54.222005,54.7093,500,development,1,included
Healthy,104,51499,51999,54.751623,55.238918,500,development,1,included
Healthy,105,51999,52499,55.274226,55.761520000000004,500,development,1,included
Healthy,106,52499,52999,55.803775,56.291069,500,development,1,included
Healthy,107,52999,53499,56.33635,56.823645,500,development,1,included
Healthy,108,53499,53999,56.860966,57.34826,500,development,1,included
Healthy,109,53999,54499,57.39053,57.877824000000004,500,development,1,included
Healthy,110,54499,54999,57.920148000000005,58.407442,500,development,1,included
Healthy,111,54999,55499,58.463661,58.950956,500,development,1,included
Healthy,112,55499,55999,58.995239,59.482534,500,development,1,included
Healthy,113,55999,56499,59.523856,60.01115,500,development,1,included
Healthy,114,56499,56999,60.059395,60.54669,500,development,1,included
Healthy,115,56999,57499,60.582996,61.07029,500,development,1,included
Healthy,116,57499,57999,61.111579,61.598873000000005,500,development,1,included
Healthy,117,57999,58499,61.642161,62.129455,500,development,1,included
Healthy,118,58499,58999,62.166757000000004,62.654052,500,development,1,included
Healthy,119,58999,59499,62.690375,63.177669,500,development,1,included
Healthy,120,59499,59999,63.225924,63.713219,500,development,1,included
Healthy,121,59999,60499,63.749524,64.236819,500,development,1,included
Healthy,122,60499,60999,64.278111,64.76540499999999,500,development,1,included
Healthy,123,60999,61499,64.81069,65.297984,500,development,1,included
Healthy,124,61499,61999,65.339272,65.826567,500,development,1,included
Healthy,125,61999,62499,65.87085099999999,66.358145,500,development,1,included
Healthy,126,62499,62999,66.401432,66.88872699999999,500,development,1,included
Healthy,127,62999,63499,66.93301,67.42030399999999,500,development,1,included
Healthy,128,63499,63999,67.457641,67.944935,500,development,1,included
Healthy,129,63999,64499,68.00514299999999,68.492437,500,development,1,included
Healthy,130,64499,64999,68.53575699999999,69.023051,500,development,1,included
Healthy,131,64999,65499,69.06530699999999,69.552602,500,development,1,included
Healthy,132,65499,65999,69.591899,70.07919299999999,500,excluded,0,outside_intervals_or_crosses_boundary
Healthy,133,65999,66499,70.12148499999999,70.60878,500,development,2,included
Healthy,134,66499,66999,70.64608,71.133375,500,development,2,included
Healthy,135,66999,67499,71.175693,71.662987,500,development,2,included
Healthy,136,67499,67999,71.705247,72.19254099999999,500,development,2,included
Healthy,137,67999,68499,72.24184899999999,72.72914399999999,500,development,2,included
Healthy,138,68499,68999,72.77738,73.264674,500,development,2,included
Healthy,139,68999,69499,73.306964,73.794259,500,development,2,included
Healthy,140,69499,69999,73.83455199999999,74.321846,500,development,2,included
Healthy,141,69999,70499,74.35818599999999,74.84548099999999,500,development,2,included
Healthy,142,70499,70999,74.885747,75.373042,500,development,2,included
Healthy,143,70999,71499,75.410339,75.897633,500,development,2,included
Healthy,144,71499,71999,75.93792699999999,76.425221,500,development,2,included
Healthy,145,71999,72499,76.468508,76.95580199999999,500,development,2,included
Healthy,146,72499,72999,76.99314199999999,77.480436,500,development,2,included
Healthy,147,72999,73499,77.51471,78.002005,500,development,2,included
Healthy,148,73499,73999,78.04134099999999,78.528635,500,development,2,included
Healthy,149,73999,74499,78.56689499999999,79.05418999999999,500,development,2,included
Healthy,150,74499,74999,79.08953199999999,79.576827,500,development,2,included
Healthy,151,74999,75499,79.624068,80.111362,500,development,2,included
Healthy,152,75499,75999,80.14667,80.63396499999999,500,development,2,included
Healthy,153,75999,76499,80.68423299999999,81.171527,500,development,2,included
Healthy,154,76499,76999,81.21482599999999,81.70212,500,development,2,included
Healthy,155,76999,77499,81.74743099999999,82.234725,500,development,2,included
Healthy,156,77499,77999,82.282995,82.77028899999999,500,development,2,included
Healthy,157,77999,78499,82.807554,83.29484799999999,500,development,2,included
Healthy,158,78499,78999,83.332152,83.819446,500,development,2,included
Healthy,159,78999,79499,83.857745,84.34504,500,development,2,included
Healthy,160,79499,79999,84.383376,84.87066999999999,500,development,2,included
Healthy,161,79999,80499,84.909939,85.397233,500,development,2,included
Healthy,162,80499,80999,85.43253399999999,85.919828,500,development,2,included
Healthy,163,80999,81499,85.95716499999999,86.444459,500,development,2,included
Healthy,164,81499,81999,86.48073,86.968025,500,development,2,included
Healthy,165,81999,82499,87.00732199999999,87.494616,500,development,2,included
Healthy,166,82499,82999,87.541895,88.02918899999999,500,development,2,included
Healthy,167,82999,83499,88.066491,88.55378499999999,500,development,2,included
Healthy,168,83499,83999,88.592118,89.07941299999999,500,development,2,included
Healthy,169,83999,84499,89.114719,89.602013,500,development,2,included
Healthy,170,84499,84999,89.64130999999999,90.128604,500,development,2,included
Healthy,171,84999,85499,90.162882,90.650177,500,development,2,included
Healthy,172,85499,85999,90.69546,91.18275399999999,500,development,2,included
Healthy,173,85999,86499,91.219088,91.70638299999999,500,development,2,included
Healthy,174,86499,86999,91.74864299999999,92.23593699999999,500,development,2,included
Healthy,175,86999,87499,92.283211,92.770506,500,development,2,included
Healthy,176,87499,87999,92.80882399999999,93.29611799999999,500,development,2,included
Healthy,177,87999,88499,93.337392,93.824686,500,development,2,included
Healthy,178,88499,88999,93.86298599999999,94.350281,500,development,2,included
Healthy,179,88999,89499,94.388582,94.87587599999999,500,development,2,included
Healthy,180,89499,89999,94.91617,95.403464,500,development,2,included
Healthy,181,89999,90499,95.44675099999999,95.934046,500,development,2,included
Healthy,182,90499,90999,95.98335499999999,96.470649,500,development,2,included
Healthy,183,90999,91499,96.507915,96.99521,500,development,2,included
Healthy,184,91499,91999,97.037498,97.52479199999999,500,development,2,included
Healthy,185,91999,92499,97.568079,98.05537299999999,500,development,2,included
Healthy,186,92499,92999,98.098658,98.58595299999999,500,development,2,included
Healthy,187,92999,93499,98.62624699999999,99.113541,500,development,2,included
Healthy,188,93499,93999,99.158823,99.64611699999999,500,development,2,included
Healthy,189,93999,94499,99.683422,100.170716,500,development,2,included
Healthy,190,94499,94999,100.20702,100.69431399999999,500,development,2,included
Healthy,191,94999,95499,100.737601,101.22489499999999,500,development,2,included
Healthy,192,95499,95999,101.27117399999999,101.758468,500,development,2,included
Healthy,193,95999,96499,101.801789,102.28908299999999,500,development,2,included
Healthy,194,96499,96999,102.33433099999999,102.821626,500,development,2,included
Healthy,195,96999,97499,102.867903,103.35519699999999,500,development,2,included
Healthy,196,97499,97999,103.40147499999999,103.888769,500,development,2,included
Healthy,197,97999,98499,103.94502499999999,104.43231999999999,500,development,2,included
Healthy,198,98499,98999,104.46962099999999,104.956915,500,development,2,included
Healthy,199,98999,99499,105.00119799999999,105.488492,500,development,2,included
Healthy,200,99499,99999,105.528787,106.016081,500,development,2,included
Healthy,201,99999,100499,106.05139,106.53868399999999,500,development,2,included
Healthy,202,100499,100999,106.578977,107.066272,500,development,2,included
Healthy,203,100999,101499,107.107564,107.594859,500,development,2,included
Healthy,204,101499,101999,107.638183,108.125478,500,development,2,included
Healthy,205,101999,102499,108.16373999999999,108.651035,500,development,2,included
Healthy,206,102499,102999,108.696315,109.18360999999999,500,development,2,included
Healthy,207,102999,103499,109.218959,109.70625399999999,500,development,2,included
Healthy,208,103499,103999,109.74351499999999,110.230809,500,development,2,included
Healthy,209,103999,104499,110.27113399999999,110.758428,500,development,2,included
Healthy,210,104499,104999,110.80168499999999,111.288979,500,development,2,included
Healthy,211,104999,105499,111.33027399999999,111.817568,500,development,2,included
Healthy,212,105499,105999,111.85689599999999,112.34419,500,development,2,included
Healthy,213,105999,106499,112.417362,112.904657,500,development,2,included
Healthy,214,106499,106999,112.948957,113.436251,500,development,2,included
Healthy,215,106999,107499,113.470548,113.957843,500,development,2,included
Healthy,216,107499,107999,113.99515199999999,114.482447,500,development,2,included
Healthy,217,107999,108499,114.519741,115.00703499999999,500,development,2,included
Healthy,218,108499,108999,115.044378,115.531672,500,development,2,included
Healthy,219,108999,109499,115.56894399999999,116.056238,500,development,2,included
Healthy,220,109499,109999,116.092535,116.57982899999999,500,development,2,included
Healthy,221,109999,110499,116.61915499999999,117.106449,500,development,2,included
Healthy,222,110499,110999,117.14571699999999,117.633012,500,development,2,included
Healthy,223,110999,111499,117.67433799999999,118.161633,500,development,2,included
Healthy,224,111499,111999,118.205883,118.69317699999999,500,development,2,included
Healthy,225,111999,112499,118.74045199999999,119.227747,500,development,2,included
Healthy,226,112499,112999,119.26903899999999,119.756333,500,development,2,included
Healthy,227,112999,113499,119.79465099999999,120.28194599999999,500,development,2,included
Healthy,228,113499,113999,120.322222,120.809517,500,development,2,included
Healthy,229,113999,114499,120.845822,121.33311599999999,500,development,2,included
Healthy,230,114499,114999,121.378401,121.86569499999999,500,development,2,included
Healthy,231,114999,115499,121.91397699999999,122.401271,500,development,2,included
Healthy,232,115499,115999,122.45451899999999,122.941814,500,development,2,included
Healthy,233,115999,116499,122.977122,123.464416,500,development,2,included
Healthy,234,116499,116999,123.509699,123.996994,500,development,2,included
Healthy,235,116999,117499,124.04726,124.534554,500,development,2,included
Healthy,236,117499,117999,124.574849,125.06214299999999,500,development,2,included
Healthy,237,117999,118499,125.1164,125.60369499999999,500,development,2,included
Healthy,238,118499,118999,125.646992,126.13428599999999,500,development,2,included
Healthy,239,118999,119499,126.17360799999999,126.660902,500,development,2,included
Healthy,240,119499,119999,126.696175,127.18347,500,development,2,included
Healthy,241,119999,120499,127.219775,127.70706899999999,500,development,2,included
Healthy,242,120499,120999,127.74736399999999,128.234658,500,development,2,included
Healthy,243,120999,121499,128.271997,128.759291,500,development,2,included
Healthy,244,121499,121999,128.804538,129.291832,500,development,2,included
Healthy,245,121999,122499,129.342099,129.82939299999998,500,development,2,included
Healthy,246,122499,122999,129.88065799999998,130.367953,500,excluded,0,outside_intervals_or_crosses_boundary
Healthy,247,122999,123499,130.406252,130.893546,500,development,3,included
Healthy,248,123499,123999,130.93085,131.41814399999998,500,development,3,included
Healthy,249,123999,124499,131.500327,131.987621,500,development,3,included
Healthy,250,124499,124999,132.022929,132.510224,500,development,3,included
Healthy,251,124999,125499,132.554518,133.041813,500,development,3,included
Healthy,252,125499,125999,133.086086,133.57338,500,development,3,included
Healthy,253,125999,126499,133.624644,134.111939,500,development,3,included
Healthy,254,126499,126999,134.153238,134.640532,500,development,3,included
Healthy,255,126999,127499,134.68580799999998,135.173102,500,development,3,included
Healthy,256,127499,127999,135.240324,135.727619,500,development,3,included
Healthy,257,127999,128499,135.76691499999998,136.25421,500,development,3,included
Healthy,258,128499,128999,136.295502,136.782797,500,development,3,included
Healthy,259,128999,129499,136.840046,137.32734,500,development,3,included
Healthy,260,129499,129999,137.37162899999998,137.858923,500,development,3,included
Healthy,261,129999,130499,137.903204,138.390498,500,development,3,included
Healthy,262,130499,130999,138.435778,138.923073,500,development,3,included
Healthy,263,130999,131499,138.992292,139.47958599999998,500,development,3,included
Healthy,264,131499,131999,139.52087799999998,140.008172,500,development,3,included
Healthy,265,131999,132499,140.066417,140.553711,500,development,3,included
Healthy,266,132499,132999,140.59999,141.08728399999998,500,development,3,included
Healthy,267,132999,133499,141.159495,141.64678999999998,500,development,3,included
Healthy,268,133499,133999,141.69805399999998,142.185349,500,development,3,included
Healthy,269,133999,134499,142.228635,142.715929,500,development,3,included
Healthy,270,134499,134999,142.754265,143.24156,500,development,3,included
Healthy,271,134999,135499,143.282815,143.770109,500,development,3,included
Healthy,272,135499,135999,143.810441,144.297736,500,development,3,included
Healthy,273,135999,136499,144.34297899999999,144.830274,500,development,3,included
Healthy,274,136499,136999,144.878548,145.365842,500,development,3,included
Healthy,275,136999,137499,145.40816999999998,145.895464,500,development,3,included
Healthy,276,137499,137999,145.939712,146.427006,500,development,3,included
Healthy,277,137999,138499,146.473314,146.960608,500,development,3,included
Healthy,278,138499,138999,146.996883,147.484177,500,development,3,included
Healthy,279,138999,139499,147.53946299999998,148.026757,500,development,3,included
Healthy,280,139499,139999,148.080018,148.567312,500,development,3,included
Healthy,281,139999,140499,148.613557,149.100852,500,development,3,included
Healthy,282,140499,140999,149.158133,149.64542799999998,500,development,3,included
Healthy,283,140999,141499,149.688683,150.175977,500,development,3,included
Healthy,284,141499,141999,150.223252,150.710546,500,development,3,included
Healthy,285,141999,142499,150.755829,151.243124,500,development,3,included
Healthy,286,142499,142999,151.280425,151.76772,500,development,3,included
Healthy,287,142999,143499,151.808014,152.295309,500,development,3,included
Healthy,288,143499,143999,152.33759999999998,152.824894,500,development,3,included
Healthy,289,143999,144499,152.882173,153.369467,500,development,3,included
Healthy,290,144499,144999,153.407749,153.895043,500,development,3,included
Healthy,291,144999,145499,153.941317,154.428612,500,development,3,included
Healthy,292,145499,145999,154.47189,154.959185,500,development,3,included
Healthy,293,145999,146499,154.99947799999998,155.486772,500,development,3,included
Healthy,294,146499,146999,155.531071,156.018365,500,development,3,included
Healthy,295,146999,147499,156.05968,156.546974,500,development,3,included
Healthy,296,147499,147999,156.590225,157.077519,500,development,3,included
Healthy,297,147999,148499,157.11881,157.606104,500,development,3,included
Healthy,298,148499,148999,157.650389,158.137684,500,development,3,included
Healthy,299,148999,149499,158.17399,158.661284,500,development,3,included
Healthy,300,149499,149999,158.699583,159.186878,500,development,3,included
Healthy,301,149999,150499,159.231177,159.718471,500,development,3,included
Healthy,302,150499,150999,159.755768,160.24306199999998,500,development,3,included
Healthy,303,150999,151499,160.28038999999998,160.767684,500,development,3,included
Healthy,304,151499,151999,160.806949,161.294243,500,development,3,included
Healthy,305,151999,152499,161.333539,161.820833,500,development,3,included
Healthy,306,152499,152999,161.86313099999998,162.350426,500,development,3,included
Healthy,307,152999,153499,162.38871699999999,162.876011,500,development,3,included
Healthy,308,153499,153999,162.919297,163.406591,500,development,3,included
Healthy,309,153999,154499,163.444898,163.932192,500,development,3,included
Healthy,310,154499,154999,163.972481,164.459775,500,development,3,included
Healthy,311,154999,155499,164.50805,164.995345,500,development,3,included
Healthy,312,155499,155999,165.038629,165.525923,500,development,3,included
Healthy,313,155999,156499,165.569246,166.05653999999998,500,development,3,included
Healthy,314,156499,156999,166.106773,166.594067,500,development,3,included
Healthy,315,156999,157499,166.63436199999998,167.121657,500,development,3,included
Healthy,316,157499,157999,167.164943,167.65223699999999,500,development,3,included
Healthy,317,157999,158499,167.68954,168.17683399999999,500,development,3,included
Healthy,318,158499,158999,168.21812599999998,168.705421,500,development,3,included
Healthy,319,158999,159499,168.748707,169.236001,500,development,3,included
Healthy,320,159499,159999,169.273304,169.76059899999998,500,development,3,included
Healthy,321,159999,160499,169.797901,170.28519599999998,500,development,3,included
Healthy,322,160499,160999,170.329512,170.81680699999998,500,development,3,included
Healthy,323,160999,161499,170.85308,171.340374,500,development,3,included
Healthy,324,161499,161999,171.378674,171.86596799999998,500,development,3,included
Healthy,325,161999,162499,171.902274,172.389569,500,development,3,included
Healthy,326,162499,162999,172.428905,172.916199,500,development,3,included
Healthy,327,162999,163499,172.967424,173.45471899999998,500,development,3,included
Healthy,328,163499,163999,173.49702,173.98431399999998,500,development,3,included
Healthy,329,163999,164499,174.026591,174.51388599999999,500,development,3,included
Healthy,330,164499,164999,174.563158,175.050452,500,development,3,included
Healthy,331,164999,165499,175.101754,175.589048,500,development,3,included
Healthy,332,165499,165999,175.631335,176.118629,500,development,3,included
Healthy,333,165999,166499,176.167867,176.655162,500,development,3,included
Healthy,334,166499,166999,176.693459,177.18075299999998,500,development,3,included
Healthy,335,166999,167499,177.224041,177.711335,500,development,3,included
Healthy,336,167499,167999,177.762601,178.24989499999998,500,development,3,included
Healthy,337,167999,168499,178.31611999999998,178.803414,500,development,3,included
Healthy,338,168499,168999,178.848735,179.33603,500,development,3,included
Healthy,339,168999,169499,179.391245,179.878539,500,development,3,included
Healthy,340,169499,169999,179.922822,180.410116,500,development,3,included
Healthy,341,169999,170499,180.456433,180.943727,500,development,3,included
Healthy,342,170499,170999,180.984982,181.472276,500,development,3,included
Healthy,343,170999,171499,181.517563,182.004857,500,development,3,included
Healthy,344,171499,171999,182.086037,182.573331,500,development,3,included
Healthy,345,171999,172499,182.617614,183.104908,500,development,3,included
Healthy,346,172499,172999,183.14523499999999,183.63253,500,development,3,included
Healthy,347,172999,173499,183.671796,184.15909,500,development,3,included
Healthy,348,173499,173999,184.195395,184.68269,500,development,3,included
Healthy,349,173999,174499,184.722984,185.210278,500,development,3,included
Healthy,350,174499,174999,185.252604,185.73989899999998,500,development,3,included
Healthy,351,174999,175499,185.78115499999998,186.268449,500,development,3,included
Healthy,352,175499,175999,186.306748,186.794042,500,development,3,included
Healthy,353,175999,176499,186.832344,187.319639,500,development,3,included
Healthy,354,176499,176999,187.378881,187.866176,500,development,3,included
Healthy,355,176999,177499,187.91145699999998,188.398751,500,development,3,included
Healthy,356,177499,177999,188.435058,188.922352,500,development,3,included
Healthy,357,177999,178499,188.966649,189.45394299999998,500,development,3,included
Healthy,358,178499,178999,189.51217599999998,189.99947,500,development,3,included
Healthy,359,178999,179499,190.036803,190.52409699999998,500,development,4,included
Healthy,360,179499,179999,190.56436499999998,191.051659,500,development,4,included
Healthy,361,179999,180499,191.14381699999998,191.631112,500,development,4,included
Healthy,362,180499,180999,191.672435,192.159729,500,development,4,included
Healthy,363,180999,181499,192.197992,192.685287,500,development,4,included
Healthy,364,181499,181999,192.722625,193.20991999999998,500,development,4,included
Healthy,365,181999,182499,193.247188,193.73448199999999,500,development,4,included
Healthy,366,182499,182999,193.771785,194.25907899999999,500,development,4,included
Healthy,367,182999,183499,194.298376,194.78566999999998,500,development,4,included
Healthy,368,183499,183999,194.836965,195.32425899999998,500,development,4,included
Healthy,369,183999,184499,195.382475,195.869769,500,development,4,included
Healthy,370,184499,184999,195.916049,196.403343,500,development,4,included
Healthy,371,184999,185499,196.443639,196.93093299999998,500,development,4,included
Healthy,372,185499,185999,196.97422,197.461514,500,development,4,included
Healthy,373,185999,186499,197.509786,197.99708099999998,500,development,4,included
Healthy,374,186499,186999,198.091263,198.578557,500,development,4,included
Healthy,375,186999,187499,198.623807,199.111101,500,development,4,included
Healthy,376,187499,187999,199.157381,199.644675,500,development,4,included
Healthy,377,187999,188499,199.687963,200.175257,500,development,4,included
Healthy,378,188499,188999,200.221535,200.70883,500,development,4,included
Healthy,379,188999,189499,200.752152,201.23944699999998,500,development,4,included
Healthy,380,189499,189999,201.278707,201.766001,500,development,4,included
Healthy,381,189999,190499,201.80928699999998,202.296582,500,development,4,included
Healthy,382,190499,190999,202.34688699999998,202.834181,500,development,4,included
Healthy,383,190999,191499,202.877431,203.364726,500,development,4,included
Healthy,384,191499,191999,203.412033,203.899327,500,development,4,included
Healthy,385,191999,192499,203.941624,204.42891799999998,500,development,4,included
Healthy,386,192499,192999,204.472196,204.95949099999999,500,development,4,included
Healthy,387,192999,193499,205.004742,205.49203599999998,500,development,4,included
Healthy,388,193499,193999,205.538317,206.025612,500,development,4,included
Healthy,389,193999,194499,206.067931,206.555226,500,development,4,included
Healthy,390,194499,194999,206.599478,207.086772,500,development,4,included
Healthy,391,194999,195499,207.126068,207.613362,500,development,4,included
Healthy,392,195499,195999,207.64970499999998,208.137,500,development,4,included
Healthy,393,195999,196499,208.174265,208.66155899999998,500,development,4,included
Healthy,394,196499,196999,208.71282499999998,209.200119,500,development,4,included
Healthy,395,196999,197499,209.23945,209.726744,500,development,4,included
Healthy,396,197499,197999,209.767004,210.254299,500,development,4,included
Healthy,397,197999,198499,210.30061,210.787904,500,development,4,included
Healthy,398,198499,198999,210.824177,211.31147199999998,500,development,4,included
Healthy,399,198999,199499,211.348775,211.83606899999998,500,development,4,included
Healthy,400,199499,199999,211.883377,212.370671,500,development,4,included
Healthy,401,199999,200499,212.408939,212.896233,500,development,4,included
Healthy,402,200499,200999,212.940517,213.427812,500,development,4,included
Healthy,403,200999,201499,213.46411799999998,213.951412,500,development,4,included
Healthy,404,201499,201999,213.999685,214.486979,500,development,4,included
Healthy,405,201999,202499,214.53026599999998,215.01756,500,development,4,included
Healthy,406,202499,202999,215.06483599999999,215.55213,500,development,4,included
Healthy,407,202999,203499,215.588474,216.075769,500,development,4,included
Healthy,408,203499,203999,216.11506,216.602354,500,development,4,included
Healthy,409,203999,204499,216.647603,217.134897,500,development,4,included
Healthy,410,204499,204999,217.176189,217.66348399999998,500,development,4,included
Healthy,411,204999,205499,217.70477599999998,218.19207,500,development,4,included
Healthy,412,205499,205999,218.230372,218.71766599999998,500,development,4,included
Healthy,413,205999,206499,218.757959,219.245253,500,development,4,included
Healthy,414,206499,206999,219.281601,219.768895,500,development,4,included
Healthy,415,206999,207499,219.807153,220.294447,500,development,4,included
Healthy,416,207499,207999,220.33076499999999,220.81806,500,development,4,included
Healthy,417,207999,208499,220.856346,221.343641,500,development,4,included
Healthy,418,208499,208999,221.394919,221.882214,500,development,4,included
Healthy,419,208999,209499,221.919502,222.40679699999998,500,development,4,included
Healthy,420,209499,209999,222.45606899999999,222.943364,500,development,4,included
Healthy,421,209999,210499,222.990639,223.477933,500,development,4,included
Healthy,422,210499,210999,223.525209,224.01250299999998,500,development,4,included
Healthy,423,210999,211499,224.056801,224.544096,500,development,4,included
Healthy,424,211499,211999,224.589362,225.07665699999998,500,development,4,included
Healthy,425,211999,212499,225.12592899999999,225.613223,500,development,4,included
Healthy,426,212499,212999,225.650542,226.137836,500,development,4,included
Healthy,427,212999,213499,226.175122,226.662416,500,development,4,included
Healthy,428,213499,213999,226.698722,227.186016,500,development,4,included
Healthy,429,213999,214499,227.23030699999998,227.717601,500,development,4,included
Healthy,430,214499,214999,227.767892,228.255187,500,development,4,included
Healthy,431,214999,215499,228.297446,228.78474,500,development,4,included
Healthy,432,215499,215999,228.829025,229.316319,500,development,4,included
Healthy,433,215999,216499,229.359631,229.846925,500,development,4,included
Healthy,434,216499,216999,229.88420299999999,230.371498,500,development,4,included
Healthy,435,216999,217499,230.409795,230.89709,500,development,4,included
Healthy,436,217499,217999,230.93442299999998,231.421718,500,development,4,included
Healthy,437,217999,218499,231.455999,231.94329399999998,500,development,4,included
Healthy,438,218499,218999,231.980595,232.46788899999999,500,development,4,included
Healthy,439,218999,219499,232.51120699999998,232.998501,500,development,4,included
Healthy,440,219499,219999,233.035778,233.52307199999998,500,development,4,included
Healthy,441,219999,220499,233.57034299999998,234.057638,500,development,4,included
Healthy,442,220499,220999,234.111897,234.599191,500,development,4,included
Healthy,443,220999,221499,234.638486,235.12578,500,development,4,included
Healthy,444,221499,221999,235.18103499999998,235.66833,500,development,4,included
Healthy,445,221999,222499,235.756497,236.243791,500,development,4,included
Healthy,446,222499,222999,236.287078,236.774372,500,development,4,included
Healthy,447,222999,223499,236.811712,237.299007,500,development,4,included
Healthy,448,223499,223999,237.335276,237.82256999999998,500,development,4,included
Healthy,449,223999,224499,237.860869,238.348163,500,development,4,included
Healthy,450,224499,224999,238.388457,238.875751,500,development,4,included
Healthy,451,224999,225499,238.93203499999998,239.419329,500,development,4,included
Healthy,452,225499,225999,239.456637,239.943931,500,development,4,included
Healthy,453,225999,226499,239.988179,240.475474,500,development,4,included
Healthy,454,226499,226999,240.521791,241.009086,500,development,4,included
Healthy,455,226999,227499,241.07629799999998,241.563592,500,development,4,included
Healthy,456,227499,227999,241.6019,242.089194,500,development,4,included
Healthy,457,227999,228499,242.132445,242.61973899999998,500,development,4,included
Healthy,458,228499,228999,242.666048,243.15334199999998,500,development,4,included
Healthy,459,228999,229499,243.19560099999998,243.682895,500,development,4,included
Healthy,460,229499,229999,243.72319,244.210484,500,development,4,included
Healthy,461,229999,230499,244.250779,244.73807299999999,500,development,4,included
Healthy,462,230499,230999,244.775377,245.26267199999998,500,development,4,included
Healthy,463,230999,231499,245.370784,245.858078,500,development,4,included
Healthy,464,231499,231999,245.896379,246.38367399999998,500,development,4,included
Healthy,465,231999,232499,246.427957,246.91525199999998,500,development,4,included
Healthy,466,232499,232999,246.970515,247.457809,500,development,4,included
Healthy,467,232999,233499,247.506073,247.993367,500,development,4,included
Healthy,468,233499,233999,248.034672,248.521966,500,development,4,included
Healthy,469,233999,234499,248.565241,249.052535,500,development,4,included
Healthy,470,234499,234999,249.098849,249.586143,500,development,4,included
Healthy,471,234999,235499,249.622415,250.10970899999998,500,excluded,0,outside_intervals_or_crosses_boundary
Healthy,472,235499,235999,250.149005,250.636299,500,excluded,0,outside_intervals_or_crosses_boundary
Healthy,473,235999,236499,250.696552,251.183846,500,excluded,0,outside_intervals_or_crosses_boundary
Healthy,474,236499,236999,251.221137,251.708432,500,excluded,0,outside_intervals_or_crosses_boundary
Healthy,475,236999,237499,251.75171799999998,252.239012,500,excluded,0,outside_intervals_or_crosses_boundary
Healthy,476,237499,237999,252.284293,252.77158799999998,500,test,1,included
Healthy,477,237999,238499,252.826843,253.314137,500,test,1,included
Healthy,478,238499,238999,253.351441,253.83873499999999,500,test,1,included
Healthy,479,238999,239499,253.879044,254.36633799999998,500,test,1,included
Healthy,480,239499,239999,254.40366,254.890954,500,test,1,included
Healthy,481,239999,240499,254.937199,255.42449299999998,500,test,1,included
Healthy,482,240499,240999,255.470787,255.958081,500,test,1,included
Healthy,483,240999,241499,255.999358,256.48665200000005,500,test,1,included
Healthy,484,241499,241999,256.535923,257.02321700000005,500,test,1,included
Healthy,485,241999,242499,257.063513,257.550807,500,test,1,included
Healthy,486,242499,242999,257.592099,258.07939400000004,500,test,1,included
Healthy,487,242999,243499,258.124677,258.61197100000004,500,test,1,included
Healthy,488,243499,243999,258.65425700000003,259.14155200000005,500,test,1,included
Healthy,489,243999,244499,259.18284400000005,259.670138,500,test,1,included
Healthy,490,244499,244999,259.707441,260.19473500000004,500,test,1,included
Healthy,491,244999,245499,260.23705900000004,260.724354,500,test,1,included
Healthy,492,245499,245999,260.770597,261.257892,500,test,1,included
Healthy,493,245999,246499,261.307162,261.794457,500,test,1,included
Healthy,494,246499,246999,261.83177700000005,262.319071,500,test,1,included
Healthy,495,246999,247499,262.36235700000003,262.84965200000005,500,test,1,included
Healthy,496,247499,247999,262.904901,263.392195,500,test,1,included
Healthy,497,247999,248499,263.435495,263.922789,500,test,1,included
Healthy,498,248499,248999,263.965054,264.45234800000003,500,test,1,included
Healthy,499,248999,249499,264.50860500000005,264.995899,500,test,1,included
Healthy,500,249499,249999,265.030207,265.51750100000004,500,test,1,included
Healthy,501,249999,250499,265.56779700000004,266.055091,500,test,1,included
Healthy,502,250499,250999,266.099346,266.58664100000004,500,test,1,included
Healthy,503,250999,251499,266.63192200000003,267.11921700000005,500,test,1,included
Healthy,504,251499,251999,267.15751600000004,267.64481,500,test,1,included
Healthy,505,251999,252499,267.68614,268.17343400000004,500,test,1,included
Healthy,506,252499,252999,268.21270400000003,268.69999800000005,500,test,1,included
Healthy,507,252999,253499,268.74028200000004,269.227577,500,test,1,included
Healthy,508,253499,253999,269.26986600000004,269.757161,500,test,1,included
Healthy,509,253999,254499,269.796471,270.283766,500,test,1,included
Healthy,510,254499,254999,270.320059,270.80735300000003,500,test,1,included
Healthy,511,254999,255499,270.85463000000004,271.341924,500,test,1,included
Healthy,512,255499,255999,271.38122000000004,271.868515,500,test,1,included
Healthy,513,255999,256499,271.90684600000003,272.39414000000005,500,test,1,included
Healthy,514,256499,256999,272.429417,272.916711,500,test,1,included
Healthy,515,256999,257499,272.95999700000004,273.447292,500,test,1,included
Healthy,516,257499,257999,273.48359700000003,273.970891,500,test,1,included
Healthy,517,257999,258499,274.01617200000004,274.503467,500,test,1,included
Healthy,518,258499,258999,274.547752,275.035046,500,test,1,included
Healthy,519,258999,259499,275.081324,275.568618,500,test,1,included
Healthy,520,259499,259999,275.610907,276.098202,500,test,1,included
Healthy,521,259999,260499,276.13351,276.620804,500,test,1,included
Healthy,522,260499,260999,276.67406400000004,277.161358,500,test,1,included
Healthy,523,260999,261499,277.20567300000005,277.692968,500,test,1,included
Healthy,524,261499,261999,277.735226,278.22252000000003,500,test,1,included
Healthy,525,261999,262499,278.258862,278.74615600000004,500,test,1,included
Healthy,526,262499,262999,278.78245400000003,279.26974800000005,500,test,1,included
Healthy,527,262999,263499,279.307024,279.79431800000003,500,test,1,included
Healthy,528,263499,263999,279.832618,280.31991200000004,500,test,1,included
Healthy,529,263999,264499,280.37516500000004,280.86246,500,test,1,included
Healthy,530,264499,264999,280.900792,281.38808700000004,500,test,1,included
Healthy,531,264999,265499,281.430358,281.91765200000003,500,test,1,included
Healthy,532,265499,265999,281.95693500000004,282.444229,500,test,1,included
Healthy,533,265999,266499,282.481533,282.96882700000003,500,test,1,included
Healthy,534,266499,266999,283.00815600000004,283.49545,500,test,1,included
Healthy,535,266999,267499,283.531723,284.019018,500,test,1,included
Healthy,536,267499,267999,284.061307,284.548601,500,test,1,included
Healthy,537,267999,268499,284.58490600000005,285.072201,500,test,1,included
Healthy,538,268499,268999,285.11449100000004,285.601785,500,test,1,included
Healthy,539,268999,269499,285.647066,286.13436,500,test,1,included
Healthy,540,269499,269999,286.16970100000003,286.656995,500,test,1,included
Healthy,541,269999,270499,286.701257,287.188552,500,test,1,included
Healthy,542,270499,270999,287.227838,287.71513200000004,500,test,1,included
Healthy,543,270999,271499,287.757422,288.24471600000004,500,test,1,included
Healthy,544,271499,271999,288.28201900000005,288.769314,500,test,1,included
Healthy,545,271999,272499,288.807613,289.294908,500,test,1,included
Healthy,546,272499,272999,289.339191,289.82648600000005,500,test,1,included
Healthy,547,272999,273499,289.86179500000003,290.34908900000005,500,test,1,included
Healthy,548,273499,273999,290.384429,290.87172400000003,500,test,1,included
Healthy,549,273999,274499,290.906001,291.393295,500,test,1,included
Healthy,550,274499,274999,291.428604,291.915899,500,test,1,included
Healthy,551,274999,275499,291.975142,292.462437,500,test,1,included
Healthy,552,275499,275999,292.508714,292.996008,500,test,1,included
Healthy,553,275999,276499,293.036305,293.52359900000005,500,test,1,included
Healthy,554,276499,276999,293.559903,294.04719800000004,500,test,1,included
Healthy,555,276999,277499,294.088519,294.57581400000004,500,test,1,included
Healthy,556,277499,277999,294.617094,295.104389,500,test,1,included
Healthy,557,277999,278499,295.141673,295.62896700000005,500,test,1,included
Healthy,558,278499,278999,295.66431800000004,296.151613,500,test,1,included
Healthy,559,278999,279499,296.184924,296.67221800000004,500,test,1,included
Healthy,560,279499,279999,296.714467,297.20176100000003,500,test,1,included
Healthy,561,279999,280499,297.2391,297.726395,500,test,1,included
Healthy,562,280499,280999,297.76668900000004,298.253983,500,test,1,included
Healthy,563,280999,281499,298.291291,298.778585,500,test,1,included
Healthy,564,281499,281999,298.818839,299.30613400000004,500,test,1,included
Healthy,565,281999,282499,299.359393,299.84668700000003,500,test,1,included
Healthy,566,282499,282999,299.88698300000004,300.374277,500,test,1,included
Healthy,567,282999,283499,300.41656800000004,300.903862,500,test,1,included
Healthy,568,283499,283999,300.946165,301.43346,500,test,1,included
Healthy,569,283999,284499,301.477728,301.96502200000003,500,test,1,included
Healthy,570,284499,284999,302.007311,302.49460500000004,500,test,1,included
Healthy,571,284999,285499,302.539888,303.02718200000004,500,test,1,included
Healthy,572,285499,285999,303.074456,303.561751,500,test,1,included
Healthy,573,285999,286499,303.60008500000004,304.087379,500,test,1,included
Healthy,574,286499,286999,304.13565900000003,304.622953,500,test,1,included
Healthy,575,286999,287499,304.66225000000003,305.14954500000005,500,test,1,included
Healthy,576,287499,287999,305.183848,305.67114300000003,500,test,1,included
Healthy,577,287999,288499,305.712402,306.199696,500,test,1,included
Healthy,578,288499,288999,306.240992,306.728286,500,test,1,included
Healthy,579,288999,289499,306.76662300000004,307.253918,500,test,1,included
Healthy,580,289499,289999,307.291181,307.778475,500,test,1,included
Healthy,581,289999,290499,307.823755,308.31105,500,test,1,included
Healthy,582,290499,290999,308.35134400000004,308.838638,500,test,1,included
Healthy,583,290999,291499,308.875943,309.363237,500,test,1,included
Healthy,584,291499,291999,309.408517,309.89581100000004,500,test,1,included
Healthy,585,291999,292499,309.93215100000003,310.419445,500,test,1,included
Healthy,586,292499,292999,310.460702,310.94799700000004,500,test,1,included
Healthy,587,292999,293499,310.988292,311.475586,500,test,1,included
Healthy,588,293499,293999,311.51189100000005,311.999186,500,test,1,included
Healthy,589,293999,294499,312.053483,312.54077700000005,500,test,2,included
Healthy,590,294499,294999,312.57905300000004,313.066347,500,test,2,included
Healthy,591,294999,295499,313.10463100000004,313.591926,500,test,2,included
Healthy,592,295499,295999,313.63625,314.12354400000004,500,test,2,included
Healthy,593,295999,296499,314.157848,314.645142,500,test,2,included
Healthy,594,296499,296999,314.685445,315.17274000000003,500,test,2,included
Healthy,595,296999,297499,315.209003,315.696298,500,test,2,included
Healthy,596,297499,297999,315.741579,316.228873,500,test,2,included
Healthy,597,297999,298499,316.26920900000005,316.756503,500,test,2,included
Healthy,598,298499,298999,316.80872600000004,317.296021,500,test,2,included
Healthy,599,298999,299499,317.340303,317.827598,500,test,2,included
Healthy,600,299499,299999,317.863938,318.35123300000004,500,test,2,included
Healthy,601,299999,300499,318.392507,318.87980100000004,500,test,2,included
Healthy,602,300499,300999,318.91708600000004,319.404381,500,test,2,included
Healthy,603,300999,301499,319.444675,319.93196900000004,500,test,2,included
Healthy,604,301499,301999,319.96927300000004,320.456568,500,test,2,included
Healthy,605,301999,302499,320.512855,321.00015,500,test,2,included
Healthy,606,302499,302999,321.034424,321.521718,500,test,2,included
Healthy,607,302999,303499,321.55802300000005,322.045317,500,test,2,included
Healthy,608,303499,303999,322.08760600000005,322.574901,500,test,2,included
Healthy,609,303999,304499,322.613201,323.100495,500,test,2,included
Healthy,610,304499,304999,323.168717,323.65601200000003,500,test,2,included
Healthy,611,304999,305499,323.69730400000003,324.184598,500,test,2,included
Healthy,612,305499,305999,324.22289600000005,324.71019,500,test,2,included
Healthy,613,305999,306499,324.745499,325.232793,500,test,2,included
Healthy,614,306499,306999,325.271093,325.758387,500,test,2,included
Healthy,615,306999,307499,325.800676,326.287971,500,test,2,included
Healthy,616,307499,307999,326.325313,326.812607,500,test,2,included
Healthy,617,307999,308499,326.852864,327.34015800000003,500,test,2,included
Healthy,618,308499,308999,327.377468,327.86476200000004,500,test,2,included
Healthy,619,308999,309499,327.902057,328.38935100000003,500,test,2,included
Healthy,620,309499,309999,328.43167300000005,328.918967,500,test,2,included
Healthy,621,309999,310499,328.97020000000003,329.457494,500,test,2,included
Healthy,622,310499,310999,329.50277600000004,329.99007,500,test,2,included
Healthy,623,310999,311499,330.04136800000003,330.528662,500,test,2,included
Healthy,624,311499,311999,330.570919,331.058213,500,test,2,included
Healthy,625,311999,312499,331.106486,331.59378000000004,500,test,2,included
Healthy,626,312499,312999,331.629088,332.11638300000004,500,test,2,included
Healthy,627,312999,313499,332.165654,332.65294800000004,500,test,2,included
Healthy,628,313499,313999,332.705243,333.192538,500,test,2,included
Healthy,629,313999,314499,333.230839,333.718133,500,test,2,included
Healthy,630,314499,314999,333.755403,334.242697,500,test,2,included
Healthy,631,314999,315499,334.28702000000004,334.774315,500,test,2,included
Healthy,632,315499,315999,334.81656300000003,335.30385700000005,500,test,2,included
Healthy,633,315999,316499,335.338203,335.82549800000004,500,test,2,included
Healthy,634,316499,316999,335.867787,336.35508100000004,500,test,2,included
Healthy,635,316999,317499,336.397371,336.88466500000004,500,test,2,included
Healthy,636,317499,317999,336.923967,337.411261,500,test,2,included
Healthy,637,317999,318499,337.448526,337.93582000000004,500,test,2,included
Healthy,638,318499,318999,337.978108,338.46540300000004,500,test,2,included
Healthy,639,318999,319499,338.501746,338.98904000000005,500,test,2,included
Healthy,640,319499,319999,339.03132800000003,339.51862200000005,500,test,2,included
Healthy,641,319999,320499,339.590795,340.07808900000003,500,test,2,included
Healthy,642,320499,320999,340.125374,340.61266800000004,500,test,2,included
Healthy,643,320999,321499,340.67190300000004,341.159198,500,test,2,included
Healthy,644,321499,321999,341.197498,341.684792,500,test,2,included
Healthy,645,321999,322499,341.743039,342.23033300000003,500,test,2,included
Healthy,646,322499,322999,342.28858,342.77587400000004,500,test,2,included
Healthy,647,322999,323499,342.81118200000003,343.29847600000005,500,test,2,included
Healthy,648,323499,323999,343.335779,343.823074,500,test,2,included
Healthy,649,323999,324499,343.87633400000004,344.363628,500,test,2,included
Healthy,650,324499,324999,344.41988000000003,344.907174,500,test,2,included
Healthy,651,324999,325499,344.95844,345.445734,500,test,2,included
Healthy,652,325499,325999,345.488023,345.975317,500,test,2,included
Healthy,653,325999,326499,346.021631,346.50892600000003,500,test,2,included
Healthy,654,326499,326999,346.54622800000004,347.033522,500,test,2,included
Healthy,655,326999,327499,347.069794,347.557088,500,test,2,included
Healthy,656,327499,327999,347.595392,348.082686,500,test,2,included
Healthy,657,327999,328499,348.127963,348.61525800000004,500,test,2,included
Healthy,658,328499,328999,348.654554,349.14184900000004,500,test,2,included
Healthy,659,328999,329499,349.190123,349.67741800000005,500,test,2,included
Healthy,660,329499,329999,349.7217,350.208994,500,test,2,included
Healthy,661,329999,330499,350.24829200000005,350.735586,500,test,2,included
Healthy,662,330499,330999,350.76991300000003,351.25720700000005,500,test,2,included
Healthy,663,330999,331499,351.29553300000003,351.782827,500,test,2,included
Healthy,664,331499,331999,351.82408000000004,352.311374,500,test,2,included
Healthy,665,331999,332499,352.348674,352.83596900000003,500,test,2,included
Healthy,666,332499,332999,352.87829400000004,353.365588,500,test,2,included
Healthy,667,332999,333499,353.403853,353.89114800000004,500,test,2,included
Healthy,668,333499,333999,353.934433,354.42172800000003,500,test,2,included
Healthy,669,333999,334499,354.46106100000003,354.94835500000005,500,test,2,included
Healthy,670,334499,334999,354.999592,355.486886,500,test,2,included
Healthy,671,334999,335499,355.53019900000004,356.017493,500,test,2,included
Healthy,672,335499,335999,356.100658,356.58795200000003,500,test,2,included
Healthy,673,335999,336499,356.63720600000005,357.1245,500,test,2,included
Healthy,674,336499,336999,357.165792,357.65308600000003,500,test,2,included
Healthy,675,336999,337499,357.692383,358.179677,500,test,2,included
Healthy,676,337499,337999,358.221968,358.709262,500,test,2,included
Healthy,677,337999,338499,358.74759700000004,359.234891,500,test,2,included
Healthy,678,338499,338999,359.27715,359.764444,500,test,2,included
Healthy,679,338999,339499,359.807743,360.29503800000003,500,test,2,included
Healthy,680,339499,339999,360.334352,360.82164600000004,500,test,2,included
Healthy,681,339999,340499,360.862905,361.35019900000003,500,test,2,included
Healthy,682,340499,340999,361.39149000000003,361.878784,500,test,2,included
Healthy,683,340999,341499,361.94401200000004,362.431306,500,test,2,included
Healthy,684,341499,341999,362.46661500000005,362.953909,500,test,2,included
Healthy,685,341999,342499,362.989252,363.47654600000004,500,test,2,included
Healthy,686,342499,342999,363.521828,364.00912200000005,500,test,2,included
Healthy,687,342999,343499,364.044395,364.53168900000003,500,test,2,included
Healthy,688,343499,343999,364.573979,365.061274,500,test,2,included
Healthy,689,343999,344499,365.103563,365.590857,500,test,2,included
Healthy,690,344499,344999,365.63215,366.11944400000004,500,test,2,included
Healthy,691,344999,345499,366.156745,366.644039,500,test,2,included
Healthy,692,345499,345999,366.685333,367.17262700000003,500,test,2,included
Healthy,693,345999,346499,367.209964,367.69725800000003,500,test,2,included
Healthy,694,346499,346999,367.747491,368.23478500000004,500,test,2,included
Healthy,695,346999,347499,368.299027,368.78632100000004,500,test,2,included
Healthy,696,347499,347999,368.848546,369.335841,500,test,2,included
Healthy,697,347999,348499,369.373143,369.86043700000005,500,test,2,included
Healthy,698,348499,348999,369.89774,370.385034,500,test,2,included
Healthy,699,348999,349499,370.42933500000004,370.916629,500,test,2,included
Healthy,700,349499,349999,370.952918,371.44021200000003,500,test,2,included
Healthy,701,349999,350499,371.47855200000004,371.965846,500,test,2,included
Healthy,702,350499,350999,372.00410700000003,372.491401,500,excluded,0,outside_intervals_or_crosses_boundary
Healthy,703,350999,351499,372.56265,373.04994400000004,500,excluded,0,outside_intervals_or_crosses_boundary
Healthy,704,351499,351999,373.08722800000004,373.574522,500,excluded,0,outside_intervals_or_crosses_boundary
Healthy,705,351999,352499,373.610851,374.09814500000005,500,excluded,0,outside_intervals_or_crosses_boundary
Healthy,706,352499,352999,374.14638,374.63367400000004,500,excluded,0,outside_intervals_or_crosses_boundary
Healthy,707,352999,353499,374.67497000000003,375.16226400000005,500,excluded,0,outside_intervals_or_crosses_boundary
Healthy,708,353499,353999,375.203569,375.69086300000004,500,excluded,0,outside_intervals_or_crosses_boundary
Healthy,709,353999,354499,375.732136,376.21943000000005,500,excluded,0,outside_intervals_or_crosses_boundary
Healthy,710,354499,354999,376.26072200000004,376.748017,500,excluded,0,outside_intervals_or_crosses_boundary
Healthy,711,354999,355499,376.783368,377.270662,500,excluded,0,outside_intervals_or_crosses_boundary
Healthy,712,355499,355999,377.31095500000004,377.798249,500,excluded,0,outside_intervals_or_crosses_boundary
Healthy,713,355999,356499,377.83650800000004,378.323802,500,excluded,0,outside_intervals_or_crosses_boundary
Healthy,714,356499,356999,378.36310000000003,378.850394,500,excluded,0,outside_intervals_or_crosses_boundary
Healthy,715,356999,357499,378.884705,379.371999,500,excluded,0,outside_intervals_or_crosses_boundary
Healthy,716,357499,357999,379.41528500000004,379.90258,500,excluded,0,outside_intervals_or_crosses_boundary
Healthy,717,357999,358499,379.956838,380.444132,500,excluded,0,outside_intervals_or_crosses_boundary
Healthy,718,358499,358999,380.489413,380.97670700000003,500,excluded,0,outside_intervals_or_crosses_boundary
Healthy,719,358999,359499,381.089807,381.577101,500,excluded,0,outside_intervals_or_crosses_boundary
Healthy,720,359499,359999,381.636387,382.12368100000003,500,excluded,0,outside_intervals_or_crosses_boundary
Healthy,721,359999,360499,382.164932,382.65222600000004,500,excluded,0,outside_intervals_or_crosses_boundary
Healthy,722,360499,360999,382.694516,383.18181000000004,500,excluded,0,outside_intervals_or_crosses_boundary
Healthy,723,360999,361499,383.221107,383.70840100000004,500,excluded,0,outside_intervals_or_crosses_boundary
Healthy,724,361499,361999,383.743709,384.23100400000004,500,excluded,0,outside_intervals_or_crosses_boundary
Healthy,725,361999,362499,384.266312,384.75360600000005,500,excluded,0,outside_intervals_or_crosses_boundary
Healthy,726,362499,362999,384.792947,385.28024200000004,500,excluded,0,outside_intervals_or_crosses_boundary
Healthy,727,362999,363499,385.319496,385.80679100000003,500,excluded,0,outside_intervals_or_crosses_boundary
Healthy,728,363499,363999,385.84313000000003,386.33042400000005,500,excluded,0,outside_intervals_or_crosses_boundary
Healthy,729,363999,364499,386.37068400000004,386.857978,500,excluded,0,outside_intervals_or_crosses_boundary
Healthy,730,364499,364999,386.90325800000005,387.390552,500,excluded,0,outside_intervals_or_crosses_boundary
Healthy,731,364999,365499,387.432884,387.920179,500,excluded,0,outside_intervals_or_crosses_boundary
Healthy,732,365499,365999,387.96444,388.45173400000004,500,excluded,0,outside_intervals_or_crosses_boundary
Healthy,733,365999,366499,388.496016,388.983311,500,excluded,0,outside_intervals_or_crosses_boundary
Healthy,734,366499,366999,389.026587,389.513882,500,excluded,0,outside_intervals_or_crosses_boundary
Healthy,735,366999,367499,389.564145,390.051439,500,excluded,0,outside_intervals_or_crosses_boundary
Healthy,736,367499,367999,390.095721,390.58301600000004,500,excluded,0,outside_intervals_or_crosses_boundary
Healthy,737,367999,368499,390.621345,391.10863900000004,500,excluded,0,outside_intervals_or_crosses_boundary
Healthy,738,368499,368999,391.15991,391.64720400000004,500,excluded,0,outside_intervals_or_crosses_boundary
Healthy,739,368999,369499,391.68646700000005,392.173761,500,excluded,0,outside_intervals_or_crosses_boundary
Healthy,740,369499,369999,392.219082,392.70637600000003,500,excluded,0,outside_intervals_or_crosses_boundary
Healthy,741,369999,370499,392.757604,393.24489800000003,500,excluded,0,outside_intervals_or_crosses_boundary
Healthy,742,370499,370999,393.294169,393.78146300000003,500,excluded,0,outside_intervals_or_crosses_boundary
Healthy,743,370999,371499,393.827741,394.315035,500,excluded,0,outside_intervals_or_crosses_boundary
Healthy,744,371499,371999,394.357326,394.84462,500,excluded,0,outside_intervals_or_crosses_boundary
Healthy,745,371999,372499,394.901876,395.38917000000004,500,excluded,0,outside_intervals_or_crosses_boundary
Healthy,746,372499,372999,395.42649500000005,395.913789,500,excluded,0,outside_intervals_or_crosses_boundary
Healthy,747,372999,373499,395.95507100000003,396.442365,500,excluded,0,outside_intervals_or_crosses_boundary
Healthy,748,373499,373999,396.480683,396.967977,500,excluded,0,outside_intervals_or_crosses_boundary
Healthy,749,373999,374499,397.00324700000004,397.490542,500,excluded,0,outside_intervals_or_crosses_boundary
Healthy,750,374499,374999,397.53283100000004,398.020125,500,excluded,0,outside_intervals_or_crosses_boundary
Healthy,751,374999,375499,398.05746300000004,398.544757,500,excluded,0,outside_intervals_or_crosses_boundary
Healthy,752,375499,375999,398.58704800000004,399.074342,500,excluded,0,outside_intervals_or_crosses_boundary
Healthy,753,375999,376499,399.108632,399.595926,500,excluded,0,outside_intervals_or_crosses_boundary
Healthy,754,376499,376999,399.630222,400.117516,500,excluded,0,outside_intervals_or_crosses_boundary
Healthy,755,376999,377499,400.16479200000003,400.652086,500,excluded,0,outside_intervals_or_crosses_boundary
Healthy,756,377499,377999,400.693418,401.180712,500,excluded,0,outside_intervals_or_crosses_boundary
Healthy,757,377999,378499,401.217975,401.70526900000004,500,excluded,0,outside_intervals_or_crosses_boundary
Healthy,758,378499,378999,401.74656100000004,402.233856,500,excluded,0,outside_intervals_or_crosses_boundary
Healthy,759,378999,379499,402.27218500000004,402.75948,500,excluded,0,outside_intervals_or_crosses_boundary
Healthy,760,379499,379999,402.794758,403.282052,500,excluded,0,outside_intervals_or_crosses_boundary
Healthy,761,379999,380499,403.32336300000003,403.81065700000005,500,excluded,0,outside_intervals_or_crosses_boundary
Healthy,762,380499,380999,403.84794100000005,404.335236,500,excluded,0,outside_intervals_or_crosses_boundary
Healthy,763,380999,381499,404.385507,404.87280100000004,500,excluded,0,outside_intervals_or_crosses_boundary
Healthy,764,381499,381999,404.91310300000004,405.400397,500,excluded,0,outside_intervals_or_crosses_boundary
Healthy,765,381999,382499,405.43872700000003,405.92602100000005,500,excluded,0,outside_intervals_or_crosses_boundary
Healthy,766,382499,382999,405.973287,406.46058100000005,500,excluded,0,outside_intervals_or_crosses_boundary
Healthy,767,382999,383499,406.501844,406.989138,500,excluded,0,outside_intervals_or_crosses_boundary
Healthy,768,383499,383999,407.031427,407.518721,500,excluded,0,outside_intervals_or_crosses_boundary
Healthy,769,383999,384499,407.56300500000003,408.05030000000005,500,excluded,0,outside_intervals_or_crosses_boundary
Healthy,770,384499,384999,408.10256300000003,408.589857,500,excluded,0,outside_intervals_or_crosses_boundary
Healthy,771,384999,385499,408.637132,409.124427,500,excluded,0,outside_intervals_or_crosses_boundary
Healthy,772,385499,385999,409.166716,409.65401,500,excluded,0,outside_intervals_or_crosses_boundary
Healthy,773,385999,386499,409.702284,410.18957800000004,500,excluded,0,outside_intervals_or_crosses_boundary
Healthy,774,386499,386999,410.253847,410.741141,500,excluded,0,outside_intervals_or_crosses_boundary
Healthy,775,386999,387499,410.77641900000003,411.263713,500,excluded,0,outside_intervals_or_crosses_boundary
Healthy,776,387499,387999,411.302006,411.7893,500,excluded,0,outside_intervals_or_crosses_boundary
Healthy,777,387999,388499,411.83358400000003,412.32087800000005,500,excluded,0,outside_intervals_or_crosses_boundary
Healthy,778,388499,388999,412.36320800000004,412.850502,500,excluded,0,outside_intervals_or_crosses_boundary
Healthy,779,388999,389499,412.893748,413.38104300000003,500,excluded,0,outside_intervals_or_crosses_boundary
Healthy,780,389499,389999,413.42831900000004,413.915613,500,excluded,0,outside_intervals_or_crosses_boundary
Healthy,781,389999,390499,413.952916,414.44021000000004,500,excluded,0,outside_intervals_or_crosses_boundary
Healthy,782,390499,390999,414.485492,414.97278600000004,500,excluded,0,outside_intervals_or_crosses_boundary
Healthy,783,390999,391499,415.01707000000005,415.504364,500,excluded,0,outside_intervals_or_crosses_boundary
Healthy,784,391499,391999,415.548655,416.03595,500,excluded,0,outside_intervals_or_crosses_boundary
Healthy,785,391999,392499,416.080231,416.56752500000005,500,excluded,0,outside_intervals_or_crosses_boundary
Healthy,786,392499,392999,416.607818,417.09511200000003,500,excluded,0,outside_intervals_or_crosses_boundary
Healthy,787,392999,393499,417.138397,417.625691,500,excluded,0,outside_intervals_or_crosses_boundary
Healthy,788,393499,393999,417.676956,418.16425000000004,500,excluded,0,outside_intervals_or_crosses_boundary
Healthy,789,393999,394499,418.20558200000005,418.692877,500,excluded,0,outside_intervals_or_crosses_boundary
Healthy,790,394499,394999,418.750086,419.23738000000003,500,excluded,0,outside_intervals_or_crosses_boundary
Healthy,791,394999,395499,419.27668,419.763974,500,excluded,0,outside_intervals_or_crosses_boundary
Healthy,792,395499,395999,419.808259,420.29555300000004,500,excluded,0,outside_intervals_or_crosses_boundary
Healthy,793,395999,396499,420.339834,420.827129,500,excluded,0,outside_intervals_or_crosses_boundary
Healthy,794,396499,396999,420.875402,421.362696,500,excluded,0,outside_intervals_or_crosses_boundary
Healthy,795,396999,397499,421.40598300000005,421.893277,500,excluded,0,outside_intervals_or_crosses_boundary
Healthy,796,397499,397999,421.936566,422.42386000000005,500,excluded,0,outside_intervals_or_crosses_boundary
Healthy,797,397999,398499,422.467145,422.95443900000004,500,excluded,0,outside_intervals_or_crosses_boundary
Healthy,798,398499,398945,423.003712,423.43827300000004,446,excluded,0,not_500_samples
Damaged_LR,1,0,499,0.0,0.486317,499,excluded,0,not_500_samples
Damaged_LR,2,499,999,0.542883,1.030177,500,excluded,0,outside_intervals_or_crosses_boundary
Damaged_LR,3,999,1499,1.065301,1.552595,500,excluded,0,outside_intervals_or_crosses_boundary
Damaged_LR,4,1499,1999,1.589737,2.0770310000000003,500,excluded,0,outside_intervals_or_crosses_boundary
Damaged_LR,5,1999,2499,2.1212660000000003,2.60856,500,excluded,0,outside_intervals_or_crosses_boundary
Damaged_LR,6,2499,2999,2.64859,3.1358840000000003,500,excluded,0,outside_intervals_or_crosses_boundary
Damaged_LR,7,2999,3499,3.1800240000000004,3.6673180000000003,500,excluded,0,outside_intervals_or_crosses_boundary
Damaged_LR,8,3499,3999,3.7098600000000004,4.197155,500,excluded,0,outside_intervals_or_crosses_boundary
Damaged_LR,9,3999,4499,4.2358210000000005,4.723116,500,excluded,0,outside_intervals_or_crosses_boundary
Damaged_LR,10,4499,4999,4.760948,5.248242,500,excluded,0,outside_intervals_or_crosses_boundary
Damaged_LR,11,4999,5499,5.284404,5.771698,500,excluded,0,outside_intervals_or_crosses_boundary
Damaged_LR,12,5499,5999,5.81586,6.303154,500,excluded,0,outside_intervals_or_crosses_boundary
Damaged_LR,13,5999,6499,6.33811,6.825404,500,excluded,0,outside_intervals_or_crosses_boundary
Damaged_LR,14,6499,6999,6.862355,7.349649,500,excluded,0,outside_intervals_or_crosses_boundary
Damaged_LR,15,6999,7499,7.394143000000001,7.881437,500,excluded,0,outside_intervals_or_crosses_boundary
Damaged_LR,16,7499,7999,7.920852,8.408145999999999,500,excluded,0,outside_intervals_or_crosses_boundary
Damaged_LR,17,7999,8499,8.4439,8.931194,500,excluded,0,outside_intervals_or_crosses_boundary
Damaged_LR,18,8499,8999,8.971364999999999,9.45866,500,excluded,0,outside_intervals_or_crosses_boundary
Damaged_LR,19,8999,9499,9.497307,9.984601,500,excluded,0,outside_intervals_or_crosses_boundary
Damaged_LR,20,9499,9999,10.029509,10.516803,500,development,1,included
Damaged_LR,21,9999,10499,10.554234999999998,11.041528999999999,500,development,1,included
Damaged_LR,22,10499,10999,11.089521999999999,11.576817,500,development,1,included
Damaged_LR,23,10999,11499,11.621175,12.108469,500,development,1,included
Damaged_LR,24,11499,11999,12.146866,12.63416,500,development,1,included
Damaged_LR,25,11999,12499,12.673575999999999,13.160871,500,development,1,included
Damaged_LR,26,12499,12999,13.199209999999999,13.686504999999999,500,development,1,included
Damaged_LR,27,12999,13499,13.733616999999999,14.220911999999998,500,development,1,included
Damaged_LR,28,13499,13999,14.259075999999999,14.746369999999999,500,development,1,included
Damaged_LR,29,13999,14499,14.784308999999999,15.271602999999999,500,development,1,included
Damaged_LR,30,14499,14999,15.307758,15.795052,500,development,1,included
Damaged_LR,31,14999,15499,15.838369,16.325664,500,development,1,included
Damaged_LR,32,15499,15999,16.369292,16.856586,500,development,1,included
Damaged_LR,33,15999,16499,16.902522,17.389816,500,development,1,included
Damaged_LR,34,16499,16999,17.428152,17.915446000000003,500,development,1,included
Damaged_LR,35,16999,17499,17.953997,18.441292,500,development,1,included
Damaged_LR,36,17499,17999,18.477487,18.964781000000002,500,development,1,included
Damaged_LR,37,17999,18499,19.001282,19.488577,500,development,1,included
Damaged_LR,38,18499,18999,19.526692,20.013986000000003,500,development,1,included
Damaged_LR,39,18999,19499,20.049651,20.536946,500,development,1,included
Damaged_LR,40,19499,19999,20.573944,21.061239,500,development,1,included
Damaged_LR,41,19999,20499,21.099935000000002,21.587229,500,development,1,included
Damaged_LR,42,20499,20999,21.624525000000002,22.111819,500,development,1,included
Damaged_LR,43,20999,21499,22.149696000000002,22.63699,500,development,1,included
Damaged_LR,44,21499,21999,22.675093,23.162387000000003,500,development,1,included
Damaged_LR,45,21999,22499,23.203392,23.690686,500,development,1,included
Damaged_LR,46,22499,22999,23.729815000000002,24.217109,500,development,1,included
Damaged_LR,47,22999,23499,24.256634000000002,24.743928,500,development,1,included
Damaged_LR,48,23499,23999,24.788275000000002,25.275569,500,development,1,included
Damaged_LR,49,23999,24499,25.314376000000003,25.80167,500,development,1,included
Damaged_LR,50,24499,24999,25.845525000000002,26.332819,500,development,1,included
Damaged_LR,51,24999,25499,26.367722,26.855016000000003,500,development,1,included
Damaged_LR,52,25499,25999,26.894192,27.381487,500,development,1,included
Damaged_LR,53,25999,26499,27.417578000000002,27.904872,500,development,1,included
Damaged_LR,54,26499,26999,27.944416,28.431711,500,development,1,included
Damaged_LR,55,26999,27499,28.468286000000003,28.955581000000002,500,development,1,included
Damaged_LR,56,27499,27999,29.000382000000002,29.487676,500,development,1,included
Damaged_LR,57,27999,28499,29.525603,30.012898,500,development,1,included
Damaged_LR,58,28499,28999,30.048422000000002,30.535716,500,development,1,included
Damaged_LR,59,28999,29499,30.573247000000002,31.060541,500,development,1,included
Damaged_LR,60,29499,29999,31.104255000000002,31.591549,500,development,1,included
Damaged_LR,61,29999,30499,31.626687,32.113982,500,development,1,included
Damaged_LR,62,30499,30999,32.154617,32.641912,500,development,1,included
Damaged_LR,63,30999,31499,32.681849,33.169144,500,development,1,included
Damaged_LR,64,31499,31999,33.207865,33.69516,500,development,1,included
Damaged_LR,65,31999,32499,33.732733,34.220027,500,development,1,included
Damaged_LR,66,32499,32999,34.258191000000004,34.745486,500,development,1,included
Damaged_LR,67,32999,33499,34.78485,35.272145,500,development,1,included
Damaged_LR,68,33499,33999,35.310239,35.797533,500,development,1,included
Damaged_LR,69,33999,34499,35.837189,36.324483,500,development,1,included
Damaged_LR,70,34499,34999,36.364398,36.851693000000004,500,development,1,included
Damaged_LR,71,34999,35499,36.896915,37.38421,500,development,1,included
Damaged_LR,72,35499,35999,37.419899,37.907193,500,development,1,included
Damaged_LR,73,35999,36499,37.942259,38.429553,500,development,1,included
Damaged_LR,74,36499,36999,38.470965,38.95826,500,development,1,included
Damaged_LR,75,36999,37499,38.998726,39.48602,500,development,1,included
Damaged_LR,76,37499,37999,39.525769000000004,40.013063,500,development,1,included
Damaged_LR,77,37999,38499,40.049202,40.536497000000004,500,development,1,included
Damaged_LR,78,38499,38999,40.571372000000004,41.058666,500,development,1,included
Damaged_LR,79,38999,39499,41.098336,41.58563,500,development,1,included
Damaged_LR,80,39499,39999,41.622931,42.110225,500,development,1,included
Damaged_LR,81,39999,40499,42.148447000000004,42.635741,500,development,1,included
Damaged_LR,82,40499,40999,42.672129,43.159423000000004,500,development,1,included
Damaged_LR,83,40999,41499,43.196383000000004,43.683678,500,development,1,included
Damaged_LR,84,41499,41999,43.720972,44.208267,500,development,1,included
Damaged_LR,85,41999,42499,44.247986000000004,44.73528,500,development,1,included
Damaged_LR,86,42499,42999,44.774407000000004,45.261701,500,development,1,included
Damaged_LR,87,42999,43499,45.302066,45.78936,500,development,1,included
Damaged_LR,88,43499,43999,45.832801,46.320095,500,development,1,included
Damaged_LR,89,43999,44499,46.359497000000005,46.846791,500,development,1,included
Damaged_LR,90,44499,44999,46.884883,47.372177,500,development,1,included
Damaged_LR,91,44999,45499,47.412282,47.899576,500,development,1,included
Damaged_LR,92,45499,45999,47.93737,48.424664,500,development,1,included
Damaged_LR,93,45999,46499,48.464373,48.951667,500,development,1,included
Damaged_LR,94,46499,46999,48.992867000000004,49.480162,500,development,1,included
Damaged_LR,95,46999,47499,49.516241,50.003535,500,development,1,included
Damaged_LR,96,47499,47999,50.040529,50.527823,500,development,1,included
Damaged_LR,97,47999,48499,50.563303,51.050598,500,development,1,included
Damaged_LR,98,48499,48999,51.089309,51.576603,500,development,1,included
Damaged_LR,99,48999,49499,51.623198,52.110492,500,development,1,included
Damaged_LR,100,49499,49999,52.148688,52.635983,500,development,1,included
Damaged_LR,101,49999,50499,52.673721,53.161015,500,development,1,included
Damaged_LR,102,50499,50999,53.200783,53.688077,500,development,1,included
Damaged_LR,103,50999,51499,53.731859,54.219153,500,development,1,included
Damaged_LR,104,51499,51999,54.259457,54.746751,500,development,1,included
Damaged_LR,105,51999,52499,54.786869,55.274163,500,development,1,included
Damaged_LR,106,52499,52999,55.312027,55.799321,500,development,1,included
Damaged_LR,107,52999,53499,55.836193,56.323487,500,development,1,included
Damaged_LR,108,53499,53999,56.3671,56.854394,500,development,1,included
Damaged_LR,109,53999,54499,56.894719,57.382013,500,development,1,included
Damaged_LR,110,54499,54999,57.427793,57.915087,500,development,1,included
Damaged_LR,111,54999,55499,57.956282,58.443577,500,development,1,included
Damaged_LR,112,55499,55999,58.482874,58.970169,500,development,1,included
Damaged_LR,113,55999,56499,59.008867,59.496162,500,development,1,included
Damaged_LR,114,56499,56999,59.533974,60.021268,500,development,1,included
Damaged_LR,115,56999,57499,60.059321000000004,60.546615,500,development,1,included
Damaged_LR,116,57499,57999,60.582643000000004,61.069937,500,development,1,included
Damaged_LR,117,57999,58499,61.116583,61.603877000000004,500,development,1,included
Damaged_LR,118,58499,58999,61.643146,62.13044,500,development,1,included
Damaged_LR,119,58999,59499,62.167524,62.654818,500,development,1,included
Damaged_LR,120,59499,59999,62.69362,63.180914,500,development,1,included
Damaged_LR,121,59999,60499,63.221861000000004,63.709155,500,development,1,included
Damaged_LR,122,60499,60999,63.744966,64.23226,500,development,1,included
Damaged_LR,123,60999,61499,64.269875,64.75716899999999,500,development,1,included
Damaged_LR,124,61499,61999,64.803086,65.29038,500,development,1,included
Damaged_LR,125,61999,62499,65.335264,65.822558,500,development,1,included
Damaged_LR,126,62499,62999,65.859065,66.34635899999999,500,development,1,included
Damaged_LR,127,62999,63499,66.383748,66.87104199999999,500,development,1,included
Damaged_LR,128,63499,63999,66.917182,67.40447599999999,500,development,1,included
Damaged_LR,129,63999,64499,67.44244099999999,67.92973599999999,500,development,1,included
Damaged_LR,130,64499,64999,67.96522599999999,68.45251999999999,500,development,1,included
Damaged_LR,131,64999,65499,68.490527,68.97782099999999,500,development,1,included
Damaged_LR,132,65499,65999,69.012639,69.499933,500,development,1,included
Damaged_LR,133,65999,66499,69.544567,70.03186099999999,500,excluded,0,outside_intervals_or_crosses_boundary
Damaged_LR,134,66499,66999,70.072997,70.56029099999999,500,development,2,included
Damaged_LR,135,66999,67499,70.597894,71.085189,500,development,2,included
Damaged_LR,136,67499,67999,71.125284,71.612579,500,development,2,included
Damaged_LR,137,67999,68499,71.64728299999999,72.134577,500,development,2,included
Damaged_LR,138,68499,68999,72.17133799999999,72.658632,500,development,2,included
Damaged_LR,139,68999,69499,72.699039,73.18633299999999,500,development,2,included
Damaged_LR,140,69499,69999,73.22557499999999,73.71287,500,development,2,included
Damaged_LR,141,69999,70499,73.74848499999999,74.23577999999999,500,development,2,included
Damaged_LR,142,70499,70999,74.276595,74.76388899999999,500,development,2,included
Damaged_LR,143,70999,71499,74.800131,75.287425,500,development,2,included
Damaged_LR,144,71499,71999,75.32643399999999,75.813728,500,development,2,included
Damaged_LR,145,71999,72499,75.85999,76.34728399999999,500,development,2,included
Damaged_LR,146,72499,72999,76.38885099999999,76.876145,500,development,2,included
Damaged_LR,147,72999,73499,76.913777,77.40107099999999,500,development,2,included
Damaged_LR,148,73499,73999,77.439038,77.92633199999999,500,development,2,included
Damaged_LR,149,73999,74499,77.96509599999999,78.45239,500,development,2,included
Damaged_LR,150,74499,74999,78.49518099999999,78.982475,500,development,2,included
Damaged_LR,151,74999,75499,79.022967,79.510261,500,development,2,included
Damaged_LR,152,75499,75999,79.547646,80.03494099999999,500,development,2,included
Damaged_LR,153,75999,76499,80.07384099999999,80.561135,500,development,2,included
Damaged_LR,154,76499,76999,80.59608,81.08337499999999,500,development,2,included
Damaged_LR,155,76999,77499,81.122987,81.610281,500,development,2,included
Damaged_LR,156,77499,77999,81.64802499999999,82.135319,500,development,2,included
Damaged_LR,157,77999,78499,82.17358899999999,82.660884,500,development,2,included
Damaged_LR,158,78499,78999,82.700115,83.18741,500,development,2,included
Damaged_LR,159,78999,79499,83.225214,83.712508,500,development,2,included
Damaged_LR,160,79499,79999,83.75285299999999,84.240147,500,development,2,included
Damaged_LR,161,79999,80499,84.276625,84.76391899999999,500,development,2,included
Damaged_LR,162,80499,80999,84.807566,85.29486,500,development,2,included
Damaged_LR,163,80999,81499,85.33991999999999,85.827214,500,development,2,included
Damaged_LR,164,81499,81999,85.865664,86.352958,500,development,2,included
Damaged_LR,165,81999,82499,86.39773899999999,86.88503399999999,500,development,2,included
Damaged_LR,166,82499,82999,86.923059,87.410354,500,development,2,included
Damaged_LR,167,82999,83499,87.453458,87.94075199999999,500,development,2,included
Damaged_LR,168,83499,83999,87.985745,88.47304,500,development,2,included
Damaged_LR,169,83999,84499,88.511236,88.99852999999999,500,development,2,included
Damaged_LR,170,84499,84999,89.039158,89.52645199999999,500,development,2,included
Damaged_LR,171,84999,85499,89.56345599999999,90.05075,500,development,2,included
Damaged_LR,172,85499,85999,90.088093,90.57538699999999,500,development,2,included
Damaged_LR,173,85999,86499,90.611734,91.09902799999999,500,development,2,included
Damaged_LR,174,86499,86999,91.14608199999999,91.633376,500,development,2,included
Damaged_LR,175,86999,87499,91.67727099999999,92.164565,500,development,2,included
Damaged_LR,176,87499,87999,92.20492999999999,92.692224,500,development,2,included
Damaged_LR,177,87999,88499,92.729998,93.217293,500,development,2,included
Damaged_LR,178,88499,88999,93.25877799999999,93.746072,500,development,2,included
Damaged_LR,179,88999,89499,93.783126,94.27041999999999,500,development,2,included
Damaged_LR,180,89499,89999,94.312559,94.799853,500,development,2,included
Damaged_LR,181,89999,90499,94.837654,95.32494799999999,500,development,2,included
Damaged_LR,182,90499,90999,95.362287,95.849582,500,development,2,included
Damaged_LR,183,90999,91499,95.88983599999999,96.37713099999999,500,development,2,included
Damaged_LR,184,91499,91999,96.42133899999999,96.908633,500,development,2,included
Damaged_LR,185,91999,92499,96.94590699999999,97.433201,500,development,2,included
Damaged_LR,186,92499,92999,97.468876,97.956171,500,development,2,included
Damaged_LR,187,92999,93499,97.99345,98.48074399999999,500,development,2,included
Damaged_LR,188,93499,93999,98.51746,99.00475399999999,500,development,2,included
Damaged_LR,189,93999,94499,99.039034,99.52632899999999,500,development,2,included
Damaged_LR,190,94499,94999,99.56822299999999,100.05551799999999,500,development,2,included
Damaged_LR,191,94999,95499,100.091618,100.57891199999999,500,development,2,included
Damaged_LR,192,95499,95999,100.616659,101.10395299999999,500,development,2,included
Damaged_LR,193,95999,96499,101.14143299999999,101.628727,500,development,2,included
Damaged_LR,194,96499,96999,101.67248,102.159774,500,development,2,included
Damaged_LR,195,96999,97499,102.195494,102.682789,500,development,2,included
Damaged_LR,196,97499,97999,102.72186599999999,103.209161,500,development,2,included
Damaged_LR,197,97999,98499,103.250495,103.73778999999999,500,development,2,included
Damaged_LR,198,98499,98999,103.77939199999999,104.26668599999999,500,development,2,included
Damaged_LR,199,98999,99499,104.30692699999999,104.79422199999999,500,development,2,included
Damaged_LR,200,99499,99999,104.83219,105.31948399999999,500,development,2,included
Damaged_LR,201,99999,100499,105.35476,105.84205399999999,500,development,2,included
Damaged_LR,202,100499,100999,105.87703599999999,106.36433,500,development,2,included
Damaged_LR,203,100999,101499,106.400173,106.887467,500,development,2,included
Damaged_LR,204,101499,101999,106.925767,107.413061,500,development,2,included
Damaged_LR,205,101999,102499,107.448161,107.93545499999999,500,development,2,included
Damaged_LR,206,102499,102999,107.973597,108.46089099999999,500,development,2,included
Damaged_LR,207,102999,103499,108.50258699999999,108.989881,500,development,2,included
Damaged_LR,208,103499,103999,109.035703,109.52299699999999,500,development,2,included
Damaged_LR,209,103999,104499,109.560035,110.04732899999999,500,development,2,included
Damaged_LR,210,104499,104999,110.08528,110.57257399999999,500,development,2,included
Damaged_LR,211,104999,105499,110.615708,111.10300199999999,500,development,2,included
Damaged_LR,212,105499,105999,111.13915399999999,111.626448,500,development,2,included
Damaged_LR,213,105999,106499,111.671031,112.15832499999999,500,development,2,included
Damaged_LR,214,106499,106999,112.19771899999999,112.685013,500,development,2,included
Damaged_LR,215,106999,107499,112.720068,113.20736199999999,500,development,2,included
Damaged_LR,216,107499,107999,113.24457199999999,113.731866,500,development,2,included
Damaged_LR,217,107999,108499,113.768317,114.25561099999999,500,development,2,included
Damaged_LR,218,108499,108999,114.291072,114.77836599999999,500,development,2,included
Damaged_LR,219,108999,109499,114.815816,115.30310999999999,500,development,2,included
Damaged_LR,220,109499,109999,115.34141899999999,115.828713,500,development,2,included
Damaged_LR,221,109999,110499,115.871444,116.35873799999999,500,development,2,included
Damaged_LR,222,110499,110999,116.40680599999999,116.8941,500,development,2,included
Damaged_LR,223,110999,111499,116.931489,117.41878299999999,500,development,2,included
Damaged_LR,224,111499,111999,117.457387,117.944682,500,development,2,included
Damaged_LR,225,111999,112499,117.982553,118.46984699999999,500,development,2,included
Damaged_LR,226,112499,112999,118.507103,118.99439699999999,500,development,2,included
Damaged_LR,227,112999,113499,119.03447899999999,119.521774,500,development,2,included
Damaged_LR,228,113499,113999,119.561707,120.04900099999999,500,development,2,included
Damaged_LR,229,113999,114499,120.093099,120.580393,500,development,2,included
Damaged_LR,230,114499,114999,120.61686499999999,121.104159,500,development,2,included
Damaged_LR,231,114999,115499,121.14139499999999,121.628689,500,development,2,included
Damaged_LR,232,115499,115999,121.668454,122.15574799999999,500,development,2,included
Damaged_LR,233,115999,116499,122.19737699999999,122.684671,500,development,2,included
Damaged_LR,234,116499,116999,122.72080299999999,123.208097,500,development,2,included
Damaged_LR,235,116999,117499,123.250851,123.738146,500,development,2,included
Damaged_LR,236,117499,117999,123.77456799999999,124.261862,500,development,2,included
Damaged_LR,237,117999,118499,124.30445999999999,124.791754,500,development,2,included
Damaged_LR,238,118499,118999,124.832591,125.319885,500,development,2,included
Damaged_LR,239,118999,119499,125.360754,125.84804899999999,500,development,2,included
Damaged_LR,240,119499,119999,125.889574,126.37686799999999,500,development,2,included
Damaged_LR,241,119999,120499,126.41986,126.90715399999999,500,development,2,included
Damaged_LR,242,120499,120999,126.947194,127.43448799999999,500,development,2,included
Damaged_LR,243,120999,121499,127.48035399999999,127.967648,500,development,2,included
Damaged_LR,244,121499,121999,128.004259,128.49155299999998,500,development,2,included
Damaged_LR,245,121999,122499,128.533079,129.020374,500,development,2,included
Damaged_LR,246,122499,122999,129.057301,129.544595,500,development,2,included
Damaged_LR,247,122999,123499,129.582058,130.06935199999998,500,excluded,0,outside_intervals_or_crosses_boundary
Damaged_LR,248,123499,123999,130.105969,130.593264,500,development,3,included
Damaged_LR,249,123999,124499,130.631977,131.119272,500,development,3,included
Damaged_LR,250,124499,124999,131.15783399999998,131.645128,500,development,3,included
Damaged_LR,251,124999,125499,131.68363499999998,132.17093,500,development,3,included
Damaged_LR,252,125499,125999,132.209671,132.696965,500,development,3,included
Damaged_LR,253,125999,126499,132.73557,133.222864,500,development,3,included
Damaged_LR,254,126499,126999,133.262858,133.75015199999999,500,development,3,included
Damaged_LR,255,126999,127499,133.789669,134.276964,500,development,3,included
Damaged_LR,256,127499,127999,134.312918,134.800212,500,development,3,included
Damaged_LR,257,127999,128499,134.839363,135.32665699999998,500,development,3,included
Damaged_LR,258,128499,128999,135.372242,135.859536,500,development,3,included
Damaged_LR,259,128999,129499,135.897513,136.384807,500,development,3,included
Damaged_LR,260,129499,129999,136.422329,136.90962299999998,500,development,3,included
Damaged_LR,261,129999,130499,136.946867,137.434162,500,development,3,included
Damaged_LR,262,130499,130999,137.480718,137.968012,500,development,3,included
Damaged_LR,263,130999,131499,138.007668,138.494962,500,development,3,included
Damaged_LR,264,131499,131999,138.531019,139.018313,500,development,3,included
Damaged_LR,265,131999,132499,139.055188,139.542483,500,development,3,included
Damaged_LR,266,132499,132999,139.58646099999999,140.073756,500,development,3,included
Damaged_LR,267,132999,133499,140.115694,140.60298799999998,500,development,3,included
Damaged_LR,268,133499,133999,140.64222999999998,141.129524,500,development,3,included
Damaged_LR,269,133999,134499,141.166178,141.653473,500,development,3,included
Damaged_LR,270,134499,134999,141.692069,142.179363,500,development,3,included
Damaged_LR,271,134999,135499,142.215536,142.70283,500,development,3,included
Damaged_LR,272,135499,135999,142.74453,143.231825,500,development,3,included
Damaged_LR,273,135999,136499,143.269306,143.7566,500,development,3,included
Damaged_LR,274,136499,136999,143.792224,144.279518,500,development,3,included
Damaged_LR,275,136999,137499,144.31973499999998,144.807029,500,development,3,included
Damaged_LR,276,137499,137999,144.846343,145.33363699999998,500,development,3,included
Damaged_LR,277,137999,138499,145.369462,145.856757,500,development,3,included
Damaged_LR,278,138499,138999,145.896366,146.38366,500,development,3,included
Damaged_LR,279,138999,139499,146.431187,146.91848199999998,500,development,3,included
Damaged_LR,280,139499,139999,146.955858,147.443152,500,development,3,included
Damaged_LR,281,139999,140499,147.480762,147.968056,500,development,3,included
Damaged_LR,282,140499,140999,148.005492,148.492786,500,development,3,included
Damaged_LR,283,140999,141499,148.529257,149.016552,500,development,3,included
Damaged_LR,284,141499,141999,149.054138,149.541432,500,development,3,included
Damaged_LR,285,141999,142499,149.579232,150.06652599999998,500,development,3,included
Damaged_LR,286,142499,142999,150.10390999999998,150.591205,500,development,3,included
Damaged_LR,287,142999,143499,150.626889,151.114183,500,development,3,included
Damaged_LR,288,143499,143999,151.151599,151.638893,500,development,3,included
Damaged_LR,289,143999,144499,151.6805,152.167794,500,development,3,included
Damaged_LR,290,144499,144999,152.210182,152.697476,500,development,3,included
Damaged_LR,291,144999,145499,152.741183,153.228477,500,development,3,included
Damaged_LR,292,145499,145999,153.271499,153.758793,500,development,3,included
Damaged_LR,293,145999,146499,153.795034,154.282328,500,development,3,included
Damaged_LR,294,146499,146999,154.319378,154.806672,500,development,3,included
Damaged_LR,295,146999,147499,154.84523,155.332525,500,development,3,included
Damaged_LR,296,147499,147999,155.369553,155.856847,500,development,3,included
Damaged_LR,297,147999,148499,155.894891,156.382185,500,development,3,included
Damaged_LR,298,148499,148999,156.424925,156.912219,500,development,3,included
Damaged_LR,299,148999,149499,156.948537,157.435831,500,development,3,included
Damaged_LR,300,149499,149999,157.473409,157.960703,500,development,3,included
Damaged_LR,301,149999,150499,157.99679,158.484084,500,development,3,included
Damaged_LR,302,150499,150999,158.52465899999999,159.011953,500,development,3,included
Damaged_LR,303,150999,151499,159.046491,159.533785,500,development,3,included
Damaged_LR,304,151499,151999,159.577669,160.064963,500,development,3,included
Damaged_LR,305,151999,152499,160.102394,160.589688,500,development,3,included
Damaged_LR,306,152499,152999,160.632299,161.11959299999998,500,development,3,included
Damaged_LR,307,152999,153499,161.154279,161.641574,500,development,3,included
Damaged_LR,308,153499,153999,161.686588,162.173882,500,development,3,included
Damaged_LR,309,153999,154499,162.21102299999998,162.698317,500,development,3,included
Damaged_LR,310,154499,154999,162.73486599999998,163.22216,500,development,3,included
Damaged_LR,311,154999,155499,163.25918099999998,163.746475,500,development,3,included
Damaged_LR,312,155499,155999,163.784887,164.272182,500,development,3,included
Damaged_LR,313,155999,156499,164.309991,164.797285,500,development,3,included
Damaged_LR,314,156499,156999,164.832933,165.320227,500,development,3,included
Damaged_LR,315,156999,157499,165.357466,165.844761,500,development,3,included
Damaged_LR,316,157499,157999,165.886082,166.373376,500,development,3,included
Damaged_LR,317,157999,158499,166.41787,166.90516399999998,500,development,3,included
Damaged_LR,318,158499,158999,166.948845,167.436139,500,development,3,included
Damaged_LR,319,158999,159499,167.478029,167.96532299999998,500,development,3,included
Damaged_LR,320,159499,159999,168.003207,168.490501,500,development,3,included
Damaged_LR,321,159999,160499,168.529598,169.01689199999998,500,development,3,included
Damaged_LR,322,160499,160999,169.055645,169.542939,500,development,3,included
Damaged_LR,323,160999,161499,169.580162,170.067456,500,development,3,included
Damaged_LR,324,161499,161999,170.10472,170.592015,500,development,3,included
Damaged_LR,325,161999,162499,170.63329099999999,171.120585,500,development,3,included
Damaged_LR,326,162499,162999,171.158749,171.646043,500,development,3,included
Damaged_LR,327,162999,163499,171.68504199999998,172.172336,500,development,3,included
Damaged_LR,328,163499,163999,172.20869,172.69598399999998,500,development,3,included
Damaged_LR,329,163999,164499,172.736078,173.22337299999998,500,development,3,included
Damaged_LR,330,164499,164999,173.262257,173.749551,500,development,3,included
Damaged_LR,331,164999,165499,173.786943,174.274237,500,development,3,included
Damaged_LR,332,165499,165999,174.310005,174.79729899999998,500,development,3,included
Damaged_LR,333,165999,166499,174.83750899999998,175.324804,500,development,3,included
Damaged_LR,334,166499,166999,175.362741,175.850035,500,development,3,included
Damaged_LR,335,166999,167499,175.88946099999998,176.376756,500,development,3,included
Damaged_LR,336,167499,167999,176.419594,176.90688799999998,500,development,3,included
Damaged_LR,337,167999,168499,176.950901,177.438195,500,development,3,included
Damaged_LR,338,168499,168999,177.472413,177.95970699999998,500,development,3,included
Damaged_LR,339,168999,169499,178.00052499999998,178.48782,500,development,3,included
Damaged_LR,340,169499,169999,178.529109,179.016403,500,development,3,included
Damaged_LR,341,169999,170499,179.05012299999999,179.537417,500,development,3,included
Damaged_LR,342,170499,170999,179.57994499999998,180.067239,500,development,3,included
Damaged_LR,343,170999,171499,180.104616,180.59190999999998,500,development,3,included
Damaged_LR,344,171499,171999,180.63035,181.11764399999998,500,development,3,included
Damaged_LR,345,171999,172499,181.161273,181.64856699999999,500,development,3,included
Damaged_LR,346,172499,172999,181.6857,182.172994,500,development,3,included
Damaged_LR,347,172999,173499,182.211183,182.698478,500,development,3,included
Damaged_LR,348,173499,173999,182.737168,183.224462,500,development,3,included
Damaged_LR,349,173999,174499,183.260741,183.748035,500,development,3,included
Damaged_LR,350,174499,174999,183.79246799999999,184.279763,500,development,3,included
Damaged_LR,351,174999,175499,184.325011,184.81230499999998,500,development,3,included
Damaged_LR,352,175499,175999,184.845555,185.33284899999998,500,development,3,included
Damaged_LR,353,175999,176499,185.36983999999998,185.857134,500,development,3,included
Damaged_LR,354,176499,176999,185.899923,186.387217,500,development,3,included
Damaged_LR,355,176999,177499,186.424544,186.911838,500,development,3,included
Damaged_LR,356,177499,177999,186.956969,187.444264,500,development,3,included
Damaged_LR,357,177999,178499,187.485706,187.97299999999998,500,development,3,included
Damaged_LR,358,178499,178999,188.013545,188.50083899999998,500,development,3,included
Damaged_LR,359,178999,179499,188.53930499999998,189.026599,500,development,3,included
Damaged_LR,360,179499,179999,189.065211,189.552506,500,development,3,included
Damaged_LR,361,179999,180499,189.58847599999999,190.07577,500,excluded,0,outside_intervals_or_crosses_boundary
Damaged_LR,362,180499,180999,190.113343,190.600638,500,development,4,included
Damaged_LR,363,180999,181499,190.645215,191.132509,500,development,4,included
Damaged_LR,364,181499,181999,191.17076,191.658055,500,development,4,included
Damaged_LR,365,181999,182499,191.701671,192.188965,500,development,4,included
Damaged_LR,366,182499,182999,192.224927,192.712221,500,development,4,included
Damaged_LR,367,182999,183499,192.75280899999998,193.240103,500,development,4,included
Damaged_LR,368,183499,183999,193.278957,193.76625099999998,500,development,4,included
Damaged_LR,369,183999,184499,193.80329899999998,194.290593,500,development,4,included
Damaged_LR,370,184499,184999,194.329105,194.816399,500,development,4,included
Damaged_LR,371,184999,185499,194.856786,195.34408,500,development,4,included
Damaged_LR,372,185499,185999,195.381302,195.868596,500,development,4,included
Damaged_LR,373,185999,186499,195.912748,196.40004199999998,500,development,4,included
Damaged_LR,374,186499,186999,196.438605,196.925899,500,development,4,included
Damaged_LR,375,186999,187499,196.96819499999998,197.455489,500,development,4,included
Damaged_LR,376,187499,187999,197.50017599999998,197.98747,500,development,4,included
Damaged_LR,377,187999,188499,198.027561,198.51485499999998,500,development,4,included
Damaged_LR,378,188499,188999,198.55674,199.04403399999998,500,development,4,included
Damaged_LR,379,188999,189499,199.08442499999998,199.571719,500,development,4,included
Damaged_LR,380,189499,189999,199.609943,200.097237,500,development,4,included
Damaged_LR,381,189999,190499,200.141471,200.628765,500,development,4,included
Damaged_LR,382,190499,190999,200.666462,201.153756,500,development,4,included
Damaged_LR,383,190999,191499,201.194995,201.68229,500,development,4,included
Damaged_LR,384,191499,191999,201.72033399999998,202.207628,500,development,4,included
Damaged_LR,385,191999,192499,202.24553699999998,202.732831,500,development,4,included
Damaged_LR,386,192499,192999,202.77248699999998,203.259781,500,development,4,included
Damaged_LR,387,192999,193499,203.303449,203.790743,500,development,4,included
Damaged_LR,388,193499,193999,203.825988,204.313282,500,development,4,included
Damaged_LR,389,193999,194499,204.35307799999998,204.840372,500,development,4,included
Damaged_LR,390,194499,194999,204.878972,205.366267,500,development,4,included
Damaged_LR,391,194999,195499,205.40334199999998,205.890636,500,development,4,included
Damaged_LR,392,195499,195999,205.92604,206.413334,500,development,4,included
Damaged_LR,393,195999,196499,206.45333399999998,206.940628,500,development,4,included
Damaged_LR,394,196499,196999,206.97911399999998,207.466408,500,development,4,included
Damaged_LR,395,196999,197499,207.502668,207.989962,500,development,4,included
Damaged_LR,396,197499,197999,208.037119,208.524414,500,development,4,included
Damaged_LR,397,197999,198499,208.559955,209.047249,500,development,4,included
Damaged_LR,398,198499,198999,209.08615799999998,209.573452,500,development,4,included
Damaged_LR,399,198999,199499,209.612638,210.099932,500,development,4,included
Damaged_LR,400,199499,199999,210.135663,210.62295699999999,500,development,4,included
Damaged_LR,401,199999,200499,210.66041099999998,211.147705,500,development,4,included
Damaged_LR,402,200499,200999,211.189271,211.67656499999998,500,development,4,included
Damaged_LR,403,200999,201499,211.713999,212.201293,500,development,4,included
Damaged_LR,404,201499,201999,212.243777,212.731071,500,development,4,included
Damaged_LR,405,201999,202499,212.768602,213.255897,500,development,4,included
Damaged_LR,406,202499,202999,213.299262,213.786556,500,development,4,included
Damaged_LR,407,202999,203499,213.826664,214.31395799999999,500,development,4,included
Damaged_LR,408,203499,203999,214.353949,214.841243,500,development,4,included
Damaged_LR,409,203999,204499,214.880909,215.368203,500,development,4,included
Damaged_LR,410,204499,204999,215.413782,215.901076,500,development,4,included
Damaged_LR,411,204999,205499,215.94036499999999,216.427659,500,development,4,included
Damaged_LR,412,205499,205999,216.463192,216.95048699999998,500,development,4,included
Damaged_LR,413,205999,206499,216.989495,217.476789,500,development,4,included
Damaged_LR,414,206499,206999,217.520047,218.007341,500,development,4,included
Damaged_LR,415,206999,207499,218.045968,218.533262,500,development,4,included
Damaged_LR,416,207499,207999,218.576053,219.063347,500,development,4,included
Damaged_LR,417,207999,208499,219.100979,219.588273,500,development,4,included
Damaged_LR,418,208499,208999,219.627198,220.11449199999998,500,development,4,included
Damaged_LR,419,208999,209499,220.152534,220.639828,500,development,4,included
Damaged_LR,420,209499,209999,220.676129,221.163423,500,development,4,included
Damaged_LR,421,209999,210499,221.20239899999999,221.689693,500,development,4,included
Damaged_LR,422,210499,210999,221.732079,222.219373,500,development,4,included
Damaged_LR,423,210999,211499,222.257551,222.744845,500,development,4,included
Damaged_LR,424,211499,211999,222.788119,223.275413,500,development,4,included
Damaged_LR,425,211999,212499,223.32398799999999,223.811282,500,development,4,included
Damaged_LR,426,212499,212999,223.849595,224.33688899999999,500,development,4,included
Damaged_LR,427,212999,213499,224.381864,224.869158,500,development,4,included
Damaged_LR,428,213499,213999,224.906664,225.393958,500,development,4,included
Damaged_LR,429,213999,214499,225.428706,225.916,500,development,4,included
Damaged_LR,430,214499,214999,225.955524,226.442819,500,development,4,included
Damaged_LR,431,214999,215499,226.480434,226.967728,500,development,4,included
Damaged_LR,432,215499,215999,227.00771899999998,227.495013,500,development,4,included
Damaged_LR,433,215999,216499,227.53671599999998,228.02401,500,development,4,included
Damaged_LR,434,216499,216999,228.070204,228.55749799999998,500,development,4,included
Damaged_LR,435,216999,217499,228.599652,229.08694599999998,500,development,4,included
Damaged_LR,436,217499,217999,229.13800899999998,229.625304,500,development,4,included
Damaged_LR,437,217999,218499,229.66575799999998,230.153052,500,development,4,included
Damaged_LR,438,218499,218999,230.195445,230.682739,500,development,4,included
Damaged_LR,439,218999,219499,230.720272,231.20756599999999,500,development,4,included
Damaged_LR,440,219499,219999,231.244105,231.7314,500,development,4,included
Damaged_LR,441,219999,220499,231.770001,232.257295,500,development,4,included
Damaged_LR,442,220499,220999,232.296896,232.78419,500,development,4,included
Damaged_LR,443,220999,221499,232.821889,233.309183,500,development,4,included
Damaged_LR,444,221499,221999,233.348623,233.835917,500,development,4,included
Damaged_LR,445,221999,222499,233.869846,234.35714,500,development,4,included
Damaged_LR,446,222499,222999,234.393634,234.88092799999998,500,development,4,included
Damaged_LR,447,222999,223499,234.917397,235.40469099999999,500,development,4,included
Damaged_LR,448,223499,223999,235.443222,235.93051599999998,500,development,4,included
Damaged_LR,449,223999,224499,235.969592,236.456887,500,development,4,included
Damaged_LR,450,224499,224999,236.497813,236.985107,500,development,4,included
Damaged_LR,451,224999,225499,237.023301,237.510596,500,development,4,included
Damaged_LR,452,225499,225999,237.548422,238.035717,500,development,4,included
Damaged_LR,453,225999,226499,238.07667899999998,238.563974,500,development,4,included
Damaged_LR,454,226499,226999,238.605256,239.092551,500,development,4,included
Damaged_LR,455,226999,227499,239.128517,239.615811,500,development,4,included
Damaged_LR,456,227499,227999,239.656334,240.143628,500,development,4,included
Damaged_LR,457,227999,228499,240.186916,240.67421,500,development,4,included
Damaged_LR,458,228499,228999,240.70971,241.197004,500,development,4,included
Damaged_LR,459,228999,229499,241.24109099999998,241.728385,500,development,4,included
Damaged_LR,460,229499,229999,241.76636399999998,242.253659,500,development,4,included
Damaged_LR,461,229999,230499,242.289639,242.77693299999999,500,development,4,included
Damaged_LR,462,230499,230999,242.815473,243.302767,500,development,4,included
Damaged_LR,463,230999,231499,243.341695,243.828989,500,development,4,included
Damaged_LR,464,231499,231999,243.871789,244.359083,500,development,4,included
Damaged_LR,465,231999,232499,244.39765599999998,244.88495,500,development,4,included
Damaged_LR,466,232499,232999,244.93374799999998,245.421042,500,development,4,included
Damaged_LR,467,232999,233499,245.457662,245.944956,500,development,4,included
Damaged_LR,468,233499,233999,245.983215,246.470509,500,development,4,included
Damaged_LR,469,233999,234499,246.516821,247.00411499999998,500,development,4,included
Damaged_LR,470,234499,234999,247.04683,247.534124,500,development,4,included
Damaged_LR,471,234999,235499,247.57475,248.062044,500,development,4,included
Damaged_LR,472,235499,235999,248.097958,248.585253,500,development,4,included
Damaged_LR,473,235999,236499,248.623749,249.111043,500,development,4,included
Damaged_LR,474,236499,236999,249.153346,249.640641,500,development,4,included
Damaged_LR,475,236999,237499,249.681201,250.168495,500,excluded,0,outside_intervals_or_crosses_boundary
Damaged_LR,476,237499,237999,250.207014,250.694308,500,excluded,0,outside_intervals_or_crosses_boundary
Damaged_LR,477,237999,238499,250.728556,251.21585,500,excluded,0,outside_intervals_or_crosses_boundary
Damaged_LR,478,238499,238999,251.25562499999998,251.74292,500,excluded,0,outside_intervals_or_crosses_boundary
Damaged_LR,479,238999,239499,251.78477999999998,252.272074,500,excluded,0,outside_intervals_or_crosses_boundary
Damaged_LR,480,239499,239999,252.315897,252.803191,500,test,1,included
Damaged_LR,481,239999,240499,252.846315,253.333609,500,test,1,included
Damaged_LR,482,240499,240999,253.36942399999998,253.856718,500,test,1,included
Damaged_LR,483,240999,241499,253.899911,254.387206,500,test,1,included
Damaged_LR,484,241499,241999,254.424676,254.91197,500,test,1,included
Damaged_LR,485,241999,242499,254.955006,255.4423,500,test,1,included
Damaged_LR,486,242499,242999,255.478828,255.96612299999998,500,test,1,included
Damaged_LR,487,242999,243499,256.00142800000003,256.48872300000005,500,test,1,included
Damaged_LR,488,243499,243999,256.52758300000005,257.014877,500,test,1,included
Damaged_LR,489,243999,244499,257.058561,257.545856,500,test,1,included
Damaged_LR,490,244499,244999,257.581568,258.068862,500,test,1,included
Damaged_LR,491,244999,245499,258.106893,258.59418700000003,500,test,1,included
Damaged_LR,492,245499,245999,258.631406,259.11870000000005,500,test,1,included
Damaged_LR,493,245999,246499,259.155569,259.64286400000003,500,test,1,included
Damaged_LR,494,246499,246999,259.679926,260.16722100000004,500,test,1,included
Damaged_LR,495,246999,247499,260.21245400000004,260.699748,500,test,1,included
Damaged_LR,496,247499,247999,260.737822,261.225116,500,test,1,included
Damaged_LR,497,247999,248499,261.26498100000003,261.752275,500,test,1,included
Damaged_LR,498,248499,248999,261.79143500000004,262.278729,500,test,1,included
Damaged_LR,499,248999,249499,262.314768,262.80206200000003,500,test,1,included
Damaged_LR,500,249499,249999,262.83756500000004,263.324859,500,test,1,included
Damaged_LR,501,249999,250499,263.37005100000005,263.857345,500,test,1,included
Damaged_LR,502,250499,250999,263.904151,264.39144500000003,500,test,1,included
Damaged_LR,503,250999,251499,264.43489500000004,264.922189,500,test,1,included
Damaged_LR,504,251499,251999,264.965847,265.453141,500,test,1,included
Damaged_LR,505,251999,252499,265.493469,265.980763,500,test,1,included
Damaged_LR,506,252499,252999,266.01580800000005,266.503102,500,test,1,included
Damaged_LR,507,252999,253499,266.54044100000004,267.027736,500,test,1,included
Damaged_LR,508,253499,253999,267.069404,267.55669800000004,500,test,1,included
Damaged_LR,509,253999,254499,267.60296200000005,268.090256,500,test,1,included
Damaged_LR,510,254499,254999,268.132314,268.619609,500,test,1,included
Damaged_LR,511,254999,255499,268.659571,269.14686500000005,500,test,1,included
Damaged_LR,512,255499,255999,269.187637,269.674931,500,test,1,included
Damaged_LR,513,255999,256499,269.711628,270.19892200000004,500,test,1,included
Damaged_LR,514,256499,256999,270.235718,270.72301200000004,500,test,1,included
Damaged_LR,515,256999,257499,270.76301,271.250304,500,test,1,included
Damaged_LR,516,257499,257999,271.287251,271.77454500000005,500,test,1,included
Damaged_LR,517,257999,258499,271.809563,272.29685700000005,500,test,1,included
Damaged_LR,518,258499,258999,272.335399,272.822694,500,test,1,included
Damaged_LR,519,258999,259499,272.85877400000004,273.346068,500,test,1,included
Damaged_LR,520,259499,259999,273.384378,273.87167200000005,500,test,1,included
Damaged_LR,521,259999,260499,273.906397,274.39369100000005,500,test,1,included
Damaged_LR,522,260499,260999,274.43521100000004,274.922505,500,test,1,included
Damaged_LR,523,260999,261499,274.960438,275.44773200000003,500,test,1,included
Damaged_LR,524,261499,261999,275.48342,275.97071400000004,500,test,1,included
Damaged_LR,525,261999,262499,276.008351,276.495646,500,test,1,included
Damaged_LR,526,262499,262999,276.533254,277.020549,500,test,1,included
Damaged_LR,527,262999,263499,277.067269,277.554564,500,test,1,included
Damaged_LR,528,263499,263999,277.591446,278.07874100000004,500,test,1,included
Damaged_LR,529,263999,264499,278.113309,278.60060300000004,500,test,1,included
Damaged_LR,530,264499,264999,278.636889,279.124184,500,test,1,included
Damaged_LR,531,264999,265499,279.15828500000003,279.645579,500,test,1,included
Damaged_LR,532,265499,265999,279.689067,280.17636100000004,500,test,1,included
Damaged_LR,533,265999,266499,280.21355,280.700844,500,test,1,included
Damaged_LR,534,266499,266999,280.749001,281.23629500000004,500,test,1,included
Damaged_LR,535,266999,267499,281.278278,281.765573,500,test,1,included
Damaged_LR,536,267499,267999,281.804272,282.29156600000005,500,test,1,included
Damaged_LR,537,267999,268499,282.327805,282.81509900000003,500,test,1,included
Damaged_LR,538,268499,268999,282.852711,283.340005,500,test,1,included
Damaged_LR,539,268999,269499,283.380911,283.86820500000005,500,test,1,included
Damaged_LR,540,269499,269999,283.910699,284.39799300000004,500,test,1,included
Damaged_LR,541,269999,270499,284.444942,284.93223600000005,500,test,1,included
Damaged_LR,542,270499,270999,284.96904700000005,285.456341,500,test,1,included
Damaged_LR,543,270999,271499,285.492054,285.979348,500,test,1,included
Damaged_LR,544,271499,271999,286.021606,286.50890000000004,500,test,1,included
Damaged_LR,545,271999,272499,286.550242,287.03753600000005,500,test,1,included
Damaged_LR,546,272499,272999,287.07574800000003,287.563042,500,test,1,included
Damaged_LR,547,272999,273499,287.603409,288.090704,500,test,1,included
Damaged_LR,548,273499,273999,288.12759500000004,288.614889,500,test,1,included
Damaged_LR,549,273999,274499,288.65386700000005,289.141162,500,test,1,included
Damaged_LR,550,274499,274999,289.17737400000004,289.664668,500,test,1,included
Damaged_LR,551,274999,275499,289.70576800000003,290.193062,500,test,1,included
Damaged_LR,552,275499,275999,290.23169,290.71898400000003,500,test,1,included
Damaged_LR,553,275999,276499,290.757588,291.244882,500,test,1,included
Damaged_LR,554,276499,276999,291.282308,291.769602,500,test,1,included
Damaged_LR,555,276999,277499,291.810376,292.29767000000004,500,test,1,included
Damaged_LR,556,277499,277999,292.333067,292.82036100000005,500,test,1,included
Damaged_LR,557,277999,278499,292.856743,293.344037,500,test,1,included
Damaged_LR,558,278499,278999,293.37944400000003,293.866738,500,test,1,included
Damaged_LR,559,278999,279499,293.912398,294.399692,500,test,1,included
Damaged_LR,560,279499,279999,294.43349800000004,294.920792,500,test,1,included
Damaged_LR,561,279999,280499,294.96067100000005,295.447965,500,test,1,included
Damaged_LR,562,280499,280999,295.488585,295.975879,500,test,1,included
Damaged_LR,563,280999,281499,296.013871,296.501166,500,test,1,included
Damaged_LR,564,281499,281999,296.542053,297.02934700000003,500,test,1,included
Damaged_LR,565,281999,282499,297.06705800000003,297.554352,500,test,1,included
Damaged_LR,566,282499,282999,297.590028,298.07732200000004,500,test,1,included
Damaged_LR,567,282999,283499,298.11532400000004,298.602618,500,test,1,included
Damaged_LR,568,283499,283999,298.64052000000004,299.127814,500,test,1,included
Damaged_LR,569,283999,284499,299.17156800000004,299.658863,500,test,1,included
Damaged_LR,570,284499,284999,299.69980000000004,300.187094,500,test,1,included
Damaged_LR,571,284999,285499,300.22956300000004,300.716858,500,test,1,included
Damaged_LR,572,285499,285999,300.754565,301.24185900000003,500,test,1,included
Damaged_LR,573,285999,286499,301.279109,301.766403,500,test,1,included
Damaged_LR,574,286499,286999,301.80390900000003,302.29120400000005,500,test,1,included
Damaged_LR,575,286999,287499,302.32883400000003,302.81612900000005,500,test,1,included
Damaged_LR,576,287499,287999,302.85936000000004,303.346654,500,test,1,included
Damaged_LR,577,287999,288499,303.38565900000003,303.872953,500,test,1,included
Damaged_LR,578,288499,288999,303.912862,304.40015600000004,500,test,1,included
Damaged_LR,579,288999,289499,304.44941800000004,304.936712,500,test,1,included
Damaged_LR,580,289499,289999,304.982634,305.46992800000004,500,test,1,included
Damaged_LR,581,289999,290499,305.50806,305.995355,500,test,1,included
Damaged_LR,582,290499,290999,306.031847,306.51914100000005,500,test,1,included
Damaged_LR,583,290999,291499,306.559431,307.04672500000004,500,test,1,included
Damaged_LR,584,291499,291999,307.08448100000004,307.571775,500,test,1,included
Damaged_LR,585,291999,292499,307.611374,308.09866800000003,500,test,1,included
Damaged_LR,586,292499,292999,308.134991,308.62228500000003,500,test,1,included
Damaged_LR,587,292999,293499,308.657444,309.144738,500,test,1,included
Damaged_LR,588,293499,293999,309.183552,309.67084600000004,500,test,1,included
Damaged_LR,589,293999,294499,309.706268,310.19356200000004,500,test,1,included
Damaged_LR,590,294499,294999,310.23127300000004,310.718567,500,test,1,included
Damaged_LR,591,294999,295499,310.75462300000004,311.241917,500,test,1,included
Damaged_LR,592,295499,295999,311.28167,311.76896400000004,500,test,1,included
Damaged_LR,593,295999,296499,311.80703800000003,312.294333,500,excluded,0,outside_intervals_or_crosses_boundary
Damaged_LR,594,296499,296999,312.33277200000003,312.820066,500,test,2,included
Damaged_LR,595,296999,297499,312.856173,313.34346700000003,500,test,2,included
Damaged_LR,596,297499,297999,313.380461,313.86775500000005,500,test,2,included
Damaged_LR,597,297999,298499,313.91528400000004,314.402578,500,test,2,included
Damaged_LR,598,298499,298999,314.447314,314.934608,500,test,2,included
Damaged_LR,599,298999,299499,314.97248,315.45977400000004,500,test,2,included
Damaged_LR,600,299499,299999,315.501889,315.989183,500,test,2,included
Damaged_LR,601,299999,300499,316.032738,316.520032,500,test,2,included
Damaged_LR,602,300499,300999,316.557504,317.044798,500,test,2,included
Damaged_LR,603,300999,301499,317.08641,317.573704,500,test,2,included
Damaged_LR,604,301499,301999,317.62190400000003,318.10919800000005,500,test,2,included
Damaged_LR,605,301999,302499,318.14781800000003,318.63511300000005,500,test,2,included
Damaged_LR,606,302499,302999,318.67237700000004,319.159671,500,test,2,included
Damaged_LR,607,302999,303499,319.19572800000003,319.683022,500,test,2,included
Damaged_LR,608,303499,303999,319.72765300000003,320.21494800000005,500,test,2,included
Damaged_LR,609,303999,304499,320.259585,320.74687900000004,500,test,2,included
Damaged_LR,610,304499,304999,320.78485900000004,321.272153,500,test,2,included
Damaged_LR,611,304999,305499,321.31100000000004,321.798294,500,test,2,included
Damaged_LR,612,305499,305999,321.835865,322.32315900000003,500,test,2,included
Damaged_LR,613,305999,306499,322.36981000000003,322.85710400000005,500,test,2,included
Damaged_LR,614,306499,306999,322.895258,323.38255200000003,500,test,2,included
Damaged_LR,615,306999,307499,323.42368400000004,323.910979,500,test,2,included
Damaged_LR,616,307499,307999,323.94754400000005,324.434838,500,test,2,included
Damaged_LR,617,307999,308499,324.48073100000005,324.968026,500,test,2,included
Damaged_LR,618,308499,308999,325.005109,325.492404,500,test,2,included
Damaged_LR,619,308999,309499,325.53150700000003,326.018801,500,test,2,included
Damaged_LR,620,309499,309999,326.06430500000005,326.551599,500,test,2,included
Damaged_LR,621,309999,310499,326.601944,327.089238,500,test,2,included
Damaged_LR,622,310499,310999,327.124923,327.61221700000004,500,test,2,included
Damaged_LR,623,310999,311499,327.649711,328.13700500000004,500,test,2,included
Damaged_LR,624,311499,311999,328.175118,328.662412,500,test,2,included
Damaged_LR,625,311999,312499,328.70612,329.193415,500,test,2,included
Damaged_LR,626,312499,312999,329.23370300000005,329.720997,500,test,2,included
Damaged_LR,627,312999,313499,329.75923400000005,330.246528,500,test,2,included
Damaged_LR,628,313499,313999,330.28517300000004,330.772467,500,test,2,included
Damaged_LR,629,313999,314499,330.81293200000005,331.300226,500,test,2,included
Damaged_LR,630,314499,314999,331.337986,331.82528,500,test,2,included
Damaged_LR,631,314999,315499,331.868618,332.35591200000005,500,test,2,included
Damaged_LR,632,315499,315999,332.396949,332.884243,500,test,2,included
Damaged_LR,633,315999,316499,332.922867,333.410161,500,test,2,included
Damaged_LR,634,316499,316999,333.44784500000003,333.93513900000005,500,test,2,included
Damaged_LR,635,316999,317499,333.97222800000003,334.45952300000005,500,test,2,included
Damaged_LR,636,317499,317999,334.49685200000005,334.984146,500,test,2,included
Damaged_LR,637,317999,318499,335.021366,335.50866,500,test,2,included
Damaged_LR,638,318499,318999,335.550582,336.03787700000004,500,test,2,included
Damaged_LR,639,318999,319499,336.08220300000005,336.569498,500,test,2,included
Damaged_LR,640,319499,319999,336.608762,337.09605600000003,500,test,2,included
Damaged_LR,641,319999,320499,337.133845,337.621139,500,test,2,included
Damaged_LR,642,320499,320999,337.67258300000003,338.159877,500,test,2,included
Damaged_LR,643,320999,321499,338.203486,338.69078,500,test,2,included
Damaged_LR,644,321499,321999,338.727145,339.21444,500,test,2,included
Damaged_LR,645,321999,322499,339.25467000000003,339.74196500000005,500,test,2,included
Damaged_LR,646,322499,322999,339.781783,340.26907700000004,500,test,2,included
Damaged_LR,647,322999,323499,340.313916,340.801211,500,test,2,included
Damaged_LR,648,323499,323999,340.84118700000005,341.328481,500,test,2,included
Damaged_LR,649,323999,324499,341.366321,341.85361600000005,500,test,2,included
Damaged_LR,650,324499,324999,341.894015,342.38130900000004,500,test,2,included
Damaged_LR,651,324999,325499,342.42059800000004,342.907892,500,test,2,included
Damaged_LR,652,325499,325999,342.97172500000005,343.459019,500,test,2,included
Damaged_LR,653,325999,326499,343.504901,343.99219500000004,500,test,2,included
Damaged_LR,654,326499,326999,344.03658,344.52387400000003,500,test,2,included
Damaged_LR,655,326999,327499,344.567317,345.054611,500,test,2,included
Damaged_LR,656,327499,327999,345.09988400000003,345.587178,500,test,2,included
Damaged_LR,657,327999,328499,345.628783,346.116077,500,test,2,included
Damaged_LR,658,328499,328999,346.153363,346.64065700000003,500,test,2,included
Damaged_LR,659,328999,329499,346.67728800000003,347.164582,500,test,2,included
Damaged_LR,660,329499,329999,347.20250100000004,347.689795,500,test,2,included
Damaged_LR,661,329999,330499,347.732518,348.21981200000005,500,test,2,included
Damaged_LR,662,330499,330999,348.258235,348.74552900000003,500,test,2,included
Damaged_LR,663,330999,331499,348.79544000000004,349.282734,500,test,2,included
Damaged_LR,664,331499,331999,349.320468,349.807762,500,test,2,included
Damaged_LR,665,331999,332499,349.845947,350.33324200000004,500,test,2,included
Damaged_LR,666,332499,332999,350.36649700000004,350.853791,500,test,2,included
Damaged_LR,667,332999,333499,350.9019,351.38919400000003,500,test,2,included
Damaged_LR,668,333499,333999,351.42638700000003,351.913681,500,test,2,included
Damaged_LR,669,333999,334499,351.951455,352.43874900000003,500,test,2,included
Damaged_LR,670,334499,334999,352.47837100000004,352.965665,500,test,2,included
Damaged_LR,671,334999,335499,353.00421800000004,353.491512,500,test,2,included
Damaged_LR,672,335499,335999,353.53336900000005,354.020663,500,test,2,included
Damaged_LR,673,335999,336499,354.05764200000004,354.544936,500,test,2,included
Damaged_LR,674,336499,336999,354.584873,355.07216800000003,500,test,2,included
Damaged_LR,675,336999,337499,355.11593300000004,355.603227,500,test,2,included
Damaged_LR,676,337499,337999,355.638725,356.12601900000004,500,test,2,included
Damaged_LR,677,337999,338499,356.16617,356.65346500000004,500,test,2,included
Damaged_LR,678,338499,338999,356.691954,357.17924800000003,500,test,2,included
Damaged_LR,679,338999,339499,357.216658,357.703952,500,test,2,included
Damaged_LR,680,339499,339999,357.746709,358.23400300000003,500,test,2,included
Damaged_LR,681,339999,340499,358.269219,358.75651300000004,500,test,2,included
Damaged_LR,682,340499,340999,358.79445400000003,359.28174900000005,500,test,2,included
Damaged_LR,683,340999,341499,359.316906,359.80420100000003,500,test,2,included
Damaged_LR,684,341499,341999,359.845147,360.332441,500,test,2,included
Damaged_LR,685,341999,342499,360.37598,360.86327400000005,500,test,2,included
Damaged_LR,686,342499,342999,360.90355700000003,361.390852,500,test,2,included
Damaged_LR,687,342999,343499,361.43448900000004,361.921783,500,test,2,included
Damaged_LR,688,343499,343999,361.95768300000003,362.444977,500,test,2,included
Damaged_LR,689,343999,344499,362.48400200000003,362.971296,500,test,2,included
Damaged_LR,690,344499,344999,363.01250300000004,363.499797,500,test,2,included
Damaged_LR,691,344999,345499,363.537464,364.024758,500,test,2,included
Damaged_LR,692,345499,345999,364.06039100000004,364.547686,500,test,2,included
Damaged_LR,693,345999,346499,364.586737,365.07403100000005,500,test,2,included
Damaged_LR,694,346499,346999,365.110455,365.597749,500,test,2,included
Damaged_LR,695,346999,347499,365.636025,366.12332000000004,500,test,2,included
Damaged_LR,696,347499,347999,366.16276100000005,366.650056,500,test,2,included
Damaged_LR,697,347999,348499,366.686547,367.17384100000004,500,test,2,included
Damaged_LR,698,348499,348999,367.211907,367.699201,500,test,2,included
Damaged_LR,699,348999,349499,367.736291,368.223585,500,test,2,included
Damaged_LR,700,349499,349999,368.259085,368.74638000000004,500,test,2,included
Damaged_LR,701,349999,350499,368.78454100000005,369.271835,500,test,2,included
Damaged_LR,702,350499,350999,369.31477900000004,369.802073,500,test,2,included
Damaged_LR,703,350999,351499,369.843366,370.33066,500,test,2,included
Damaged_LR,704,351499,351999,370.373078,370.86037200000004,500,test,2,included
Damaged_LR,705,351999,352499,370.89927,371.386565,500,test,2,included
Damaged_LR,706,352499,352999,371.42625400000003,371.91354800000005,500,test,2,included
Damaged_LR,707,352999,353499,371.959422,372.44671600000004,500,excluded,0,outside_intervals_or_crosses_boundary
Damaged_LR,708,353499,353999,372.486375,372.97366900000003,500,excluded,0,outside_intervals_or_crosses_boundary
Damaged_LR,709,353999,354499,373.01094500000005,373.498239,500,excluded,0,outside_intervals_or_crosses_boundary
Damaged_LR,710,354499,354999,373.53557,374.022864,500,excluded,0,outside_intervals_or_crosses_boundary
Damaged_LR,711,354999,355499,374.059934,374.547229,500,excluded,0,outside_intervals_or_crosses_boundary
Damaged_LR,712,355499,355999,374.581384,375.06867800000003,500,excluded,0,outside_intervals_or_crosses_boundary
Damaged_LR,713,355999,356499,375.117928,375.605222,500,excluded,0,outside_intervals_or_crosses_boundary
Damaged_LR,714,356499,356999,375.644332,376.13162600000004,500,excluded,0,outside_intervals_or_crosses_boundary
Damaged_LR,715,356999,357499,376.179031,376.666326,500,excluded,0,outside_intervals_or_crosses_boundary
Damaged_LR,716,357499,357999,376.70479,377.192085,500,excluded,0,outside_intervals_or_crosses_boundary
Damaged_LR,717,357999,358499,377.22972000000004,377.717015,500,excluded,0,outside_intervals_or_crosses_boundary
Damaged_LR,718,358499,358999,377.75334300000003,378.24063700000005,500,excluded,0,outside_intervals_or_crosses_boundary
Damaged_LR,719,358999,359499,378.27541,378.76270500000004,500,excluded,0,outside_intervals_or_crosses_boundary
Damaged_LR,720,359499,359999,378.79911400000003,379.286408,500,excluded,0,outside_intervals_or_crosses_boundary
Damaged_LR,721,359999,360499,379.327718,379.815012,500,excluded,0,outside_intervals_or_crosses_boundary
Damaged_LR,722,360499,360999,379.85375100000005,380.341045,500,excluded,0,outside_intervals_or_crosses_boundary
Damaged_LR,723,360999,361499,380.38254700000005,380.869841,500,excluded,0,outside_intervals_or_crosses_boundary
Damaged_LR,724,361499,361999,380.90803900000003,381.39533400000005,500,excluded,0,outside_intervals_or_crosses_boundary
Damaged_LR,725,361999,362499,381.437637,381.924931,500,excluded,0,outside_intervals_or_crosses_boundary
Damaged_LR,726,362499,362999,381.964666,382.45196100000004,500,excluded,0,outside_intervals_or_crosses_boundary
Damaged_LR,727,362999,363499,382.493061,382.98035500000003,500,excluded,0,outside_intervals_or_crosses_boundary
Damaged_LR,728,363499,363999,383.028162,383.515457,500,excluded,0,outside_intervals_or_crosses_boundary
Damaged_LR,729,363999,364499,383.553923,384.041217,500,excluded,0,outside_intervals_or_crosses_boundary
Damaged_LR,730,364499,364999,384.08002000000005,384.567314,500,excluded,0,outside_intervals_or_crosses_boundary
Damaged_LR,731,364999,365499,384.61057800000003,385.097872,500,excluded,0,outside_intervals_or_crosses_boundary
Damaged_LR,732,365499,365999,385.133485,385.62078,500,excluded,0,outside_intervals_or_crosses_boundary
Damaged_LR,733,365999,366499,385.658885,386.146179,500,excluded,0,outside_intervals_or_crosses_boundary
Damaged_LR,734,366499,366999,386.19299800000005,386.680292,500,excluded,0,outside_intervals_or_crosses_boundary
Damaged_LR,735,366999,367499,386.718113,387.20540800000003,500,excluded,0,outside_intervals_or_crosses_boundary
Damaged_LR,736,367499,367999,387.24176700000004,387.729061,500,excluded,0,outside_intervals_or_crosses_boundary
Damaged_LR,737,367999,368499,387.76724,388.25453400000004,500,excluded,0,outside_intervals_or_crosses_boundary
Damaged_LR,738,368499,368999,388.291445,388.77874,500,excluded,0,outside_intervals_or_crosses_boundary
Damaged_LR,739,368999,369499,388.81657800000005,389.303872,500,excluded,0,outside_intervals_or_crosses_boundary
Damaged_LR,740,369499,369999,389.340458,389.82775200000003,500,excluded,0,outside_intervals_or_crosses_boundary
Damaged_LR,741,369999,370499,389.867323,390.354618,500,excluded,0,outside_intervals_or_crosses_boundary
Damaged_LR,742,370499,370999,390.391412,390.878706,500,excluded,0,outside_intervals_or_crosses_boundary
Damaged_LR,743,370999,371499,390.919909,391.40720400000004,500,excluded,0,outside_intervals_or_crosses_boundary
Damaged_LR,744,371499,371999,391.44950800000004,391.936802,500,excluded,0,outside_intervals_or_crosses_boundary
Damaged_LR,745,371999,372499,391.97672600000004,392.46402,500,excluded,0,outside_intervals_or_crosses_boundary
Damaged_LR,746,372499,372999,392.503974,392.99126800000005,500,excluded,0,outside_intervals_or_crosses_boundary
Damaged_LR,747,372999,373499,393.030779,393.518074,500,excluded,0,outside_intervals_or_crosses_boundary
Damaged_LR,748,373499,373999,393.55210100000005,394.039395,500,excluded,0,outside_intervals_or_crosses_boundary
Damaged_LR,749,373999,374499,394.08204900000004,394.569344,500,excluded,0,outside_intervals_or_crosses_boundary
Damaged_LR,750,374499,374999,394.607662,395.094956,500,excluded,0,outside_intervals_or_crosses_boundary
Damaged_LR,751,374999,375499,395.134878,395.62217200000003,500,excluded,0,outside_intervals_or_crosses_boundary
Damaged_LR,752,375499,375999,395.659939,396.147233,500,excluded,0,outside_intervals_or_crosses_boundary
Damaged_LR,753,375999,376499,396.19469300000003,396.68198800000005,500,excluded,0,outside_intervals_or_crosses_boundary
Damaged_LR,754,376499,376999,396.72090000000003,397.20819500000005,500,excluded,0,outside_intervals_or_crosses_boundary
Damaged_LR,755,376999,377499,397.244797,397.732091,500,excluded,0,outside_intervals_or_crosses_boundary
Damaged_LR,756,377499,377999,397.768462,398.255756,500,excluded,0,outside_intervals_or_crosses_boundary
Damaged_LR,757,377999,378499,398.292634,398.77992800000004,500,excluded,0,outside_intervals_or_crosses_boundary
Damaged_LR,758,378499,378999,398.820269,399.307563,500,excluded,0,outside_intervals_or_crosses_boundary
Damaged_LR,759,378999,379499,399.348108,399.83540200000004,500,excluded,0,outside_intervals_or_crosses_boundary
Damaged_LR,760,379499,379999,399.879853,400.36714800000004,500,excluded,0,outside_intervals_or_crosses_boundary
Damaged_LR,761,379999,380499,400.411285,400.89857900000004,500,excluded,0,outside_intervals_or_crosses_boundary
Damaged_LR,762,380499,380999,400.93844900000005,401.425743,500,excluded,0,outside_intervals_or_crosses_boundary
Damaged_LR,763,380999,381499,401.47121300000003,401.958507,500,excluded,0,outside_intervals_or_crosses_boundary
Damaged_LR,764,381499,381999,401.995357,402.48265100000003,500,excluded,0,outside_intervals_or_crosses_boundary
Damaged_LR,765,381999,382499,402.522695,403.009989,500,excluded,0,outside_intervals_or_crosses_boundary
Damaged_LR,766,382499,382999,403.04699300000004,403.534287,500,excluded,0,outside_intervals_or_crosses_boundary
Damaged_LR,767,382999,383499,403.571235,404.058529,500,excluded,0,outside_intervals_or_crosses_boundary
Damaged_LR,768,383499,383999,404.09389300000004,404.581187,500,excluded,0,outside_intervals_or_crosses_boundary
Damaged_LR,769,383999,384499,404.626276,405.11357000000004,500,excluded,0,outside_intervals_or_crosses_boundary
Damaged_LR,770,384499,384999,405.159716,405.64701,500,excluded,0,outside_intervals_or_crosses_boundary
Damaged_LR,771,384999,385499,405.684294,406.17158800000004,500,excluded,0,outside_intervals_or_crosses_boundary
Damaged_LR,772,385499,385999,406.213968,406.70126200000004,500,excluded,0,outside_intervals_or_crosses_boundary
Damaged_LR,773,385999,386499,406.74111300000004,407.228407,500,excluded,0,outside_intervals_or_crosses_boundary
Damaged_LR,774,386499,386999,407.265555,407.752849,500,excluded,0,outside_intervals_or_crosses_boundary
Damaged_LR,775,386999,387499,407.791464,408.27875800000004,500,excluded,0,outside_intervals_or_crosses_boundary
Damaged_LR,776,387499,387999,408.321726,408.80902000000003,500,excluded,0,outside_intervals_or_crosses_boundary
Damaged_LR,777,387999,388499,408.844785,409.332079,500,excluded,0,outside_intervals_or_crosses_boundary
Damaged_LR,778,388499,388999,409.368893,409.85618700000003,500,excluded,0,outside_intervals_or_crosses_boundary
Damaged_LR,779,388999,389499,409.89452900000003,410.381823,500,excluded,0,outside_intervals_or_crosses_boundary
Damaged_LR,780,389499,389999,410.42217400000004,410.909468,500,excluded,0,outside_intervals_or_crosses_boundary
Damaged_LR,781,389999,390499,410.948711,411.436005,500,excluded,0,outside_intervals_or_crosses_boundary
Damaged_LR,782,390499,390999,411.47787,411.965164,500,excluded,0,outside_intervals_or_crosses_boundary
Damaged_LR,783,390999,391499,412.00211900000005,412.489414,500,excluded,0,outside_intervals_or_crosses_boundary
Damaged_LR,784,391499,391999,412.52749700000004,413.014792,500,excluded,0,outside_intervals_or_crosses_boundary
Damaged_LR,785,391999,392499,413.057794,413.545088,500,excluded,0,outside_intervals_or_crosses_boundary
Damaged_LR,786,392499,392999,413.589698,414.076992,500,excluded,0,outside_intervals_or_crosses_boundary
Damaged_LR,787,392999,393499,414.114589,414.60188400000004,500,excluded,0,outside_intervals_or_crosses_boundary
Damaged_LR,788,393499,393999,414.643912,415.131206,500,excluded,0,outside_intervals_or_crosses_boundary
Damaged_LR,789,393999,394499,415.173491,415.66078500000003,500,excluded,0,outside_intervals_or_crosses_boundary
Damaged_LR,790,394499,394999,415.702114,416.189408,500,excluded,0,outside_intervals_or_crosses_boundary
Damaged_LR,791,394999,395499,416.228942,416.71623700000004,500,excluded,0,outside_intervals_or_crosses_boundary
Damaged_LR,792,395499,395999,416.751913,417.239207,500,excluded,0,outside_intervals_or_crosses_boundary
Damaged_LR,793,395999,396499,417.28301100000004,417.770306,500,excluded,0,outside_intervals_or_crosses_boundary
Damaged_LR,794,396499,396999,417.81563,418.302924,500,excluded,0,outside_intervals_or_crosses_boundary
Damaged_LR,795,396999,397499,418.344152,418.831446,500,excluded,0,outside_intervals_or_crosses_boundary
Damaged_LR,796,397499,397999,418.90938,419.396674,500,excluded,0,outside_intervals_or_crosses_boundary
Damaged_LR,797,397999,398499,419.43912,419.926414,500,excluded,0,outside_intervals_or_crosses_boundary
Damaged_LR,798,398499,398999,419.97037500000005,420.457669,500,excluded,0,outside_intervals_or_crosses_boundary
Damaged_LR,799,398999,399499,420.49662900000004,420.983923,500,excluded,0,outside_intervals_or_crosses_boundary
Damaged_LR,800,399499,399999,421.027897,421.515191,500,excluded,0,outside_intervals_or_crosses_boundary
Damaged_UR,1,0,500,0.0,0.487294,500,excluded,0,outside_intervals_or_crosses_boundary
Damaged_UR,2,500,1000,0.534458,1.021752,500,excluded,0,outside_intervals_or_crosses_boundary
Damaged_UR,3,1000,1500,1.058164,1.545459,500,excluded,0,outside_intervals_or_crosses_boundary
Damaged_UR,4,1500,2000,1.583252,2.070547,500,excluded,0,outside_intervals_or_crosses_boundary
Damaged_UR,5,2000,2500,2.106698,2.593992,500,excluded,0,outside_intervals_or_crosses_boundary
Damaged_UR,6,2500,3000,2.629935,3.117229,500,excluded,0,outside_intervals_or_crosses_boundary
Damaged_UR,7,3000,3500,3.154986,3.64228,500,excluded,0,outside_intervals_or_crosses_boundary
Damaged_UR,8,3500,4000,3.686435,4.173729,500,excluded,0,outside_intervals_or_crosses_boundary
Damaged_UR,9,4000,4500,4.210133,4.697427,500,excluded,0,outside_intervals_or_crosses_boundary
Damaged_UR,10,4500,5000,4.734965,5.222259,500,excluded,0,outside_intervals_or_crosses_boundary
Damaged_UR,11,5000,5500,5.26175,5.749045,500,excluded,0,outside_intervals_or_crosses_boundary
Damaged_UR,12,5500,6000,5.791931,6.279226,500,excluded,0,outside_intervals_or_crosses_boundary
Damaged_UR,13,6000,6500,6.317111,6.804406,500,excluded,0,outside_intervals_or_crosses_boundary
Damaged_UR,14,6500,7000,6.839652,7.326946,500,excluded,0,outside_intervals_or_crosses_boundary
Damaged_UR,15,7000,7500,7.366183,7.853478,500,excluded,0,outside_intervals_or_crosses_boundary
Damaged_UR,16,7500,8000,7.890941,8.378235,500,excluded,0,outside_intervals_or_crosses_boundary
Damaged_UR,17,8000,8500,8.414546,8.901841,500,excluded,0,outside_intervals_or_crosses_boundary
Damaged_UR,18,8500,9000,8.93896,9.426254,500,excluded,0,outside_intervals_or_crosses_boundary
Damaged_UR,19,9000,9500,9.462622,9.949917,500,excluded,0,outside_intervals_or_crosses_boundary
Damaged_UR,20,9500,10000,9.988857,10.476151,500,excluded,0,outside_intervals_or_crosses_boundary
Damaged_UR,21,10000,10500,10.524126,11.011421,500,development,1,included
Damaged_UR,22,10500,11000,11.04887,11.536164,500,development,1,included
Damaged_UR,23,11000,11500,11.573629,12.060923,500,development,1,included
Damaged_UR,24,11500,12000,12.100024,12.587319,500,development,1,included
Damaged_UR,25,12000,12500,12.625422,13.112716,500,development,1,included
Damaged_UR,26,12500,13000,13.156252,13.643547,500,development,1,included
Damaged_UR,27,13000,13500,13.679187,14.166481,500,development,1,included
Damaged_UR,28,13500,14000,14.209184,14.696479,500,development,1,included
Damaged_UR,29,14000,14500,14.734054,15.221348,500,development,1,included
Damaged_UR,30,14500,15000,15.259219,15.746513,500,development,1,included
Damaged_UR,31,15000,15500,15.782678,16.269972,500,development,1,included
Damaged_UR,32,15500,16000,16.308399,16.795694,500,development,1,included
Damaged_UR,33,16000,16500,16.833717,17.321011,500,development,1,included
Damaged_UR,34,16500,17000,17.359978,17.847273,500,development,1,included
Damaged_UR,35,17000,17500,17.887223,18.374517,500,development,1,included
Damaged_UR,36,17500,18000,18.417602,18.904897,500,development,1,included
Damaged_UR,37,18000,18500,18.948791,19.436085,500,development,1,included
Damaged_UR,38,18500,19000,19.479512,19.966806,500,development,1,included
Damaged_UR,39,19000,19500,20.007672,20.494966,500,development,1,included
Damaged_UR,40,19500,20000,20.535803,21.023097,500,development,1,included
Damaged_UR,41,20000,20500,21.059978,21.547272,500,development,1,included
Damaged_UR,42,20500,21000,21.586619,22.073913,500,development,1,included
Damaged_UR,43,21000,21500,22.108944,22.596238,500,development,1,included
Damaged_UR,44,21500,22000,22.632571,23.119865,500,development,1,included
Damaged_UR,45,22000,22500,23.157856,23.64515,500,development,1,included
Damaged_UR,46,22500,23000,23.68391,24.171204,500,development,1,included
Damaged_UR,47,23000,23500,24.209588,24.696882,500,development,1,included
Damaged_UR,48,23500,24000,24.735003,25.222297,500,development,1,included
Damaged_UR,49,24000,24500,25.256568,25.743862,500,development,1,included
Damaged_UR,50,24500,25000,25.78262,26.269914,500,development,1,included
Damaged_UR,51,25000,25500,26.307544,26.794838,500,development,1,included
Damaged_UR,52,25500,26000,26.837918,27.325213,500,development,1,included
Damaged_UR,53,26000,26500,27.360852,27.848146,500,development,1,included
Damaged_UR,54,26500,27000,27.888598,28.375892,500,development,1,included
Damaged_UR,55,27000,27500,28.416862,28.904156,500,development,1,included
Damaged_UR,56,27500,28000,28.940897,29.428191,500,development,1,included
Damaged_UR,57,28000,28500,29.469542,29.956836,500,development,1,included
Damaged_UR,58,28500,29000,29.994026,30.48132,500,development,1,included
Damaged_UR,59,29000,29500,30.52346,31.010754,500,development,1,included
Damaged_UR,60,29500,30000,31.054463,31.541758,500,development,1,included
Damaged_UR,61,30000,30500,31.580527,32.067821,500,development,1,included
Damaged_UR,62,30500,31000,32.103702,32.590996,500,development,1,included
Damaged_UR,63,31000,31500,32.628666,33.11596,500,development,1,included
Damaged_UR,64,31500,32000,33.154263,33.641557,500,development,1,included
Damaged_UR,65,32000,32500,33.678585,34.165879,500,development,1,included
Damaged_UR,66,32500,33000,34.207971,34.695266,500,development,1,included
Damaged_UR,67,33000,33500,34.735523,35.222817,500,development,1,included
Damaged_UR,68,33500,34000,35.26071,35.748004,500,development,1,included
Damaged_UR,69,34000,34500,35.788924,36.276218,500,development,1,included
Damaged_UR,70,34500,35000,36.316495,36.80379,500,development,1,included
Damaged_UR,71,35000,35500,36.839005,37.3263,500,development,1,included
Damaged_UR,72,35500,36000,37.361241,37.848535,500,development,1,included
Damaged_UR,73,36000,36500,37.882031,38.369325,500,development,1,included
Damaged_UR,74,36500,37000,38.415286,38.90258,500,development,1,included
Damaged_UR,75,37000,37500,38.94007,39.427365,500,development,1,included
Damaged_UR,76,37500,38000,39.467376,39.954671,500,development,1,included
Damaged_UR,77,38000,38500,39.992324,40.479619,500,development,1,included
Damaged_UR,78,38500,39000,40.518907,41.006201,500,development,1,included
Damaged_UR,79,39000,39500,41.043188,41.530482,500,development,1,included
Damaged_UR,80,39500,40000,41.569481,42.056775,500,development,1,included
Damaged_UR,81,40000,40500,42.093388,42.580683,500,development,1,included
Damaged_UR,82,40500,41000,42.627677,43.114971,500,development,1,included
Damaged_UR,83,41000,41500,43.148922,43.636216,500,development,1,included
Damaged_UR,84,41500,42000,43.676994,44.164288,500,development,1,included
Damaged_UR,85,42000,42500,44.20253,44.689824,500,development,1,included
Damaged_UR,86,42500,43000,44.726805,45.214099,500,development,1,included
Damaged_UR,87,43000,43500,45.250299,45.737593,500,development,1,included
Damaged_UR,88,43500,44000,45.773582,46.260876,500,development,1,included
Damaged_UR,89,44000,44500,46.303165,46.790459,500,development,1,included
Damaged_UR,90,44500,45000,46.826655,47.31395,500,development,1,included
Damaged_UR,91,45000,45500,47.350219,47.837513,500,development,1,included
Damaged_UR,92,45500,46000,47.873695,48.360989,500,development,1,included
Damaged_UR,93,46000,46500,48.399226,48.88652,500,development,1,included
Damaged_UR,94,46500,47000,48.923492,49.410786,500,development,1,included
Damaged_UR,95,47000,47500,49.457523,49.944817,500,development,1,included
Damaged_UR,96,47500,48000,49.980323,50.467617,500,development,1,included
Damaged_UR,97,48000,48500,50.505368,50.992662,500,development,1,included
Damaged_UR,98,48500,49000,51.030922,51.518216,500,development,1,included
Damaged_UR,99,49000,49500,51.558441,52.045736,500,development,1,included
Damaged_UR,100,49500,50000,52.083704,52.570998,500,development,1,included
Damaged_UR,101,50000,50500,52.611611,53.098905,500,development,1,included
Damaged_UR,102,50500,51000,53.138388,53.625682,500,development,1,included
Damaged_UR,103,51000,51500,53.660952,54.148247,500,development,1,included
Damaged_UR,104,51500,52000,54.186641,54.673935,500,development,1,included
Damaged_UR,105,52000,52500,54.708688,55.195983,500,development,1,included
Damaged_UR,106,52500,53000,55.232085,55.71938,500,development,1,included
Damaged_UR,107,53000,53500,55.762283,56.249577,500,development,1,included
Damaged_UR,108,53500,54000,56.287225,56.77452,500,development,1,included
Damaged_UR,109,54000,54500,56.817741,57.305035,500,development,1,included
Damaged_UR,110,54500,55000,57.340633,57.827927,500,development,1,included
Damaged_UR,111,55000,55500,57.868653,58.355948,500,development,1,included
Damaged_UR,112,55500,56000,58.393407,58.880701,500,development,1,included
Damaged_UR,113,56000,56500,58.918495,59.405789,500,development,1,included
Damaged_UR,114,56500,57000,59.444013,59.931307,500,development,1,included
Damaged_UR,115,57000,57500,59.966515,60.453809,500,development,1,included
Damaged_UR,116,57500,58000,60.488475,60.97577,500,development,1,included
Damaged_UR,117,58000,58500,61.012625,61.49992,500,development,1,included
Damaged_UR,118,58500,59000,61.541847,62.029141,500,development,1,included
Damaged_UR,119,59000,59500,62.064297,62.551591,500,development,1,included
Damaged_UR,120,59500,60000,62.588823,63.076117,500,development,1,included
Damaged_UR,121,60000,60500,63.113301,63.600595,500,development,1,included
Damaged_UR,122,60500,61000,63.636858,64.124152,500,development,1,included
Damaged_UR,123,61000,61500,64.163807,64.651101,500,development,1,included
Damaged_UR,124,61500,62000,64.690656,65.17795,500,development,1,included
Damaged_UR,125,62000,62500,65.211594,65.698889,500,development,1,included
Damaged_UR,126,62500,63000,65.735822,66.223116,500,development,1,included
Damaged_UR,127,63000,63500,66.261374,66.748668,500,development,1,included
Damaged_UR,128,63500,64000,66.785433,67.272727,500,development,1,included
Damaged_UR,129,64000,64500,67.316883,67.804177,500,development,1,included
Damaged_UR,130,64500,65000,67.841433,68.328727,500,development,1,included
Damaged_UR,131,65000,65500,68.36474,68.852034,500,development,1,included
Damaged_UR,132,65500,66000,68.890702,69.377997,500,development,1,included
Damaged_UR,133,66000,66500,69.41616,69.903454,500,development,1,included
Damaged_UR,134,66500,67000,69.940098,70.427392,500,excluded,0,outside_intervals_or_crosses_boundary
Damaged_UR,135,67000,67500,70.462836,70.950131,500,development,2,included
Damaged_UR,136,67500,68000,70.988785,71.476079,500,development,2,included
Damaged_UR,137,68000,68500,71.521301,72.008595,500,development,2,included
Damaged_UR,138,68500,69000,72.043899,72.531193,500,development,2,included
Damaged_UR,139,69000,69500,72.570372,73.057666,500,development,2,included
Damaged_UR,140,69500,70000,73.102897,73.590191,500,development,2,included
Damaged_UR,141,70000,70500,73.631045,74.118339,500,development,2,included
Damaged_UR,142,70500,71000,74.155593,74.642887,500,development,2,included
Damaged_UR,143,71000,71500,74.682729,75.170023,500,development,2,included
Damaged_UR,144,71500,72000,75.209506,75.696801,500,development,2,included
Damaged_UR,145,72000,72500,75.737274,76.224568,500,development,2,included
Damaged_UR,146,72500,73000,76.261838,76.749132,500,development,2,included
Damaged_UR,147,73000,73500,76.787165,77.274459,500,development,2,included
Damaged_UR,148,73500,74000,77.315035,77.80233,500,development,2,included
Damaged_UR,149,74000,74500,77.841655,78.328949,500,development,2,included
Damaged_UR,150,74500,75000,78.36712,78.854415,500,development,2,included
Damaged_UR,151,75000,75500,78.892529,79.379823,500,development,2,included
Damaged_UR,152,75500,76000,79.416026,79.903321,500,development,2,included
Damaged_UR,153,76000,76500,79.942047,80.429342,500,development,2,included
Damaged_UR,154,76500,77000,80.469041,80.956335,500,development,2,included
Damaged_UR,155,77000,77500,80.996449,81.483743,500,development,2,included
Damaged_UR,156,77500,78000,81.522499,82.009793,500,development,2,included
Damaged_UR,157,78000,78500,82.046294,82.533589,500,development,2,included
Damaged_UR,158,78500,79000,82.57131,83.058604,500,development,2,included
Damaged_UR,159,79000,79500,83.096033,83.583328,500,development,2,included
Damaged_UR,160,79500,80000,83.628445,84.115739,500,development,2,included
Damaged_UR,161,80000,80500,84.154896,84.64219,500,development,2,included
Damaged_UR,162,80500,81000,84.681111,85.168405,500,development,2,included
Damaged_UR,163,81000,81500,85.204915,85.69221,500,development,2,included
Damaged_UR,164,81500,82000,85.730819,86.218113,500,development,2,included
Damaged_UR,165,82000,82500,86.261403,86.748697,500,development,2,included
Damaged_UR,166,82500,83000,86.784229,87.271523,500,development,2,included
Damaged_UR,167,83000,83500,87.309423,87.796718,500,development,2,included
Damaged_UR,168,83500,84000,87.832181,88.319475,500,development,2,included
Damaged_UR,169,84000,84500,88.359431,88.846726,500,development,2,included
Damaged_UR,170,84500,85000,88.887839,89.375133,500,development,2,included
Damaged_UR,171,85000,85500,89.412882,89.900176,500,development,2,included
Damaged_UR,172,85500,86000,89.940351,90.427646,500,development,2,included
Damaged_UR,173,86000,86500,90.466433,90.953727,500,development,2,included
Damaged_UR,174,86500,87000,90.989509,91.476803,500,development,2,included
Damaged_UR,175,87000,87500,91.513092,92.000387,500,development,2,included
Damaged_UR,176,87500,88000,92.039105,92.526399,500,development,2,included
Damaged_UR,177,88000,88500,92.562717,93.050011,500,development,2,included
Damaged_UR,178,88500,89000,93.088807,93.576101,500,development,2,included
Damaged_UR,179,89000,89500,93.615126,94.10242,500,development,2,included
Damaged_UR,180,89500,90000,94.140129,94.627423,500,development,2,included
Damaged_UR,181,90000,90500,94.670256,95.15755,500,development,2,included
Damaged_UR,182,90500,91000,95.194517,95.681812,500,development,2,included
Damaged_UR,183,91000,91500,95.718214,96.205508,500,development,2,included
Damaged_UR,184,91500,92000,96.246847,96.734141,500,development,2,included
Damaged_UR,185,92000,92500,96.777456,97.26475,500,development,2,included
Damaged_UR,186,92500,93000,97.300974,97.788268,500,development,2,included
Damaged_UR,187,93000,93500,97.823014,98.310308,500,development,2,included
Damaged_UR,188,93500,94000,98.34564,98.832934,500,development,2,included
Damaged_UR,189,94000,94500,98.869271,99.356565,500,development,2,included
Damaged_UR,190,94500,95000,99.394986,99.88228,500,development,2,included
Damaged_UR,191,95000,95500,99.921892,100.409187,500,development,2,included
Damaged_UR,192,95500,96000,100.446134,100.933429,500,development,2,included
Damaged_UR,193,96000,96500,100.970576,101.45787,500,development,2,included
Damaged_UR,194,96500,97000,101.498877,101.986171,500,development,2,included
Damaged_UR,195,97000,97500,102.02761,102.514905,500,development,2,included
Damaged_UR,196,97500,98000,102.550832,103.038127,500,development,2,included
Damaged_UR,197,98000,98500,103.072789,103.560084,500,development,2,included
Damaged_UR,198,98500,99000,103.599349,104.086643,500,development,2,included
Damaged_UR,199,99000,99500,104.125476,104.612771,500,development,2,included
Damaged_UR,200,99500,100000,104.650413,105.137707,500,development,2,included
Damaged_UR,201,100000,100500,105.175935,105.663229,500,development,2,included
Damaged_UR,202,100500,101000,105.700216,106.18751,500,development,2,included
Damaged_UR,203,101000,101500,106.224825,106.71212,500,development,2,included
Damaged_UR,204,101500,102000,106.747526,107.23482,500,development,2,included
Damaged_UR,205,102000,102500,107.270893,107.758187,500,development,2,included
Damaged_UR,206,102500,103000,107.794759,108.282053,500,development,2,included
Damaged_UR,207,103000,103500,108.318057,108.805351,500,development,2,included
Damaged_UR,208,103500,104000,108.841284,109.328578,500,development,2,included
Damaged_UR,209,104000,104500,109.361796,109.849091,500,development,2,included
Damaged_UR,210,104500,105000,109.889568,110.376863,500,development,2,included
Damaged_UR,211,105000,105500,110.41624,110.903534,500,development,2,included
Damaged_UR,212,105500,106000,110.947386,111.43468,500,development,2,included
Damaged_UR,213,106000,106500,111.470651,111.957945,500,development,2,included
Damaged_UR,214,106500,107000,111.99562,112.482915,500,development,2,included
Damaged_UR,215,107000,107500,112.521706,113.009,500,development,2,included
Damaged_UR,216,107500,108000,113.045059,113.532354,500,development,2,included
Damaged_UR,217,108000,108500,113.570371,114.057666,500,development,2,included
Damaged_UR,218,108500,109000,114.102384,114.589678,500,development,2,included
Damaged_UR,219,109000,109500,114.626482,115.113777,500,development,2,included
Damaged_UR,220,109500,110000,115.152589,115.639883,500,development,2,included
Damaged_UR,221,110000,110500,115.680158,116.167452,500,development,2,included
Damaged_UR,222,110500,111000,116.205191,116.692486,500,development,2,included
Damaged_UR,223,111000,111500,116.731678,117.218973,500,development,2,included
Damaged_UR,224,111500,112000,117.25438,117.741674,500,development,2,included
Damaged_UR,225,112000,112500,117.787705,118.274999,500,development,2,included
Damaged_UR,226,112500,113000,118.310113,118.797407,500,development,2,included
Damaged_UR,227,113000,113500,118.838407,119.325702,500,development,2,included
Damaged_UR,228,113500,114000,119.364441,119.851736,500,development,2,included
Damaged_UR,229,114000,114500,119.888866,120.37616,500,development,2,included
Damaged_UR,230,114500,115000,120.412021,120.899315,500,development,2,included
Damaged_UR,231,115000,115500,120.941796,121.42909,500,development,2,included
Damaged_UR,232,115500,116000,121.4664,121.953694,500,development,2,included
Damaged_UR,233,116000,116500,121.99299,122.480284,500,development,2,included
Damaged_UR,234,116500,117000,122.518989,123.006284,500,development,2,included
Damaged_UR,235,117000,117500,123.046259,123.533554,500,development,2,included
Damaged_UR,236,117500,118000,123.568444,124.055738,500,development,2,included
Damaged_UR,237,118000,118500,124.093086,124.58038,500,development,2,included
Damaged_UR,238,118500,119000,124.617945,125.105239,500,development,2,included
Damaged_UR,239,119000,119500,125.142571,125.629866,500,development,2,included
Damaged_UR,240,119500,120000,125.664086,126.15138,500,development,2,included
Damaged_UR,241,120000,120500,126.190625,126.677919,500,development,2,included
Damaged_UR,242,120500,121000,126.717446,127.204741,500,development,2,included
Damaged_UR,243,121000,121500,127.241347,127.728641,500,development,2,included
Damaged_UR,244,121500,122000,127.768608,128.255902,500,development,2,included
Damaged_UR,245,122000,122500,128.294586,128.781881,500,development,2,included
Damaged_UR,246,122500,123000,128.817854,129.305148,500,development,2,included
Damaged_UR,247,123000,123500,129.343616,129.83091,500,development,2,included
Damaged_UR,248,123500,124000,129.87043,130.357724,500,excluded,0,outside_intervals_or_crosses_boundary
Damaged_UR,249,124000,124500,130.395055,130.882349,500,development,3,included
Damaged_UR,250,124500,125000,130.918734,131.406028,500,development,3,included
Damaged_UR,251,125000,125500,131.443456,131.93075,500,development,3,included
Damaged_UR,252,125500,126000,131.968864,132.456158,500,development,3,included
Damaged_UR,253,126000,126500,132.497198,132.984493,500,development,3,included
Damaged_UR,254,126500,127000,133.023979,133.511273,500,development,3,included
Damaged_UR,255,127000,127500,133.554671,134.041966,500,development,3,included
Damaged_UR,256,127500,128000,134.083262,134.570557,500,development,3,included
Damaged_UR,257,128000,128500,134.608843,135.096138,500,development,3,included
Damaged_UR,258,128500,129000,135.138373,135.625668,500,development,3,included
Damaged_UR,259,129000,129500,135.66536,136.152654,500,development,3,included
Damaged_UR,260,129500,130000,136.193303,136.680597,500,development,3,included
Damaged_UR,261,130000,130500,136.718971,137.206266,500,development,3,included
Damaged_UR,262,130500,131000,137.245384,137.732678,500,development,3,included
Damaged_UR,263,131000,131500,137.767256,138.25455,500,development,3,included
Damaged_UR,264,131500,132000,138.291059,138.778353,500,development,3,included
Damaged_UR,265,132000,132500,138.815955,139.303249,500,development,3,included
Damaged_UR,266,132500,133000,139.339255,139.82655,500,development,3,included
Damaged_UR,267,133000,133500,139.863411,140.350705,500,development,3,included
Damaged_UR,268,133500,134000,140.38562,140.872914,500,development,3,included
Damaged_UR,269,134000,134500,140.909256,141.39655,500,development,3,included
Damaged_UR,270,134500,135000,141.43295,141.920244,500,development,3,included
Damaged_UR,271,135000,135500,141.954918,142.442213,500,development,3,included
Damaged_UR,272,135500,136000,142.478452,142.965747,500,development,3,included
Damaged_UR,273,136000,136500,143.009314,143.496608,500,development,3,included
Damaged_UR,274,136500,137000,143.533386,144.020681,500,development,3,included
Damaged_UR,275,137000,137500,144.061974,144.549269,500,development,3,included
Damaged_UR,276,137500,138000,144.5853,145.072595,500,development,3,included
Damaged_UR,277,138000,138500,145.112013,145.599307,500,development,3,included
Damaged_UR,278,138500,139000,145.637927,146.125221,500,development,3,included
Damaged_UR,279,139000,139500,146.166232,146.653526,500,development,3,included
Damaged_UR,280,139500,140000,146.69373,147.181024,500,development,3,included
Damaged_UR,281,140000,140500,147.218526,147.70582,500,development,3,included
Damaged_UR,282,140500,141000,147.747594,148.234889,500,development,3,included
Damaged_UR,283,141000,141500,148.278351,148.765645,500,development,3,included
Damaged_UR,284,141500,142000,148.80135,149.288644,500,development,3,included
Damaged_UR,285,142000,142500,149.327008,149.814303,500,development,3,included
Damaged_UR,286,142500,143000,149.851558,150.338852,500,development,3,included
Damaged_UR,287,143000,143500,150.383011,150.870305,500,development,3,included
Damaged_UR,288,143500,144000,150.910709,151.398003,500,development,3,included
Damaged_UR,289,144000,144500,151.437013,151.924307,500,development,3,included
Damaged_UR,290,144500,145000,151.959623,152.446917,500,development,3,included
Damaged_UR,291,145000,145500,152.482715,152.970009,500,development,3,included
Damaged_UR,292,145500,146000,153.006646,153.49394,500,development,3,included
Damaged_UR,293,146000,146500,153.531084,154.018378,500,development,3,included
Damaged_UR,294,146500,147000,154.054606,154.541901,500,development,3,included
Damaged_UR,295,147000,147500,154.578462,155.065756,500,development,3,included
Damaged_UR,296,147500,148000,155.100287,155.587582,500,development,3,included
Damaged_UR,297,148000,148500,155.625344,156.112638,500,development,3,included
Damaged_UR,298,148500,149000,156.146016,156.63331,500,development,3,included
Damaged_UR,299,149000,149500,156.67098,157.158274,500,development,3,included
Damaged_UR,300,149500,150000,157.198353,157.685647,500,development,3,included
Damaged_UR,301,150000,150500,157.722421,158.209716,500,development,3,included
Damaged_UR,302,150500,151000,158.245141,158.732436,500,development,3,included
Damaged_UR,303,151000,151500,158.771045,159.25834,500,development,3,included
Damaged_UR,304,151500,152000,159.29535,159.782644,500,development,3,included
Damaged_UR,305,152000,152500,159.820286,160.30758,500,development,3,included
Damaged_UR,306,152500,153000,160.346097,160.833391,500,development,3,included
Damaged_UR,307,153000,153500,160.872919,161.360213,500,development,3,included
Damaged_UR,308,153500,154000,161.395299,161.882594,500,development,3,included
Damaged_UR,309,154000,154500,161.918515,162.405809,500,development,3,included
Damaged_UR,310,154500,155000,162.441561,162.928856,500,development,3,included
Damaged_UR,311,155000,155500,162.971783,163.459077,500,development,3,included
Damaged_UR,312,155500,156000,163.49705,163.984345,500,development,3,included
Damaged_UR,313,156000,156500,164.021311,164.508605,500,development,3,included
Damaged_UR,314,156500,157000,164.544976,165.03227,500,development,3,included
Damaged_UR,315,157000,157500,165.06731,165.554604,500,development,3,included
Damaged_UR,316,157500,158000,165.591711,166.079005,500,development,3,included
Damaged_UR,317,158000,158500,166.117252,166.604547,500,development,3,included
Damaged_UR,318,158500,159000,166.641238,167.128532,500,development,3,included
Damaged_UR,319,159000,159500,167.167349,167.654643,500,development,3,included
Damaged_UR,320,159500,160000,167.691626,168.17892,500,development,3,included
Damaged_UR,321,160000,160500,168.217404,168.704698,500,development,3,included
Damaged_UR,322,160500,161000,168.742937,169.230231,500,development,3,included
Damaged_UR,323,161000,161500,169.264945,169.752239,500,development,3,included
Damaged_UR,324,161500,162000,169.794643,170.281937,500,development,3,included
Damaged_UR,325,162000,162500,170.318763,170.806057,500,development,3,included
Damaged_UR,326,162500,163000,170.84113,171.328424,500,development,3,included
Damaged_UR,327,163000,163500,171.368152,171.855446,500,development,3,included
Damaged_UR,328,163500,164000,171.89103,172.378324,500,development,3,included
Damaged_UR,329,164000,164500,172.414876,172.90217,500,development,3,included
Damaged_UR,330,164500,165000,172.939147,173.426441,500,development,3,included
Damaged_UR,331,165000,165500,173.47005,173.957345,500,development,3,included
Damaged_UR,332,165500,166000,173.993204,174.480498,500,development,3,included
Damaged_UR,333,166000,166500,174.520334,175.007628,500,development,3,included
Damaged_UR,334,166500,167000,175.043814,175.531108,500,development,3,included
Damaged_UR,335,167000,167500,175.567849,176.055143,500,development,3,included
Damaged_UR,336,167500,168000,176.093526,176.58082,500,development,3,included
Damaged_UR,337,168000,168500,176.617438,177.104733,500,development,3,included
Damaged_UR,338,168500,169000,177.144899,177.632194,500,development,3,included
Damaged_UR,339,169000,169500,177.669529,178.156823,500,development,3,included
Damaged_UR,340,169500,170000,178.193232,178.680526,500,development,3,included
Damaged_UR,341,170000,170500,178.717365,179.204659,500,development,3,included
Damaged_UR,342,170500,171000,179.242503,179.729798,500,development,3,included
Damaged_UR,343,171000,171500,179.767303,180.254597,500,development,3,included
Damaged_UR,344,171500,172000,180.292037,180.779332,500,development,3,included
Damaged_UR,345,172000,172500,180.817461,181.304756,500,development,3,included
Damaged_UR,346,172500,173000,181.348806,181.8361,500,development,3,included
Damaged_UR,347,173000,173500,181.871296,182.35859,500,development,3,included
Damaged_UR,348,173500,174000,182.398877,182.886171,500,development,3,included
Damaged_UR,349,174000,174500,182.927209,183.414503,500,development,3,included
Damaged_UR,350,174500,175000,183.454597,183.941891,500,development,3,included
Damaged_UR,351,175000,175500,183.980047,184.467342,500,development,3,included
Damaged_UR,352,175500,176000,184.505527,184.992821,500,development,3,included
Damaged_UR,353,176000,176500,185.03332,185.520615,500,development,3,included
Damaged_UR,354,176500,177000,185.559998,186.047292,500,development,3,included
Damaged_UR,355,177000,177500,186.087455,186.574749,500,development,3,included
Damaged_UR,356,177500,178000,186.611656,187.09895,500,development,3,included
Damaged_UR,357,178000,178500,187.136899,187.624193,500,development,3,included
Damaged_UR,358,178500,179000,187.663391,188.150685,500,development,3,included
Damaged_UR,359,179000,179500,188.193251,188.680545,500,development,3,included
Damaged_UR,360,179500,180000,188.72218,189.209475,500,development,3,included
Damaged_UR,361,180000,180500,189.254131,189.741425,500,development,3,included
Damaged_UR,362,180500,181000,189.778115,190.26541,500,excluded,0,outside_intervals_or_crosses_boundary
Damaged_UR,363,181000,181500,190.30347,190.790764,500,development,4,included
Damaged_UR,364,181500,182000,190.826469,191.313763,500,development,4,included
Damaged_UR,365,182000,182500,191.350608,191.837902,500,development,4,included
Damaged_UR,366,182500,183000,191.877225,192.364519,500,development,4,included
Damaged_UR,367,183000,183500,192.403904,192.891198,500,development,4,included
Damaged_UR,368,183500,184000,192.928056,193.415351,500,development,4,included
Damaged_UR,369,184000,184500,193.451027,193.938321,500,development,4,included
Damaged_UR,370,184500,185000,193.973168,194.460462,500,development,4,included
Damaged_UR,371,185000,185500,194.502227,194.989521,500,development,4,included
Damaged_UR,372,185500,186000,195.031885,195.51918,500,development,4,included
Damaged_UR,373,186000,186500,195.556823,196.044117,500,development,4,included
Damaged_UR,374,186500,187000,196.080543,196.567837,500,development,4,included
Damaged_UR,375,187000,187500,196.603291,197.090585,500,development,4,included
Damaged_UR,376,187500,188000,197.130187,197.617482,500,development,4,included
Damaged_UR,377,188000,188500,197.658102,198.145396,500,development,4,included
Damaged_UR,378,188500,189000,198.180922,198.668216,500,development,4,included
Damaged_UR,379,189000,189500,198.710507,199.197801,500,development,4,included
Damaged_UR,380,189500,190000,199.235039,199.722334,500,development,4,included
Damaged_UR,381,190000,190500,199.762588,200.249882,500,development,4,included
Damaged_UR,382,190500,191000,200.29436,200.781655,500,development,4,included
Damaged_UR,383,191000,191500,200.820951,201.308245,500,development,4,included
Damaged_UR,384,191500,192000,201.347382,201.834677,500,development,4,included
Damaged_UR,385,192000,192500,201.870366,202.35766,500,development,4,included
Damaged_UR,386,192500,193000,202.396438,202.883733,500,development,4,included
Damaged_UR,387,193000,193500,202.927226,203.41452,500,development,4,included
Damaged_UR,388,193500,194000,203.45281,203.940104,500,development,4,included
Damaged_UR,389,194000,194500,203.979042,204.466336,500,development,4,included
Damaged_UR,390,194500,195000,204.503543,204.990838,500,development,4,included
Damaged_UR,391,195000,195500,205.02775,205.515044,500,development,4,included
Damaged_UR,392,195500,196000,205.551397,206.038691,500,development,4,included
Damaged_UR,393,196000,196500,206.076101,206.563396,500,development,4,included
Damaged_UR,394,196500,197000,206.599293,207.086587,500,development,4,included
Damaged_UR,395,197000,197500,207.121994,207.609288,500,development,4,included
Damaged_UR,396,197500,198000,207.653057,208.140352,500,development,4,included
Damaged_UR,397,198000,198500,208.17684,208.664134,500,development,4,included
Damaged_UR,398,198500,199000,208.699879,209.187173,500,development,4,included
Damaged_UR,399,199000,199500,209.223396,209.710691,500,development,4,included
Damaged_UR,400,199500,200000,209.74951,210.236804,500,development,4,included
Damaged_UR,401,200000,200500,210.277149,210.764443,500,development,4,included
Damaged_UR,402,200500,201000,210.801511,211.288805,500,development,4,included
Damaged_UR,403,201000,201500,211.326546,211.81384,500,development,4,included
Damaged_UR,404,201500,202000,211.851238,212.338532,500,development,4,included
Damaged_UR,405,202000,202500,212.379407,212.866702,500,development,4,included
Damaged_UR,406,202500,203000,212.903685,213.390979,500,development,4,included
Damaged_UR,407,203000,203500,213.432968,213.920263,500,development,4,included
Damaged_UR,408,203500,204000,213.954517,214.441811,500,development,4,included
Damaged_UR,409,204000,204500,214.476117,214.963411,500,development,4,included
Damaged_UR,410,204500,205000,215.001066,215.48836,500,development,4,included
Damaged_UR,411,205000,205500,215.52876,216.016054,500,development,4,included
Damaged_UR,412,205500,206000,216.052419,216.539714,500,development,4,included
Damaged_UR,413,206000,206500,216.583394,217.070688,500,development,4,included
Damaged_UR,414,206500,207000,217.108753,217.596047,500,development,4,included
Damaged_UR,415,207000,207500,217.638386,218.12568,500,development,4,included
Damaged_UR,416,207500,208000,218.161398,218.648692,500,development,4,included
Damaged_UR,417,208000,208500,218.687058,219.174352,500,development,4,included
Damaged_UR,418,208500,209000,219.208531,219.695826,500,development,4,included
Damaged_UR,419,209000,209500,219.74386,220.231154,500,development,4,included
Damaged_UR,420,209500,210000,220.269022,220.756316,500,development,4,included
Damaged_UR,421,210000,210500,220.798356,221.28565,500,development,4,included
Damaged_UR,422,210500,211000,221.326618,221.813912,500,development,4,included
Damaged_UR,423,211000,211500,221.853973,222.341267,500,development,4,included
Damaged_UR,424,211500,212000,222.378751,222.866045,500,development,4,included
Damaged_UR,425,212000,212500,222.903493,223.390787,500,development,4,included
Damaged_UR,426,212500,213000,223.426899,223.914193,500,development,4,included
Damaged_UR,427,213000,213500,223.95192,224.439214,500,development,4,included
Damaged_UR,428,213500,214000,224.482178,224.969473,500,development,4,included
Damaged_UR,429,214000,214500,225.005521,225.492816,500,development,4,included
Damaged_UR,430,214500,215000,225.532599,226.019893,500,development,4,included
Damaged_UR,431,215000,215500,226.05575,226.543044,500,development,4,included
Damaged_UR,432,215500,216000,226.579576,227.06687,500,development,4,included
Damaged_UR,433,216000,216500,227.102562,227.589856,500,development,4,included
Damaged_UR,434,216500,217000,227.630589,228.117883,500,development,4,included
Damaged_UR,435,217000,217500,228.153266,228.64056,500,development,4,included
Damaged_UR,436,217500,218000,228.676337,229.163631,500,development,4,included
Damaged_UR,437,218000,218500,229.200637,229.687931,500,development,4,included
Damaged_UR,438,218500,219000,229.722152,230.209446,500,development,4,included
Damaged_UR,439,219000,219500,230.252133,230.739427,500,development,4,included
Damaged_UR,440,219500,220000,230.777406,231.2647,500,development,4,included
Damaged_UR,441,220000,220500,231.303346,231.790641,500,development,4,included
Damaged_UR,442,220500,221000,231.826932,232.314226,500,development,4,included
Damaged_UR,443,221000,221500,232.350435,232.83773,500,development,4,included
Damaged_UR,444,221500,222000,232.873983,233.361277,500,development,4,included
Damaged_UR,445,222000,222500,233.397403,233.884697,500,development,4,included
Damaged_UR,446,222500,223000,233.928728,234.416022,500,development,4,included
Damaged_UR,447,223000,223500,234.455475,234.942769,500,development,4,included
Damaged_UR,448,223500,224000,234.979032,235.466326,500,development,4,included
Damaged_UR,449,224000,224500,235.505935,235.99323,500,development,4,included
Damaged_UR,450,224500,225000,236.03674,236.524034,500,development,4,included
Damaged_UR,451,225000,225500,236.562259,237.049553,500,development,4,included
Damaged_UR,452,225500,226000,237.086551,237.573845,500,development,4,included
Damaged_UR,453,226000,226500,237.609423,238.096717,500,development,4,included
Damaged_UR,454,226500,227000,238.133666,238.620961,500,development,4,included
Damaged_UR,455,227000,227500,238.656212,239.143506,500,development,4,included
Damaged_UR,456,227500,228000,239.177096,239.664391,500,development,4,included
Damaged_UR,457,228000,228500,239.703579,240.190873,500,development,4,included
Damaged_UR,458,228500,229000,240.227381,240.714676,500,development,4,included
Damaged_UR,459,229000,229500,240.753972,241.241266,500,development,4,included
Damaged_UR,460,229500,230000,241.278345,241.76564,500,development,4,included
Damaged_UR,461,230000,230500,241.808121,242.295416,500,development,4,included
Damaged_UR,462,230500,231000,242.330978,242.818272,500,development,4,included
Damaged_UR,463,231000,231500,242.857526,243.34482,500,development,4,included
Damaged_UR,464,231500,232000,243.389237,243.876531,500,development,4,included
Damaged_UR,465,232000,232500,243.915538,244.402832,500,development,4,included
Damaged_UR,466,232500,233000,244.440189,244.927483,500,development,4,included
Damaged_UR,467,233000,233500,244.969818,245.457112,500,development,4,included
Damaged_UR,468,233500,234000,245.494791,245.982085,500,development,4,included
Damaged_UR,469,234000,234500,246.017579,246.504873,500,development,4,included
Damaged_UR,470,234500,235000,246.540447,247.027742,500,development,4,included
Damaged_UR,471,235000,235500,247.071605,247.558899,500,development,4,included
Damaged_UR,472,235500,236000,247.60112,248.088415,500,development,4,included
Damaged_UR,473,236000,236500,248.126271,248.613566,500,development,4,included
Damaged_UR,474,236500,237000,248.650797,249.138091,500,development,4,included
Damaged_UR,475,237000,237500,249.176666,249.663961,500,development,4,included
Damaged_UR,476,237500,238000,249.704126,250.19142,500,excluded,0,outside_intervals_or_crosses_boundary
Damaged_UR,477,238000,238500,250.231955,250.71925,500,excluded,0,outside_intervals_or_crosses_boundary
Damaged_UR,478,238500,239000,250.764328,251.251622,500,excluded,0,outside_intervals_or_crosses_boundary
Damaged_UR,479,239000,239500,251.29776,251.785055,500,excluded,0,outside_intervals_or_crosses_boundary
Damaged_UR,480,239500,240000,251.820558,252.307852,500,excluded,0,outside_intervals_or_crosses_boundary
Damaged_UR,481,240000,240500,252.343589,252.830883,500,test,1,included
Damaged_UR,482,240500,241000,252.868334,253.355628,500,test,1,included
Damaged_UR,483,241000,241500,253.391208,253.878503,500,test,1,included
Damaged_UR,484,241500,242000,253.916306,254.4036,500,test,1,included
Damaged_UR,485,242000,242500,254.442165,254.92946,500,test,1,included
Damaged_UR,486,242500,243000,254.968406,255.4557,500,test,1,included
Damaged_UR,487,243000,243500,255.496675,255.983969,500,test,1,included
Damaged_UR,488,243500,244000,256.020331,256.507625,500,test,1,included
Damaged_UR,489,244000,244500,256.547301,257.034595,500,test,1,included
Damaged_UR,490,244500,245000,257.079952,257.567247,500,test,1,included
Damaged_UR,491,245000,245500,257.603125,258.090419,500,test,1,included
Damaged_UR,492,245500,246000,258.12848,258.615774,500,test,1,included
Damaged_UR,493,246000,246500,258.652968,259.140262,500,test,1,included
Damaged_UR,494,246500,247000,259.177124,259.664418,500,test,1,included
Damaged_UR,495,247000,247500,259.704651,260.191945,500,test,1,included
Damaged_UR,496,247500,248000,260.233766,260.72106,500,test,1,included
Damaged_UR,497,248000,248500,260.758631,261.245925,500,test,1,included
Damaged_UR,498,248500,249000,261.283791,261.771085,500,test,1,included
Damaged_UR,499,249000,249500,261.808038,262.295332,500,test,1,included
Damaged_UR,500,249500,250000,262.3415,262.828794,500,test,1,included
Damaged_UR,501,250000,250500,262.866841,263.354135,500,test,1,included
Damaged_UR,502,250500,251000,263.393614,263.880908,500,test,1,included
Damaged_UR,503,251000,251500,263.920211,264.407505,500,test,1,included
Damaged_UR,504,251500,252000,264.45433,264.941624,500,test,1,included
Damaged_UR,505,252000,252500,264.978878,265.466172,500,test,1,included
Damaged_UR,506,252500,253000,265.503586,265.990881,500,test,1,included
Damaged_UR,507,253000,253500,266.026717,266.514011,500,test,1,included
Damaged_UR,508,253500,254000,266.549669,267.036964,500,test,1,included
Damaged_UR,509,254000,254500,267.07481,267.562104,500,test,1,included
Damaged_UR,510,254500,255000,267.597188,268.084482,500,test,1,included
Damaged_UR,511,255000,255500,268.121442,268.608736,500,test,1,included
Damaged_UR,512,255500,256000,268.645516,269.13281,500,test,1,included
Damaged_UR,513,256000,256500,269.169489,269.656783,500,test,1,included
Damaged_UR,514,256500,257000,269.695368,270.182662,500,test,1,included
Damaged_UR,515,257000,257500,270.225736,270.713031,500,test,1,included
Damaged_UR,516,257500,258000,270.74837,271.235665,500,test,1,included
Damaged_UR,517,258000,258500,271.271861,271.759156,500,test,1,included
Damaged_UR,518,258500,259000,271.80027,272.287565,500,test,1,included
Damaged_UR,519,259000,259500,272.325372,272.812667,500,test,1,included
Damaged_UR,520,259500,260000,272.848592,273.335886,500,test,1,included
Damaged_UR,521,260000,260500,273.373186,273.860481,500,test,1,included
Damaged_UR,522,260500,261000,273.898066,274.38536,500,test,1,included
Damaged_UR,523,261000,261500,274.423323,274.910618,500,test,1,included
Damaged_UR,524,261500,262000,274.948153,275.435447,500,test,1,included
Damaged_UR,525,262000,262500,275.478981,275.966275,500,test,1,included
Damaged_UR,526,262500,263000,276.002288,276.489582,500,test,1,included
Damaged_UR,527,263000,263500,276.526886,277.01418,500,test,1,included
Damaged_UR,528,263500,264000,277.049317,277.536612,500,test,1,included
Damaged_UR,529,264000,264500,277.581511,278.068805,500,test,1,included
Damaged_UR,530,264500,265000,278.108189,278.595483,500,test,1,included
Damaged_UR,531,265000,265500,278.632944,279.120239,500,test,1,included
Damaged_UR,532,265500,266000,279.159976,279.64727,500,test,1,included
Damaged_UR,533,266000,266500,279.690777,280.178072,500,test,1,included
Damaged_UR,534,266500,267000,280.215911,280.703205,500,test,1,included
Damaged_UR,535,267000,267500,280.741645,281.22894,500,test,1,included
Damaged_UR,536,267500,268000,281.268022,281.755316,500,test,1,included
Damaged_UR,537,268000,268500,281.795083,282.282377,500,test,1,included
Damaged_UR,538,268500,269000,282.321142,282.808437,500,test,1,included
Damaged_UR,539,269000,269500,282.844774,283.332068,500,test,1,included
Damaged_UR,540,269500,270000,283.369882,283.857176,500,test,1,included
Damaged_UR,541,270000,270500,283.898105,284.385399,500,test,1,included
Damaged_UR,542,270500,271000,284.430129,284.917424,500,test,1,included
Damaged_UR,543,271000,271500,284.956141,285.443435,500,test,1,included
Damaged_UR,544,271500,272000,285.479757,285.967051,500,test,1,included
Damaged_UR,545,272000,272500,286.013028,286.500322,500,test,1,included
Damaged_UR,546,272500,273000,286.546297,287.033591,500,test,1,included
Damaged_UR,547,273000,273500,287.073295,287.560589,500,test,1,included
Damaged_UR,548,273500,274000,287.597617,288.084911,500,test,1,included
Damaged_UR,549,274000,274500,288.125195,288.612489,500,test,1,included
Damaged_UR,550,274500,275000,288.658454,289.145748,500,test,1,included
Damaged_UR,551,275000,275500,289.184618,289.671912,500,test,1,included
Damaged_UR,552,275500,276000,289.708837,290.196131,500,test,1,included
Damaged_UR,553,276000,276500,290.23244,290.719734,500,test,1,included
Damaged_UR,554,276500,277000,290.758718,291.246012,500,test,1,included
Damaged_UR,555,277000,277500,291.281753,291.769048,500,test,1,included
Damaged_UR,556,277500,278000,291.807713,292.295007,500,test,1,included
Damaged_UR,557,278000,278500,292.332768,292.820062,500,test,1,included
Damaged_UR,558,278500,279000,292.858116,293.34541,500,test,1,included
Damaged_UR,559,279000,279500,293.384231,293.871525,500,test,1,included
Damaged_UR,560,279500,280000,293.907655,294.394949,500,test,1,included
Damaged_UR,561,280000,280500,294.433095,294.920389,500,test,1,included
Damaged_UR,562,280500,281000,294.957638,295.444932,500,test,1,included
Damaged_UR,563,281000,281500,295.482199,295.969493,500,test,1,included
Damaged_UR,564,281500,282000,296.011761,296.499056,500,test,1,included
Damaged_UR,565,282000,282500,296.537257,297.024552,500,test,1,included
Damaged_UR,566,282500,283000,297.063183,297.550477,500,test,1,included
Damaged_UR,567,283000,283500,297.590337,298.077631,500,test,1,included
Damaged_UR,568,283500,284000,298.116669,298.603963,500,test,1,included
Damaged_UR,569,284000,284500,298.646687,299.133982,500,test,1,included
Damaged_UR,570,284500,285000,299.173275,299.660569,500,test,1,included
Damaged_UR,571,285000,285500,299.700663,300.187958,500,test,1,included
Damaged_UR,572,285500,286000,300.224588,300.711883,500,test,1,included
Damaged_UR,573,286000,286500,300.751492,301.238787,500,test,1,included
Damaged_UR,574,286500,287000,301.275518,301.762812,500,test,1,included
Damaged_UR,575,287000,287500,301.808337,302.295631,500,test,1,included
Damaged_UR,576,287500,288000,302.337284,302.824579,500,test,1,included
Damaged_UR,577,288000,288500,302.861931,303.349225,500,test,1,included
Damaged_UR,578,288500,289000,303.394692,303.881986,500,test,1,included
Damaged_UR,579,289000,289500,303.919475,304.40677,500,test,1,included
Damaged_UR,580,289500,290000,304.445422,304.932717,500,test,1,included
Damaged_UR,581,290000,290500,304.969358,305.456652,500,test,1,included
Damaged_UR,582,290500,291000,305.499597,305.986891,500,test,1,included
Damaged_UR,583,291000,291500,306.022278,306.509572,500,test,1,included
Damaged_UR,584,291500,292000,306.544899,307.032194,500,test,1,included
Damaged_UR,585,292000,292500,307.068466,307.55576,500,test,1,included
Damaged_UR,586,292500,293000,307.592929,308.080224,500,test,1,included
Damaged_UR,587,293000,293500,308.123831,308.611125,500,test,1,included
Damaged_UR,588,293500,294000,308.646284,309.133578,500,test,1,included
Damaged_UR,589,294000,294500,309.17161,309.658904,500,test,1,included
Damaged_UR,590,294500,295000,309.702719,310.190013,500,test,1,included
Damaged_UR,591,295000,295500,310.230848,310.718142,500,test,1,included
Damaged_UR,592,295500,296000,310.757084,311.244378,500,test,1,included
Damaged_UR,593,296000,296500,311.283112,311.770406,500,test,1,included
Damaged_UR,594,296500,297000,311.810429,312.297723,500,excluded,0,outside_intervals_or_crosses_boundary
Damaged_UR,595,297000,297500,312.335512,312.822807,500,test,2,included
Damaged_UR,596,297500,298000,312.859169,313.346463,500,test,2,included
Damaged_UR,597,298000,298500,313.384221,313.871516,500,test,2,included
Damaged_UR,598,298500,299000,313.908489,314.395783,500,test,2,included
Damaged_UR,599,299000,299500,314.433305,314.920599,500,test,2,included
Damaged_UR,600,299500,300000,314.962186,315.44948,500,test,2,included
Damaged_UR,601,300000,300500,315.489765,315.977059,500,test,2,included
Damaged_UR,602,300500,301000,316.011381,316.498675,500,test,2,included
Damaged_UR,603,301000,301500,316.537627,317.024921,500,test,2,included
Damaged_UR,604,301500,302000,317.061438,317.548732,500,test,2,included
Damaged_UR,605,302000,302500,317.587099,318.074393,500,test,2,included
Damaged_UR,606,302500,303000,318.110692,318.597986,500,test,2,included
Damaged_UR,607,303000,303500,318.638656,319.125951,500,test,2,included
Damaged_UR,608,303500,304000,319.165304,319.652599,500,test,2,included
Damaged_UR,609,304000,304500,319.690525,320.177819,500,test,2,included
Damaged_UR,610,304500,305000,320.214841,320.702135,500,test,2,included
Damaged_UR,611,305000,305500,320.741301,321.228595,500,test,2,included
Damaged_UR,612,305500,306000,321.2697,321.756995,500,test,2,included
Damaged_UR,613,306000,306500,321.79356,322.280854,500,test,2,included
Damaged_UR,614,306500,307000,322.319342,322.806636,500,test,2,included
Damaged_UR,615,307000,307500,322.84647,323.333764,500,test,2,included
Damaged_UR,616,307500,308000,323.37713,323.864424,500,test,2,included
Damaged_UR,617,308000,308500,323.902893,324.390187,500,test,2,included
Damaged_UR,618,308500,309000,324.433229,324.920524,500,test,2,included
Damaged_UR,619,309000,309500,324.95621,325.443505,500,test,2,included
Damaged_UR,620,309500,310000,325.482566,325.96986,500,test,2,included
Damaged_UR,621,310000,310500,326.006489,326.493784,500,test,2,included
Damaged_UR,622,310500,311000,326.533297,327.020591,500,test,2,included
Damaged_UR,623,311000,311500,327.059466,327.546761,500,test,2,included
Damaged_UR,624,311500,312000,327.585615,328.07291,500,test,2,included
Damaged_UR,625,312000,312500,328.112249,328.599543,500,test,2,included
Damaged_UR,626,312500,313000,328.636859,329.124154,500,test,2,included
Damaged_UR,627,313000,313500,329.160313,329.647608,500,test,2,included
Damaged_UR,628,313500,314000,329.685551,330.172845,500,test,2,included
Damaged_UR,629,314000,314500,330.211246,330.69854,500,test,2,included
Damaged_UR,630,314500,315000,330.735443,331.222737,500,test,2,included
Damaged_UR,631,315000,315500,331.255797,331.743091,500,test,2,included
Damaged_UR,632,315500,316000,331.786631,332.273925,500,test,2,included
Damaged_UR,633,316000,316500,332.30914,332.796434,500,test,2,included
Damaged_UR,634,316500,317000,332.83891,333.326205,500,test,2,included
Damaged_UR,635,317000,317500,333.365606,333.8529,500,test,2,included
Damaged_UR,636,317500,318000,333.892755,334.380049,500,test,2,included
Damaged_UR,637,318000,318500,334.425317,334.912611,500,test,2,included
Damaged_UR,638,318500,319000,334.96055,335.447844,500,test,2,included
Damaged_UR,639,319000,319500,335.485912,335.973207,500,test,2,included
Damaged_UR,640,319500,320000,336.0086,336.495894,500,test,2,included
Damaged_UR,641,320000,320500,336.546626,337.03392,500,test,2,included
Damaged_UR,642,320500,321000,337.071631,337.558925,500,test,2,included
Damaged_UR,643,321000,321500,337.601166,338.08846,500,test,2,included
Damaged_UR,644,321500,322000,338.125411,338.612705,500,test,2,included
Damaged_UR,645,322000,322500,338.652282,339.139577,500,test,2,included
Damaged_UR,646,322500,323000,339.1806,339.667894,500,test,2,included
Damaged_UR,647,323000,323500,339.705921,340.193215,500,test,2,included
Damaged_UR,648,323500,324000,340.236749,340.724043,500,test,2,included
Damaged_UR,649,324000,324500,340.762313,341.249607,500,test,2,included
Damaged_UR,650,324500,325000,341.288945,341.776239,500,test,2,included
Damaged_UR,651,325000,325500,341.81679,342.304084,500,test,2,included
Damaged_UR,652,325500,326000,342.346162,342.833456,500,test,2,included
Damaged_UR,653,326000,326500,342.871299,343.358593,500,test,2,included
Damaged_UR,654,326500,327000,343.397233,343.884527,500,test,2,included
Damaged_UR,655,327000,327500,343.92329,344.410584,500,test,2,included
Damaged_UR,656,327500,328000,344.449099,344.936393,500,test,2,included
Damaged_UR,657,328000,328500,344.975056,345.462351,500,test,2,included
Damaged_UR,658,328500,329000,345.505066,345.992361,500,test,2,included
Damaged_UR,659,329000,329500,346.03146,346.518754,500,test,2,included
Damaged_UR,660,329500,330000,346.559083,347.046377,500,test,2,included
Damaged_UR,661,330000,330500,347.085383,347.572678,500,test,2,included
Damaged_UR,662,330500,331000,347.617694,348.104988,500,test,2,included
Damaged_UR,663,331000,331500,348.146896,348.63419,500,test,2,included
Damaged_UR,664,331500,332000,348.673246,349.16054,500,test,2,included
Damaged_UR,665,332000,332500,349.199628,349.686922,500,test,2,included
Damaged_UR,666,332500,333000,349.727136,350.21443,500,test,2,included
Damaged_UR,667,333000,333500,350.25231,350.739604,500,test,2,included
Damaged_UR,668,333500,334000,350.783382,351.270676,500,test,2,included
Damaged_UR,669,334000,334500,351.30722,351.794514,500,test,2,included
Damaged_UR,670,334500,335000,351.831537,352.318831,500,test,2,included
Damaged_UR,671,335000,335500,352.356294,352.843589,500,test,2,included
Damaged_UR,672,335500,336000,352.881475,353.368769,500,test,2,included
Damaged_UR,673,336000,336500,353.407052,353.894346,500,test,2,included
Damaged_UR,674,336500,337000,353.930866,354.418161,500,test,2,included
Damaged_UR,675,337000,337500,354.453608,354.940903,500,test,2,included
Damaged_UR,676,337500,338000,354.97926,355.466554,500,test,2,included
Damaged_UR,677,338000,338500,355.50318,355.990474,500,test,2,included
Damaged_UR,678,338500,339000,356.029559,356.516853,500,test,2,included
Damaged_UR,679,339000,339500,356.557763,357.045057,500,test,2,included
Damaged_UR,680,339500,340000,357.083596,357.57089,500,test,2,included
Damaged_UR,681,340000,340500,357.616278,358.103572,500,test,2,included
Damaged_UR,682,340500,341000,358.147131,358.634426,500,test,2,included
Damaged_UR,683,341000,341500,358.674526,359.16182,500,test,2,included
Damaged_UR,684,341500,342000,359.19729,359.684584,500,test,2,included
Damaged_UR,685,342000,342500,359.726873,360.214167,500,test,2,included
Damaged_UR,686,342500,343000,360.252521,360.739815,500,test,2,included
Damaged_UR,687,343000,343500,360.783747,361.271041,500,test,2,included
Damaged_UR,688,343500,344000,361.308162,361.795456,500,test,2,included
Damaged_UR,689,344000,344500,361.83759,362.324885,500,test,2,included
Damaged_UR,690,344500,345000,362.361474,362.848769,500,test,2,included
Damaged_UR,691,345000,345500,362.886925,363.37422,500,test,2,included
Damaged_UR,692,345500,346000,363.416787,363.904081,500,test,2,included
Damaged_UR,693,346000,346500,363.943627,364.430921,500,test,2,included
Damaged_UR,694,346500,347000,364.479926,364.967221,500,test,2,included
Damaged_UR,695,347000,347500,365.014936,365.502231,500,test,2,included
Damaged_UR,696,347500,348000,365.541067,366.028362,500,test,2,included
Damaged_UR,697,348000,348500,366.064459,366.551753,500,test,2,included
Damaged_UR,698,348500,349000,366.58924,367.076534,500,test,2,included
Damaged_UR,699,349000,349500,367.114541,367.601835,500,test,2,included
Damaged_UR,700,349500,350000,367.643547,368.130842,500,test,2,included
Damaged_UR,701,350000,350500,368.169935,368.657229,500,test,2,included
Damaged_UR,702,350500,351000,368.695275,369.182569,500,test,2,included
Damaged_UR,703,351000,351500,369.219954,369.707248,500,test,2,included
Damaged_UR,704,351500,352000,369.752942,370.240237,500,test,2,included
Damaged_UR,705,352000,352500,370.278254,370.765548,500,test,2,included
Damaged_UR,706,352500,353000,370.803126,371.29042,500,test,2,included
Damaged_UR,707,353000,353500,371.327957,371.815252,500,test,2,included
Damaged_UR,708,353500,354000,371.850293,372.337587,500,excluded,0,outside_intervals_or_crosses_boundary
Damaged_UR,709,354000,354500,372.376353,372.863647,500,excluded,0,outside_intervals_or_crosses_boundary
Damaged_UR,710,354500,355000,372.903209,373.390503,500,excluded,0,outside_intervals_or_crosses_boundary
Damaged_UR,711,355000,355500,373.431122,373.918416,500,excluded,0,outside_intervals_or_crosses_boundary
Damaged_UR,712,355500,356000,373.964635,374.45193,500,excluded,0,outside_intervals_or_crosses_boundary
Damaged_UR,713,356000,356500,374.489793,374.977088,500,excluded,0,outside_intervals_or_crosses_boundary
Damaged_UR,714,356500,357000,375.014876,375.50217,500,excluded,0,outside_intervals_or_crosses_boundary
Damaged_UR,715,357000,357500,375.544181,376.031475,500,excluded,0,outside_intervals_or_crosses_boundary
Damaged_UR,716,357500,358000,376.073291,376.560585,500,excluded,0,outside_intervals_or_crosses_boundary
Damaged_UR,717,358000,358500,376.60777,377.095064,500,excluded,0,outside_intervals_or_crosses_boundary
Damaged_UR,718,358500,359000,377.131599,377.618893,500,excluded,0,outside_intervals_or_crosses_boundary
Damaged_UR,719,359000,359500,377.663574,378.150868,500,excluded,0,outside_intervals_or_crosses_boundary
Damaged_UR,720,359500,360000,378.195591,378.682885,500,excluded,0,outside_intervals_or_crosses_boundary
Damaged_UR,721,360000,360500,378.719776,379.20707,500,excluded,0,outside_intervals_or_crosses_boundary
Damaged_UR,722,360500,361000,379.249517,379.736811,500,excluded,0,outside_intervals_or_crosses_boundary
Damaged_UR,723,361000,361500,379.772195,380.259489,500,excluded,0,outside_intervals_or_crosses_boundary
Damaged_UR,724,361500,362000,380.299105,380.7864,500,excluded,0,outside_intervals_or_crosses_boundary
Damaged_UR,725,362000,362500,380.824449,381.311743,500,excluded,0,outside_intervals_or_crosses_boundary
Damaged_UR,726,362500,363000,381.352977,381.840272,500,excluded,0,outside_intervals_or_crosses_boundary
Damaged_UR,727,363000,363500,381.878771,382.366065,500,excluded,0,outside_intervals_or_crosses_boundary
Damaged_UR,728,363500,364000,382.409141,382.896435,500,excluded,0,outside_intervals_or_crosses_boundary
Damaged_UR,729,364000,364500,382.939469,383.426763,500,excluded,0,outside_intervals_or_crosses_boundary
Damaged_UR,730,364500,365000,383.465514,383.952809,500,excluded,0,outside_intervals_or_crosses_boundary
Damaged_UR,731,365000,365500,383.99303,384.480324,500,excluded,0,outside_intervals_or_crosses_boundary
Damaged_UR,732,365500,366000,384.515509,385.002803,500,excluded,0,outside_intervals_or_crosses_boundary
Damaged_UR,733,366000,366500,385.046766,385.534061,500,excluded,0,outside_intervals_or_crosses_boundary
Damaged_UR,734,366500,367000,385.570955,386.058249,500,excluded,0,outside_intervals_or_crosses_boundary
Damaged_UR,735,367000,367500,386.095617,386.582911,500,excluded,0,outside_intervals_or_crosses_boundary
Damaged_UR,736,367500,368000,386.628057,387.115351,500,excluded,0,outside_intervals_or_crosses_boundary
Damaged_UR,737,368000,368500,387.151665,387.63896,500,excluded,0,outside_intervals_or_crosses_boundary
Damaged_UR,738,368500,369000,387.677753,388.165047,500,excluded,0,outside_intervals_or_crosses_boundary
Damaged_UR,739,369000,369500,388.206419,388.693714,500,excluded,0,outside_intervals_or_crosses_boundary
Damaged_UR,740,369500,370000,388.733998,389.221292,500,excluded,0,outside_intervals_or_crosses_boundary
Damaged_UR,741,370000,370500,389.26304,389.750334,500,excluded,0,outside_intervals_or_crosses_boundary
Damaged_UR,742,370500,371000,389.794496,390.28179,500,excluded,0,outside_intervals_or_crosses_boundary
Damaged_UR,743,371000,371500,390.318715,390.806009,500,excluded,0,outside_intervals_or_crosses_boundary
Damaged_UR,744,371500,372000,390.852271,391.339566,500,excluded,0,outside_intervals_or_crosses_boundary
Damaged_UR,745,372000,372500,391.386091,391.873385,500,excluded,0,outside_intervals_or_crosses_boundary
Damaged_UR,746,372500,373000,391.914128,392.401422,500,excluded,0,outside_intervals_or_crosses_boundary
Damaged_UR,747,373000,373500,392.43694,392.924234,500,excluded,0,outside_intervals_or_crosses_boundary
Damaged_UR,748,373500,374000,392.960659,393.447954,500,excluded,0,outside_intervals_or_crosses_boundary
Damaged_UR,749,374000,374500,393.48805,393.975345,500,excluded,0,outside_intervals_or_crosses_boundary
Damaged_UR,750,374500,375000,394.028522,394.515816,500,excluded,0,outside_intervals_or_crosses_boundary
Damaged_UR,751,375000,375500,394.553024,395.040318,500,excluded,0,outside_intervals_or_crosses_boundary
Damaged_UR,752,375500,376000,395.077453,395.564747,500,excluded,0,outside_intervals_or_crosses_boundary
Damaged_UR,753,376000,376500,395.60362,396.090914,500,excluded,0,outside_intervals_or_crosses_boundary
Damaged_UR,754,376500,377000,396.133853,396.621148,500,excluded,0,outside_intervals_or_crosses_boundary
Damaged_UR,755,377000,377500,396.661846,397.14914,500,excluded,0,outside_intervals_or_crosses_boundary
Damaged_UR,756,377500,378000,397.190658,397.677952,500,excluded,0,outside_intervals_or_crosses_boundary
Damaged_UR,757,378000,378500,397.717174,398.204468,500,excluded,0,outside_intervals_or_crosses_boundary
Damaged_UR,758,378500,379000,398.240425,398.72772,500,excluded,0,outside_intervals_or_crosses_boundary
Damaged_UR,759,379000,379500,398.765712,399.253006,500,excluded,0,outside_intervals_or_crosses_boundary
Damaged_UR,760,379500,380000,399.29007,399.777364,500,excluded,0,outside_intervals_or_crosses_boundary
Damaged_UR,761,380000,380500,399.814625,400.301919,500,excluded,0,outside_intervals_or_crosses_boundary
Damaged_UR,762,380500,381000,400.339815,400.827109,500,excluded,0,outside_intervals_or_crosses_boundary
Damaged_UR,763,381000,381500,400.864514,401.351808,500,excluded,0,outside_intervals_or_crosses_boundary
Damaged_UR,764,381500,382000,401.390042,401.877336,500,excluded,0,outside_intervals_or_crosses_boundary
Damaged_UR,765,382000,382500,401.913036,402.40033,500,excluded,0,outside_intervals_or_crosses_boundary
Damaged_UR,766,382500,383000,402.447888,402.935182,500,excluded,0,outside_intervals_or_crosses_boundary
Damaged_UR,767,383000,383500,402.978542,403.465836,500,excluded,0,outside_intervals_or_crosses_boundary
Damaged_UR,768,383500,384000,403.501708,403.989002,500,excluded,0,outside_intervals_or_crosses_boundary
Damaged_UR,769,384000,384500,404.026869,404.514164,500,excluded,0,outside_intervals_or_crosses_boundary
Damaged_UR,770,384500,385000,404.553534,405.040829,500,excluded,0,outside_intervals_or_crosses_boundary
Damaged_UR,771,385000,385500,405.085072,405.572366,500,excluded,0,outside_intervals_or_crosses_boundary
Damaged_UR,772,385500,386000,405.609383,406.096677,500,excluded,0,outside_intervals_or_crosses_boundary
Damaged_UR,773,386000,386500,406.131612,406.618906,500,excluded,0,outside_intervals_or_crosses_boundary
Damaged_UR,774,386500,387000,406.664475,407.151769,500,excluded,0,outside_intervals_or_crosses_boundary
Damaged_UR,775,387000,387500,407.189404,407.676698,500,excluded,0,outside_intervals_or_crosses_boundary
Damaged_UR,776,387500,388000,407.71784,408.205134,500,excluded,0,outside_intervals_or_crosses_boundary
Damaged_UR,777,388000,388500,408.252444,408.739738,500,excluded,0,outside_intervals_or_crosses_boundary
Damaged_UR,778,388500,389000,408.784846,409.27214,500,excluded,0,outside_intervals_or_crosses_boundary
Damaged_UR,779,389000,389500,409.310916,409.79821,500,excluded,0,outside_intervals_or_crosses_boundary
Damaged_UR,780,389500,390000,409.84274,410.330034,500,excluded,0,outside_intervals_or_crosses_boundary
Damaged_UR,781,390000,390500,410.374171,410.861465,500,excluded,0,outside_intervals_or_crosses_boundary
Damaged_UR,782,390500,391000,410.900908,411.388202,500,excluded,0,outside_intervals_or_crosses_boundary
Damaged_UR,783,391000,391500,411.428223,411.915517,500,excluded,0,outside_intervals_or_crosses_boundary
Damaged_UR,784,391500,392000,411.959601,412.446895,500,excluded,0,outside_intervals_or_crosses_boundary
Damaged_UR,785,392000,392500,412.487877,412.975171,500,excluded,0,outside_intervals_or_crosses_boundary
Damaged_UR,786,392500,393000,413.018774,413.506068,500,excluded,0,outside_intervals_or_crosses_boundary
Damaged_UR,787,393000,393500,413.544421,414.031715,500,excluded,0,outside_intervals_or_crosses_boundary
Damaged_UR,788,393500,394000,414.067773,414.555068,500,excluded,0,outside_intervals_or_crosses_boundary
Damaged_UR,789,394000,394500,414.592681,415.079975,500,excluded,0,outside_intervals_or_crosses_boundary
Damaged_UR,790,394500,395000,415.115698,415.602992,500,excluded,0,outside_intervals_or_crosses_boundary
Damaged_UR,791,395000,395500,415.639856,416.12715,500,excluded,0,outside_intervals_or_crosses_boundary
Damaged_UR,792,395500,396000,416.162289,416.649583,500,excluded,0,outside_intervals_or_crosses_boundary
Damaged_UR,793,396000,396500,416.684583,417.171877,500,excluded,0,outside_intervals_or_crosses_boundary
Damaged_UR,794,396500,397000,417.210579,417.697873,500,excluded,0,outside_intervals_or_crosses_boundary
Damaged_UR,795,397000,397500,417.737169,418.224463,500,excluded,0,outside_intervals_or_crosses_boundary
Damaged_UR,796,397500,398000,418.265977,418.753271,500,excluded,0,outside_intervals_or_crosses_boundary
Damaged_UR,797,398000,398500,418.791796,419.27909,500,excluded,0,outside_intervals_or_crosses_boundary
Damaged_UR,798,398500,399000,419.315765,419.803059,500,excluded,0,outside_intervals_or_crosses_boundary
Damaged_UR,799,399000,399500,419.840968,420.328263,500,excluded,0,outside_intervals_or_crosses_boundary
Damaged_UR,800,399500,400000,420.375099,420.862393,500,excluded,0,outside_intervals_or_crosses_boundary
Unbalanced_LR,1,0,500,0.0,0.487294,500,excluded,0,outside_intervals_or_crosses_boundary
Unbalanced_LR,2,500,1000,0.53006,1.017354,500,excluded,0,outside_intervals_or_crosses_boundary
Unbalanced_LR,3,1000,1500,1.055173,1.542467,500,excluded,0,outside_intervals_or_crosses_boundary
Unbalanced_LR,4,1500,2000,1.578238,2.065533,500,excluded,0,outside_intervals_or_crosses_boundary
Unbalanced_LR,5,2000,2500,2.10023,2.587525,500,excluded,0,outside_intervals_or_crosses_boundary
Unbalanced_LR,6,2500,3000,2.624042,3.111337,500,excluded,0,outside_intervals_or_crosses_boundary
Unbalanced_LR,7,3000,3500,3.147795,3.635089,500,excluded,0,outside_intervals_or_crosses_boundary
Unbalanced_LR,8,3500,4000,3.675515,4.162809,500,excluded,0,outside_intervals_or_crosses_boundary
Unbalanced_LR,9,4000,4500,4.203901,4.691195,500,excluded,0,outside_intervals_or_crosses_boundary
Unbalanced_LR,10,4500,5000,4.727471,5.214765,500,excluded,0,outside_intervals_or_crosses_boundary
Unbalanced_LR,11,5000,5500,5.253079,5.740373,500,excluded,0,outside_intervals_or_crosses_boundary
Unbalanced_LR,12,5500,6000,5.780883,6.268178,500,excluded,0,outside_intervals_or_crosses_boundary
Unbalanced_LR,13,6000,6500,6.305884,6.793178,500,excluded,0,outside_intervals_or_crosses_boundary
Unbalanced_LR,14,6500,7000,6.84138,7.328675,500,excluded,0,outside_intervals_or_crosses_boundary
Unbalanced_LR,15,7000,7500,7.365152,7.852446,500,excluded,0,outside_intervals_or_crosses_boundary
Unbalanced_LR,16,7500,8000,7.892214,8.379508,500,excluded,0,outside_intervals_or_crosses_boundary
Unbalanced_LR,17,8000,8500,8.418638,8.905933,500,excluded,0,outside_intervals_or_crosses_boundary
Unbalanced_LR,18,8500,9000,8.943716,9.43101,500,excluded,0,outside_intervals_or_crosses_boundary
Unbalanced_LR,19,9000,9500,9.467897,9.955191,500,excluded,0,outside_intervals_or_crosses_boundary
Unbalanced_LR,20,9500,10000,9.994638,10.481933,500,excluded,0,outside_intervals_or_crosses_boundary
Unbalanced_LR,21,10000,10500,10.518476,11.00577,500,development,1,included
Unbalanced_LR,22,10500,11000,11.04123,11.528525,500,development,1,included
Unbalanced_LR,23,11000,11500,11.564961,12.052255,500,development,1,included
Unbalanced_LR,24,11500,12000,12.096439,12.583733,500,development,1,included
Unbalanced_LR,25,12000,12500,12.621904,13.109198,500,development,1,included
Unbalanced_LR,26,12500,13000,13.146043,13.633337,500,development,1,included
Unbalanced_LR,27,13000,13500,13.673168,14.160463,500,development,1,included
Unbalanced_LR,28,13500,14000,14.199329,14.686623,500,development,1,included
Unbalanced_LR,29,14000,14500,14.731224,15.218518,500,development,1,included
Unbalanced_LR,30,14500,15000,15.257999,15.745293,500,development,1,included
Unbalanced_LR,31,15000,15500,15.782533,16.269828,500,development,1,included
Unbalanced_LR,32,15500,16000,16.308811,16.796105,500,development,1,included
Unbalanced_LR,33,16000,16500,16.8432,17.330495,500,development,1,included
Unbalanced_LR,34,16500,17000,17.368205,17.855499,500,development,1,included
Unbalanced_LR,35,17000,17500,17.890128,18.377422,500,development,1,included
Unbalanced_LR,36,17500,18000,18.413595,18.900889,500,development,1,included
Unbalanced_LR,37,18000,18500,18.936097,19.423391,500,development,1,included
Unbalanced_LR,38,18500,19000,19.461695,19.948989,500,development,1,included
Unbalanced_LR,39,19000,19500,19.985586,20.47288,500,development,1,included
Unbalanced_LR,40,19500,20000,20.509785,20.997079,500,development,1,included
Unbalanced_LR,41,20000,20500,21.035039,21.522333,500,development,1,included
Unbalanced_LR,42,20500,21000,21.558133,22.045427,500,development,1,included
Unbalanced_LR,43,21000,21500,22.081588,22.568882,500,development,1,included
Unbalanced_LR,44,21500,22000,22.605815,23.093109,500,development,1,included
Unbalanced_LR,45,22000,22500,23.129072,23.616366,500,development,1,included
Unbalanced_LR,46,22500,23000,23.658605,24.145899,500,development,1,included
Unbalanced_LR,47,23000,23500,24.18241,24.669704,500,development,1,included
Unbalanced_LR,48,23500,24000,24.706568,25.193862,500,development,1,included
Unbalanced_LR,49,24000,24500,25.237163,25.724457,500,development,1,included
Unbalanced_LR,50,24500,25000,25.760258,26.247552,500,development,1,included
Unbalanced_LR,51,25000,25500,26.287391,26.774685,500,development,1,included
Unbalanced_LR,52,25500,26000,26.813103,27.300398,500,development,1,included
Unbalanced_LR,53,26000,26500,27.337647,27.824941,500,development,1,included
Unbalanced_LR,54,26500,27000,27.862424,28.349718,500,development,1,included
Unbalanced_LR,55,27000,27500,28.389872,28.877166,500,development,1,included
Unbalanced_LR,56,27500,28000,28.915299,29.402593,500,development,1,included
Unbalanced_LR,57,28000,28500,29.439064,29.926358,500,development,1,included
Unbalanced_LR,58,28500,29000,29.960434,30.447728,500,development,1,included
Unbalanced_LR,59,29000,29500,30.485674,30.972968,500,development,1,included
Unbalanced_LR,60,29500,30000,31.017627,31.504921,500,development,1,included
Unbalanced_LR,61,30000,30500,31.542161,32.029455,500,development,1,included
Unbalanced_LR,62,30500,31000,32.067499,32.554793,500,development,1,included
Unbalanced_LR,63,31000,31500,32.594617,33.081911,500,development,1,included
Unbalanced_LR,64,31500,32000,33.127937,33.615231,500,development,1,included
Unbalanced_LR,65,32000,32500,33.653685,34.140979,500,development,1,included
Unbalanced_LR,66,32500,33000,34.177578,34.664872,500,development,1,included
Unbalanced_LR,67,33000,33500,34.702764,35.190058,500,development,1,included
Unbalanced_LR,68,33500,34000,35.225793,35.713087,500,development,1,included
Unbalanced_LR,69,34000,34500,35.753913,36.241207,500,development,1,included
Unbalanced_LR,70,34500,35000,36.277631,36.764925,500,development,1,included
Unbalanced_LR,71,35000,35500,36.800856,37.28815,500,development,1,included
Unbalanced_LR,72,35500,36000,37.325952,37.813246,500,development,1,included
Unbalanced_LR,73,36000,36500,37.851903,38.339198,500,development,1,included
Unbalanced_LR,74,36500,37000,38.379073,38.866367,500,development,1,included
Unbalanced_LR,75,37000,37500,38.905473,39.392767,500,development,1,included
Unbalanced_LR,76,37500,38000,39.430117,39.917411,500,development,1,included
Unbalanced_LR,77,38000,38500,39.955558,40.442852,500,development,1,included
Unbalanced_LR,78,38500,39000,40.482694,40.969988,500,development,1,included
Unbalanced_LR,79,39000,39500,41.006725,41.494019,500,development,1,included
Unbalanced_LR,80,39500,40000,41.537492,42.024786,500,development,1,included
Unbalanced_LR,81,40000,40500,42.060294,42.547589,500,development,1,included
Unbalanced_LR,82,40500,41000,42.585236,43.07253,500,development,1,included
Unbalanced_LR,83,41000,41500,43.110847,43.598141,500,development,1,included
Unbalanced_LR,84,41500,42000,43.640761,44.128056,500,development,1,included
Unbalanced_LR,85,42000,42500,44.16336,44.650654,500,development,1,included
Unbalanced_LR,86,42500,43000,44.689062,45.176357,500,development,1,included
Unbalanced_LR,87,43000,43500,45.213723,45.701017,500,development,1,included
Unbalanced_LR,88,43500,44000,45.740911,46.228205,500,development,1,included
Unbalanced_LR,89,44000,44500,46.265091,46.752385,500,development,1,included
Unbalanced_LR,90,44500,45000,46.788898,47.276192,500,development,1,included
Unbalanced_LR,91,45000,45500,47.31534,47.802634,500,development,1,included
Unbalanced_LR,92,45500,46000,47.845026,48.33232,500,development,1,included
Unbalanced_LR,93,46000,46500,48.369284,48.856578,500,development,1,included
Unbalanced_LR,94,46500,47000,48.894496,49.381791,500,development,1,included
Unbalanced_LR,95,47000,47500,49.417342,49.904636,500,development,1,included
Unbalanced_LR,96,47500,48000,49.948432,50.435727,500,development,1,included
Unbalanced_LR,97,48000,48500,50.471092,50.958386,500,development,1,included
Unbalanced_LR,98,48500,49000,50.995942,51.483236,500,development,1,included
Unbalanced_LR,99,49000,49500,51.520113,52.007407,500,development,1,included
Unbalanced_LR,100,49500,50000,52.043076,52.53037,500,development,1,included
Unbalanced_LR,101,50000,50500,52.591938,53.079232,500,development,1,included
Unbalanced_LR,102,50500,51000,53.118075,53.605369,500,development,1,included
Unbalanced_LR,103,51000,51500,53.645856,54.13315,500,development,1,included
Unbalanced_LR,104,51500,52000,54.175002,54.662296,500,development,1,included
Unbalanced_LR,105,52000,52500,54.699985,55.18728,500,development,1,included
Unbalanced_LR,106,52500,53000,55.224374,55.711668,500,development,1,included
Unbalanced_LR,107,53000,53500,55.752867,56.240161,500,development,1,included
Unbalanced_LR,108,53500,54000,56.279541,56.766835,500,development,1,included
Unbalanced_LR,109,54000,54500,56.804371,57.291666,500,development,1,included
Unbalanced_LR,110,54500,55000,57.333708,57.821003,500,development,1,included
Unbalanced_LR,111,55000,55500,57.85682,58.344114,500,development,1,included
Unbalanced_LR,112,55500,56000,58.379432,58.866726,500,development,1,included
Unbalanced_LR,113,56000,56500,58.903948,59.391242,500,development,1,included
Unbalanced_LR,114,56500,57000,59.428228,59.915522,500,development,1,included
Unbalanced_LR,115,57000,57500,59.952832,60.440126,500,development,1,included
Unbalanced_LR,116,57500,58000,60.476408,60.963703,500,development,1,included
Unbalanced_LR,117,58000,58500,61.008247,61.495541,500,development,1,included
Unbalanced_LR,118,58500,59000,61.539659,62.026953,500,development,1,included
Unbalanced_LR,119,59000,59500,62.067591,62.554885,500,development,1,included
Unbalanced_LR,120,59500,60000,62.589863,63.077158,500,development,1,included
Unbalanced_LR,121,60000,60500,63.117503,63.604797,500,development,1,included
Unbalanced_LR,122,60500,61000,63.640215,64.127509,500,development,1,included
Unbalanced_LR,123,61000,61500,64.165867,64.653162,500,development,1,included
Unbalanced_LR,124,61500,62000,64.693611,65.180905,500,development,1,included
Unbalanced_LR,125,62000,62500,65.217388,65.704682,500,development,1,included
Unbalanced_LR,126,62500,63000,65.745754,66.233049,500,development,1,included
Unbalanced_LR,127,63000,63500,66.278199,66.765494,500,development,1,included
Unbalanced_LR,128,63500,64000,66.802431,67.289725,500,development,1,included
Unbalanced_LR,129,64000,64500,67.328376,67.81567,500,development,1,included
Unbalanced_LR,130,64500,65000,67.855742,68.343036,500,development,1,included
Unbalanced_LR,131,65000,65500,68.38548,68.872774,500,development,1,included
Unbalanced_LR,132,65500,66000,68.912026,69.399321,500,development,1,included
Unbalanced_LR,133,66000,66500,69.435553,69.922847,500,development,1,included
Unbalanced_LR,134,66500,67000,69.960061,70.447355,500,excluded,0,outside_intervals_or_crosses_boundary
Unbalanced_LR,135,67000,67500,70.481793,70.969087,500,development,2,included
Unbalanced_LR,136,67500,68000,71.011882,71.499176,500,development,2,included
Unbalanced_LR,137,68000,68500,71.53381,72.021104,500,development,2,included
Unbalanced_LR,138,68500,69000,72.055683,72.542977,500,development,2,included
Unbalanced_LR,139,69000,69500,72.581608,73.068902,500,development,2,included
Unbalanced_LR,140,69500,70000,73.108076,73.59537,500,development,2,included
Unbalanced_LR,141,70000,70500,73.641765,74.129059,500,development,2,included
Unbalanced_LR,142,70500,71000,74.166522,74.653816,500,development,2,included
Unbalanced_LR,143,71000,71500,74.697478,75.184772,500,development,2,included
Unbalanced_LR,144,71500,72000,75.225755,75.713049,500,development,2,included
Unbalanced_LR,145,72000,72500,75.750379,76.237673,500,development,2,included
Unbalanced_LR,146,72500,73000,76.272083,76.759377,500,development,2,included
Unbalanced_LR,147,73000,73500,76.80134,77.288634,500,development,2,included
Unbalanced_LR,148,73500,74000,77.324372,77.811667,500,development,2,included
Unbalanced_LR,149,74000,74500,77.849958,78.337252,500,development,2,included
Unbalanced_LR,150,74500,75000,78.373286,78.860581,500,development,2,included
Unbalanced_LR,151,75000,75500,78.898684,79.385978,500,development,2,included
Unbalanced_LR,152,75500,76000,79.42214,79.909434,500,development,2,included
Unbalanced_LR,153,76000,76500,79.944353,80.431647,500,development,2,included
Unbalanced_LR,154,76500,77000,80.467595,80.954889,500,development,2,included
Unbalanced_LR,155,77000,77500,80.993644,81.480938,500,development,2,included
Unbalanced_LR,156,77500,78000,81.515687,82.002981,500,development,2,included
Unbalanced_LR,157,78000,78500,82.046212,82.533507,500,development,2,included
Unbalanced_LR,158,78500,79000,82.574061,83.061356,500,development,2,included
Unbalanced_LR,159,79000,79500,83.104122,83.591416,500,development,2,included
Unbalanced_LR,160,79500,80000,83.632542,84.119836,500,development,2,included
Unbalanced_LR,161,80000,80500,84.160294,84.647589,500,development,2,included
Unbalanced_LR,162,80500,81000,84.687927,85.175221,500,development,2,included
Unbalanced_LR,163,81000,81500,85.217101,85.704395,500,development,2,included
Unbalanced_LR,164,81500,82000,85.744384,86.231678,500,development,2,included
Unbalanced_LR,165,82000,82500,86.278075,86.765369,500,development,2,included
Unbalanced_LR,166,82500,83000,86.802652,87.289946,500,development,2,included
Unbalanced_LR,167,83000,83500,87.327571,87.814865,500,development,2,included
Unbalanced_LR,168,83500,84000,87.859352,88.346646,500,development,2,included
Unbalanced_LR,169,84000,84500,88.390052,88.877346,500,development,2,included
Unbalanced_LR,170,84500,85000,88.921792,89.409086,500,development,2,included
Unbalanced_LR,171,85000,85500,89.451154,89.938449,500,development,2,included
Unbalanced_LR,172,85500,86000,89.97644,90.463734,500,development,2,included
Unbalanced_LR,173,86000,86500,90.499728,90.987022,500,development,2,included
Unbalanced_LR,174,86500,87000,91.023605,91.510899,500,development,2,included
Unbalanced_LR,175,87000,87500,91.550843,92.038137,500,development,2,included
Unbalanced_LR,176,87500,88000,92.079516,92.56681,500,development,2,included
Unbalanced_LR,177,88000,88500,92.603591,93.090885,500,development,2,included
Unbalanced_LR,178,88500,89000,93.128054,93.615348,500,development,2,included
Unbalanced_LR,179,89000,89500,93.653123,94.140417,500,development,2,included
Unbalanced_LR,180,89500,90000,94.17824,94.665535,500,development,2,included
Unbalanced_LR,181,90000,90500,94.70275,95.190045,500,development,2,included
Unbalanced_LR,182,90500,91000,95.229369,95.716663,500,development,2,included
Unbalanced_LR,183,91000,91500,95.755537,96.242831,500,development,2,included
Unbalanced_LR,184,91500,92000,96.28608,96.773374,500,development,2,included
Unbalanced_LR,185,92000,92500,96.811156,97.29845,500,development,2,included
Unbalanced_LR,186,92500,93000,97.341608,97.828902,500,development,2,included
Unbalanced_LR,187,93000,93500,97.865558,98.352852,500,development,2,included
Unbalanced_LR,188,93500,94000,98.388728,98.876023,500,development,2,included
Unbalanced_LR,189,94000,94500,98.912837,99.400131,500,development,2,included
Unbalanced_LR,190,94500,95000,99.43717,99.924464,500,development,2,included
Unbalanced_LR,191,95000,95500,99.962323,100.449617,500,development,2,included
Unbalanced_LR,192,95500,96000,100.485591,100.972885,500,development,2,included
Unbalanced_LR,193,96000,96500,101.01621,101.503505,500,development,2,included
Unbalanced_LR,194,96500,97000,101.541014,102.028309,500,development,2,included
Unbalanced_LR,195,97000,97500,102.069529,102.556824,500,development,2,included
Unbalanced_LR,196,97500,98000,102.593704,103.080998,500,development,2,included
Unbalanced_LR,197,98000,98500,103.116724,103.604018,500,development,2,included
Unbalanced_LR,198,98500,99000,103.641334,104.128628,500,development,2,included
Unbalanced_LR,199,99000,99500,104.170326,104.65762,500,development,2,included
Unbalanced_LR,200,99500,100000,104.695447,105.182741,500,development,2,included
Unbalanced_LR,201,100000,100500,105.22317,105.710464,500,development,2,included
Unbalanced_LR,202,100500,101000,105.749119,106.236413,500,development,2,included
Unbalanced_LR,203,101000,101500,106.275116,106.76241,500,development,2,included
Unbalanced_LR,204,101500,102000,106.798009,107.285303,500,development,2,included
Unbalanced_LR,205,102000,102500,107.324009,107.811303,500,development,2,included
Unbalanced_LR,206,102500,103000,107.852331,108.339625,500,development,2,included
Unbalanced_LR,207,103000,103500,108.382802,108.870096,500,development,2,included
Unbalanced_LR,208,103500,104000,108.909016,109.39631,500,development,2,included
Unbalanced_LR,209,104000,104500,109.433555,109.920849,500,development,2,included
Unbalanced_LR,210,104500,105000,109.958522,110.445816,500,development,2,included
Unbalanced_LR,211,105000,105500,110.484943,110.972237,500,development,2,included
Unbalanced_LR,212,105500,106000,111.01237,111.499665,500,development,2,included
Unbalanced_LR,213,106000,106500,111.540687,112.027981,500,development,2,included
Unbalanced_LR,214,106500,107000,112.063785,112.551079,500,development,2,included
Unbalanced_LR,215,107000,107500,112.588246,113.075541,500,development,2,included
Unbalanced_LR,216,107500,108000,113.111715,113.599009,500,development,2,included
Unbalanced_LR,217,108000,108500,113.63654,114.123834,500,development,2,included
Unbalanced_LR,218,108500,109000,114.159132,114.646426,500,development,2,included
Unbalanced_LR,219,109000,109500,114.683907,115.171201,500,development,2,included
Unbalanced_LR,220,109500,110000,115.214786,115.70208,500,development,2,included
Unbalanced_LR,221,110000,110500,115.740118,116.227412,500,development,2,included
Unbalanced_LR,222,110500,111000,116.270294,116.757588,500,development,2,included
Unbalanced_LR,223,111000,111500,116.791518,117.278812,500,development,2,included
Unbalanced_LR,224,111500,112000,117.316472,117.803766,500,development,2,included
Unbalanced_LR,225,112000,112500,117.839662,118.326956,500,development,2,included
Unbalanced_LR,226,112500,113000,118.368086,118.85538,500,development,2,included
Unbalanced_LR,227,113000,113500,118.893975,119.381269,500,development,2,included
Unbalanced_LR,228,113500,114000,119.426374,119.913669,500,development,2,included
Unbalanced_LR,229,114000,114500,119.950512,120.437806,500,development,2,included
Unbalanced_LR,230,114500,115000,120.477467,120.964761,500,development,2,included
Unbalanced_LR,231,115000,115500,121.002658,121.489952,500,development,2,included
Unbalanced_LR,232,115500,116000,121.53312,122.020414,500,development,2,included
Unbalanced_LR,233,116000,116500,122.058284,122.545579,500,development,2,included
Unbalanced_LR,234,116500,117000,122.584608,123.071902,500,development,2,included
Unbalanced_LR,235,117000,117500,123.109891,123.597185,500,development,2,included
Unbalanced_LR,236,117500,118000,123.636395,124.123689,500,development,2,included
Unbalanced_LR,237,118000,118500,124.162203,124.649498,500,development,2,included
Unbalanced_LR,238,118500,119000,124.688024,125.175318,500,development,2,included
Unbalanced_LR,239,119000,119500,125.211855,125.699149,500,development,2,included
Unbalanced_LR,240,119500,120000,125.735184,126.222478,500,development,2,included
Unbalanced_LR,241,120000,120500,126.267937,126.755231,500,development,2,included
Unbalanced_LR,242,120500,121000,126.797466,127.28476,500,development,2,included
Unbalanced_LR,243,121000,121500,127.322045,127.809339,500,development,2,included
Unbalanced_LR,244,121500,122000,127.850824,128.338118,500,development,2,included
Unbalanced_LR,245,122000,122500,128.381632,128.868927,500,development,2,included
Unbalanced_LR,246,122500,123000,128.90445,129.391744,500,development,2,included
Unbalanced_LR,247,123000,123500,129.428672,129.915966,500,development,2,included
Unbalanced_LR,248,123500,124000,129.954765,130.442059,500,excluded,0,outside_intervals_or_crosses_boundary
Unbalanced_LR,249,124000,124500,130.481392,130.968686,500,development,3,included
Unbalanced_LR,250,124500,125000,131.004719,131.492013,500,development,3,included
Unbalanced_LR,251,125000,125500,131.532353,132.019648,500,development,3,included
Unbalanced_LR,252,125500,126000,132.056316,132.543611,500,development,3,included
Unbalanced_LR,253,126000,126500,132.587934,133.075228,500,development,3,included
Unbalanced_LR,254,126500,127000,133.112317,133.599611,500,development,3,included
Unbalanced_LR,255,127000,127500,133.635607,134.122902,500,development,3,included
Unbalanced_LR,256,127500,128000,134.157819,134.645113,500,development,3,included
Unbalanced_LR,257,128000,128500,134.683695,135.170989,500,development,3,included
Unbalanced_LR,258,128500,129000,135.207185,135.694479,500,development,3,included
Unbalanced_LR,259,129000,129500,135.744404,136.231698,500,development,3,included
Unbalanced_LR,260,129500,130000,136.269824,136.757118,500,development,3,included
Unbalanced_LR,261,130000,130500,136.792635,137.279929,500,development,3,included
Unbalanced_LR,262,130500,131000,137.317903,137.805198,500,development,3,included
Unbalanced_LR,263,131000,131500,137.844581,138.331875,500,development,3,included
Unbalanced_LR,264,131500,132000,138.367985,138.855279,500,development,3,included
Unbalanced_LR,265,132000,132500,138.896203,139.383497,500,development,3,included
Unbalanced_LR,266,132500,133000,139.421699,139.908993,500,development,3,included
Unbalanced_LR,267,133000,133500,139.947812,140.435106,500,development,3,included
Unbalanced_LR,268,133500,134000,140.478693,140.965987,500,development,3,included
Unbalanced_LR,269,134000,134500,141.002819,141.490114,500,development,3,included
Unbalanced_LR,270,134500,135000,141.52571,142.013004,500,development,3,included
Unbalanced_LR,271,135000,135500,142.050224,142.537519,500,development,3,included
Unbalanced_LR,272,135500,136000,142.5755,143.062794,500,development,3,included
Unbalanced_LR,273,136000,136500,143.101495,143.588789,500,development,3,included
Unbalanced_LR,274,136500,137000,143.632306,144.1196,500,development,3,included
Unbalanced_LR,275,137000,137500,144.157131,144.644425,500,development,3,included
Unbalanced_LR,276,137500,138000,144.687413,145.174707,500,development,3,included
Unbalanced_LR,277,138000,138500,145.213515,145.700809,500,development,3,included
Unbalanced_LR,278,138500,139000,145.737346,146.22464,500,development,3,included
Unbalanced_LR,279,139000,139500,146.265247,146.752542,500,development,3,included
Unbalanced_LR,280,139500,140000,146.789581,147.276876,500,development,3,included
Unbalanced_LR,281,140000,140500,147.316169,147.803463,500,development,3,included
Unbalanced_LR,282,140500,141000,147.840286,148.32758,500,development,3,included
Unbalanced_LR,283,141000,141500,148.366037,148.853332,500,development,3,included
Unbalanced_LR,284,141500,142000,148.887521,149.374815,500,development,3,included
Unbalanced_LR,285,142000,142500,149.411381,149.898675,500,development,3,included
Unbalanced_LR,286,142500,143000,149.941921,150.429215,500,development,3,included
Unbalanced_LR,287,143000,143500,150.46743,150.954724,500,development,3,included
Unbalanced_LR,288,143500,144000,150.991409,151.478703,500,development,3,included
Unbalanced_LR,289,144000,144500,151.514946,152.00224,500,development,3,included
Unbalanced_LR,290,144500,145000,152.041511,152.528805,500,development,3,included
Unbalanced_LR,291,145000,145500,152.565978,153.053273,500,development,3,included
Unbalanced_LR,292,145500,146000,153.088595,153.57589,500,development,3,included
Unbalanced_LR,293,146000,146500,153.618719,154.106013,500,development,3,included
Unbalanced_LR,294,146500,147000,154.143337,154.630631,500,development,3,included
Unbalanced_LR,295,147000,147500,154.671698,155.158992,500,development,3,included
Unbalanced_LR,296,147500,148000,155.196803,155.684098,500,development,3,included
Unbalanced_LR,297,148000,148500,155.723882,156.211176,500,development,3,included
Unbalanced_LR,298,148500,149000,156.247646,156.73494,500,development,3,included
Unbalanced_LR,299,149000,149500,156.773551,157.260845,500,development,3,included
Unbalanced_LR,300,149500,150000,157.297213,157.784507,500,development,3,included
Unbalanced_LR,301,150000,150500,157.824647,158.311941,500,development,3,included
Unbalanced_LR,302,150500,151000,158.349405,158.836699,500,development,3,included
Unbalanced_LR,303,151000,151500,158.873244,159.360538,500,development,3,included
Unbalanced_LR,304,151500,152000,159.397421,159.884715,500,development,3,included
Unbalanced_LR,305,152000,152500,159.931048,160.418342,500,development,3,included
Unbalanced_LR,306,152500,153000,160.456161,160.943455,500,development,3,included
Unbalanced_LR,307,153000,153500,160.979913,161.467207,500,development,3,included
Unbalanced_LR,308,153500,154000,161.505436,161.992731,500,development,3,included
Unbalanced_LR,309,154000,154500,162.03057,162.517864,500,development,3,included
Unbalanced_LR,310,154500,155000,162.555787,163.043081,500,development,3,included
Unbalanced_LR,311,155000,155500,163.079186,163.56648,500,development,3,included
Unbalanced_LR,312,155500,156000,163.603175,164.09047,500,development,3,included
Unbalanced_LR,313,156000,156500,164.126893,164.614188,500,development,3,included
Unbalanced_LR,314,156500,157000,164.650241,165.137535,500,development,3,included
Unbalanced_LR,315,157000,157500,165.175898,165.663193,500,development,3,included
Unbalanced_LR,316,157500,158000,165.704118,166.191412,500,development,3,included
Unbalanced_LR,317,158000,158500,166.237046,166.72434,500,development,3,included
Unbalanced_LR,318,158500,159000,166.762777,167.250071,500,development,3,included
Unbalanced_LR,319,159000,159500,167.28555,167.772844,500,development,3,included
Unbalanced_LR,320,159500,160000,167.80821,168.295504,500,development,3,included
Unbalanced_LR,321,160000,160500,168.334662,168.821956,500,development,3,included
Unbalanced_LR,322,160500,161000,168.857899,169.345194,500,development,3,included
Unbalanced_LR,323,161000,161500,169.383431,169.870725,500,development,3,included
Unbalanced_LR,324,161500,162000,169.910414,170.397708,500,development,3,included
Unbalanced_LR,325,162000,162500,170.438134,170.925429,500,development,3,included
Unbalanced_LR,326,162500,163000,170.961384,171.448678,500,development,3,included
Unbalanced_LR,327,163000,163500,171.486023,171.973317,500,development,3,included
Unbalanced_LR,328,163500,164000,172.009893,172.497187,500,development,3,included
Unbalanced_LR,329,164000,164500,172.534486,173.02178,500,development,3,included
Unbalanced_LR,330,164500,165000,173.058317,173.545611,500,development,3,included
Unbalanced_LR,331,165000,165500,173.592365,174.079659,500,development,3,included
Unbalanced_LR,332,165500,166000,174.118717,174.606012,500,development,3,included
Unbalanced_LR,333,166000,166500,174.647642,175.134936,500,development,3,included
Unbalanced_LR,334,166500,167000,175.171534,175.658828,500,development,3,included
Unbalanced_LR,335,167000,167500,175.69716,176.184455,500,development,3,included
Unbalanced_LR,336,167500,168000,176.220957,176.708251,500,development,3,included
Unbalanced_LR,337,168000,168500,176.742679,177.229973,500,development,3,included
Unbalanced_LR,338,168500,169000,177.267445,177.754739,500,development,3,included
Unbalanced_LR,339,169000,169500,177.794661,178.281955,500,development,3,included
Unbalanced_LR,340,169500,170000,178.324534,178.811828,500,development,3,included
Unbalanced_LR,341,170000,170500,178.850454,179.337748,500,development,3,included
Unbalanced_LR,342,170500,171000,179.375654,179.862948,500,development,3,included
Unbalanced_LR,343,171000,171500,179.899765,180.38706,500,development,3,included
Unbalanced_LR,344,171500,172000,180.422984,180.910278,500,development,3,included
Unbalanced_LR,345,172000,172500,180.945884,181.433179,500,development,3,included
Unbalanced_LR,346,172500,173000,181.469636,181.956931,500,development,3,included
Unbalanced_LR,347,173000,173500,181.99354,182.480834,500,development,3,included
Unbalanced_LR,348,173500,174000,182.518539,183.005833,500,development,3,included
Unbalanced_LR,349,174000,174500,183.043371,183.530666,500,development,3,included
Unbalanced_LR,350,174500,175000,183.569067,184.056361,500,development,3,included
Unbalanced_LR,351,175000,175500,184.093545,184.580839,500,development,3,included
Unbalanced_LR,352,175500,176000,184.622887,185.110181,500,development,3,included
Unbalanced_LR,353,176000,176500,185.151778,185.639072,500,development,3,included
Unbalanced_LR,354,176500,177000,185.677622,186.164916,500,development,3,included
Unbalanced_LR,355,177000,177500,186.204035,186.69133,500,development,3,included
Unbalanced_LR,356,177500,178000,186.730586,187.217881,500,development,3,included
Unbalanced_LR,357,178000,178500,187.253869,187.741163,500,development,3,included
Unbalanced_LR,358,178500,179000,187.777904,188.265198,500,development,3,included
Unbalanced_LR,359,179000,179500,188.306897,188.794191,500,development,3,included
Unbalanced_LR,360,179500,180000,188.831694,189.318988,500,development,3,included
Unbalanced_LR,361,180000,180500,189.357143,189.844437,500,development,3,included
Unbalanced_LR,362,180500,181000,189.883804,190.371099,500,excluded,0,outside_intervals_or_crosses_boundary
Unbalanced_LR,363,181000,181500,190.408633,190.895927,500,development,4,included
Unbalanced_LR,364,181500,182000,190.933391,191.420685,500,development,4,included
Unbalanced_LR,365,182000,182500,191.45767,191.944965,500,development,4,included
Unbalanced_LR,366,182500,183000,191.989539,192.476834,500,development,4,included
Unbalanced_LR,367,183000,183500,192.511813,192.999108,500,development,4,included
Unbalanced_LR,368,183500,184000,193.03729,193.524584,500,development,4,included
Unbalanced_LR,369,184000,184500,193.566301,194.053595,500,development,4,included
Unbalanced_LR,370,184500,185000,194.092015,194.579309,500,development,4,included
Unbalanced_LR,371,185000,185500,194.616268,195.103562,500,development,4,included
Unbalanced_LR,372,185500,186000,195.14238,195.629674,500,development,4,included
Unbalanced_LR,373,186000,186500,195.668286,196.15558,500,development,4,included
Unbalanced_LR,374,186500,187000,196.196386,196.68368,500,development,4,included
Unbalanced_LR,375,187000,187500,196.724903,197.212197,500,development,4,included
Unbalanced_LR,376,187500,188000,197.247686,197.73498,500,development,4,included
Unbalanced_LR,377,188000,188500,197.775136,198.26243,500,development,4,included
Unbalanced_LR,378,188500,189000,198.302346,198.78964,500,development,4,included
Unbalanced_LR,379,189000,189500,198.826891,199.314185,500,development,4,included
Unbalanced_LR,380,189500,190000,199.356339,199.843634,500,development,4,included
Unbalanced_LR,381,190000,190500,199.880371,200.367665,500,development,4,included
Unbalanced_LR,382,190500,191000,200.410114,200.897409,500,development,4,included
Unbalanced_LR,383,191000,191500,200.933619,201.420913,500,development,4,included
Unbalanced_LR,384,191500,192000,201.457688,201.944982,500,development,4,included
Unbalanced_LR,385,192000,192500,201.98265,202.469944,500,development,4,included
Unbalanced_LR,386,192500,193000,202.507527,202.994821,500,development,4,included
Unbalanced_LR,387,193000,193500,203.036842,203.524136,500,development,4,included
Unbalanced_LR,388,193500,194000,203.560061,204.047355,500,development,4,included
Unbalanced_LR,389,194000,194500,204.09014,204.577435,500,development,4,included
Unbalanced_LR,390,194500,195000,204.611467,205.098761,500,development,4,included
Unbalanced_LR,391,195000,195500,205.142311,205.629605,500,development,4,included
Unbalanced_LR,392,195500,196000,205.671175,206.158469,500,development,4,included
Unbalanced_LR,393,196000,196500,206.19385,206.681144,500,development,4,included
Unbalanced_LR,394,196500,197000,206.718624,207.205918,500,development,4,included
Unbalanced_LR,395,197000,197500,207.242481,207.729775,500,development,4,included
Unbalanced_LR,396,197500,198000,207.767986,208.255281,500,development,4,included
Unbalanced_LR,397,198000,198500,208.295797,208.783091,500,development,4,included
Unbalanced_LR,398,198500,199000,208.820392,209.307686,500,development,4,included
Unbalanced_LR,399,199000,199500,209.345516,209.83281,500,development,4,included
Unbalanced_LR,400,199500,200000,209.868257,210.355551,500,development,4,included
Unbalanced_LR,401,200000,200500,210.392942,210.880236,500,development,4,included
Unbalanced_LR,402,200500,201000,210.919212,211.406506,500,development,4,included
Unbalanced_LR,403,201000,201500,211.446111,211.933405,500,development,4,included
Unbalanced_LR,404,201500,202000,211.975728,212.463022,500,development,4,included
Unbalanced_LR,405,202000,202500,212.499617,212.986912,500,development,4,included
Unbalanced_LR,406,202500,203000,213.023747,213.511041,500,development,4,included
Unbalanced_LR,407,203000,203500,213.551594,214.038888,500,development,4,included
Unbalanced_LR,408,203500,204000,214.081132,214.568426,500,development,4,included
Unbalanced_LR,409,204000,204500,214.606364,215.093658,500,development,4,included
Unbalanced_LR,410,204500,205000,215.131605,215.618899,500,development,4,included
Unbalanced_LR,411,205000,205500,215.656266,216.14356,500,development,4,included
Unbalanced_LR,412,205500,206000,216.186099,216.673393,500,development,4,included
Unbalanced_LR,413,206000,206500,216.712256,217.19955,500,development,4,included
Unbalanced_LR,414,206500,207000,217.244233,217.731527,500,development,4,included
Unbalanced_LR,415,207000,207500,217.766634,218.253928,500,development,4,included
Unbalanced_LR,416,207500,208000,218.294145,218.781439,500,development,4,included
Unbalanced_LR,417,208000,208500,218.82532,219.312614,500,development,4,included
Unbalanced_LR,418,208500,209000,219.349129,219.836423,500,development,4,included
Unbalanced_LR,419,209000,209500,219.874962,220.362256,500,development,4,included
Unbalanced_LR,420,209500,210000,220.401091,220.888385,500,development,4,included
Unbalanced_LR,421,210000,210500,220.923228,221.410522,500,development,4,included
Unbalanced_LR,422,210500,211000,221.445901,221.933195,500,development,4,included
Unbalanced_LR,423,211000,211500,221.969686,222.456981,500,development,4,included
Unbalanced_LR,424,211500,212000,222.492664,222.979958,500,development,4,included
Unbalanced_LR,425,212000,212500,223.020329,223.507623,500,development,4,included
Unbalanced_LR,426,212500,213000,223.545005,224.0323,500,development,4,included
Unbalanced_LR,427,213000,213500,224.075086,224.56238,500,development,4,included
Unbalanced_LR,428,213500,214000,224.602138,225.089432,500,development,4,included
Unbalanced_LR,429,214000,214500,225.128596,225.61589,500,development,4,included
Unbalanced_LR,430,214500,215000,225.653162,226.140456,500,development,4,included
Unbalanced_LR,431,215000,215500,226.178807,226.666102,500,development,4,included
Unbalanced_LR,432,215500,216000,226.702459,227.189754,500,development,4,included
Unbalanced_LR,433,216000,216500,227.229829,227.717123,500,development,4,included
Unbalanced_LR,434,216500,217000,227.752648,228.239942,500,development,4,included
Unbalanced_LR,435,217000,217500,228.278711,228.766005,500,development,4,included
Unbalanced_LR,436,217500,218000,228.801752,229.289046,500,development,4,included
Unbalanced_LR,437,218000,218500,229.333279,229.820573,500,development,4,included
Unbalanced_LR,438,218500,219000,229.859669,230.346964,500,development,4,included
Unbalanced_LR,439,219000,219500,230.383792,230.871086,500,development,4,included
Unbalanced_LR,440,219500,220000,230.908795,231.396089,500,development,4,included
Unbalanced_LR,441,220000,220500,231.439864,231.927159,500,development,4,included
Unbalanced_LR,442,220500,221000,231.969533,232.456827,500,development,4,included
Unbalanced_LR,443,221000,221500,232.502183,232.989477,500,development,4,included
Unbalanced_LR,444,221500,222000,233.029131,233.516426,500,development,4,included
Unbalanced_LR,445,222000,222500,233.558479,234.045773,500,development,4,included
Unbalanced_LR,446,222500,223000,234.084332,234.571626,500,development,4,included
Unbalanced_LR,447,223000,223500,234.616765,235.104059,500,development,4,included
Unbalanced_LR,448,223500,224000,235.141693,235.628987,500,development,4,included
Unbalanced_LR,449,224000,224500,235.668508,236.155802,500,development,4,included
Unbalanced_LR,450,224500,225000,236.191672,236.678966,500,development,4,included
Unbalanced_LR,451,225000,225500,236.719458,237.206752,500,development,4,included
Unbalanced_LR,452,225500,226000,237.244897,237.732191,500,development,4,included
Unbalanced_LR,453,226000,226500,237.771994,238.259288,500,development,4,included
Unbalanced_LR,454,226500,227000,238.302029,238.789323,500,development,4,included
Unbalanced_LR,455,227000,227500,238.82816,239.315454,500,development,4,included
Unbalanced_LR,456,227500,228000,239.35417,239.841464,500,development,4,included
Unbalanced_LR,457,228000,228500,239.881618,240.368912,500,development,4,included
Unbalanced_LR,458,228500,229000,240.409205,240.8965,500,development,4,included
Unbalanced_LR,459,229000,229500,240.934173,241.421467,500,development,4,included
Unbalanced_LR,460,229500,230000,241.46388,241.951174,500,development,4,included
Unbalanced_LR,461,230000,230500,241.986996,242.474291,500,development,4,included
Unbalanced_LR,462,230500,231000,242.512321,242.999615,500,development,4,included
Unbalanced_LR,463,231000,231500,243.037153,243.524447,500,development,4,included
Unbalanced_LR,464,231500,232000,243.561328,244.048622,500,development,4,included
Unbalanced_LR,465,232000,232500,244.088645,244.575939,500,development,4,included
Unbalanced_LR,466,232500,233000,244.615171,245.102465,500,development,4,included
Unbalanced_LR,467,233000,233500,245.139556,245.62685,500,development,4,included
Unbalanced_LR,468,233500,234000,245.665993,246.153287,500,development,4,included
Unbalanced_LR,469,234000,234500,246.190062,246.677356,500,development,4,included
Unbalanced_LR,470,234500,235000,246.712692,247.199987,500,development,4,included
Unbalanced_LR,471,235000,235500,247.238682,247.725976,500,development,4,included
Unbalanced_LR,472,235500,236000,247.763717,248.251011,500,development,4,included
Unbalanced_LR,473,236000,236500,248.296517,248.783811,500,development,4,included
Unbalanced_LR,474,236500,237000,248.820091,249.307385,500,development,4,included
Unbalanced_LR,475,237000,237500,249.34994,249.837234,500,development,4,included
Unbalanced_LR,476,237500,238000,249.873747,250.361041,500,excluded,0,outside_intervals_or_crosses_boundary
Unbalanced_LR,477,238000,238500,250.400052,250.887346,500,excluded,0,outside_intervals_or_crosses_boundary
Unbalanced_LR,478,238500,239000,250.927008,251.414302,500,excluded,0,outside_intervals_or_crosses_boundary
Unbalanced_LR,479,239000,239500,251.450948,251.938243,500,excluded,0,outside_intervals_or_crosses_boundary
Unbalanced_LR,480,239500,240000,251.976294,252.463588,500,excluded,0,outside_intervals_or_crosses_boundary
Unbalanced_LR,481,240000,240500,252.500001,252.987295,500,test,1,included
Unbalanced_LR,482,240500,241000,253.022982,253.510276,500,test,1,included
Unbalanced_LR,483,241000,241500,253.549233,254.036527,500,test,1,included
Unbalanced_LR,484,241500,242000,254.072533,254.559828,500,test,1,included
Unbalanced_LR,485,242000,242500,254.598023,255.085317,500,test,1,included
Unbalanced_LR,486,242500,243000,255.121856,255.60915,500,test,1,included
Unbalanced_LR,487,243000,243500,255.647606,256.134901,500,test,1,included
Unbalanced_LR,488,243500,244000,256.174641,256.661935,500,test,1,included
Unbalanced_LR,489,244000,244500,256.698185,257.185479,500,test,1,included
Unbalanced_LR,490,244500,245000,257.222722,257.710017,500,test,1,included
Unbalanced_LR,491,245000,245500,257.750803,258.238097,500,test,1,included
Unbalanced_LR,492,245500,246000,258.276804,258.764098,500,test,1,included
Unbalanced_LR,493,246000,246500,258.805587,259.292881,500,test,1,included
Unbalanced_LR,494,246500,247000,259.330661,259.817955,500,test,1,included
Unbalanced_LR,495,247000,247500,259.866401,260.353695,500,test,1,included
Unbalanced_LR,496,247500,248000,260.391747,260.879041,500,test,1,included
Unbalanced_LR,497,248000,248500,260.917866,261.405161,500,test,1,included
Unbalanced_LR,498,248500,249000,261.44311,261.930405,500,test,1,included
Unbalanced_LR,499,249000,249500,261.970885,262.458179,500,test,1,included
Unbalanced_LR,500,249500,250000,262.497134,262.984429,500,test,1,included
Unbalanced_LR,501,250000,250500,263.025518,263.512812,500,test,1,included
Unbalanced_LR,502,250500,251000,263.548544,264.035838,500,test,1,included
Unbalanced_LR,503,251000,251500,264.075186,264.56248,500,test,1,included
Unbalanced_LR,504,251500,252000,264.599462,265.086756,500,test,1,included
Unbalanced_LR,505,252000,252500,265.133199,265.620493,500,test,1,included
Unbalanced_LR,506,252500,253000,265.657898,266.145193,500,test,1,included
Unbalanced_LR,507,253000,253500,266.181653,266.668947,500,test,1,included
Unbalanced_LR,508,253500,254000,266.704416,267.19171,500,test,1,included
Unbalanced_LR,509,254000,254500,267.228698,267.715992,500,test,1,included
Unbalanced_LR,510,254500,255000,267.754576,268.24187,500,test,1,included
Unbalanced_LR,511,255000,255500,268.282508,268.769802,500,test,1,included
Unbalanced_LR,512,255500,256000,268.807319,269.294613,500,test,1,included
Unbalanced_LR,513,256000,256500,269.333992,269.821286,500,test,1,included
Unbalanced_LR,514,256500,257000,269.857683,270.344978,500,test,1,included
Unbalanced_LR,515,257000,257500,270.384466,270.87176,500,test,1,included
Unbalanced_LR,516,257500,258000,270.913612,271.400906,500,test,1,included
Unbalanced_LR,517,258000,258500,271.445536,271.93283,500,test,1,included
Unbalanced_LR,518,258500,259000,271.972596,272.45989,500,test,1,included
Unbalanced_LR,519,259000,259500,272.496045,272.983339,500,test,1,included
Unbalanced_LR,520,259500,260000,273.026296,273.51359,500,test,1,included
Unbalanced_LR,521,260000,260500,273.556395,274.04369,500,test,1,included
Unbalanced_LR,522,260500,261000,274.079845,274.567139,500,test,1,included
Unbalanced_LR,523,261000,261500,274.605837,275.093131,500,test,1,included
Unbalanced_LR,524,261500,262000,275.130925,275.618219,500,test,1,included
Unbalanced_LR,525,262000,262500,275.657631,276.144925,500,test,1,included
Unbalanced_LR,526,262500,263000,276.182559,276.669853,500,test,1,included
Unbalanced_LR,527,263000,263500,276.70746,277.194754,500,test,1,included
Unbalanced_LR,528,263500,264000,277.229795,277.717089,500,test,1,included
Unbalanced_LR,529,264000,264500,277.754713,278.242008,500,test,1,included
Unbalanced_LR,530,264500,265000,278.28106,278.768354,500,test,1,included
Unbalanced_LR,531,265000,265500,278.805108,279.292402,500,test,1,included
Unbalanced_LR,532,265500,266000,279.330054,279.817348,500,test,1,included
Unbalanced_LR,533,266000,266500,279.856332,280.343627,500,test,1,included
Unbalanced_LR,534,266500,267000,280.379494,280.866788,500,test,1,included
Unbalanced_LR,535,267000,267500,280.905647,281.392942,500,test,1,included
Unbalanced_LR,536,267500,268000,281.43037,281.917664,500,test,1,included
Unbalanced_LR,537,268000,268500,281.956909,282.444203,500,test,1,included
Unbalanced_LR,538,268500,269000,282.482162,282.969456,500,test,1,included
Unbalanced_LR,539,269000,269500,283.006488,283.493782,500,test,1,included
Unbalanced_LR,540,269500,270000,283.531821,284.019115,500,test,1,included
Unbalanced_LR,541,270000,270500,284.058364,284.545659,500,test,1,included
Unbalanced_LR,542,270500,271000,284.583803,285.071097,500,test,1,included
Unbalanced_LR,543,271000,271500,285.11228,285.599574,500,test,1,included
Unbalanced_LR,544,271500,272000,285.636311,286.123605,500,test,1,included
Unbalanced_LR,545,272000,272500,286.163768,286.651062,500,test,1,included
Unbalanced_LR,546,272500,273000,286.690146,287.17744,500,test,1,included
Unbalanced_LR,547,273000,273500,287.21607,287.703364,500,test,1,included
Unbalanced_LR,548,273500,274000,287.746259,288.233553,500,test,1,included
Unbalanced_LR,549,274000,274500,288.276658,288.763952,500,test,1,included
Unbalanced_LR,550,274500,275000,288.800013,289.287308,500,test,1,included
Unbalanced_LR,551,275000,275500,289.326128,289.813422,500,test,1,included
Unbalanced_LR,552,275500,276000,289.85079,290.338084,500,test,1,included
Unbalanced_LR,553,276000,276500,290.375526,290.86282,500,test,1,included
Unbalanced_LR,554,276500,277000,290.9013,291.388594,500,test,1,included
Unbalanced_LR,555,277000,277500,291.424536,291.91183,500,test,1,included
Unbalanced_LR,556,277500,278000,291.948981,292.436275,500,test,1,included
Unbalanced_LR,557,278000,278500,292.480871,292.968166,500,test,1,included
Unbalanced_LR,558,278500,279000,293.007365,293.494659,500,test,1,included
Unbalanced_LR,559,279000,279500,293.542685,294.029979,500,test,1,included
Unbalanced_LR,560,279500,280000,294.075994,294.563289,500,test,1,included
Unbalanced_LR,561,280000,280500,294.600497,295.087792,500,test,1,included
Unbalanced_LR,562,280500,281000,295.125567,295.612862,500,test,1,included
Unbalanced_LR,563,281000,281500,295.651187,296.138481,500,test,1,included
Unbalanced_LR,564,281500,282000,296.176378,296.663673,500,test,1,included
Unbalanced_LR,565,282000,282500,296.70344,297.190734,500,test,1,included
Unbalanced_LR,566,282500,283000,297.228751,297.716045,500,test,1,included
Unbalanced_LR,567,283000,283500,297.753586,298.24088,500,test,1,included
Unbalanced_LR,568,283500,284000,298.279987,298.767281,500,test,1,included
Unbalanced_LR,569,284000,284500,298.809774,299.297069,500,test,1,included
Unbalanced_LR,570,284500,285000,299.341362,299.828657,500,test,1,included
Unbalanced_LR,571,285000,285500,299.866802,300.354096,500,test,1,included
Unbalanced_LR,572,285500,286000,300.389668,300.876962,500,test,1,included
Unbalanced_LR,573,286000,286500,300.91487,301.402164,500,test,1,included
Unbalanced_LR,574,286500,287000,301.446278,301.933572,500,test,1,included
Unbalanced_LR,575,287000,287500,301.971283,302.458577,500,test,1,included
Unbalanced_LR,576,287500,288000,302.495382,302.982676,500,test,1,included
Unbalanced_LR,577,288000,288500,303.018581,303.505875,500,test,1,included
Unbalanced_LR,578,288500,289000,303.545461,304.032756,500,test,1,included
Unbalanced_LR,579,289000,289500,304.072168,304.559462,500,test,1,included
Unbalanced_LR,580,289500,290000,304.595407,305.082701,500,test,1,included
Unbalanced_LR,581,290000,290500,305.120996,305.60829,500,test,1,included
Unbalanced_LR,582,290500,291000,305.649397,306.136691,500,test,1,included
Unbalanced_LR,583,291000,291500,306.175817,306.663112,500,test,1,included
Unbalanced_LR,584,291500,292000,306.70886,307.196155,500,test,1,included
Unbalanced_LR,585,292000,292500,307.232936,307.72023,500,test,1,included
Unbalanced_LR,586,292500,293000,307.757235,308.244529,500,test,1,included
Unbalanced_LR,587,293000,293500,308.288123,308.775417,500,test,1,included
Unbalanced_LR,588,293500,294000,308.811698,309.298992,500,test,1,included
Unbalanced_LR,589,294000,294500,309.339446,309.82674,500,test,1,included
Unbalanced_LR,590,294500,295000,309.864824,310.352118,500,test,1,included
Unbalanced_LR,591,295000,295500,310.390261,310.877555,500,test,1,included
Unbalanced_LR,592,295500,296000,310.915994,311.403289,500,test,1,included
Unbalanced_LR,593,296000,296500,311.440665,311.927959,500,test,1,included
Unbalanced_LR,594,296500,297000,311.964341,312.451635,500,excluded,0,outside_intervals_or_crosses_boundary
Unbalanced_LR,595,297000,297500,312.494041,312.981335,500,test,2,included
Unbalanced_LR,596,297500,298000,313.016829,313.504123,500,test,2,included
Unbalanced_LR,597,298000,298500,313.543774,314.031068,500,test,2,included
Unbalanced_LR,598,298500,299000,314.068259,314.555553,500,test,2,included
Unbalanced_LR,599,299000,299500,314.592291,315.079585,500,test,2,included
Unbalanced_LR,600,299500,300000,315.114924,315.602218,500,test,2,included
Unbalanced_LR,601,300000,300500,315.642653,316.129948,500,test,2,included
Unbalanced_LR,602,300500,301000,316.167732,316.655026,500,test,2,included
Unbalanced_LR,603,301000,301500,316.698161,317.185455,500,test,2,included
Unbalanced_LR,604,301500,302000,317.222727,317.710021,500,test,2,included
Unbalanced_LR,605,302000,302500,317.751632,318.238926,500,test,2,included
Unbalanced_LR,606,302500,303000,318.274731,318.762026,500,test,2,included
Unbalanced_LR,607,303000,303500,318.800535,319.28783,500,test,2,included
Unbalanced_LR,608,303500,304000,319.332562,319.819856,500,test,2,included
Unbalanced_LR,609,304000,304500,319.860715,320.348009,500,test,2,included
Unbalanced_LR,610,304500,305000,320.384566,320.871861,500,test,2,included
Unbalanced_LR,611,305000,305500,320.907629,321.394924,500,test,2,included
Unbalanced_LR,612,305500,306000,321.43853,321.925824,500,test,2,included
Unbalanced_LR,613,306000,306500,321.961882,322.449176,500,test,2,included
Unbalanced_LR,614,306500,307000,322.487156,322.974451,500,test,2,included
Unbalanced_LR,615,307000,307500,323.011272,323.498566,500,test,2,included
Unbalanced_LR,616,307500,308000,323.533629,324.020923,500,test,2,included
Unbalanced_LR,617,308000,308500,324.060381,324.547675,500,test,2,included
Unbalanced_LR,618,308500,309000,324.586054,325.073348,500,test,2,included
Unbalanced_LR,619,309000,309500,325.111617,325.598912,500,test,2,included
Unbalanced_LR,620,309500,310000,325.63542,326.122715,500,test,2,included
Unbalanced_LR,621,310000,310500,326.15936,326.646655,500,test,2,included
Unbalanced_LR,622,310500,311000,326.686947,327.174241,500,test,2,included
Unbalanced_LR,623,311000,311500,327.211946,327.69924,500,test,2,included
Unbalanced_LR,624,311500,312000,327.737898,328.225192,500,test,2,included
Unbalanced_LR,625,312000,312500,328.260847,328.748142,500,test,2,included
Unbalanced_LR,626,312500,313000,328.786755,329.27405,500,test,2,included
Unbalanced_LR,627,313000,313500,329.314048,329.801343,500,test,2,included
Unbalanced_LR,628,313500,314000,329.849868,330.337162,500,test,2,included
Unbalanced_LR,629,314000,314500,330.3745,330.861794,500,test,2,included
Unbalanced_LR,630,314500,315000,330.899642,331.386937,500,test,2,included
Unbalanced_LR,631,315000,315500,331.429638,331.916932,500,test,2,included
Unbalanced_LR,632,315500,316000,331.956532,332.443827,500,test,2,included
Unbalanced_LR,633,316000,316500,332.480891,332.968186,500,test,2,included
Unbalanced_LR,634,316500,317000,333.004728,333.492023,500,test,2,included
Unbalanced_LR,635,317000,317500,333.535636,334.02293,500,test,2,included
Unbalanced_LR,636,317500,318000,334.061707,334.549001,500,test,2,included
Unbalanced_LR,637,318000,318500,334.619108,335.106403,500,test,2,included
Unbalanced_LR,638,318500,319000,335.143323,335.630618,500,test,2,included
Unbalanced_LR,639,319000,319500,335.672544,336.159838,500,test,2,included
Unbalanced_LR,640,319500,320000,336.198787,336.686082,500,test,2,included
Unbalanced_LR,641,320000,320500,336.72306,337.210354,500,test,2,included
Unbalanced_LR,642,320500,321000,337.247936,337.73523,500,test,2,included
Unbalanced_LR,643,321000,321500,337.775757,338.263051,500,test,2,included
Unbalanced_LR,644,321500,322000,338.299594,338.786888,500,test,2,included
Unbalanced_LR,645,322000,322500,338.829704,339.316998,500,test,2,included
Unbalanced_LR,646,322500,323000,339.360079,339.847374,500,test,2,included
Unbalanced_LR,647,323000,323500,339.895884,340.383178,500,test,2,included
Unbalanced_LR,648,323500,324000,340.423556,340.91085,500,test,2,included
Unbalanced_LR,649,324000,324500,340.945627,341.432921,500,test,2,included
Unbalanced_LR,650,324500,325000,341.469109,341.956403,500,test,2,included
Unbalanced_LR,651,325000,325500,341.996049,342.483344,500,test,2,included
Unbalanced_LR,652,325500,326000,342.518074,343.005369,500,test,2,included
Unbalanced_LR,653,326000,326500,343.050457,343.537751,500,test,2,included
Unbalanced_LR,654,326500,327000,343.578074,344.065369,500,test,2,included
Unbalanced_LR,655,327000,327500,344.104209,344.591503,500,test,2,included
Unbalanced_LR,656,327500,328000,344.635535,345.122829,500,test,2,included
Unbalanced_LR,657,328000,328500,345.160734,345.648028,500,test,2,included
Unbalanced_LR,658,328500,329000,345.68992,346.177214,500,test,2,included
Unbalanced_LR,659,329000,329500,346.218553,346.705847,500,test,2,included
Unbalanced_LR,660,329500,330000,346.746421,347.233715,500,test,2,included
Unbalanced_LR,661,330000,330500,347.270403,347.757697,500,test,2,included
Unbalanced_LR,662,330500,331000,347.794588,348.281882,500,test,2,included
Unbalanced_LR,663,331000,331500,348.31821,348.805504,500,test,2,included
Unbalanced_LR,664,331500,332000,348.843586,349.33088,500,test,2,included
Unbalanced_LR,665,332000,332500,349.371679,349.858974,500,test,2,included
Unbalanced_LR,666,332500,333000,349.899125,350.386419,500,test,2,included
Unbalanced_LR,667,333000,333500,350.422429,350.909723,500,test,2,included
Unbalanced_LR,668,333500,334000,350.950928,351.438222,500,test,2,included
Unbalanced_LR,669,334000,334500,351.473422,351.960716,500,test,2,included
Unbalanced_LR,670,334500,335000,351.999906,352.4872,500,test,2,included
Unbalanced_LR,671,335000,335500,352.527146,353.01444,500,test,2,included
Unbalanced_LR,672,335500,336000,353.05551,353.542804,500,test,2,included
Unbalanced_LR,673,336000,336500,353.579491,354.066785,500,test,2,included
Unbalanced_LR,674,336500,337000,354.102066,354.58936,500,test,2,included
Unbalanced_LR,675,337000,337500,354.628262,355.115556,500,test,2,included
Unbalanced_LR,676,337500,338000,355.153555,355.64085,500,test,2,included
Unbalanced_LR,677,338000,338500,355.675766,356.16306,500,test,2,included
Unbalanced_LR,678,338500,339000,356.199676,356.68697,500,test,2,included
Unbalanced_LR,679,339000,339500,356.7239,357.211194,500,test,2,included
Unbalanced_LR,680,339500,340000,357.25446,357.741754,500,test,2,included
Unbalanced_LR,681,340000,340500,357.778602,358.265896,500,test,2,included
Unbalanced_LR,682,340500,341000,358.301905,358.789199,500,test,2,included
Unbalanced_LR,683,341000,341500,358.82743,359.314725,500,test,2,included
Unbalanced_LR,684,341500,342000,359.354238,359.841533,500,test,2,included
Unbalanced_LR,685,342000,342500,359.878975,360.366269,500,test,2,included
Unbalanced_LR,686,342500,343000,360.402712,360.890006,500,test,2,included
Unbalanced_LR,687,343000,343500,360.926187,361.413482,500,test,2,included
Unbalanced_LR,688,343500,344000,361.452692,361.939987,500,test,2,included
Unbalanced_LR,689,344000,344500,361.977989,362.465284,500,test,2,included
Unbalanced_LR,690,344500,345000,362.500601,362.987895,500,test,2,included
Unbalanced_LR,691,345000,345500,363.026467,363.513761,500,test,2,included
Unbalanced_LR,692,345500,346000,363.551665,364.038959,500,test,2,included
Unbalanced_LR,693,346000,346500,364.076826,364.56412,500,test,2,included
Unbalanced_LR,694,346500,347000,364.606556,365.09385,500,test,2,included
Unbalanced_LR,695,347000,347500,365.139518,365.626812,500,test,2,included
Unbalanced_LR,696,347500,348000,365.664131,366.151426,500,test,2,included
Unbalanced_LR,697,348000,348500,366.186835,366.674129,500,test,2,included
Unbalanced_LR,698,348500,349000,366.71193,367.199224,500,test,2,included
Unbalanced_LR,699,349000,349500,367.237196,367.72449,500,test,2,included
Unbalanced_LR,700,349500,350000,367.762576,368.24987,500,test,2,included
Unbalanced_LR,701,350000,350500,368.287785,368.775079,500,test,2,included
Unbalanced_LR,702,350500,351000,368.812418,369.299713,500,test,2,included
Unbalanced_LR,703,351000,351500,369.338373,369.825668,500,test,2,included
Unbalanced_LR,704,351500,352000,369.868327,370.355621,500,test,2,included
Unbalanced_LR,705,352000,352500,370.390515,370.877809,500,test,2,included
Unbalanced_LR,706,352500,353000,370.915515,371.402809,500,test,2,included
Unbalanced_LR,707,353000,353500,371.437625,371.924919,500,test,2,included
Unbalanced_LR,708,353500,354000,371.961913,372.449207,500,excluded,0,outside_intervals_or_crosses_boundary
Unbalanced_LR,709,354000,354500,372.486375,372.973669,500,excluded,0,outside_intervals_or_crosses_boundary
Unbalanced_LR,710,354500,355000,373.009522,373.496816,500,excluded,0,outside_intervals_or_crosses_boundary
Unbalanced_LR,711,355000,355500,373.540111,374.027405,500,excluded,0,outside_intervals_or_crosses_boundary
Unbalanced_LR,712,355500,356000,374.064078,374.551372,500,excluded,0,outside_intervals_or_crosses_boundary
Unbalanced_LR,713,356000,356500,374.595378,375.082672,500,excluded,0,outside_intervals_or_crosses_boundary
Unbalanced_LR,714,356500,357000,375.12556,375.612854,500,excluded,0,outside_intervals_or_crosses_boundary
Unbalanced_LR,715,357000,357500,375.650543,376.137838,500,excluded,0,outside_intervals_or_crosses_boundary
Unbalanced_LR,716,357500,358000,376.174946,376.66224,500,excluded,0,outside_intervals_or_crosses_boundary
Unbalanced_LR,717,358000,358500,376.700894,377.188188,500,excluded,0,outside_intervals_or_crosses_boundary
Unbalanced_LR,718,358500,359000,377.228185,377.715479,500,excluded,0,outside_intervals_or_crosses_boundary
Unbalanced_LR,719,359000,359500,377.75477,378.242064,500,excluded,0,outside_intervals_or_crosses_boundary
Unbalanced_LR,720,359500,360000,378.279333,378.766627,500,excluded,0,outside_intervals_or_crosses_boundary
Unbalanced_LR,721,360000,360500,378.804628,379.291922,500,excluded,0,outside_intervals_or_crosses_boundary
Unbalanced_LR,722,360500,361000,379.329392,379.816686,500,excluded,0,outside_intervals_or_crosses_boundary
Unbalanced_LR,723,361000,361500,379.852853,380.340147,500,excluded,0,outside_intervals_or_crosses_boundary
Unbalanced_LR,724,361500,362000,380.383418,380.870712,500,excluded,0,outside_intervals_or_crosses_boundary
Unbalanced_LR,725,362000,362500,380.912518,381.399812,500,excluded,0,outside_intervals_or_crosses_boundary
Unbalanced_LR,726,362500,363000,381.437122,381.924416,500,excluded,0,outside_intervals_or_crosses_boundary
Unbalanced_LR,727,363000,363500,381.966512,382.453806,500,excluded,0,outside_intervals_or_crosses_boundary
Unbalanced_LR,728,363500,364000,382.493483,382.980778,500,excluded,0,outside_intervals_or_crosses_boundary
Unbalanced_LR,729,364000,364500,383.023321,383.510616,500,excluded,0,outside_intervals_or_crosses_boundary
Unbalanced_LR,730,364500,365000,383.546117,384.033411,500,excluded,0,outside_intervals_or_crosses_boundary
Unbalanced_LR,731,365000,365500,384.069438,384.556732,500,excluded,0,outside_intervals_or_crosses_boundary
Unbalanced_LR,732,365500,366000,384.590245,385.077539,500,excluded,0,outside_intervals_or_crosses_boundary
Unbalanced_LR,733,366000,366500,385.112135,385.599429,500,excluded,0,outside_intervals_or_crosses_boundary
Unbalanced_LR,734,366500,367000,385.644006,386.1313,500,excluded,0,outside_intervals_or_crosses_boundary
Unbalanced_LR,735,367000,367500,386.172392,386.659687,500,excluded,0,outside_intervals_or_crosses_boundary
Unbalanced_LR,736,367500,368000,386.698413,387.185707,500,excluded,0,outside_intervals_or_crosses_boundary
Unbalanced_LR,737,368000,368500,387.226017,387.713311,500,excluded,0,outside_intervals_or_crosses_boundary
Unbalanced_LR,738,368500,369000,387.752194,388.239488,500,excluded,0,outside_intervals_or_crosses_boundary
Unbalanced_LR,739,369000,369500,388.276446,388.76374,500,excluded,0,outside_intervals_or_crosses_boundary
Unbalanced_LR,740,369500,370000,388.80276,389.290054,500,excluded,0,outside_intervals_or_crosses_boundary
Unbalanced_LR,741,370000,370500,389.327801,389.815095,500,excluded,0,outside_intervals_or_crosses_boundary
Unbalanced_LR,742,370500,371000,389.854357,390.341651,500,excluded,0,outside_intervals_or_crosses_boundary
Unbalanced_LR,743,371000,371500,390.378411,390.865705,500,excluded,0,outside_intervals_or_crosses_boundary
Unbalanced_LR,744,371500,372000,390.903876,391.391171,500,excluded,0,outside_intervals_or_crosses_boundary
Unbalanced_LR,745,372000,372500,391.428323,391.915617,500,excluded,0,outside_intervals_or_crosses_boundary
Unbalanced_LR,746,372500,373000,391.951899,392.439193,500,excluded,0,outside_intervals_or_crosses_boundary
Unbalanced_LR,747,373000,373500,392.477988,392.965282,500,excluded,0,outside_intervals_or_crosses_boundary
Unbalanced_LR,748,373500,374000,392.999867,393.487162,500,excluded,0,outside_intervals_or_crosses_boundary
Unbalanced_LR,749,374000,374500,393.526494,394.013788,500,excluded,0,outside_intervals_or_crosses_boundary
Unbalanced_LR,750,374500,375000,394.049297,394.536591,500,excluded,0,outside_intervals_or_crosses_boundary
Unbalanced_LR,751,375000,375500,394.574824,395.062118,500,excluded,0,outside_intervals_or_crosses_boundary
Unbalanced_LR,752,375500,376000,395.102863,395.590157,500,excluded,0,outside_intervals_or_crosses_boundary
Unbalanced_LR,753,376000,376500,395.627709,396.115003,500,excluded,0,outside_intervals_or_crosses_boundary
Unbalanced_LR,754,376500,377000,396.152041,396.639335,500,excluded,0,outside_intervals_or_crosses_boundary
Unbalanced_LR,755,377000,377500,396.678476,397.16577,500,excluded,0,outside_intervals_or_crosses_boundary
Unbalanced_LR,756,377500,378000,397.201703,397.688997,500,excluded,0,outside_intervals_or_crosses_boundary
Unbalanced_LR,757,378000,378500,397.725937,398.213231,500,excluded,0,outside_intervals_or_crosses_boundary
Unbalanced_LR,758,378500,379000,398.248518,398.735812,500,excluded,0,outside_intervals_or_crosses_boundary
Unbalanced_LR,759,379000,379500,398.776147,399.263441,500,excluded,0,outside_intervals_or_crosses_boundary
Unbalanced_LR,760,379500,380000,399.299642,399.786936,500,excluded,0,outside_intervals_or_crosses_boundary
Unbalanced_LR,761,380000,380500,399.830875,400.318169,500,excluded,0,outside_intervals_or_crosses_boundary
Unbalanced_LR,762,380500,381000,400.355932,400.843226,500,excluded,0,outside_intervals_or_crosses_boundary
Unbalanced_LR,763,381000,381500,400.884366,401.37166,500,excluded,0,outside_intervals_or_crosses_boundary
Unbalanced_LR,764,381500,382000,401.409395,401.896689,500,excluded,0,outside_intervals_or_crosses_boundary
Unbalanced_LR,765,382000,382500,401.935881,402.423175,500,excluded,0,outside_intervals_or_crosses_boundary
Unbalanced_LR,766,382500,383000,402.467954,402.955248,500,excluded,0,outside_intervals_or_crosses_boundary
Unbalanced_LR,767,383000,383500,402.991517,403.478811,500,excluded,0,outside_intervals_or_crosses_boundary
Unbalanced_LR,768,383500,384000,403.516258,404.003552,500,excluded,0,outside_intervals_or_crosses_boundary
Unbalanced_LR,769,384000,384500,404.043119,404.530414,500,excluded,0,outside_intervals_or_crosses_boundary
Unbalanced_LR,770,384500,385000,404.569522,405.056816,500,excluded,0,outside_intervals_or_crosses_boundary
Unbalanced_LR,771,385000,385500,405.095223,405.582517,500,excluded,0,outside_intervals_or_crosses_boundary
Unbalanced_LR,772,385500,386000,405.617399,406.104693,500,excluded,0,outside_intervals_or_crosses_boundary
Unbalanced_LR,773,386000,386500,406.142149,406.629443,500,excluded,0,outside_intervals_or_crosses_boundary
Unbalanced_LR,774,386500,387000,406.670439,407.157733,500,excluded,0,outside_intervals_or_crosses_boundary
Unbalanced_LR,775,387000,387500,407.196253,407.683547,500,excluded,0,outside_intervals_or_crosses_boundary
Unbalanced_LR,776,387500,388000,407.722329,408.209623,500,excluded,0,outside_intervals_or_crosses_boundary
Unbalanced_LR,777,388000,388500,408.246786,408.73408,500,excluded,0,outside_intervals_or_crosses_boundary
Unbalanced_LR,778,388500,389000,408.777012,409.264307,500,excluded,0,outside_intervals_or_crosses_boundary
Unbalanced_LR,779,389000,389500,409.300318,409.787612,500,excluded,0,outside_intervals_or_crosses_boundary
Unbalanced_LR,780,389500,390000,409.822009,410.309304,500,excluded,0,outside_intervals_or_crosses_boundary
Unbalanced_LR,781,390000,390500,410.347368,410.834662,500,excluded,0,outside_intervals_or_crosses_boundary
Unbalanced_LR,782,390500,391000,410.878057,411.365351,500,excluded,0,outside_intervals_or_crosses_boundary
Unbalanced_LR,783,391000,391500,411.401051,411.888346,500,excluded,0,outside_intervals_or_crosses_boundary
Unbalanced_LR,784,391500,392000,411.927771,412.415065,500,excluded,0,outside_intervals_or_crosses_boundary
Unbalanced_LR,785,392000,392500,412.454361,412.941655,500,excluded,0,outside_intervals_or_crosses_boundary
Unbalanced_LR,786,392500,393000,412.977307,413.464601,500,excluded,0,outside_intervals_or_crosses_boundary
Unbalanced_LR,787,393000,393500,413.506075,413.993369,500,excluded,0,outside_intervals_or_crosses_boundary
Unbalanced_LR,788,393500,394000,414.031961,414.519256,500,excluded,0,outside_intervals_or_crosses_boundary
Unbalanced_LR,789,394000,394500,414.556004,415.043298,500,excluded,0,outside_intervals_or_crosses_boundary
Unbalanced_LR,790,394500,395000,415.078751,415.566045,500,excluded,0,outside_intervals_or_crosses_boundary
Unbalanced_LR,791,395000,395500,415.607999,416.095293,500,excluded,0,outside_intervals_or_crosses_boundary
Unbalanced_LR,792,395500,396000,416.138308,416.625603,500,excluded,0,outside_intervals_or_crosses_boundary
Unbalanced_LR,793,396000,396500,416.661074,417.148369,500,excluded,0,outside_intervals_or_crosses_boundary
Unbalanced_LR,794,396500,397000,417.185549,417.672844,500,excluded,0,outside_intervals_or_crosses_boundary
Unbalanced_LR,795,397000,397500,417.709905,418.197199,500,excluded,0,outside_intervals_or_crosses_boundary
Unbalanced_LR,796,397500,398000,418.236063,418.723357,500,excluded,0,outside_intervals_or_crosses_boundary
Unbalanced_LR,797,398000,398500,418.760596,419.24789,500,excluded,0,outside_intervals_or_crosses_boundary
Unbalanced_LR,798,398500,399000,419.284763,419.772057,500,excluded,0,outside_intervals_or_crosses_boundary
Unbalanced_LR,799,399000,399500,419.80842,420.295714,500,excluded,0,outside_intervals_or_crosses_boundary
Unbalanced_LR,800,399500,400000,420.333423,420.820717,500,excluded,0,outside_intervals_or_crosses_boundary
Unbalanced_UR,1,0,500,0.0,0.487294,500,excluded,0,outside_intervals_or_crosses_boundary
Unbalanced_UR,2,500,1000,0.530661,1.017956,500,excluded,0,outside_intervals_or_crosses_boundary
Unbalanced_UR,3,1000,1500,1.056844,1.544139,500,excluded,0,outside_intervals_or_crosses_boundary
Unbalanced_UR,4,1500,2000,1.583856,2.07115,500,excluded,0,outside_intervals_or_crosses_boundary
Unbalanced_UR,5,2000,2500,2.114603,2.601898,500,excluded,0,outside_intervals_or_crosses_boundary
Unbalanced_UR,6,2500,3000,2.652718,3.140012,500,excluded,0,outside_intervals_or_crosses_boundary
Unbalanced_UR,7,3000,3500,3.177066,3.66436,500,excluded,0,outside_intervals_or_crosses_boundary
Unbalanced_UR,8,3500,4000,3.725776,4.21307,500,excluded,0,outside_intervals_or_crosses_boundary
Unbalanced_UR,9,4000,4500,4.262791,4.750086,500,excluded,0,outside_intervals_or_crosses_boundary
Unbalanced_UR,10,4500,5000,4.785667,5.272961,500,excluded,0,outside_intervals_or_crosses_boundary
Unbalanced_UR,11,5000,5500,5.315333,5.802628,500,excluded,0,outside_intervals_or_crosses_boundary
Unbalanced_UR,12,5500,6000,5.843929,6.331223,500,excluded,0,outside_intervals_or_crosses_boundary
Unbalanced_UR,13,6000,6500,6.375794,6.863088,500,excluded,0,outside_intervals_or_crosses_boundary
Unbalanced_UR,14,6500,7000,6.906239,7.393533,500,excluded,0,outside_intervals_or_crosses_boundary
Unbalanced_UR,15,7000,7500,7.435934,7.923228,500,excluded,0,outside_intervals_or_crosses_boundary
Unbalanced_UR,16,7500,8000,7.96115,8.448444,500,excluded,0,outside_intervals_or_crosses_boundary
Unbalanced_UR,17,8000,8500,8.497233,8.984527,500,excluded,0,outside_intervals_or_crosses_boundary
Unbalanced_UR,18,8500,9000,9.021153,9.508447,500,excluded,0,outside_intervals_or_crosses_boundary
Unbalanced_UR,19,9000,9500,9.558716,10.046011,500,excluded,0,outside_intervals_or_crosses_boundary
Unbalanced_UR,20,9500,10000,10.121065,10.608359,500,development,1,included
Unbalanced_UR,21,10000,10500,10.649326,11.13662,500,development,1,included
Unbalanced_UR,22,10500,11000,11.181486,11.66878,500,development,1,included
Unbalanced_UR,23,11000,11500,11.70925,12.196544,500,development,1,included
Unbalanced_UR,24,11500,12000,12.235719,12.723013,500,development,1,included
Unbalanced_UR,25,12000,12500,12.760735,13.248029,500,development,1,included
Unbalanced_UR,26,12500,13000,13.287559,13.774853,500,development,1,included
Unbalanced_UR,27,13000,13500,13.81503,14.302325,500,development,1,included
Unbalanced_UR,28,13500,14000,14.348705,14.835999,500,development,1,included
Unbalanced_UR,29,14000,14500,14.872848,15.360142,500,development,1,included
Unbalanced_UR,30,14500,15000,15.400706,15.888,500,development,1,included
Unbalanced_UR,31,15000,15500,15.933365,16.420659,500,development,1,included
Unbalanced_UR,32,15500,16000,16.461797,16.949091,500,development,1,included
Unbalanced_UR,33,16000,16500,16.997477,17.484771,500,development,1,included
Unbalanced_UR,34,16500,17000,17.528265,18.015559,500,development,1,included
Unbalanced_UR,35,17000,17500,18.063222,18.550517,500,development,1,included
Unbalanced_UR,36,17500,18000,18.589871,19.077165,500,development,1,included
Unbalanced_UR,37,18000,18500,19.113223,19.600518,500,development,1,included
Unbalanced_UR,38,18500,19000,19.63958,20.126874,500,development,1,included
Unbalanced_UR,39,19000,19500,20.172481,20.659775,500,development,1,included
Unbalanced_UR,40,19500,20000,20.707954,21.195248,500,development,1,included
Unbalanced_UR,41,20000,20500,21.237632,21.724926,500,development,1,included
Unbalanced_UR,42,20500,21000,21.771802,22.259096,500,development,1,included
Unbalanced_UR,43,21000,21500,22.304491,22.791785,500,development,1,included
Unbalanced_UR,44,21500,22000,22.836192,23.323486,500,development,1,included
Unbalanced_UR,45,22000,22500,23.36152,23.848814,500,development,1,included
Unbalanced_UR,46,22500,23000,23.88802,24.375314,500,development,1,included
Unbalanced_UR,47,23000,23500,24.416401,24.903695,500,development,1,included
Unbalanced_UR,48,23500,24000,24.940194,25.427488,500,development,1,included
Unbalanced_UR,49,24000,24500,25.482835,25.970129,500,development,1,included
Unbalanced_UR,50,24500,25000,26.013443,26.500738,500,development,1,included
Unbalanced_UR,51,25000,25500,26.538942,27.026236,500,development,1,included
Unbalanced_UR,52,25500,26000,27.072075,27.559369,500,development,1,included
Unbalanced_UR,53,26000,26500,27.599567,28.086861,500,development,1,included
Unbalanced_UR,54,26500,27000,28.135341,28.622635,500,development,1,included
Unbalanced_UR,55,27000,27500,28.662401,29.149696,500,development,1,included
Unbalanced_UR,56,27500,28000,29.19713,29.684425,500,development,1,included
Unbalanced_UR,57,28000,28500,29.723582,30.210876,500,development,1,included
Unbalanced_UR,58,28500,29000,30.252806,30.7401,500,development,1,included
Unbalanced_UR,59,29000,29500,30.780107,31.267401,500,development,1,included
Unbalanced_UR,60,29500,30000,31.31744,31.804735,500,development,1,included
Unbalanced_UR,61,30000,30500,31.851512,32.338806,500,development,1,included
Unbalanced_UR,62,30500,31000,32.381709,32.869004,500,development,1,included
Unbalanced_UR,63,31000,31500,32.911407,33.398701,500,development,1,included
Unbalanced_UR,64,31500,32000,33.444683,33.931977,500,development,1,included
Unbalanced_UR,65,32000,32500,33.967983,34.455277,500,development,1,included
Unbalanced_UR,66,32500,33000,34.491475,34.978769,500,development,1,included
Unbalanced_UR,67,33000,33500,35.014928,35.502222,500,development,1,included
Unbalanced_UR,68,33500,34000,35.544881,36.032176,500,development,1,included
Unbalanced_UR,69,34000,34500,36.078909,36.566204,500,development,1,included
Unbalanced_UR,70,34500,35000,36.614548,37.101842,500,development,1,included
Unbalanced_UR,71,35000,35500,37.210855,37.698149,500,development,1,included
Unbalanced_UR,72,35500,36000,37.745168,38.232462,500,development,1,included
Unbalanced_UR,73,36000,36500,38.269774,38.757069,500,development,1,included
Unbalanced_UR,74,36500,37000,38.797883,39.285177,500,development,1,included
Unbalanced_UR,75,37000,37500,39.329211,39.816505,500,development,1,included
Unbalanced_UR,76,37500,38000,39.862503,40.349798,500,development,1,included
Unbalanced_UR,77,38000,38500,40.39649,40.883784,500,development,1,included
Unbalanced_UR,78,38500,39000,40.927486,41.41478,500,development,1,included
Unbalanced_UR,79,39000,39500,41.451272,41.938566,500,development,1,included
Unbalanced_UR,80,39500,40000,41.987446,42.47474,500,development,1,included
Unbalanced_UR,81,40000,40500,42.518028,43.005322,500,development,1,included
Unbalanced_UR,82,40500,41000,43.048882,43.536176,500,development,1,included
Unbalanced_UR,83,41000,41500,43.57469,44.061984,500,development,1,included
Unbalanced_UR,84,41500,42000,44.111721,44.599015,500,development,1,included
Unbalanced_UR,85,42000,42500,44.642679,45.129974,500,development,1,included
Unbalanced_UR,86,42500,43000,45.174889,45.662183,500,development,1,included
Unbalanced_UR,87,43000,43500,45.71174,46.199034,500,development,1,included
Unbalanced_UR,88,43500,44000,46.239461,46.726755,500,development,1,included
Unbalanced_UR,89,44000,44500,46.800685,47.287979,500,development,1,included
Unbalanced_UR,90,44500,45000,47.334546,47.82184,500,development,1,included
Unbalanced_UR,91,45000,45500,47.873341,48.360635,500,development,1,included
Unbalanced_UR,92,45500,46000,48.400983,48.888277,500,development,1,included
Unbalanced_UR,93,46000,46500,48.92796,49.415254,500,development,1,included
Unbalanced_UR,94,46500,47000,49.460444,49.947738,500,development,1,included
Unbalanced_UR,95,47000,47500,50.000056,50.48735,500,development,1,included
Unbalanced_UR,96,47500,48000,50.533305,51.020599,500,development,1,included
Unbalanced_UR,97,48000,48500,51.058119,51.545414,500,development,1,included
Unbalanced_UR,98,48500,49000,51.581525,52.068819,500,development,1,included
Unbalanced_UR,99,49000,49500,52.107663,52.594957,500,development,1,included
Unbalanced_UR,100,49500,50000,52.632462,53.119756,500,development,1,included
Unbalanced_UR,101,50000,50500,53.165601,53.652895,500,development,1,included
Unbalanced_UR,102,50500,51000,53.697918,54.185212,500,development,1,included
Unbalanced_UR,103,51000,51500,54.22198,54.709275,500,development,1,included
Unbalanced_UR,104,51500,52000,54.746162,55.233456,500,development,1,included
Unbalanced_UR,105,52000,52500,55.275995,55.763289,500,development,1,included
Unbalanced_UR,106,52500,53000,55.807503,56.294797,500,development,1,included
Unbalanced_UR,107,53000,53500,56.342126,56.82942,500,development,1,included
Unbalanced_UR,108,53500,54000,56.875332,57.362626,500,development,1,included
Unbalanced_UR,109,54000,54500,57.400509,57.887803,500,development,1,included
Unbalanced_UR,110,54500,55000,57.926225,58.413519,500,development,1,included
Unbalanced_UR,111,55000,55500,58.461885,58.94918,500,development,1,included
Unbalanced_UR,112,55500,56000,59.067395,59.554689,500,development,1,included
Unbalanced_UR,113,56000,56500,59.6048,60.092094,500,development,1,included
Unbalanced_UR,114,56500,57000,60.131163,60.618458,500,development,1,included
Unbalanced_UR,115,57000,57500,60.664249,61.151543,500,development,1,included
Unbalanced_UR,116,57500,58000,61.221556,61.708851,500,development,1,included
Unbalanced_UR,117,58000,58500,61.746713,62.234007,500,development,1,included
Unbalanced_UR,118,58500,59000,62.274884,62.762178,500,development,1,included
Unbalanced_UR,119,59000,59500,62.798003,63.285297,500,development,1,included
Unbalanced_UR,120,59500,60000,63.323357,63.810652,500,development,1,included
Unbalanced_UR,121,60000,60500,63.855637,64.342931,500,development,1,included
Unbalanced_UR,122,60500,61000,64.383878,64.871173,500,development,1,included
Unbalanced_UR,123,61000,61500,64.930223,65.417517,500,development,1,included
Unbalanced_UR,124,61500,62000,65.463185,65.950479,500,development,1,included
Unbalanced_UR,125,62000,62500,66.002551,66.489846,500,development,1,included
Unbalanced_UR,126,62500,63000,66.53808,67.025374,500,development,1,included
Unbalanced_UR,127,63000,63500,67.074225,67.561519,500,development,1,included
Unbalanced_UR,128,63500,64000,67.606797,68.094091,500,development,1,included
Unbalanced_UR,129,64000,64500,68.146688,68.633982,500,development,1,included
Unbalanced_UR,130,64500,65000,68.670927,69.158221,500,development,1,included
Unbalanced_UR,131,65000,65500,69.19305,69.680344,500,development,1,included
Unbalanced_UR,132,65500,66000,69.724775,70.21207,500,excluded,0,outside_intervals_or_crosses_boundary
Unbalanced_UR,133,66000,66500,70.254221,70.741515,500,development,2,included
Unbalanced_UR,134,66500,67000,70.778417,71.265711,500,development,2,included
Unbalanced_UR,135,67000,67500,71.303117,71.790412,500,development,2,included
Unbalanced_UR,136,67500,68000,71.839836,72.32713,500,development,2,included
Unbalanced_UR,137,68000,68500,72.371813,72.859108,500,development,2,included
Unbalanced_UR,138,68500,69000,72.893801,73.381095,500,development,2,included
Unbalanced_UR,139,69000,69500,73.420321,73.907616,500,development,2,included
Unbalanced_UR,140,69500,70000,73.95235,74.439645,500,development,2,included
Unbalanced_UR,141,70000,70500,74.484008,74.971302,500,development,2,included
Unbalanced_UR,142,70500,71000,75.008304,75.495599,500,development,2,included
Unbalanced_UR,143,71000,71500,75.538419,76.025713,500,development,2,included
Unbalanced_UR,144,71500,72000,76.071038,76.558332,500,development,2,included
Unbalanced_UR,145,72000,72500,76.601721,77.089016,500,development,2,included
Unbalanced_UR,146,72500,73000,77.130351,77.617645,500,development,2,included
Unbalanced_UR,147,73000,73500,77.665954,78.153248,500,development,2,included
Unbalanced_UR,148,73500,74000,78.19475,78.682044,500,development,2,included
Unbalanced_UR,149,74000,74500,78.722434,79.209728,500,development,2,included
Unbalanced_UR,150,74500,75000,79.251189,79.738483,500,development,2,included
Unbalanced_UR,151,75000,75500,79.775546,80.26284,500,development,2,included
Unbalanced_UR,152,75500,76000,80.302713,80.790007,500,development,2,included
Unbalanced_UR,153,76000,76500,80.835427,81.322722,500,development,2,included
Unbalanced_UR,154,76500,77000,81.363198,81.850492,500,development,2,included
Unbalanced_UR,155,77000,77500,81.887762,82.375056,500,development,2,included
Unbalanced_UR,156,77500,78000,82.414775,82.902069,500,development,2,included
Unbalanced_UR,157,78000,78500,82.936904,83.424199,500,development,2,included
Unbalanced_UR,158,78500,79000,83.463375,83.950669,500,development,2,included
Unbalanced_UR,159,79000,79500,83.987698,84.474992,500,development,2,included
Unbalanced_UR,160,79500,80000,84.512516,84.99981,500,development,2,included
Unbalanced_UR,161,80000,80500,85.035363,85.522657,500,development,2,included
Unbalanced_UR,162,80500,81000,85.560065,86.047359,500,development,2,included
Unbalanced_UR,163,81000,81500,86.084874,86.572168,500,development,2,included
Unbalanced_UR,164,81500,82000,86.618354,87.105649,500,development,2,included
Unbalanced_UR,165,82000,82500,87.143266,87.630561,500,development,2,included
Unbalanced_UR,166,82500,83000,87.666741,88.154035,500,development,2,included
Unbalanced_UR,167,83000,83500,88.192666,88.67996,500,development,2,included
Unbalanced_UR,168,83500,84000,88.721605,89.208899,500,development,2,included
Unbalanced_UR,169,84000,84500,89.246131,89.733425,500,development,2,included
Unbalanced_UR,170,84500,85000,89.776052,90.263346,500,development,2,included
Unbalanced_UR,171,85000,85500,90.302091,90.789385,500,development,2,included
Unbalanced_UR,172,85500,86000,90.826683,91.313977,500,development,2,included
Unbalanced_UR,173,86000,86500,91.357507,91.844801,500,development,2,included
Unbalanced_UR,174,86500,87000,91.891784,92.379078,500,development,2,included
Unbalanced_UR,175,87000,87500,92.424818,92.912113,500,development,2,included
Unbalanced_UR,176,87500,88000,92.94707,93.434364,500,development,2,included
Unbalanced_UR,177,88000,88500,93.473338,93.960632,500,development,2,included
Unbalanced_UR,178,88500,89000,94.00126,94.488554,500,development,2,included
Unbalanced_UR,179,89000,89500,94.525084,95.012379,500,development,2,included
Unbalanced_UR,180,89500,90000,95.055891,95.543185,500,development,2,included
Unbalanced_UR,181,90000,90500,95.581853,96.069147,500,development,2,included
Unbalanced_UR,182,90500,91000,96.109029,96.596323,500,development,2,included
Unbalanced_UR,183,91000,91500,96.634757,97.122052,500,development,2,included
Unbalanced_UR,184,91500,92000,97.160861,97.648155,500,development,2,included
Unbalanced_UR,185,92000,92500,97.684897,98.172191,500,development,2,included
Unbalanced_UR,186,92500,93000,98.213161,98.700455,500,development,2,included
Unbalanced_UR,187,93000,93500,98.73796,99.225254,500,development,2,included
Unbalanced_UR,188,93500,94000,99.260869,99.748164,500,development,2,included
Unbalanced_UR,189,94000,94500,99.788065,100.275359,500,development,2,included
Unbalanced_UR,190,94500,95000,100.312644,100.799938,500,development,2,included
Unbalanced_UR,191,95000,95500,100.838955,101.32625,500,development,2,included
Unbalanced_UR,192,95500,96000,101.365627,101.852921,500,development,2,included
Unbalanced_UR,193,96000,96500,101.894879,102.382174,500,development,2,included
Unbalanced_UR,194,96500,97000,102.423807,102.911101,500,development,2,included
Unbalanced_UR,195,97000,97500,102.947323,103.434617,500,development,2,included
Unbalanced_UR,196,97500,98000,103.47117,103.958464,500,development,2,included
Unbalanced_UR,197,98000,98500,103.996253,104.483547,500,development,2,included
Unbalanced_UR,198,98500,99000,104.521578,105.008872,500,development,2,included
Unbalanced_UR,199,99000,99500,105.043199,105.530494,500,development,2,included
Unbalanced_UR,200,99500,100000,105.569038,106.056332,500,development,2,included
Unbalanced_UR,201,100000,100500,106.100437,106.587731,500,development,2,included
Unbalanced_UR,202,100500,101000,106.625677,107.112972,500,development,2,included
Unbalanced_UR,203,101000,101500,107.15285,107.640144,500,development,2,included
Unbalanced_UR,204,101500,102000,107.681336,108.16863,500,development,2,included
Unbalanced_UR,205,102000,102500,108.203943,108.691237,500,development,2,included
Unbalanced_UR,206,102500,103000,108.729567,109.216861,500,development,2,included
Unbalanced_UR,207,103000,103500,109.254481,109.741775,500,development,2,included
Unbalanced_UR,208,103500,104000,109.779162,110.266456,500,development,2,included
Unbalanced_UR,209,104000,104500,110.302069,110.789364,500,development,2,included
Unbalanced_UR,210,104500,105000,110.827353,111.314647,500,development,2,included
Unbalanced_UR,211,105000,105500,111.3516,111.838895,500,development,2,included
Unbalanced_UR,212,105500,106000,111.880181,112.367475,500,development,2,included
Unbalanced_UR,213,106000,106500,112.404995,112.892289,500,development,2,included
Unbalanced_UR,214,106500,107000,112.929446,113.41674,500,development,2,included
Unbalanced_UR,215,107000,107500,113.456542,113.943836,500,development,2,included
Unbalanced_UR,216,107500,108000,113.982584,114.469879,500,development,2,included
Unbalanced_UR,217,108000,108500,114.512122,114.999416,500,development,2,included
Unbalanced_UR,218,108500,109000,115.036954,115.524248,500,development,2,included
Unbalanced_UR,219,109000,109500,115.563391,116.050686,500,development,2,included
Unbalanced_UR,220,109500,110000,116.086643,116.573937,500,development,2,included
Unbalanced_UR,221,110000,110500,116.609038,117.096332,500,development,2,included
Unbalanced_UR,222,110500,111000,117.132665,117.619959,500,development,2,included
Unbalanced_UR,223,111000,111500,117.657414,118.144708,500,development,2,included
Unbalanced_UR,224,111500,112000,118.185115,118.67241,500,development,2,included
Unbalanced_UR,225,112000,112500,118.707654,119.194948,500,development,2,included
Unbalanced_UR,226,112500,113000,119.231716,119.71901,500,development,2,included
Unbalanced_UR,227,113000,113500,119.75738,120.244675,500,development,2,included
Unbalanced_UR,228,113500,114000,120.286602,120.773896,500,development,2,included
Unbalanced_UR,229,114000,114500,120.817129,121.304423,500,development,2,included
Unbalanced_UR,230,114500,115000,121.341331,121.828626,500,development,2,included
Unbalanced_UR,231,115000,115500,121.867107,122.354401,500,development,2,included
Unbalanced_UR,232,115500,116000,122.39174,122.879034,500,development,2,included
Unbalanced_UR,233,116000,116500,122.922938,123.410233,500,development,2,included
Unbalanced_UR,234,116500,117000,123.447557,123.934852,500,development,2,included
Unbalanced_UR,235,117000,117500,123.988056,124.47535,500,development,2,included
Unbalanced_UR,236,117500,118000,124.512085,124.999379,500,development,2,included
Unbalanced_UR,237,118000,118500,125.036031,125.523325,500,development,2,included
Unbalanced_UR,238,118500,119000,125.564383,126.051677,500,development,2,included
Unbalanced_UR,239,119000,119500,126.097553,126.584847,500,development,2,included
Unbalanced_UR,240,119500,120000,126.620187,127.107481,500,development,2,included
Unbalanced_UR,241,120000,120500,127.156387,127.643681,500,development,2,included
Unbalanced_UR,242,120500,121000,127.681503,128.168798,500,development,2,included
Unbalanced_UR,243,121000,121500,128.20674,128.694035,500,development,2,included
Unbalanced_UR,244,121500,122000,128.733702,129.220996,500,development,2,included
Unbalanced_UR,245,122000,122500,129.26382,129.751115,500,development,2,included
Unbalanced_UR,246,122500,123000,129.790672,130.277967,500,excluded,0,outside_intervals_or_crosses_boundary
Unbalanced_UR,247,123000,123500,130.313282,130.800577,500,development,3,included
Unbalanced_UR,248,123500,124000,130.840278,131.327573,500,development,3,included
Unbalanced_UR,249,124000,124500,131.3683,131.855594,500,development,3,included
Unbalanced_UR,250,124500,125000,131.898867,132.386161,500,development,3,included
Unbalanced_UR,251,125000,125500,132.432837,132.920131,500,development,3,included
Unbalanced_UR,252,125500,126000,132.956881,133.444176,500,development,3,included
Unbalanced_UR,253,126000,126500,133.487293,133.974587,500,development,3,included
Unbalanced_UR,254,126500,127000,134.013267,134.500561,500,development,3,included
Unbalanced_UR,255,127000,127500,134.538192,135.025486,500,development,3,included
Unbalanced_UR,256,127500,128000,135.063255,135.550549,500,development,3,included
Unbalanced_UR,257,128000,128500,135.586607,136.073901,500,development,3,included
Unbalanced_UR,258,128500,129000,136.116847,136.604141,500,development,3,included
Unbalanced_UR,259,129000,129500,136.642995,137.130289,500,development,3,included
Unbalanced_UR,260,129500,130000,137.165364,137.652658,500,development,3,included
Unbalanced_UR,261,130000,130500,137.692993,138.180287,500,development,3,included
Unbalanced_UR,262,130500,131000,138.215758,138.703052,500,development,3,included
Unbalanced_UR,263,131000,131500,138.74043,139.227724,500,development,3,included
Unbalanced_UR,264,131500,132000,139.265629,139.752923,500,development,3,included
Unbalanced_UR,265,132000,132500,139.795787,140.283081,500,development,3,included
Unbalanced_UR,266,132500,133000,140.31849,140.805784,500,development,3,included
Unbalanced_UR,267,133000,133500,140.843479,141.330774,500,development,3,included
Unbalanced_UR,268,133500,134000,141.371707,141.859001,500,development,3,included
Unbalanced_UR,269,134000,134500,141.894933,142.382228,500,development,3,included
Unbalanced_UR,270,134500,135000,142.416213,142.903508,500,development,3,included
Unbalanced_UR,271,135000,135500,142.941328,143.428622,500,development,3,included
Unbalanced_UR,272,135500,136000,143.468919,143.956213,500,development,3,included
Unbalanced_UR,273,136000,136500,143.998403,144.485697,500,development,3,included
Unbalanced_UR,274,136500,137000,144.529636,145.01693,500,development,3,included
Unbalanced_UR,275,137000,137500,145.053212,145.540506,500,development,3,included
Unbalanced_UR,276,137500,138000,145.578766,146.06606,500,development,3,included
Unbalanced_UR,277,138000,138500,146.103196,146.59049,500,development,3,included
Unbalanced_UR,278,138500,139000,146.629744,147.117038,500,development,3,included
Unbalanced_UR,279,139000,139500,147.156117,147.643411,500,development,3,included
Unbalanced_UR,280,139500,140000,147.683016,148.17031,500,development,3,included
Unbalanced_UR,281,140000,140500,148.207039,148.694334,500,development,3,included
Unbalanced_UR,282,140500,141000,148.730588,149.217882,500,development,3,included
Unbalanced_UR,283,141000,141500,149.261636,149.74893,500,development,3,included
Unbalanced_UR,284,141500,142000,149.787014,150.274308,500,development,3,included
Unbalanced_UR,285,142000,142500,150.312701,150.799995,500,development,3,included
Unbalanced_UR,286,142500,143000,150.836035,151.323329,500,development,3,included
Unbalanced_UR,287,143000,143500,151.359647,151.846941,500,development,3,included
Unbalanced_UR,288,143500,144000,151.886388,152.373682,500,development,3,included
Unbalanced_UR,289,144000,144500,152.412596,152.89989,500,development,3,included
Unbalanced_UR,290,144500,145000,152.939273,153.426567,500,development,3,included
Unbalanced_UR,291,145000,145500,153.464975,153.952269,500,development,3,included
Unbalanced_UR,292,145500,146000,153.994761,154.482055,500,development,3,included
Unbalanced_UR,293,146000,146500,154.518954,155.006248,500,development,3,included
Unbalanced_UR,294,146500,147000,155.040966,155.528261,500,development,3,included
Unbalanced_UR,295,147000,147500,155.569108,156.056402,500,development,3,included
Unbalanced_UR,296,147500,148000,156.093285,156.580579,500,development,3,included
Unbalanced_UR,297,148000,148500,156.620005,157.107299,500,development,3,included
Unbalanced_UR,298,148500,149000,157.145083,157.632378,500,development,3,included
Unbalanced_UR,299,149000,149500,157.669741,158.157035,500,development,3,included
Unbalanced_UR,300,149500,150000,158.192369,158.679663,500,development,3,included
Unbalanced_UR,301,150000,150500,158.715709,159.203003,500,development,3,included
Unbalanced_UR,302,150500,151000,159.240062,159.727356,500,development,3,included
Unbalanced_UR,303,151000,151500,159.766171,160.253465,500,development,3,included
Unbalanced_UR,304,151500,152000,160.288575,160.775869,500,development,3,included
Unbalanced_UR,305,152000,152500,160.811219,161.298513,500,development,3,included
Unbalanced_UR,306,152500,153000,161.335939,161.823233,500,development,3,included
Unbalanced_UR,307,153000,153500,161.861796,162.349091,500,development,3,included
Unbalanced_UR,308,153500,154000,162.387092,162.874387,500,development,3,included
Unbalanced_UR,309,154000,154500,162.915851,163.403145,500,development,3,included
Unbalanced_UR,310,154500,155000,163.440836,163.92813,500,development,3,included
Unbalanced_UR,311,155000,155500,163.970995,164.458289,500,development,3,included
Unbalanced_UR,312,155500,156000,164.494483,164.981777,500,development,3,included
Unbalanced_UR,313,156000,156500,165.019088,165.506383,500,development,3,included
Unbalanced_UR,314,156500,157000,165.547471,166.034765,500,development,3,included
Unbalanced_UR,315,157000,157500,166.073063,166.560358,500,development,3,included
Unbalanced_UR,316,157500,158000,166.597697,167.084992,500,development,3,included
Unbalanced_UR,317,158000,158500,167.124652,167.611946,500,development,3,included
Unbalanced_UR,318,158500,159000,167.648826,168.136121,500,development,3,included
Unbalanced_UR,319,159000,159500,168.173219,168.660513,500,development,3,included
Unbalanced_UR,320,159500,160000,168.699454,169.186748,500,development,3,included
Unbalanced_UR,321,160000,160500,169.225463,169.712757,500,development,3,included
Unbalanced_UR,322,160500,161000,169.752937,170.240231,500,development,3,included
Unbalanced_UR,323,161000,161500,170.276903,170.764197,500,development,3,included
Unbalanced_UR,324,161500,162000,170.804746,171.292041,500,development,3,included
Unbalanced_UR,325,162000,162500,171.329607,171.816901,500,development,3,included
Unbalanced_UR,326,162500,163000,171.854,172.341294,500,development,3,included
Unbalanced_UR,327,163000,163500,172.37757,172.864864,500,development,3,included
Unbalanced_UR,328,163500,164000,172.910801,173.398095,500,development,3,included
Unbalanced_UR,329,164000,164500,173.435731,173.923026,500,development,3,included
Unbalanced_UR,330,164500,165000,173.963174,174.450468,500,development,3,included
Unbalanced_UR,331,165000,165500,174.489611,174.976905,500,development,3,included
Unbalanced_UR,332,165500,166000,175.014373,175.501667,500,development,3,included
Unbalanced_UR,333,166000,166500,175.547289,176.034583,500,development,3,included
Unbalanced_UR,334,166500,167000,176.074191,176.561485,500,development,3,included
Unbalanced_UR,335,167000,167500,176.60089,177.088184,500,development,3,included
Unbalanced_UR,336,167500,168000,177.124886,177.61218,500,development,3,included
Unbalanced_UR,337,168000,168500,177.649901,178.137195,500,development,3,included
Unbalanced_UR,338,168500,169000,178.174827,178.662122,500,development,3,included
Unbalanced_UR,339,169000,169500,178.699627,179.186921,500,development,3,included
Unbalanced_UR,340,169500,170000,179.224947,179.712241,500,development,3,included
Unbalanced_UR,341,170000,170500,179.752386,180.23968,500,development,3,included
Unbalanced_UR,342,170500,171000,180.274953,180.762247,500,development,3,included
Unbalanced_UR,343,171000,171500,180.800119,181.287413,500,development,3,included
Unbalanced_UR,344,171500,172000,181.324594,181.811888,500,development,3,included
Unbalanced_UR,345,172000,172500,181.849676,182.33697,500,development,3,included
Unbalanced_UR,346,172500,173000,182.374592,182.861886,500,development,3,included
Unbalanced_UR,347,173000,173500,182.897894,183.385188,500,development,3,included
Unbalanced_UR,348,173500,174000,183.425129,183.912424,500,development,3,included
Unbalanced_UR,349,174000,174500,183.955695,184.442989,500,development,3,included
Unbalanced_UR,350,174500,175000,184.48094,184.968234,500,development,3,included
Unbalanced_UR,351,175000,175500,185.004326,185.49162,500,development,3,included
Unbalanced_UR,352,175500,176000,185.527628,186.014922,500,development,3,included
Unbalanced_UR,353,176000,176500,186.057005,186.5443,500,development,3,included
Unbalanced_UR,354,176500,177000,186.579689,187.066984,500,development,3,included
Unbalanced_UR,355,177000,177500,187.103706,187.591001,500,development,3,included
Unbalanced_UR,356,177500,178000,187.628571,188.115865,500,development,3,included
Unbalanced_UR,357,178000,178500,188.150386,188.637681,500,development,3,included
Unbalanced_UR,358,178500,179000,188.675943,189.163237,500,development,3,included
Unbalanced_UR,359,179000,179500,189.199367,189.686661,500,development,3,included
Unbalanced_UR,360,179500,180000,189.7236,190.210894,500,excluded,0,outside_intervals_or_crosses_boundary
Unbalanced_UR,361,180000,180500,190.251021,190.738316,500,development,4,included
Unbalanced_UR,362,180500,181000,190.777871,191.265166,500,development,4,included
Unbalanced_UR,363,181000,181500,191.303556,191.790851,500,development,4,included
Unbalanced_UR,364,181500,182000,191.833347,192.320641,500,development,4,included
Unbalanced_UR,365,182000,182500,192.358119,192.845414,500,development,4,included
Unbalanced_UR,366,182500,183000,192.878636,193.365931,500,development,4,included
Unbalanced_UR,367,183000,183500,193.405081,193.892375,500,development,4,included
Unbalanced_UR,368,183500,184000,193.931435,194.418729,500,development,4,included
Unbalanced_UR,369,184000,184500,194.456677,194.943971,500,development,4,included
Unbalanced_UR,370,184500,185000,194.981383,195.468677,500,development,4,included
Unbalanced_UR,371,185000,185500,195.50508,195.992374,500,development,4,included
Unbalanced_UR,372,185500,186000,196.031625,196.518919,500,development,4,included
Unbalanced_UR,373,186000,186500,196.561493,197.048787,500,development,4,included
Unbalanced_UR,374,186500,187000,197.086815,197.57411,500,development,4,included
Unbalanced_UR,375,187000,187500,197.612881,198.100175,500,development,4,included
Unbalanced_UR,376,187500,188000,198.138901,198.626195,500,development,4,included
Unbalanced_UR,377,188000,188500,198.661318,199.148612,500,development,4,included
Unbalanced_UR,378,188500,189000,199.184768,199.672063,500,development,4,included
Unbalanced_UR,379,189000,189500,199.711276,200.19857,500,development,4,included
Unbalanced_UR,380,189500,190000,200.237587,200.724882,500,development,4,included
Unbalanced_UR,381,190000,190500,200.765049,201.252343,500,development,4,included
Unbalanced_UR,382,190500,191000,201.295211,201.782505,500,development,4,included
Unbalanced_UR,383,191000,191500,201.821945,202.309239,500,development,4,included
Unbalanced_UR,384,191500,192000,202.345567,202.832861,500,development,4,included
Unbalanced_UR,385,192000,192500,202.869002,203.356296,500,development,4,included
Unbalanced_UR,386,192500,193000,203.392956,203.880251,500,development,4,included
Unbalanced_UR,387,193000,193500,203.917103,204.404398,500,development,4,included
Unbalanced_UR,388,193500,194000,204.445039,204.932333,500,development,4,included
Unbalanced_UR,389,194000,194500,204.969397,205.456691,500,development,4,included
Unbalanced_UR,390,194500,195000,205.492991,205.980285,500,development,4,included
Unbalanced_UR,391,195000,195500,206.016712,206.504006,500,development,4,included
Unbalanced_UR,392,195500,196000,206.547901,207.035195,500,development,4,included
Unbalanced_UR,393,196000,196500,207.075448,207.562742,500,development,4,included
Unbalanced_UR,394,196500,197000,207.598853,208.086147,500,development,4,included
Unbalanced_UR,395,197000,197500,208.121547,208.608841,500,development,4,included
Unbalanced_UR,396,197500,198000,208.648318,209.135613,500,development,4,included
Unbalanced_UR,397,198000,198500,209.175723,209.663017,500,development,4,included
Unbalanced_UR,398,198500,199000,209.699767,210.187062,500,development,4,included
Unbalanced_UR,399,199000,199500,210.230912,210.718206,500,development,4,included
Unbalanced_UR,400,199500,200000,210.760247,211.247541,500,development,4,included
Unbalanced_UR,401,200000,200500,211.292999,211.780293,500,development,4,included
Unbalanced_UR,402,200500,201000,211.818809,212.306103,500,development,4,included
Unbalanced_UR,403,201000,201500,212.342775,212.83007,500,development,4,included
Unbalanced_UR,404,201500,202000,212.867904,213.355198,500,development,4,included
Unbalanced_UR,405,202000,202500,213.40123,213.888524,500,development,4,included
Unbalanced_UR,406,202500,203000,213.92382,214.411114,500,development,4,included
Unbalanced_UR,407,203000,203500,214.450332,214.937627,500,development,4,included
Unbalanced_UR,408,203500,204000,214.980724,215.468018,500,development,4,included
Unbalanced_UR,409,204000,204500,215.505151,215.992445,500,development,4,included
Unbalanced_UR,410,204500,205000,216.026737,216.514031,500,development,4,included
Unbalanced_UR,411,205000,205500,216.556592,217.043887,500,development,4,included
Unbalanced_UR,412,205500,206000,217.081105,217.5684,500,development,4,included
Unbalanced_UR,413,206000,206500,217.605782,218.093076,500,development,4,included
Unbalanced_UR,414,206500,207000,218.131447,218.618741,500,development,4,included
Unbalanced_UR,415,207000,207500,218.658079,219.145374,500,development,4,included
Unbalanced_UR,416,207500,208000,219.183175,219.67047,500,development,4,included
Unbalanced_UR,417,208000,208500,219.70664,220.193934,500,development,4,included
Unbalanced_UR,418,208500,209000,220.23252,220.719814,500,development,4,included
Unbalanced_UR,419,209000,209500,220.753812,221.241106,500,development,4,included
Unbalanced_UR,420,209500,210000,221.283846,221.77114,500,development,4,included
Unbalanced_UR,421,210000,210500,221.815461,222.302755,500,development,4,included
Unbalanced_UR,422,210500,211000,222.341023,222.828317,500,development,4,included
Unbalanced_UR,423,211000,211500,222.863308,223.350602,500,development,4,included
Unbalanced_UR,424,211500,212000,223.385569,223.872864,500,development,4,included
Unbalanced_UR,425,212000,212500,223.911086,224.398381,500,development,4,included
Unbalanced_UR,426,212500,213000,224.438277,224.925572,500,development,4,included
Unbalanced_UR,427,213000,213500,224.966517,225.453811,500,development,4,included
Unbalanced_UR,428,213500,214000,225.494957,225.982251,500,development,4,included
Unbalanced_UR,429,214000,214500,226.023099,226.510393,500,development,4,included
Unbalanced_UR,430,214500,215000,226.54796,227.035254,500,development,4,included
Unbalanced_UR,431,215000,215500,227.073241,227.560535,500,development,4,included
Unbalanced_UR,432,215500,216000,227.607165,228.094459,500,development,4,included
Unbalanced_UR,433,216000,216500,228.139364,228.626658,500,development,4,included
Unbalanced_UR,434,216500,217000,228.67205,229.159345,500,development,4,included
Unbalanced_UR,435,217000,217500,229.196658,229.683953,500,development,4,included
Unbalanced_UR,436,217500,218000,229.723331,230.210626,500,development,4,included
Unbalanced_UR,437,218000,218500,230.246738,230.734032,500,development,4,included
Unbalanced_UR,438,218500,219000,230.770018,231.257312,500,development,4,included
Unbalanced_UR,439,219000,219500,231.298065,231.78536,500,development,4,included
Unbalanced_UR,440,219500,220000,231.826669,232.313964,500,development,4,included
Unbalanced_UR,441,220000,220500,232.355771,232.843066,500,development,4,included
Unbalanced_UR,442,220500,221000,232.879815,233.367109,500,development,4,included
Unbalanced_UR,443,221000,221500,233.406697,233.893991,500,development,4,included
Unbalanced_UR,444,221500,222000,233.935144,234.422438,500,development,4,included
Unbalanced_UR,445,222000,222500,234.462734,234.950028,500,development,4,included
Unbalanced_UR,446,222500,223000,234.987132,235.474426,500,development,4,included
Unbalanced_UR,447,223000,223500,235.516484,236.003779,500,development,4,included
Unbalanced_UR,448,223500,224000,236.042495,236.529789,500,development,4,included
Unbalanced_UR,449,224000,224500,236.568795,237.05609,500,development,4,included
Unbalanced_UR,450,224500,225000,237.095652,237.582946,500,development,4,included
Unbalanced_UR,451,225000,225500,237.620811,238.108105,500,development,4,included
Unbalanced_UR,452,225500,226000,238.145297,238.632591,500,development,4,included
Unbalanced_UR,453,226000,226500,238.667633,239.154928,500,development,4,included
Unbalanced_UR,454,226500,227000,239.193474,239.680768,500,development,4,included
Unbalanced_UR,455,227000,227500,239.720686,240.20798,500,development,4,included
Unbalanced_UR,456,227500,228000,240.249516,240.736811,500,development,4,included
Unbalanced_UR,457,228000,228500,240.774586,241.26188,500,development,4,included
Unbalanced_UR,458,228500,229000,241.299739,241.787033,500,development,4,included
Unbalanced_UR,459,229000,229500,241.826624,242.313918,500,development,4,included
Unbalanced_UR,460,229500,230000,242.350675,242.837969,500,development,4,included
Unbalanced_UR,461,230000,230500,242.875383,243.362677,500,development,4,included
Unbalanced_UR,462,230500,231000,243.40603,243.893324,500,development,4,included
Unbalanced_UR,463,231000,231500,243.92986,244.417154,500,development,4,included
Unbalanced_UR,464,231500,232000,244.456383,244.943677,500,development,4,included
Unbalanced_UR,465,232000,232500,244.980728,245.468022,500,development,4,included
Unbalanced_UR,466,232500,233000,245.508059,245.995353,500,development,4,included
Unbalanced_UR,467,233000,233500,246.03297,246.520265,500,development,4,included
Unbalanced_UR,468,233500,234000,246.564658,247.051952,500,development,4,included
Unbalanced_UR,469,234000,234500,247.096256,247.58355,500,development,4,included
Unbalanced_UR,470,234500,235000,247.620531,248.107825,500,development,4,included
Unbalanced_UR,471,235000,235500,248.14584,248.633134,500,development,4,included
Unbalanced_UR,472,235500,236000,248.673566,249.16086,500,development,4,included
Unbalanced_UR,473,236000,236500,249.197341,249.684636,500,development,4,included
Unbalanced_UR,474,236500,237000,249.721098,250.208393,500,excluded,0,outside_intervals_or_crosses_boundary
Unbalanced_UR,475,237000,237500,250.245464,250.732759,500,excluded,0,outside_intervals_or_crosses_boundary
Unbalanced_UR,476,237500,238000,250.772336,251.25963,500,excluded,0,outside_intervals_or_crosses_boundary
Unbalanced_UR,477,238000,238500,251.297395,251.78469,500,excluded,0,outside_intervals_or_crosses_boundary
Unbalanced_UR,478,238500,239000,251.819811,252.307105,500,excluded,0,outside_intervals_or_crosses_boundary
Unbalanced_UR,479,239000,239500,252.345605,252.832899,500,test,1,included
Unbalanced_UR,480,239500,240000,252.872136,253.359431,500,test,1,included
Unbalanced_UR,481,240000,240500,253.401018,253.888312,500,test,1,included
Unbalanced_UR,482,240500,241000,253.930565,254.417859,500,test,1,included
Unbalanced_UR,483,241000,241500,254.463176,254.950471,500,test,1,included
Unbalanced_UR,484,241500,242000,254.985966,255.47326,500,test,1,included
Unbalanced_UR,485,242000,242500,255.511971,255.999265,500,test,1,included
Unbalanced_UR,486,242500,243000,256.036016,256.52331,500,test,1,included
Unbalanced_UR,487,243000,243500,256.563461,257.050756,500,test,1,included
Unbalanced_UR,488,243500,244000,257.086006,257.573301,500,test,1,included
Unbalanced_UR,489,244000,244500,257.608429,258.095724,500,test,1,included
Unbalanced_UR,490,244500,245000,258.131001,258.618295,500,test,1,included
Unbalanced_UR,491,245000,245500,258.652892,259.140186,500,test,1,included
Unbalanced_UR,492,245500,246000,259.178854,259.666149,500,test,1,included
Unbalanced_UR,493,246000,246500,259.703348,260.190643,500,test,1,included
Unbalanced_UR,494,246500,247000,260.230151,260.717445,500,test,1,included
Unbalanced_UR,495,247000,247500,260.755401,261.242695,500,test,1,included
Unbalanced_UR,496,247500,248000,261.286275,261.773569,500,test,1,included
Unbalanced_UR,497,248000,248500,261.810437,262.297731,500,test,1,included
Unbalanced_UR,498,248500,249000,262.336985,262.82428,500,test,1,included
Unbalanced_UR,499,249000,249500,262.861734,263.349028,500,test,1,included
Unbalanced_UR,500,249500,250000,263.392188,263.879482,500,test,1,included
Unbalanced_UR,501,250000,250500,263.921982,264.409276,500,test,1,included
Unbalanced_UR,502,250500,251000,264.44674,264.934035,500,test,1,included
Unbalanced_UR,503,251000,251500,264.976427,265.463722,500,test,1,included
Unbalanced_UR,504,251500,252000,265.504661,265.991955,500,test,1,included
Unbalanced_UR,505,252000,252500,266.03634,266.523634,500,test,1,included
Unbalanced_UR,506,252500,253000,266.55976,267.047054,500,test,1,included
Unbalanced_UR,507,253000,253500,267.090774,267.578068,500,test,1,included
Unbalanced_UR,508,253500,254000,267.614342,268.101636,500,test,1,included
Unbalanced_UR,509,254000,254500,268.140503,268.627797,500,test,1,included
Unbalanced_UR,510,254500,255000,268.664316,269.15161,500,test,1,included
Unbalanced_UR,511,255000,255500,269.187102,269.674396,500,test,1,included
Unbalanced_UR,512,255500,256000,269.718485,270.20578,500,test,1,included
Unbalanced_UR,513,256000,256500,270.243443,270.730737,500,test,1,included
Unbalanced_UR,514,256500,257000,270.766934,271.254228,500,test,1,included
Unbalanced_UR,515,257000,257500,271.290826,271.77812,500,test,1,included
Unbalanced_UR,516,257500,258000,271.814455,272.301749,500,test,1,included
Unbalanced_UR,517,258000,258500,272.344939,272.832233,500,test,1,included
Unbalanced_UR,518,258500,259000,272.877472,273.364766,500,test,1,included
Unbalanced_UR,519,259000,259500,273.398959,273.886254,500,test,1,included
Unbalanced_UR,520,259500,260000,273.925577,274.412871,500,test,1,included
Unbalanced_UR,521,260000,260500,274.451613,274.938907,500,test,1,included
Unbalanced_UR,522,260500,261000,274.974788,275.462082,500,test,1,included
Unbalanced_UR,523,261000,261500,275.498542,275.985836,500,test,1,included
Unbalanced_UR,524,261500,262000,276.019199,276.506493,500,test,1,included
Unbalanced_UR,525,262000,262500,276.545232,277.032527,500,test,1,included
Unbalanced_UR,526,262500,263000,277.073118,277.560413,500,test,1,included
Unbalanced_UR,527,263000,263500,277.598648,278.085942,500,test,1,included
Unbalanced_UR,528,263500,264000,278.133065,278.620359,500,test,1,included
Unbalanced_UR,529,264000,264500,278.659781,279.147075,500,test,1,included
Unbalanced_UR,530,264500,265000,279.18277,279.670064,500,test,1,included
Unbalanced_UR,531,265000,265500,279.709255,280.19655,500,test,1,included
Unbalanced_UR,532,265500,266000,280.233506,280.720801,500,test,1,included
Unbalanced_UR,533,266000,266500,280.767955,281.255249,500,test,1,included
Unbalanced_UR,534,266500,267000,281.292902,281.780197,500,test,1,included
Unbalanced_UR,535,267000,267500,281.816171,282.303465,500,test,1,included
Unbalanced_UR,536,267500,268000,282.339565,282.82686,500,test,1,included
Unbalanced_UR,537,268000,268500,282.862914,283.350208,500,test,1,included
Unbalanced_UR,538,268500,269000,283.386331,283.873626,500,test,1,included
Unbalanced_UR,539,269000,269500,283.911944,284.399239,500,test,1,included
Unbalanced_UR,540,269500,270000,284.442562,284.929857,500,test,1,included
Unbalanced_UR,541,270000,270500,284.972396,285.45969,500,test,1,included
Unbalanced_UR,542,270500,271000,285.496933,285.984227,500,test,1,included
Unbalanced_UR,543,271000,271500,286.022226,286.509521,500,test,1,included
Unbalanced_UR,544,271500,272000,286.547842,287.035136,500,test,1,included
Unbalanced_UR,545,272000,272500,287.073889,287.561184,500,test,1,included
Unbalanced_UR,546,272500,273000,287.59941,288.086704,500,test,1,included
Unbalanced_UR,547,273000,273500,288.12613,288.613424,500,test,1,included
Unbalanced_UR,548,273500,274000,288.652821,289.140116,500,test,1,included
Unbalanced_UR,549,274000,274500,289.177939,289.665233,500,test,1,included
Unbalanced_UR,550,274500,275000,289.702056,290.18935,500,test,1,included
Unbalanced_UR,551,275000,275500,290.22526,290.712554,500,test,1,included
Unbalanced_UR,552,275500,276000,290.751491,291.238785,500,test,1,included
Unbalanced_UR,553,276000,276500,291.279057,291.766351,500,test,1,included
Unbalanced_UR,554,276500,277000,291.804775,292.292069,500,test,1,included
Unbalanced_UR,555,277000,277500,292.334353,292.821647,500,test,1,included
Unbalanced_UR,556,277500,278000,292.857799,293.345093,500,test,1,included
Unbalanced_UR,557,278000,278500,293.382757,293.870051,500,test,1,included
Unbalanced_UR,558,278500,279000,293.906609,294.393903,500,test,1,included
Unbalanced_UR,559,279000,279500,294.428815,294.91611,500,test,1,included
Unbalanced_UR,560,279500,280000,294.953663,295.440957,500,test,1,included
Unbalanced_UR,561,280000,280500,295.480929,295.968223,500,test,1,included
Unbalanced_UR,562,280500,281000,296.015552,296.502846,500,test,1,included
Unbalanced_UR,563,281000,281500,296.540618,297.027912,500,test,1,included
Unbalanced_UR,564,281500,282000,297.064815,297.552109,500,test,1,included
Unbalanced_UR,565,282000,282500,297.589547,298.076842,500,test,1,included
Unbalanced_UR,566,282500,283000,298.12167,298.608964,500,test,1,included
Unbalanced_UR,567,283000,283500,298.64473,299.132025,500,test,1,included
Unbalanced_UR,568,283500,284000,299.168866,299.65616,500,test,1,included
Unbalanced_UR,569,284000,284500,299.692934,300.180228,500,test,1,included
Unbalanced_UR,570,284500,285000,300.214727,300.702021,500,test,1,included
Unbalanced_UR,571,285000,285500,300.740454,301.227748,500,test,1,included
Unbalanced_UR,572,285500,286000,301.265786,301.753081,500,test,1,included
Unbalanced_UR,573,286000,286500,301.788773,302.276067,500,test,1,included
Unbalanced_UR,574,286500,287000,302.316815,302.80411,500,test,1,included
Unbalanced_UR,575,287000,287500,302.840905,303.3282,500,test,1,included
Unbalanced_UR,576,287500,288000,303.365984,303.853278,500,test,1,included
Unbalanced_UR,577,288000,288500,303.890547,304.377841,500,test,1,included
Unbalanced_UR,578,288500,289000,304.414812,304.902106,500,test,1,included
Unbalanced_UR,579,289000,289500,304.938403,305.425697,500,test,1,included
Unbalanced_UR,580,289500,290000,305.463219,305.950514,500,test,1,included
Unbalanced_UR,581,290000,290500,305.987883,306.475178,500,test,1,included
Unbalanced_UR,582,290500,291000,306.515802,307.003096,500,test,1,included
Unbalanced_UR,583,291000,291500,307.038587,307.525881,500,test,1,included
Unbalanced_UR,584,291500,292000,307.568479,308.055773,500,test,1,included
Unbalanced_UR,585,292000,292500,308.092907,308.580202,500,test,1,included
Unbalanced_UR,586,292500,293000,308.619148,309.106442,500,test,1,included
Unbalanced_UR,587,293000,293500,309.144901,309.632196,500,test,1,included
Unbalanced_UR,588,293500,294000,309.669416,310.15671,500,test,1,included
Unbalanced_UR,589,294000,294500,310.195093,310.682387,500,test,1,included
Unbalanced_UR,590,294500,295000,310.718883,311.206177,500,test,1,included
Unbalanced_UR,591,295000,295500,311.249708,311.737002,500,test,1,included
Unbalanced_UR,592,295500,296000,311.774963,312.262258,500,excluded,0,outside_intervals_or_crosses_boundary
Unbalanced_UR,593,296000,296500,312.304018,312.791312,500,test,2,included
Unbalanced_UR,594,296500,297000,312.829188,313.316482,500,test,2,included
Unbalanced_UR,595,297000,297500,313.352853,313.840147,500,test,2,included
Unbalanced_UR,596,297500,298000,313.881074,314.368368,500,test,2,included
Unbalanced_UR,597,298000,298500,314.411121,314.898416,500,test,2,included
Unbalanced_UR,598,298500,299000,314.935561,315.422856,500,test,2,included
Unbalanced_UR,599,299000,299500,315.461221,315.948515,500,test,2,included
Unbalanced_UR,600,299500,300000,315.985635,316.472929,500,test,2,included
Unbalanced_UR,601,300000,300500,316.513066,317.000361,500,test,2,included
Unbalanced_UR,602,300500,301000,317.03902,317.526314,500,test,2,included
Unbalanced_UR,603,301000,301500,317.562516,318.04981,500,test,2,included
Unbalanced_UR,604,301500,302000,318.085453,318.572747,500,test,2,included
Unbalanced_UR,605,302000,302500,318.610296,319.09759,500,test,2,included
Unbalanced_UR,606,302500,303000,319.135778,319.623072,500,test,2,included
Unbalanced_UR,607,303000,303500,319.6667,320.153995,500,test,2,included
Unbalanced_UR,608,303500,304000,320.196284,320.683578,500,test,2,included
Unbalanced_UR,609,304000,304500,320.720725,321.208019,500,test,2,included
Unbalanced_UR,610,304500,305000,321.249927,321.737221,500,test,2,included
Unbalanced_UR,611,305000,305500,321.773672,322.260966,500,test,2,included
Unbalanced_UR,612,305500,306000,322.299441,322.786735,500,test,2,included
Unbalanced_UR,613,306000,306500,322.823203,323.310497,500,test,2,included
Unbalanced_UR,614,306500,307000,323.346829,323.834123,500,test,2,included
Unbalanced_UR,615,307000,307500,323.883257,324.370551,500,test,2,included
Unbalanced_UR,616,307500,308000,324.41503,324.902324,500,test,2,included
Unbalanced_UR,617,308000,308500,324.944424,325.431719,500,test,2,included
Unbalanced_UR,618,308500,309000,325.470388,325.957682,500,test,2,included
Unbalanced_UR,619,309000,309500,325.994364,326.481658,500,test,2,included
Unbalanced_UR,620,309500,310000,326.5242,327.011495,500,test,2,included
Unbalanced_UR,621,310000,310500,327.053534,327.540828,500,test,2,included
Unbalanced_UR,622,310500,311000,327.576244,328.063538,500,test,2,included
Unbalanced_UR,623,311000,311500,328.101303,328.588597,500,test,2,included
Unbalanced_UR,624,311500,312000,328.628997,329.116291,500,test,2,included
Unbalanced_UR,625,312000,312500,329.151234,329.638528,500,test,2,included
Unbalanced_UR,626,312500,313000,329.674991,330.162285,500,test,2,included
Unbalanced_UR,627,313000,313500,330.199867,330.687161,500,test,2,included
Unbalanced_UR,628,313500,314000,330.723743,331.211037,500,test,2,included
Unbalanced_UR,629,314000,314500,331.25126,331.738554,500,test,2,included
Unbalanced_UR,630,314500,315000,331.775799,332.263093,500,test,2,included
Unbalanced_UR,631,315000,315500,332.298905,332.786199,500,test,2,included
Unbalanced_UR,632,315500,316000,332.825804,333.313098,500,test,2,included
Unbalanced_UR,633,316000,316500,333.353383,333.840677,500,test,2,included
Unbalanced_UR,634,316500,317000,333.884968,334.372262,500,test,2,included
Unbalanced_UR,635,317000,317500,334.416802,334.904097,500,test,2,included
Unbalanced_UR,636,317500,318000,334.938741,335.426035,500,test,2,included
Unbalanced_UR,637,318000,318500,335.462654,335.949948,500,test,2,included
Unbalanced_UR,638,318500,319000,335.988182,336.475476,500,test,2,included
Unbalanced_UR,639,319000,319500,336.517816,337.00511,500,test,2,included
Unbalanced_UR,640,319500,320000,337.040313,337.527607,500,test,2,included
Unbalanced_UR,641,320000,320500,337.564189,338.051483,500,test,2,included
Unbalanced_UR,642,320500,321000,338.098719,338.586013,500,test,2,included
Unbalanced_UR,643,321000,321500,338.625884,339.113178,500,test,2,included
Unbalanced_UR,644,321500,322000,339.156696,339.64399,500,test,2,included
Unbalanced_UR,645,322000,322500,339.681002,340.168296,500,test,2,included
Unbalanced_UR,646,322500,323000,340.204034,340.691329,500,test,2,included
Unbalanced_UR,647,323000,323500,340.732939,341.220233,500,test,2,included
Unbalanced_UR,648,323500,324000,341.259001,341.746296,500,test,2,included
Unbalanced_UR,649,324000,324500,341.78354,342.270834,500,test,2,included
Unbalanced_UR,650,324500,325000,342.310602,342.797896,500,test,2,included
Unbalanced_UR,651,325000,325500,342.834042,343.321336,500,test,2,included
Unbalanced_UR,652,325500,326000,343.357866,343.84516,500,test,2,included
Unbalanced_UR,653,326000,326500,343.884775,344.372069,500,test,2,included
Unbalanced_UR,654,326500,327000,344.413912,344.901207,500,test,2,included
Unbalanced_UR,655,327000,327500,344.939484,345.426778,500,test,2,included
Unbalanced_UR,656,327500,328000,345.464633,345.951927,500,test,2,included
Unbalanced_UR,657,328000,328500,345.987487,346.474782,500,test,2,included
Unbalanced_UR,658,328500,329000,346.512066,346.99936,500,test,2,included
Unbalanced_UR,659,329000,329500,347.036936,347.524231,500,test,2,included
Unbalanced_UR,660,329500,330000,347.563283,348.050577,500,test,2,included
Unbalanced_UR,661,330000,330500,348.09327,348.580564,500,test,2,included
Unbalanced_UR,662,330500,331000,348.61705,349.104345,500,test,2,included
Unbalanced_UR,663,331000,331500,349.142985,349.63028,500,test,2,included
Unbalanced_UR,664,331500,332000,349.673476,350.16077,500,test,2,included
Unbalanced_UR,665,332000,332500,350.197024,350.684318,500,test,2,included
Unbalanced_UR,666,332500,333000,350.726012,351.213306,500,test,2,included
Unbalanced_UR,667,333000,333500,351.249193,351.736488,500,test,2,included
Unbalanced_UR,668,333500,334000,351.777798,352.265093,500,test,2,included
Unbalanced_UR,669,334000,334500,352.300193,352.787487,500,test,2,included
Unbalanced_UR,670,334500,335000,352.82387,353.311164,500,test,2,included
Unbalanced_UR,671,335000,335500,353.348236,353.83553,500,test,2,included
Unbalanced_UR,672,335500,336000,353.876842,354.364137,500,test,2,included
Unbalanced_UR,673,336000,336500,354.402813,354.890107,500,test,2,included
Unbalanced_UR,674,336500,337000,354.937148,355.424443,500,test,2,included
Unbalanced_UR,675,337000,337500,355.46211,355.949405,500,test,2,included
Unbalanced_UR,676,337500,338000,355.988045,356.475339,500,test,2,included
Unbalanced_UR,677,338000,338500,356.514846,357.00214,500,test,2,included
Unbalanced_UR,678,338500,339000,357.040954,357.528249,500,test,2,included
Unbalanced_UR,679,339000,339500,357.565283,358.052578,500,test,2,included
Unbalanced_UR,680,339500,340000,358.093587,358.580881,500,test,2,included
Unbalanced_UR,681,340000,340500,358.617287,359.104581,500,test,2,included
Unbalanced_UR,682,340500,341000,359.139145,359.626439,500,test,2,included
Unbalanced_UR,683,341000,341500,359.669496,360.15679,500,test,2,included
Unbalanced_UR,684,341500,342000,360.191423,360.678718,500,test,2,included
Unbalanced_UR,685,342000,342500,360.716977,361.204271,500,test,2,included
Unbalanced_UR,686,342500,343000,361.248281,361.735576,500,test,2,included
Unbalanced_UR,687,343000,343500,361.771705,362.258999,500,test,2,included
Unbalanced_UR,688,343500,344000,362.298396,362.78569,500,test,2,included
Unbalanced_UR,689,344000,344500,362.823565,363.310859,500,test,2,included
Unbalanced_UR,690,344500,345000,363.344436,363.831731,500,test,2,included
Unbalanced_UR,691,345000,345500,363.875143,364.362437,500,test,2,included
Unbalanced_UR,692,345500,346000,364.406113,364.893407,500,test,2,included
Unbalanced_UR,693,346000,346500,364.931308,365.418603,500,test,2,included
Unbalanced_UR,694,346500,347000,365.455115,365.942409,500,test,2,included
Unbalanced_UR,695,347000,347500,365.982474,366.469769,500,test,2,included
Unbalanced_UR,696,347500,348000,366.506191,366.993485,500,test,2,included
Unbalanced_UR,697,348000,348500,367.035556,367.52285,500,test,2,included
Unbalanced_UR,698,348500,349000,367.56044,368.047734,500,test,2,included
Unbalanced_UR,699,349000,349500,368.089208,368.576503,500,test,2,included
Unbalanced_UR,700,349500,350000,368.61539,369.102684,500,test,2,included
Unbalanced_UR,701,350000,350500,369.141598,369.628892,500,test,2,included
Unbalanced_UR,702,350500,351000,369.668671,370.155966,500,test,2,included
Unbalanced_UR,703,351000,351500,370.197625,370.684919,500,test,2,included
Unbalanced_UR,704,351500,352000,370.723038,371.210332,500,test,2,included
Unbalanced_UR,705,352000,352500,371.24644,371.733735,500,test,2,included
Unbalanced_UR,706,352500,353000,371.771804,372.259098,500,excluded,0,outside_intervals_or_crosses_boundary
Unbalanced_UR,707,353000,353500,372.303515,372.790809,500,excluded,0,outside_intervals_or_crosses_boundary
Unbalanced_UR,708,353500,354000,372.826622,373.313916,500,excluded,0,outside_intervals_or_crosses_boundary
Unbalanced_UR,709,354000,354500,373.350711,373.838005,500,excluded,0,outside_intervals_or_crosses_boundary
Unbalanced_UR,710,354500,355000,373.88297,374.370264,500,excluded,0,outside_intervals_or_crosses_boundary
Unbalanced_UR,711,355000,355500,374.407108,374.894402,500,excluded,0,outside_intervals_or_crosses_boundary
Unbalanced_UR,712,355500,356000,374.931802,375.419096,500,excluded,0,outside_intervals_or_crosses_boundary
Unbalanced_UR,713,356000,356500,375.456425,375.94372,500,excluded,0,outside_intervals_or_crosses_boundary
Unbalanced_UR,714,356500,357000,375.98165,376.468944,500,excluded,0,outside_intervals_or_crosses_boundary
Unbalanced_UR,715,357000,357500,376.508845,376.996139,500,excluded,0,outside_intervals_or_crosses_boundary
Unbalanced_UR,716,357500,358000,377.031453,377.518748,500,excluded,0,outside_intervals_or_crosses_boundary
Unbalanced_UR,717,358000,358500,377.558196,378.04549,500,excluded,0,outside_intervals_or_crosses_boundary
Unbalanced_UR,718,358500,359000,378.084986,378.572281,500,excluded,0,outside_intervals_or_crosses_boundary
Unbalanced_UR,719,359000,359500,378.60901,379.096304,500,excluded,0,outside_intervals_or_crosses_boundary
Unbalanced_UR,720,359500,360000,379.132513,379.619808,500,excluded,0,outside_intervals_or_crosses_boundary
Unbalanced_UR,721,360000,360500,379.65516,380.142454,500,excluded,0,outside_intervals_or_crosses_boundary
Unbalanced_UR,722,360500,361000,380.181352,380.668646,500,excluded,0,outside_intervals_or_crosses_boundary
Unbalanced_UR,723,361000,361500,380.704161,381.191456,500,excluded,0,outside_intervals_or_crosses_boundary
Unbalanced_UR,724,361500,362000,381.227304,381.714598,500,excluded,0,outside_intervals_or_crosses_boundary
Unbalanced_UR,725,362000,362500,381.751023,382.238317,500,excluded,0,outside_intervals_or_crosses_boundary
Unbalanced_UR,726,362500,363000,382.27674,382.764034,500,excluded,0,outside_intervals_or_crosses_boundary
Unbalanced_UR,727,363000,363500,382.802125,383.28942,500,excluded,0,outside_intervals_or_crosses_boundary
Unbalanced_UR,728,363500,364000,383.324137,383.811431,500,excluded,0,outside_intervals_or_crosses_boundary
Unbalanced_UR,729,364000,364500,383.848401,384.335695,500,excluded,0,outside_intervals_or_crosses_boundary
Unbalanced_UR,730,364500,365000,384.375855,384.863149,500,excluded,0,outside_intervals_or_crosses_boundary
Unbalanced_UR,731,365000,365500,384.903688,385.390982,500,excluded,0,outside_intervals_or_crosses_boundary
Unbalanced_UR,732,365500,366000,385.426479,385.913773,500,excluded,0,outside_intervals_or_crosses_boundary
Unbalanced_UR,733,366000,366500,385.949756,386.43705,500,excluded,0,outside_intervals_or_crosses_boundary
Unbalanced_UR,734,366500,367000,386.474044,386.961338,500,excluded,0,outside_intervals_or_crosses_boundary
Unbalanced_UR,735,367000,367500,386.99872,387.486015,500,excluded,0,outside_intervals_or_crosses_boundary
Unbalanced_UR,736,367500,368000,387.522414,388.009708,500,excluded,0,outside_intervals_or_crosses_boundary
Unbalanced_UR,737,368000,368500,388.051202,388.538496,500,excluded,0,outside_intervals_or_crosses_boundary
Unbalanced_UR,738,368500,369000,388.576789,389.064083,500,excluded,0,outside_intervals_or_crosses_boundary
Unbalanced_UR,739,369000,369500,389.105479,389.592773,500,excluded,0,outside_intervals_or_crosses_boundary
Unbalanced_UR,740,369500,370000,389.630973,390.118267,500,excluded,0,outside_intervals_or_crosses_boundary
Unbalanced_UR,741,370000,370500,390.163898,390.651193,500,excluded,0,outside_intervals_or_crosses_boundary
Unbalanced_UR,742,370500,371000,390.687653,391.174947,500,excluded,0,outside_intervals_or_crosses_boundary
Unbalanced_UR,743,371000,371500,391.214249,391.701543,500,excluded,0,outside_intervals_or_crosses_boundary
Unbalanced_UR,744,371500,372000,391.739732,392.227027,500,excluded,0,outside_intervals_or_crosses_boundary
Unbalanced_UR,745,372000,372500,392.265821,392.753115,500,excluded,0,outside_intervals_or_crosses_boundary
Unbalanced_UR,746,372500,373000,392.790879,393.278174,500,excluded,0,outside_intervals_or_crosses_boundary
Unbalanced_UR,747,373000,373500,393.313111,393.800406,500,excluded,0,outside_intervals_or_crosses_boundary
Unbalanced_UR,748,373500,374000,393.836971,394.324265,500,excluded,0,outside_intervals_or_crosses_boundary
Unbalanced_UR,749,374000,374500,394.36755,394.854845,500,excluded,0,outside_intervals_or_crosses_boundary
Unbalanced_UR,750,374500,375000,394.892325,395.37962,500,excluded,0,outside_intervals_or_crosses_boundary
Unbalanced_UR,751,375000,375500,395.424068,395.911362,500,excluded,0,outside_intervals_or_crosses_boundary
Unbalanced_UR,752,375500,376000,395.950354,396.437648,500,excluded,0,outside_intervals_or_crosses_boundary
Unbalanced_UR,753,376000,376500,396.473081,396.960375,500,excluded,0,outside_intervals_or_crosses_boundary
Unbalanced_UR,754,376500,377000,396.998475,397.48577,500,excluded,0,outside_intervals_or_crosses_boundary
Unbalanced_UR,755,377000,377500,397.521702,398.008997,500,excluded,0,outside_intervals_or_crosses_boundary
Unbalanced_UR,756,377500,378000,398.049904,398.537198,500,excluded,0,outside_intervals_or_crosses_boundary
Unbalanced_UR,757,378000,378500,398.577645,399.064939,500,excluded,0,outside_intervals_or_crosses_boundary
Unbalanced_UR,758,378500,379000,399.105741,399.593035,500,excluded,0,outside_intervals_or_crosses_boundary
Unbalanced_UR,759,379000,379500,399.630835,400.118129,500,excluded,0,outside_intervals_or_crosses_boundary
Unbalanced_UR,760,379500,380000,400.155708,400.643002,500,excluded,0,outside_intervals_or_crosses_boundary
Unbalanced_UR,761,380000,380500,400.68192,401.169214,500,excluded,0,outside_intervals_or_crosses_boundary
Unbalanced_UR,762,380500,381000,401.209162,401.696456,500,excluded,0,outside_intervals_or_crosses_boundary
Unbalanced_UR,763,381000,381500,401.733042,402.220336,500,excluded,0,outside_intervals_or_crosses_boundary
Unbalanced_UR,764,381500,382000,402.257845,402.745139,500,excluded,0,outside_intervals_or_crosses_boundary
Unbalanced_UR,765,382000,382500,402.785159,403.272453,500,excluded,0,outside_intervals_or_crosses_boundary
Unbalanced_UR,766,382500,383000,403.31099,403.798284,500,excluded,0,outside_intervals_or_crosses_boundary
Unbalanced_UR,767,383000,383500,403.83501,404.322304,500,excluded,0,outside_intervals_or_crosses_boundary
Unbalanced_UR,768,383500,384000,404.365963,404.853257,500,excluded,0,outside_intervals_or_crosses_boundary
Unbalanced_UR,769,384000,384500,404.894425,405.381719,500,excluded,0,outside_intervals_or_crosses_boundary
Unbalanced_UR,770,384500,385000,405.420357,405.907652,500,excluded,0,outside_intervals_or_crosses_boundary
Unbalanced_UR,771,385000,385500,405.951801,406.439095,500,excluded,0,outside_intervals_or_crosses_boundary
Unbalanced_UR,772,385500,386000,406.474863,406.962157,500,excluded,0,outside_intervals_or_crosses_boundary
Unbalanced_UR,773,386000,386500,407.000729,407.488024,500,excluded,0,outside_intervals_or_crosses_boundary
Unbalanced_UR,774,386500,387000,407.523353,408.010648,500,excluded,0,outside_intervals_or_crosses_boundary
Unbalanced_UR,775,387000,387500,408.046955,408.53425,500,excluded,0,outside_intervals_or_crosses_boundary
Unbalanced_UR,776,387500,388000,408.575761,409.063055,500,excluded,0,outside_intervals_or_crosses_boundary
Unbalanced_UR,777,388000,388500,409.100979,409.588274,500,excluded,0,outside_intervals_or_crosses_boundary
Unbalanced_UR,778,388500,389000,409.629563,410.116857,500,excluded,0,outside_intervals_or_crosses_boundary
Unbalanced_UR,779,389000,389500,410.154082,410.641376,500,excluded,0,outside_intervals_or_crosses_boundary
Unbalanced_UR,780,389500,390000,410.678608,411.165902,500,excluded,0,outside_intervals_or_crosses_boundary
Unbalanced_UR,781,390000,390500,411.205978,411.693272,500,excluded,0,outside_intervals_or_crosses_boundary
Unbalanced_UR,782,390500,391000,411.728406,412.2157,500,excluded,0,outside_intervals_or_crosses_boundary
Unbalanced_UR,783,391000,391500,412.253738,412.741032,500,excluded,0,outside_intervals_or_crosses_boundary
Unbalanced_UR,784,391500,392000,412.779723,413.267017,500,excluded,0,outside_intervals_or_crosses_boundary
Unbalanced_UR,785,392000,392500,413.307552,413.794846,500,excluded,0,outside_intervals_or_crosses_boundary
Unbalanced_UR,786,392500,393000,413.832625,414.319919,500,excluded,0,outside_intervals_or_crosses_boundary
Unbalanced_UR,787,393000,393500,414.359368,414.846663,500,excluded,0,outside_intervals_or_crosses_boundary
Unbalanced_UR,788,393500,394000,414.88491,415.372204,500,excluded,0,outside_intervals_or_crosses_boundary
Unbalanced_UR,789,394000,394500,415.417024,415.904318,500,excluded,0,outside_intervals_or_crosses_boundary
Unbalanced_UR,790,394500,395000,415.94088,416.428175,500,excluded,0,outside_intervals_or_crosses_boundary
Unbalanced_UR,791,395000,395500,416.467227,416.954521,500,excluded,0,outside_intervals_or_crosses_boundary
Unbalanced_UR,792,395500,396000,416.991978,417.479272,500,excluded,0,outside_intervals_or_crosses_boundary
Unbalanced_UR,793,396000,396500,417.518367,418.005661,500,excluded,0,outside_intervals_or_crosses_boundary
Unbalanced_UR,794,396500,397000,418.043743,418.531038,500,excluded,0,outside_intervals_or_crosses_boundary
Unbalanced_UR,795,397000,397500,418.570463,419.057757,500,excluded,0,outside_intervals_or_crosses_boundary
Unbalanced_UR,796,397500,398000,419.095718,419.583013,500,excluded,0,outside_intervals_or_crosses_boundary
Unbalanced_UR,797,398000,398500,419.62689,420.114184,500,excluded,0,outside_intervals_or_crosses_boundary
Unbalanced_UR,798,398500,399000,420.150127,420.637422,500,excluded,0,outside_intervals_or_crosses_boundary
Unbalanced_UR,799,399000,399500,420.680747,421.168042,500,excluded,0,outside_intervals_or_crosses_boundary
Unbalanced_UR,800,399500,400000,421.205036,421.69233,500,excluded,0,outside_intervals_or_crosses_boundary
