class_id,segment_id,block,partition,start_relative_s,end_relative_s,v_rms,r0,r1,r2,r3,r4,r5
0,20,1,1,10.283518,10.770812,0.418644508282434,-1.63210957065387,-3.17758827773008,-2.92539233620002,-0.999482257197672,-1.69370369480276,-1.66348967659463
0,21,1,1,10.809146,11.296441,0.398170511880715,-2.01006281564834,-3.19195155160951,-2.80778928159763,-1.01155482865458,-1.6181985373463,-1.6843824304367
0,22,1,1,11.331714,11.819008,0.417873304164862,-2.01212531702605,-2.4846427435287,-2.9102320160022,-0.964304775664496,-1.58153285512471,-1.67925803891646
0,23,1,1,11.861298,12.348592,0.369380069580568,-1.97056991884342,-2.88261570779058,-2.66466706348003,-1.13923151996936,-1.56273081851544,-1.78220308410042
0,24,1,1,12.389928,12.877222,0.395284656238014,-1.75755644610257,-2.4168534174144,-2.61265772247118,-1.1294236508488,-1.43297078602834,-1.80889172483579
0,25,1,1,12.936425,13.423719,0.452838706574539,-1.96463640036017,-2.87514206111091,-3.13263595019425,-0.879720799166722,-1.4871933904635,-1.64342847927689
0,26,1,1,13.468997,13.956291,0.357137880548989,-2.02534581359962,-2.85925444549358,-2.68946011169227,-1.27262576220951,-1.39956381882311,-1.85411938221651
0,27,1,1,13.997585,14.484879,0.3731642362229,-1.7641594370718,-2.77949476320525,-2.86555830247459,-1.14982954933921,-1.60386225269526,-1.78115732745936
0,28,1,1,14.529163,15.016457,0.389667954986524,-1.94907305457934,-2.87054535744099,-2.88908318619572,-1.0372316859056,-1.68656126439785,-1.71449249181876
0,29,1,1,15.065729,15.553023,0.399922356187682,-1.96623208072516,-2.94116156566595,-2.99248296817092,-1.02924924737336,-1.58292801076649,-1.7239146962744
0,30,1,1,15.604286,16.091581,0.402215462238158,-1.83740851834007,-2.9940097306754,-2.80282373840698,-1.01780410017509,-1.67399689314871,-1.68415825027467
0,31,1,1,16.126896,16.614191,0.378821654943588,-1.93240729716424,-3.10029399479258,-3.01272942189846,-1.0798913449023,-1.66239606828855,-1.70961285712723
0,32,1,1,16.658468,17.145762,0.38920102715101,-1.96580611194607,-2.54128582444612,-2.95432179001522,-1.05094624039267,-1.71658513569187,-1.66276500060396
0,33,1,1,17.181072,17.668367,0.396508633042612,-1.89937531864217,-2.77818234236442,-2.87106845871777,-1.06490919279288,-1.55010378894992,-1.72247194663159
0,34,1,1,17.703672,18.190967,0.427733163491842,-1.67776494133998,-3.04601973071369,-2.63021323570572,-0.953408803540234,-1.71590498232361,-1.67284093224803
0,35,1,1,18.232261,18.719555,0.37532075871031,-1.82662706442705,-2.80391481075705,-2.83638887017709,-1.10521267775712,-1.75920302744835,-1.73017209129187
0,36,1,1,18.75885,19.246145,0.506299186633153,-1.26945230786472,-2.42769821712733,-2.56605300072315,-0.856484012033627,-1.71218275377606,-1.54888432716389
0,37,1,1,19.291464,19.778758,0.492099605543591,-1.26235682132513,-2.56505591206432,-2.66727950656074,-0.944382642725095,-1.49631159265055,-1.60311222115881
0,38,1,1,19.816063,20.303357,0.424366177708678,-1.27589456732569,-2.72950316393512,-2.71166732641977,-1.11353615119614,-1.62964923112219,-1.73799065377645
0,39,1,1,20.341623,20.828917,0.425249531844502,-1.23779852941203,-2.86437118104882,-2.86268223249321,-1.14647979017003,-1.56680424032699,-1.76102921259175
0,40,1,1,20.883169,21.370463,0.40522735133885,-1.95781238373778,-2.96523621021046,-2.79287411548221,-1.0043528790878,-1.59393497367462,-1.67447821081713
0,41,1,1,21.414748,21.902042,0.426333253466916,-1.30730483710113,-2.90076039844899,-2.66954746439337,-1.10224645043508,-1.56051885008042,-1.77000859663057
0,42,1,1,21.944331,22.431626,0.414702782757654,-1.5223647161973,-3.02923955874809,-2.66021643233025,-1.04337411752717,-1.61633380442536,-1.72331769206079
0,43,1,1,22.47591,22.963205,0.40853732901038,-1.46974674546932,-2.86662602481219,-2.72668156234829,-1.09553992754329,-1.56152590812642,-1.75406572862309
0,44,1,1,23.002501,23.489795,0.398251880256847,-1.85035484839018,-2.85103534311214,-2.69650997607004,-1.02538541763598,-1.70551696809401,-1.68933556432202
0,45,1,1,23.543054,24.030348,0.443748807428613,-1.44797037144866,-2.68943548905708,-2.90473638738004,-0.975232070833349,-1.62112010271565,-1.65173342613237
0,46,1,1,24.071641,24.558936,0.384210454034846,-1.71284629054076,-2.85220813928579,-2.59600065986313,-1.10126568278619,-1.68408867793011,-1.74392490529998
0,47,1,1,24.605214,25.092509,0.428511272893932,-1.38425013415767,-2.91144448241317,-2.86028533910711,-1.06524574357295,-1.5238163000947,-1.74836847529763
0,48,1,1,25.140783,25.628077,0.422227448414854,-1.74722508873276,-3.16740409585982,-2.55062990547887,-0.960709400706279,-1.77620063945521,-1.58648117163848
0,49,1,1,25.665379,26.152674,0.391439772557848,-1.99513473306809,-2.7091377494582,-2.78277960958143,-1.03289821923228,-1.77970433448013,-1.62528633634795
0,50,1,1,26.193004,26.680299,0.442692531729189,-1.4480318038219,-2.88340875060719,-2.87920041304785,-0.961293115144621,-1.685828982446,-1.63581920745237
0,51,1,1,26.717564,27.204859,0.362041162642383,-1.87257968413079,-3.11519933640884,-2.91681638958653,-1.15014708420499,-1.65920163357792,-1.7843416213281
0,52,1,1,27.248146,27.73544,0.383486911090077,-1.61678979243611,-2.66567371445321,-3.03312039416528,-1.13868387504201,-1.57261085609833,-1.80355130665031
0,53,1,1,27.772744,28.260038,0.405048608901612,-1.60770096409424,-2.84101033677211,-2.82022774215337,-1.06468863729519,-1.59745574661694,-1.73258324977095
0,54,1,1,28.302327,28.789621,0.376701670257674,-1.72470028448413,-3.00355328751495,-2.91680320180745,-1.13473978728648,-1.54829998386565,-1.83813138105475
0,55,1,1,28.826928,29.314223,0.389907794279502,-1.97597610521707,-2.81140733347838,-2.88812651179007,-1.03792488824091,-1.71541302512341,-1.67236677179601
0,56,1,1,29.359534,29.846828,0.441441889707414,-1.35917118697104,-2.70004167684061,-2.88301327369575,-1.00451045689794,-1.74037111126322,-1.6305878957944
0,57,1,1,29.893072,30.380366,0.447963145636056,-1.42455920914024,-3.02544560952907,-3.03134893028831,-0.960922776343796,-1.71125902307792,-1.5971305241248
0,58,1,1,30.429637,30.916932,0.435148907804437,-1.40741953316626,-2.87356276333296,-3.39336372158463,-1.00608628956782,-1.69833788595398,-1.63886802318641
0,59,1,1,30.955232,31.442526,0.393494166621591,-1.65207346983186,-3.14486674268816,-2.85973299386824,-1.07634642286396,-1.70218170968792,-1.69413185317243
0,60,1,1,31.479864,31.967158,0.451035317317052,-1.58842228579025,-2.81020158632204,-2.74574106656816,-0.921082024222263,-1.75514087429374,-1.53975219913965
0,61,1,1,32.008415,32.495709,0.433370734533357,-1.72693222670232,-2.74566248755931,-2.66493503349494,-0.953137446071604,-1.65188464742195,-1.59738604002472
0,62,1,1,32.535041,33.022335,0.411594490004679,-1.6965703255855,-2.94809422539597,-2.88669451016727,-1.00051322268699,-1.82291403309371,-1.60998388272694
0,63,1,1,33.061598,33.548892,0.383375033905991,-1.7852658304566,-3.25339667130181,-3.03539123368517,-1.06709496922836,-1.771863120696,-1.68008689723461
0,64,1,1,33.586195,34.07349,0.44319598987568,-1.60685908307899,-2.85862218721995,-2.89421655845659,-0.929232603350139,-1.79959759970781,-1.56475015889377
0,65,1,1,34.108798,34.596092,0.385026924681249,-1.65514236452494,-2.82303481519177,-2.97440530912437,-1.09711894247072,-1.71219986730139,-1.71757300512268
0,66,1,1,34.642374,35.129668,0.479657238821275,-1.06592773080475,-2.86676760225845,-3.02403871099874,-1.03791114394457,-1.69725420453226,-1.67811072005582
0,67,1,1,35.171953,35.659248,0.455408075386218,-1.46190270139711,-2.8616749845113,-2.72984609316745,-0.938859055766927,-1.76539604877708,-1.56437686338462
0,68,1,1,35.704533,36.191828,0.450342902183936,-1.50453689011358,-2.8231778577821,-2.50211852857393,-0.962990511385254,-1.71662865292959,-1.59988984396797
0,69,1,1,36.235111,36.722406,0.447460706284043,-1.54521641858405,-2.88339781109611,-2.89439200827741,-0.9493894012134,-1.75252522450534,-1.5825889600222
0,70,1,1,36.768684,37.255978,0.450849249245566,-1.38184580006985,-2.78443397784516,-2.73022751388885,-0.964633497290431,-1.84954423515399,-1.61438582823286
0,71,1,1,37.292284,37.779579,0.511302811838939,-1.40179988927348,-2.88397563625198,-3.21213688561196,-0.798805550926096,-1.76186382431801,-1.43608752362055
0,72,1,1,37.82087,38.308164,0.390720019379805,-1.92209363542939,-2.83777991390626,-3.17595943952363,-1.06747017178914,-1.57246461645453,-1.86131147573525
0,73,1,1,38.347502,38.834796,0.421650943040518,-1.88183865162743,-2.6761202694565,-2.93392616625421,-0.974001830308437,-1.71639397508622,-1.62073921299699
0,74,1,1,38.872058,39.359353,0.448736927343684,-1.80861044593081,-2.82839920624239,-2.53740625750056,-0.913274139939789,-1.69492301097929,-1.56756542210191
0,75,1,1,39.413611,39.900905,0.439006739725775,-1.56371761953424,-3.08193375578309,-2.76837799509087,-0.969340898024321,-1.69485849601321,-1.62004544057043
0,76,1,1,39.936212,40.423506,0.455421111723895,-1.69991613657726,-2.99726101846472,-2.8460521618269,-0.893856836666405,-1.74405142149401,-1.54290099166242
0,77,1,1,40.46182,40.949115,0.35326069084968,-1.71809472839734,-2.80828046909896,-2.75748615981686,-1.21439201174796,-1.7526167891199,-1.88772722228114
0,78,1,1,40.987401,41.474696,0.474125852670795,-1.31176435531058,-2.81137571343845,-2.82431750248385,-0.975971634262961,-1.40840813688118,-1.78702018269095
0,79,1,1,41.531945,42.01924,0.478234204691782,-1.18970909028794,-2.77328250262564,-2.88167738444683,-1.01926414707057,-1.38829390749488,-1.88105639506564
0,80,1,1,42.062525,42.54982,0.530146766773507,-1.04663695095684,-2.83836160223751,-2.4503922350484,-0.93067301018421,-1.49298820036309,-1.61945641557821
0,81,1,1,42.59012,43.077414,0.426043537537633,-1.11666639890735,-2.80949259157497,-2.79366693156798,-1.21797339690155,-2.02610373393668,-1.76265049912754
0,82,1,1,43.111719,43.599014,0.426051498339711,-2.20644908161942,-2.64337184474915,-2.5720656687623,-0.937051305458305,-1.74231117083899,-1.54769829854754
0,83,1,1,43.638352,44.125646,0.449530885493244,-1.66792301451363,-2.61186340856502,-2.66909874339593,-0.928133282423339,-1.6500286145675,-1.56696755687663
0,84,1,1,44.174911,44.662205,0.379373760819723,-1.48728653822596,-3.05852762124273,-3.04207180099092,-1.22760682401345,-1.61775786905566,-1.90724132992696
0,85,1,1,44.703463,45.190758,0.421446743724264,-2.09570968184169,-3.10777591610602,-3.02004065061158,-0.973154293650724,-1.53445114945185,-1.66090693368197
0,86,1,1,45.233046,45.72034,0.353141999427798,-2.06196516281701,-2.94749705982039,-2.96925984073675,-1.20984326174227,-1.51875883258858,-1.95482208367423
0,87,1,1,45.756646,46.24394,0.359864912626223,-1.51205194521603,-2.83101076442758,-2.89843070096411,-1.26882898104264,-1.81911323661249,-1.85646848316596
0,88,1,1,46.282244,46.769538,0.430007642317035,-1.52125571800165,-2.81849740262418,-2.80798804744888,-1.01791196652194,-1.60559751172645,-1.67307608836651
0,89,1,1,46.813818,47.301113,0.464213687373183,-1.52690769244135,-2.85848071046173,-2.33653020986816,-0.96039710628886,-1.38815286235761,-1.77423606134131
0,90,1,1,47.344433,47.831727,0.276525061213276,-1.94618886198259,-2.79845109505613,-2.87196413778095,-1.53279960843005,-2.10567289505435,-1.97191422207092
0,91,1,1,47.867041,48.354335,0.475498313036201,-1.91258195890338,-2.94779527108449,-2.79837566794052,-0.880634535894352,-1.35328110106361,-1.69280648250468
0,92,1,1,48.390602,48.877896,0.441410024049252,-2.05369008561613,-2.8933488809599,-2.67386125572151,-0.900471712414155,-1.74387673510957,-1.51610596965589
0,93,1,1,48.913204,49.400498,0.352685656981771,-1.72800895132357,-3.07527151599171,-2.81414205082302,-1.21244749146911,-1.64499823008027,-2.04989921094489
0,94,1,1,49.440829,49.928123,0.337017720149625,-1.71442697950114,-2.87107394069498,-2.82233164503426,-1.27824409920509,-1.71015986100088,-2.10948922494115
0,95,1,1,49.968381,50.455675,0.487542202370292,-1.77683328718879,-2.82157898229842,-2.89794097596166,-0.828239274348483,-1.52415363787382,-1.54136756523003
0,96,1,1,50.490985,50.97828,0.555978792489796,-1.23247778721475,-2.65487231638275,-2.21671520846414,-0.7968237473845,-1.40411746652708,-1.60258265707112
0,97,1,1,51.024573,51.511867,0.393350920198227,-1.76116071688093,-2.9814624434537,-2.89158479263488,-1.09822476040258,-1.46782265613946,-2.01722904281985
0,98,1,1,51.589048,52.076342,0.392641718201333,-1.94256422149209,-3.04767071315451,-3.06860078183781,-1.04972675104403,-1.72877061780767,-1.69730972561699
0,99,1,1,52.114641,52.601936,0.425378569534652,-1.55722318429108,-2.99638050198836,-3.0943661611803,-1.02230918315657,-1.51261495623078,-1.85452255084216
0,100,1,1,52.639238,53.126532,0.488141643242691,-1.62760997501374,-2.93295484942659,-2.84872103001799,-0.832003682465963,-1.62722692433266,-1.49196258019636
0,101,1,1,53.170818,53.658113,0.460053111699232,-1.44429160213031,-3.02453032402123,-2.70290979803882,-0.972177650407529,-1.41234414949812,-1.85111631073768
0,102,1,1,53.694418,54.181712,0.40714540560479,-2.03163338437704,-3.06932159356569,-2.63464487832862,-1.02224843523315,-1.47807160894915,-1.89816221330595
0,103,1,1,54.222005,54.7093,0.311080435326183,-2.01542777392745,-2.95499262677123,-2.69493470570667,-1.31640662308831,-1.70376179833261,-2.27209742679947
0,104,1,1,54.751623,55.238918,0.378312386453718,-1.79450487335989,-2.7980719822136,-2.32182897818277,-1.15903336280598,-1.51765691152676,-2.03989949730791
0,105,1,1,55.274226,55.76152,0.343044625526547,-1.99752374784687,-2.64584433093172,-2.65350032351684,-1.22829403585564,-1.65904471233385,-2.0002637963176
0,106,1,1,55.803775,56.291069,0.315224576685974,-1.83992365736647,-3.19690062807795,-2.80587125620327,-1.34445362872222,-1.67005172343568,-2.23011723106398
0,107,1,1,56.33635,56.823645,0.395375355373157,-1.30634399015506,-2.91487364578762,-2.85490491241231,-1.18311124194451,-2.25682824889946,-1.69838344690828
0,108,1,1,56.860966,57.34826,0.407601015904624,-1.79787702691711,-2.91074876586109,-2.94818695722577,-1.04108205652063,-1.42678671485011,-1.99041347801926
0,109,1,1,57.39053,57.877824,0.45093090213278,-1.55200414268346,-3.03307432316035,-3.13305126530339,-0.993422051226732,-1.33042455078717,-1.89907842467846
0,110,1,1,57.920148,58.407442,0.385870890251272,-1.74320126050272,-3.00229338175168,-2.79720447835474,-1.12049761244227,-1.50648579308763,-1.90823285731178
0,111,1,1,58.463661,58.950956,0.432059071687808,-1.8733846376626,-2.69778671607924,-2.68293820527667,-0.966611800578719,-1.48371947922134,-1.72995374110583
0,112,1,1,58.995239,59.482534,0.419155904233184,-1.70974751982748,-2.87591649212822,-2.86303493354795,-1.00309907953898,-1.63525701708272,-1.67527617179843
0,113,1,1,59.523856,60.01115,0.444063805634998,-1.7395344205791,-2.96233863784795,-2.78678947706986,-0.942331307456138,-1.50155639297398,-1.6864642419162
0,114,1,1,60.059395,60.54669,0.436129892047872,-2.01714840958457,-2.6732361538451,-2.81889995986673,-0.953418115143895,-1.42604352809479,-1.72222099220357
0,115,1,1,60.582996,61.07029,0.36270572661537,-1.76912296466512,-2.99720105453871,-2.67665768363684,-1.15661614464314,-1.85376965951751,-1.73999608950289
0,116,1,1,61.111579,61.598873,0.463924551856497,-1.42475328866074,-2.76838359692841,-2.79347611560272,-0.92673423490608,-1.66500807572117,-1.59547408586624
0,117,1,1,61.642161,62.129455,0.445054281523876,-1.63209491260805,-2.95613748841639,-2.9960742517682,-0.945872505391252,-1.57613791332082,-1.63558012459345
0,118,1,1,62.166757,62.654052,0.426812291111931,-1.3105069014259,-2.90105536109834,-2.74424727037774,-1.07876301292111,-1.8519924903013,-1.67802795887528
0,119,1,1,62.690375,63.177669,0.376164969899452,-1.70728481606826,-2.89581783125248,-3.13223058321252,-1.12951023020115,-1.85793344774299,-1.7119270559363
0,120,1,1,63.225924,63.713219,0.447753447000827,-1.85547540326549,-2.89171301040157,-3.04542415188746,-0.898380195501497,-1.76280794778594,-1.53830285460222
0,121,1,1,63.749524,64.236819,0.458421552426145,-2.01111533184353,-3.04460122907982,-3.07487709226871,-0.871918458001645,-1.61458614679432,-1.53269557545254
0,122,1,1,64.278111,64.765405,0.39875147422846,-2.03397263410898,-2.85626580684441,-2.76633483799025,-1.03226259121092,-1.57717224463629,-1.77119593631606
0,123,1,1,64.81069,65.297984,0.421047208653072,-2.03425040836782,-3.09659171114796,-3.11749752088395,-0.952587739706328,-1.74082937359647,-1.58592553507333
0,124,1,1,65.339272,65.826567,0.397833022736542,-1.88583207810445,-3.10156820282122,-2.99625595709636,-1.04674250727547,-1.65529361259467,-1.74364200327155
0,125,1,1,65.870851,66.358145,0.541811740778271,-1.4713428915257,-2.79601197250241,-2.31858139162569,-0.770204346324636,-1.44440749356388,-1.54931235616882
0,126,1,1,66.401432,66.888727,0.628413253548301,-0.888213237380115,-2.84894593517352,-2.08724544175639,-0.746914820280877,-1.59968789454429,-1.42932446062269
0,127,1,1,66.93301,67.420304,0.457759918822728,-1.275098252408,-2.8894062265143,-2.92479028203938,-1.02854715985787,-1.60825025457885,-1.66933269949681
0,128,1,1,67.457641,67.944935,0.404698336025618,-1.78650156609263,-2.79970123325092,-2.71039434588724,-1.02703255327448,-1.63422917917764,-1.7048576758818
0,129,1,1,68.005143,68.492437,0.469288947040998,-1.26364165590564,-2.92747797002647,-2.90628602137798,-0.979440381122203,-1.57888664053273,-1.67552109503765
0,130,1,1,68.535757,69.023051,0.381573257174235,-1.96153431802613,-3.16407610443165,-2.97160331897371,-1.07320401505825,-1.68238223718633,-1.70946427524613
0,131,1,1,69.065307,69.552602,0.45060173676782,-1.16559620087663,-2.89904586510552,-2.82021903943207,-1.08514233087708,-1.62759602694365,-1.71758443136257
0,133,2,1,70.121485,70.60878,0.398803750266506,-1.661354472976,-2.87707363528765,-2.89422534405143,-1.08407481663707,-1.59213917253264,-1.7077452133002
0,134,2,1,70.64608,71.133375,0.407285629745418,-1.75657547490494,-2.68496622619049,-2.88598609513382,-1.0120918240345,-1.71122746607807,-1.66744129969963
0,135,2,1,71.175693,71.662987,0.415623721328479,-1.47115862272395,-2.46782614045865,-2.90336295711014,-1.06173113096228,-1.65023238742476,-1.72027596081302
0,136,2,1,71.705247,72.192541,0.401304624560805,-1.55318997253048,-2.98911006279302,-2.6770349405675,-1.08817950674995,-1.60870023538579,-1.74735955266303
0,137,2,1,72.241849,72.729144,0.394524695112248,-1.65763955615392,-2.89380460104962,-2.84333410693742,-1.08497003363177,-1.67314522391333,-1.7208782825038
0,138,2,1,72.77738,73.264674,0.442512891257716,-1.17574734521847,-2.44099065762775,-2.74536698717884,-1.12636660682007,-1.62681025136879,-1.7294240064527
0,139,2,1,73.306964,73.794259,0.436011664736239,-1.23973150429353,-2.57751577609311,-2.6542759057633,-1.09915005238206,-1.62581303739711,-1.74491898786232
0,140,2,1,73.834552,74.321846,0.420568371362762,-1.64702480819165,-3.01965638769514,-2.72117633342628,-0.999271277840511,-1.63928778221807,-1.67753326220418
0,141,2,1,74.358186,74.845481,0.37152561208652,-1.53233071007232,-2.91573485455822,-2.88657786599135,-1.19619553305841,-1.66832134966844,-1.81202552946993
0,142,2,1,74.885747,75.373042,0.443933323027953,-1.1678905233969,-2.92612444457385,-2.76919802758448,-1.13488940814919,-1.54529809522716,-1.75697464296097
0,143,2,1,75.410339,75.897633,0.428398744638175,-1.67773636375397,-2.82002567357058,-2.9050919961944,-0.963511650606649,-1.69432289385142,-1.62307038070676
0,144,2,1,75.937927,76.425221,0.438366285978316,-1.41120778051776,-2.72838835153099,-2.4993510432232,-1.01325817773933,-1.59713677055495,-1.67903721713065
0,145,2,1,76.468508,76.955802,0.416569509734445,-1.42588615517331,-2.61478463812815,-2.59738322370622,-1.11254773811294,-1.5570830931677,-1.76462942457186
0,146,2,1,76.993142,77.480436,0.399444179280173,-1.74288691025841,-2.92114290259684,-2.74026945247474,-1.06499862121276,-1.56692538032701,-1.74894228222569
0,147,2,1,77.51471,78.002005,0.376227106131771,-1.81310020792703,-2.73052887538397,-2.75398279037354,-1.13780890282433,-1.52158367950868,-1.81007866506544
0,148,2,1,78.041341,78.528635,0.385737331138402,-1.64671224262914,-3.005144942515,-2.88243519148838,-1.1117675891062,-1.58327775454636,-1.77848206750307
0,149,2,1,78.566895,79.05419,0.430659969110142,-1.61035061730517,-3.01853692052912,-2.80807493835295,-0.999097420903818,-1.57674830933083,-1.65921124283142
0,150,2,1,79.089532,79.576827,0.402467748339348,-1.87493916394627,-3.00814106661992,-2.96706179886575,-1.04868931401939,-1.56781425192666,-1.68334510619188
0,151,2,1,79.624068,80.111362,0.400120322366228,-1.94380087052859,-2.99376213790146,-3.03077098719066,-1.04179979469822,-1.57498377513249,-1.69229613763825
0,152,2,1,80.14667,80.633965,0.381969410506157,-1.67447648376989,-3.097226121344,-2.90249053704394,-1.12559732927278,-1.66217489961294,-1.74095661674633
0,153,2,1,80.684233,81.171527,0.420928336412194,-1.49617131234413,-2.98534008243777,-2.77926511229268,-1.04814433855208,-1.62447185106688,-1.67206215915216
0,154,2,1,81.214826,81.70212,0.389095990265821,-1.67794463541013,-2.95396707357663,-2.83374949397304,-1.10674538600695,-1.67424529253511,-1.68352758361545
0,155,2,1,81.747431,82.234725,0.410748071968589,-1.4842128490726,-3.10111370410488,-2.88477312950785,-1.08934131006165,-1.59431864262815,-1.72419351628223
0,156,2,1,82.282995,82.770289,0.422131811211688,-1.76523553041117,-2.83613104625165,-2.73335300919105,-0.984125583279996,-1.66180044388219,-1.59964364898925
0,157,2,1,82.807554,83.294848,0.404923532155603,-1.72954312809661,-2.70836608748948,-2.81563372597948,-1.03769685374046,-1.70160790963892,-1.63481593496689
0,158,2,1,83.332152,83.819446,0.393286665368927,-1.58612101266389,-3.03201703810894,-2.99690688648354,-1.10335665606881,-1.66916428142663,-1.69654350279807
0,159,2,1,83.857745,84.34504,0.393545781300426,-1.78515329510854,-2.86339528439803,-2.98550944518257,-1.07308476503451,-1.63144375459693,-1.69419466386619
0,160,2,1,84.383376,84.87067,0.378379040831085,-2.08265060178183,-3.07047299790461,-2.941398900541,-1.07563283663141,-1.71679042965941,-1.67594105294051
0,161,2,1,84.909939,85.397233,0.408643765386442,-1.74535937804086,-2.87547923587313,-2.97742076970295,-1.02832725146042,-1.68190400012662,-1.65890351317731
0,162,2,1,85.432534,85.919828,0.416405420240297,-1.73599906187249,-3.27603268261307,-2.69382063680578,-1.00971950913259,-1.65229465673116,-1.65829420190747
0,163,2,1,85.957165,86.444459,0.385491735390264,-1.89617328189746,-3.05577222823938,-2.88973611454075,-1.07408661969698,-1.66201848775125,-1.70940272698301
0,164,2,1,86.48073,86.968025,0.37644424125198,-2.27926593705573,-3.23799360622056,-2.85000469308517,-1.0811181624167,-1.59659989477328,-1.70959774064756
0,165,2,1,87.007322,87.494616,0.401811482593454,-1.64241183106211,-2.64600062804492,-2.92815177350685,-1.053271132033,-1.72365775435746,-1.68054794296361
0,166,2,1,87.541895,88.029189,0.465939047854268,-1.13401753804912,-3.06077898200824,-2.68540705148902,-1.05798197068578,-1.58992726982828,-1.71181894836423
0,167,2,1,88.066491,88.553785,0.428746246428643,-1.26550694610105,-2.4969124677036,-2.58924969912687,-1.11844724467222,-1.59800024201795,-1.75339652911266
0,168,2,1,88.592118,89.079413,0.397539382827855,-1.63974897943772,-2.65891131038059,-3.06337361378182,-1.08900740409351,-1.55638839963085,-1.75371652448439
0,169,2,1,89.114719,89.602013,0.410735139296989,-1.43845754640752,-3.20142240712998,-2.89954657605824,-1.0883391682537,-1.69674543908604,-1.70496224235473
0,170,2,1,89.64131,90.128604,0.4261150253933,-1.34299237088599,-2.84387198906672,-2.79183220230212,-1.07493240436396,-1.6936432974735,-1.71317656719416
0,171,2,1,90.162882,90.650177,0.388582015708227,-1.4941757916503,-3.11646448872397,-2.78394843421747,-1.15547679030087,-1.66124524706893,-1.82548960288338
0,172,2,1,90.69546,91.182754,0.399436539937203,-1.60731238341592,-2.68331960645965,-2.67792839608909,-1.08975034613749,-1.6082308632352,-1.72380876096919
0,173,2,1,91.219088,91.706383,0.437751429150401,-1.11538761010035,-2.72162393724721,-2.62603552646909,-1.19717195226395,-1.52393318141607,-1.97810587739724
0,174,2,1,91.748643,92.235937,0.405661159420455,-1.54135261793199,-2.98447733600168,-2.71127803491006,-1.08897439048974,-1.62021315269376,-1.69000744252433
0,175,2,1,92.283211,92.770506,0.454215547653099,-1.53946993793618,-2.67777415145224,-3.00420230209592,-0.928830624794975,-1.55360168029629,-1.63380883805606
0,176,2,1,92.808824,93.296118,0.42402766123646,-1.42828074092447,-2.80999513896622,-2.65285518019414,-1.02402620193111,-1.68845213589034,-1.75774164673547
0,177,2,1,93.337392,93.824686,0.359850308129578,-1.77382240199643,-2.79194050473683,-2.8201722519995,-1.283460290995,-1.47585758193047,-1.81966154261045
0,178,2,1,93.862986,94.350281,0.390189709187194,-1.52949942170358,-2.77223692543499,-2.98164314712839,-1.1487200257646,-1.50641129608514,-1.98106505169033
0,179,2,1,94.388582,94.875876,0.350306373225823,-1.97886812333554,-2.73090973163781,-2.90923773274057,-1.16367107834781,-1.61915428812652,-1.91280355450904
0,180,2,1,94.91617,95.403464,0.344439203452821,-1.93820609488615,-2.79326071073339,-2.97161845106862,-1.28451096735993,-1.45098763278783,-2.00597872451746
0,181,2,1,95.446751,95.934046,0.416861307983317,-1.72460187322813,-2.79463185334942,-2.86418879764192,-1.03477402484997,-1.57905325448964,-1.70256328913482
0,182,2,1,95.983355,96.470649,0.374755434125401,-2.08278969391988,-2.91188968248445,-2.87355371804877,-1.08354239086355,-1.70864922859869,-1.67894874268767
0,183,2,1,96.507915,96.99521,0.435984210015211,-1.92762774265679,-3.14923079405375,-3.01694152517999,-0.934096147253424,-1.57637885163952,-1.62332616621253
0,184,2,1,97.037498,97.524792,0.415036372675434,-2.01582505465184,-2.78798655073043,-3.18339329580215,-0.967959721619861,-1.70597133211646,-1.61095600060931
0,185,2,1,97.568079,98.055373,0.383791940879924,-2.07815487147947,-2.94411880698051,-2.99844257327045,-1.05308799842676,-1.7052060415947,-1.72341173935118
0,186,2,1,98.098658,98.585953,0.400361922303006,-1.85902211203646,-2.8532910609687,-2.70005014808494,-1.00416084316684,-1.71678775124742,-1.67745669653613
0,187,2,1,98.626247,99.113541,0.343154837730332,-1.91195078067701,-2.85820076492804,-2.9928378336679,-1.21404980391,-1.58611199710912,-1.94764785843948
0,188,2,1,99.158823,99.646117,0.363921420690334,-1.82005591317682,-2.94201864179156,-3.0139104586782,-1.13425831687115,-1.72047142723486,-1.85089166531508
0,189,2,1,99.683422,100.170716,0.399636721122305,-1.91271112869438,-3.04949094654667,-2.77849218722518,-1.02331479914944,-1.51580423271884,-1.85847749681031
0,190,2,1,100.20702,100.694314,0.345641206135755,-2.21626712848257,-3.12330330887566,-3.16751254561333,-1.17434983607576,-1.52693713250244,-2.01761225808348
0,191,2,1,100.737601,101.224895,0.397744593650915,-1.65853166468979,-2.89810209854603,-2.82055424342368,-1.09636982301982,-1.619443364517,-1.64913476479462
0,192,2,1,101.271174,101.758468,0.342316030497676,-1.91605490400234,-2.85915711215788,-2.76249845645674,-1.25518931833894,-1.5259921216713,-2.00718891176879
0,193,2,1,101.801789,102.289083,0.437990419012682,-1.25605732090741,-2.92376531123399,-2.7229635443631,-1.07767011976303,-1.62115741151754,-1.71522237092952
0,194,2,1,102.334331,102.821626,0.360566915352359,-1.62756561678072,-2.87655899734119,-2.82243475790075,-1.22814388198555,-1.61649469993702,-1.905043923675
0,195,2,1,102.867903,103.355197,0.421679802812164,-1.58360870694817,-2.59018886505901,-2.76829701322893,-1.03758182177841,-1.48408417435331,-1.7444594074233
0,196,2,1,103.401475,103.888769,0.404689649980315,-1.69618026552977,-2.95188148178895,-2.93598456797802,-1.05363029748442,-1.4801179621988,-1.85151698869494
0,197,2,1,103.945025,104.43232,0.415205430228188,-1.66528680447736,-2.92930172626134,-2.91189421094088,-1.02959807383646,-1.50175493218952,-1.73621888006097
0,198,2,1,104.469621,104.956915,0.362430307110975,-1.57532867878348,-2.84942794929341,-2.46513830267222,-1.23395141750605,-1.76941438290521,-1.85341810597121
0,199,2,1,105.001198,105.488492,0.399538813451039,-1.49243463038775,-2.61546027351355,-2.61665971641827,-1.14467307855955,-1.4992713358935,-1.89337739373465
0,200,2,1,105.528787,106.016081,0.391138178128305,-1.57751069882388,-2.78839949824653,-2.93075059788344,-1.1336045297052,-1.66962615895561,-1.75515668940679
0,201,2,1,106.05139,106.538684,0.425198564461669,-1.58534901736545,-2.82843068342785,-3.03567875441215,-1.03959992960596,-1.56559787818465,-1.69348127360184
0,202,2,1,106.578977,107.066272,0.414765557554247,-1.6399436568776,-3.04783669634179,-2.89195429009139,-1.04101841393342,-1.69665603359086,-1.68620088328329
0,203,2,1,107.107564,107.594859,0.420100394095359,-1.73195750747921,-2.89462718405174,-2.67582919524601,-1.00577008672951,-1.60582404111644,-1.6939759951065
0,204,2,1,107.638183,108.125478,0.380075453060388,-1.60438417259165,-2.87423878652351,-3.10597633258617,-1.17443380391291,-1.64315262171372,-1.71879607091841
0,205,2,1,108.16374,108.651035,0.403213848471931,-1.41032937280035,-2.84738231088048,-2.68414921041311,-1.16844710202354,-1.60433931276548,-1.71386080935098
0,206,2,1,108.696315,109.18361,0.425914977435952,-1.48242150633179,-2.98428751955627,-2.64803143128619,-1.04428830670633,-1.50393128717853,-1.86727724289018
0,207,2,1,109.218959,109.706254,0.34354959789343,-2.08378874737584,-2.93270760101719,-3.17658929640296,-1.18497872164923,-1.63727027111321,-1.93995740176311
0,208,2,1,109.743515,110.230809,0.370253124354388,-2.23606342868282,-3.0875817979509,-2.93319822608077,-1.0964171232754,-1.75877957024086,-1.69326946065925
0,209,2,1,110.271134,110.758428,0.391188940006957,-1.88627776179038,-2.92672544595994,-2.64084808868612,-1.07552674406917,-1.64380453417918,-1.70306348626409
0,210,2,1,110.801685,111.288979,0.418310563892612,-1.49561797559494,-2.77502125172869,-2.79650128160795,-1.06609434984076,-1.56074904510505,-1.74438682095136
0,211,2,1,111.330274,111.817568,0.400577708275712,-1.68581206880023,-2.75462635497004,-2.83837527245559,-1.06946260900317,-1.63519240361566,-1.70352374271043
0,212,2,1,111.856896,112.34419,0.407514323071038,-1.85747800773074,-2.88540018067388,-2.66681298008351,-1.01635366653868,-1.6128789147782,-1.71814416271396
0,213,2,1,112.417362,112.904657,0.365002879134038,-1.77896955778341,-2.82352779213104,-3.04985168108516,-1.19681587610268,-1.60541622942328,-1.84419498453253
0,214,2,1,112.948957,113.436251,0.367932980665227,-1.94010126353965,-2.57339662433672,-2.46258642050263,-1.20102620821411,-1.52688847392336,-1.78350729543669
0,215,2,1,113.470548,113.957843,0.455176986642392,-1.51843467340306,-2.96754182612606,-2.97214829652017,-0.937405994885065,-1.63579486063311,-1.61021624125801
0,216,2,1,113.995152,114.482447,0.426059461867548,-1.60422103027344,-2.86379336474321,-2.91233178609764,-0.986352639105913,-1.72839891683077,-1.67888271057002
0,217,2,1,114.519741,115.007035,0.421992398464964,-1.3885174637174,-2.91785921738394,-2.79482797086343,-1.08693549092527,-1.64248270761496,-1.73791516772997
0,218,2,1,115.044378,115.531672,0.363214758446476,-2.10978120793733,-2.94473034282157,-3.04142672401877,-1.1297444649583,-1.60380448666914,-1.79684822184667
0,219,2,1,115.568944,116.056238,0.388149867183573,-1.9138608359245,-2.69552290328688,-2.83554410636655,-1.09251865050674,-1.52625636207958,-1.78363311250068
0,220,2,1,116.092535,116.579829,0.390236705667134,-2.15779268758546,-2.89817432680129,-2.88827733552488,-1.05286927927145,-1.56585168810852,-1.74771675789338
0,221,2,1,116.619155,117.106449,0.399951048793504,-1.77848118613788,-2.96381963590218,-3.06066711393916,-1.02749222198632,-1.68055173457485,-1.71336002249215
0,222,2,1,117.145717,117.633012,0.35648829069873,-1.95367130062579,-2.99878973781327,-2.91115608347454,-1.14957294121912,-1.67431004934246,-1.79521710791691
0,223,2,1,117.674338,118.161633,0.410941452785753,-1.70967011141956,-3.04649727773209,-2.72415537280312,-0.994890138468016,-1.70473851968117,-1.67004518097881
0,224,2,1,118.205883,118.693177,0.424722847457924,-1.71005203257739,-2.9132406360355,-2.85518575183963,-0.969932655377552,-1.63710513096154,-1.65769278186575
0,225,2,1,118.740452,119.227747,0.414603980185463,-1.80044472580316,-3.03296465624109,-3.25807983239627,-0.987484603591391,-1.71603760590409,-1.64489634016581
0,226,2,1,119.269039,119.756333,0.408912227901077,-1.67936713001947,-3.07027578938636,-2.85324864131096,-1.0261610664521,-1.65697170179389,-1.67244873297043
0,227,2,1,119.794651,120.281946,0.432989516606196,-1.68712719997909,-2.98150089404905,-2.7503498577678,-0.950582340447913,-1.78725648506788,-1.58312477930355
0,228,2,1,120.322222,120.809517,0.407756828809125,-1.46776437554409,-3.05572075176124,-2.93495236137693,-1.10797940406332,-1.58697438227465,-1.73131847925597
0,229,2,1,120.845822,121.333116,0.381968839082871,-1.50778609653504,-2.94371601729696,-2.88527425859366,-1.20506579565675,-1.60171542177851,-1.78307319018306
0,230,2,1,121.378401,121.865695,0.316974608093144,-1.62659361370201,-2.75561965768884,-2.80246273362956,-1.4733682903153,-1.68859928327857,-2.05954632189551
0,231,2,1,121.913977,122.401271,0.464819283980241,-1.35828696104315,-2.63611417941624,-2.60536756834137,-1.01286318606356,-1.46015439123029,-1.74208100052339
0,232,2,1,122.454519,122.941814,0.422574345764462,-1.47740354732955,-2.80689826850518,-2.96216208620175,-1.0667414842236,-1.50475558716044,-1.80916015614042
0,233,2,1,122.977122,123.464416,0.42508475853412,-1.84832684265605,-3.01405225423069,-2.96177015597204,-0.953236221661494,-1.69002492511658,-1.58652959715451
0,234,2,1,123.509699,123.996994,0.489701836354558,-1.19381178570308,-3.2336253901693,-2.62685380547281,-0.956782732851541,-1.50353492417443,-1.67999477077621
0,235,2,1,124.04726,124.534554,0.432267719672254,-1.72618673113507,-2.86097392740701,-2.86308596856515,-1.05398899203611,-1.22741503919515,-2.21841181123364
0,236,2,1,124.574849,125.062143,0.386028332720353,-1.75106009030875,-2.82907530994045,-2.78800173684148,-1.09983622537243,-1.69170721164822,-1.7315829124351
0,237,2,1,125.1164,125.603695,0.505582052479671,-1.0056019437518,-2.67562367190309,-2.66958062246434,-0.98604776221511,-1.74466241999771,-1.62428618939666
0,238,2,1,125.646992,126.134286,0.395933555877215,-1.69260406786708,-2.94182285426453,-3.12015826060428,-1.09091408048355,-1.65335089243708,-1.68743859399941
0,239,2,1,126.173608,126.660902,0.450364174017715,-1.61368564175446,-2.90502436351128,-2.67972463478312,-0.926372485048816,-1.69170767901177,-1.57736535407064
0,240,2,1,126.696175,127.18347,0.436255550922391,-1.45957648631085,-2.80084758375528,-2.51646537636907,-1.02918123040619,-1.61829766728899,-1.67004816713739
0,241,2,1,127.219775,127.707069,0.383458341810022,-2.14847051779926,-2.86391176087905,-2.9381114522288,-1.07357394436003,-1.6401571671429,-1.69782789377236
0,242,2,1,127.747364,128.234658,0.411507474631637,-1.46903638175188,-2.73053616917911,-2.80978174887176,-1.06541565087758,-1.64151330857639,-1.77605103315184
0,243,2,1,128.271997,128.759291,0.371208405871403,-1.75015740073161,-2.972405160151,-3.01744383973197,-1.13536901981975,-1.64965949763271,-1.79948138842526
0,244,2,1,128.804538,129.291832,0.368300545482668,-1.85976658507695,-3.11030346381887,-2.95737973281805,-1.16292316672645,-1.52439695746676,-1.846980121319
0,245,2,1,129.342099,129.829393,0.447697882237723,-1.53772055456617,-2.87053860942955,-2.84255562553402,-1.00914119417642,-1.40127116191896,-1.82832921202808
0,247,3,1,130.406252,130.893546,0.349365758994603,-1.38258876125782,-2.95376636384017,-3.09262922297917,-1.38261423231985,-1.76943355697394,-2.15934240077781
0,248,3,1,130.93085,131.418144,0.422119967188931,-1.25492126530238,-3.00529250368893,-2.81204993173253,-1.11756172647507,-2.14326322179377,-1.64181423801638
0,249,3,1,131.500327,131.987621,0.362197283650508,-2.03314023779399,-3.13017353012862,-2.6786299600228,-1.12316289087069,-1.72990852658804,-1.72177925974039
0,250,3,1,132.022929,132.510224,0.386437416840934,-1.90652420409396,-3.11346309031605,-2.89619799240375,-1.06479455105739,-1.6761619701501,-1.76396504984613
0,251,3,1,132.554518,133.041813,0.421227278173362,-1.84151619344358,-2.95523674649957,-2.84103986429223,-0.962877596673628,-1.61587264207466,-1.65653065963087
0,252,3,1,133.086086,133.57338,0.427958041398708,-1.99918497536689,-2.90169010168418,-2.95923042444411,-0.943094920109125,-1.60373191656232,-1.62839547054161
0,253,3,1,133.624644,134.111939,0.434354652641307,-2.06996396519944,-2.9608572359223,-2.85275590904888,-0.909532254398698,-1.5786474407142,-1.64932948732801
0,254,3,1,134.153238,134.640532,0.410598423267343,-1.88400117620139,-2.7318565428412,-3.20271797791909,-0.983498692700405,-1.6350853542687,-1.64997374997644
0,255,3,1,134.685808,135.173102,0.390037371094273,-1.89984867391149,-2.9813011389784,-3.02401562707923,-1.06119912800759,-1.59732179568823,-1.7443799033367
0,256,3,1,135.240324,135.727619,0.418242556284621,-1.71366204444509,-2.88089988445493,-2.90249337611938,-1.0039894627396,-1.5873033778574,-1.68106077194198
0,257,3,1,135.766915,136.25421,0.409217305066825,-1.31932246460098,-2.64738949034691,-2.88262348087595,-1.17356052502508,-1.59152922469438,-1.80657610923989
0,258,3,1,136.295502,136.782797,0.405642957332018,-1.47955721330279,-2.64929225144822,-2.66343464711455,-1.11700796240683,-1.67074636739326,-1.74251992966071
0,259,3,1,136.840046,137.32734,0.434535939517574,-1.51335281106031,-3.07859528332774,-2.95024829611366,-0.974036009448591,-1.64354035088635,-1.66087749659689
0,260,3,1,137.371629,137.858923,0.41122978009605,-1.37965415738704,-2.78356713537525,-2.88631827713946,-1.10708198717367,-1.63352057848544,-1.77476892212205
0,261,3,1,137.903204,138.390498,0.396310169445455,-1.74180119716096,-3.00184356337136,-2.93800004811152,-1.0682095871774,-1.5739452354617,-1.71690392028917
0,262,3,1,138.435778,138.923073,0.393561131443842,-1.82559204162964,-3.10803471598559,-2.84665292783114,-1.08755548220143,-1.54522714509357,-1.73609122812928
0,263,3,1,138.992292,139.479586,0.40361201955096,-1.64481363105085,-3.15407887155748,-3.12621908969982,-1.04304940172061,-1.68264370414197,-1.67905217152192
0,264,3,1,139.520878,140.008172,0.415668887790667,-1.9668254643376,-2.97633547493576,-2.49858467731398,-0.999897597445438,-1.47746953438022,-1.77428969828255
0,265,3,1,140.066417,140.553711,0.405647437163996,-1.6269311574714,-2.60490772986075,-2.75127747850764,-1.05799895992893,-1.61061579090435,-1.73199804528554
0,266,3,1,140.59999,141.087284,0.367123093986606,-1.92418245397425,-2.99464276511627,-2.55240499600788,-1.14513111866083,-1.64391174815961,-1.79906470134868
0,267,3,1,141.159495,141.64679,0.408430978991314,-1.52349715658272,-2.77039699993062,-2.98841704341533,-1.08528655921986,-1.54721536747324,-1.80976934034419
0,268,3,1,141.698054,142.185349,0.421520217255618,-1.47656719699583,-2.94866045085397,-2.76256924190906,-1.04387478950378,-1.56947639361909,-1.76431423115833
0,269,3,1,142.228635,142.715929,0.435193064845369,-1.57555845752413,-2.68377010491966,-2.77268024721767,-0.979351542810216,-1.66088448111034,-1.6040289586953
0,270,3,1,142.754265,143.24156,0.468977322501638,-1.17848987494312,-2.75699603063241,-2.65632780166468,-0.999844729068652,-1.61183160855881,-1.76580915838325
0,271,3,1,143.282815,143.770109,0.401796995717962,-1.52943125251457,-3.07849427535129,-2.85664675745073,-1.0866618101099,-1.59045892025556,-1.77999515406612
0,272,3,1,143.810441,144.297736,0.423078561579445,-1.52789851070072,-2.72404819932305,-2.84154358609758,-1.00938602846657,-1.64219017864598,-1.69803922800702
0,273,3,1,144.342979,144.830274,0.400511882193879,-1.59387205133162,-3.02269030872785,-2.88095439672673,-1.07125101502225,-1.6943424579397,-1.67767551262816
0,274,3,1,144.878548,145.365842,0.397364251256758,-1.62141188119897,-2.98317609530015,-2.92348908088217,-1.07202599829833,-1.77694358866292,-1.67941301845261
0,275,3,1,145.40817,145.895464,0.4560519139378,-1.42169604598823,-2.89614277817097,-2.68947829382059,-0.944546525451154,-1.68339405972998,-1.59206152781436
0,276,3,1,145.939712,146.427006,0.443171412014603,-1.5425533112267,-2.8765648317447,-2.94401750414892,-0.961321242574343,-1.59150432372657,-1.63415018736775
0,277,3,1,146.473314,146.960608,0.41169008580079,-1.66680180981313,-2.76913850035364,-2.88386525241442,-1.03636839647535,-1.64755185909854,-1.64874151604596
0,278,3,1,146.996883,147.484177,0.42126972082494,-1.61986673952491,-2.75058774720431,-2.86314104121039,-1.00547088260007,-1.71157162539864,-1.63257163482148
0,279,3,1,147.539463,148.026757,0.403222928309691,-1.76631402414419,-2.98808739374741,-2.56195703259976,-1.0414065481261,-1.67274857715215,-1.66104137406821
0,280,3,1,148.080018,148.567312,0.464088800386599,-1.17890038879404,-2.63594464528635,-2.54571580794178,-1.03195549915082,-1.60772354368363,-1.69318116074777
0,281,3,1,148.613557,149.100852,0.427666811190686,-1.57775291608299,-2.82432322255686,-2.80557204493012,-1.0038932124392,-1.69348190537284,-1.59069062407395
0,282,3,1,149.158133,149.645428,0.405701640104794,-1.49519377660664,-2.7341663515482,-3.06881602640765,-1.06627531925056,-1.71744442418873,-1.71488355431882
0,283,3,1,149.688683,150.175977,0.386154341428055,-1.58672992497954,-2.91281330768476,-2.80825516489157,-1.15379140470884,-1.54559923346252,-1.81017610127222
0,284,3,1,150.223252,150.710546,0.410036515719595,-1.38872193894452,-2.88420784167944,-2.46153525731784,-1.11449260368902,-1.65177998640674,-1.76770349136948
0,285,3,1,150.755829,151.243124,0.467928049937497,-1.73654187884461,-2.83327333689828,-2.98383551821998,-0.869789455410685,-1.43164701230771,-1.68249410742862
0,286,3,1,151.280425,151.76772,0.483998848580875,-1.77959524879969,-2.92991304002504,-3.1686856030678,-0.834805672841466,-1.36109075355396,-1.67921780900705
0,287,3,1,151.808014,152.295309,0.38491734155592,-1.94451671868919,-2.80841455071143,-3.00189660024177,-1.14195108112593,-1.33402785604084,-2.09998117870332
0,288,3,1,152.3376,152.824894,0.396457502700076,-1.37170684328782,-2.52281792715089,-2.58616986092842,-1.19491251531982,-1.67542156044467,-1.75399379428891
0,289,3,1,152.882173,153.369467,0.439335286012043,-1.36756894995264,-2.80741161224754,-2.47815724323519,-1.02082132829723,-1.7104943553709,-1.68184092418344
0,290,3,1,153.407749,153.895043,0.416686058431883,-1.8632608796952,-2.9454995386944,-2.69132073769721,-0.96942130402774,-1.69846960231953,-1.6370719849037
0,291,3,1,153.941317,154.428612,0.393042816544553,-1.70198733501297,-2.82282579562208,-3.08541801304078,-1.12416621270288,-1.52615423333036,-1.75826925434109
0,292,3,1,154.47189,154.959185,0.433363886876899,-1.8824382616034,-2.85707288758181,-3.09058064452725,-0.930768521459475,-1.62374680634808,-1.61819815131017
0,293,3,1,154.999478,155.486772,0.363738055071645,-2.05093681563572,-3.15892074980378,-3.10856345390967,-1.1470041519012,-1.56101286973168,-1.80555073460083
0,294,3,1,155.531071,156.018365,0.428472266098084,-1.33465626695125,-2.79952924443904,-2.86459619644044,-1.08366967387535,-1.71153510820505,-1.70296425031434
0,295,3,1,156.05968,156.546974,0.418940622356506,-2.39709056924073,-2.95089016171752,-3.10225179617901,-0.937096602309315,-1.67563155645918,-1.59477159824795
0,296,3,1,156.590225,157.077519,0.405358656547163,-2.10003065751269,-2.8775258436663,-2.84856280144859,-0.988051133586177,-1.73939787214548,-1.60651745881517
0,297,3,1,157.11881,157.606104,0.431779507324378,-1.47811932712985,-2.74233410039497,-2.6906104508842,-1.03043844049477,-1.61039769989801,-1.65195824499291
0,298,3,1,157.650389,158.137684,0.448882654145976,-1.48014416316542,-2.72953223610276,-2.50077783059609,-0.96215924929159,-1.64850273379097,-1.67416946289073
0,299,3,1,158.17399,158.661284,0.382966798444168,-1.91278588320396,-2.84091286611436,-2.68383739306464,-1.09257408172815,-1.66370100307848,-1.77216475868299
0,300,3,1,158.699583,159.186878,0.392142441569128,-1.66339333421582,-2.8487367052096,-2.92480931545236,-1.10678811987171,-1.63728567826577,-1.7620971655531
0,301,3,1,159.231177,159.718471,0.419802606180521,-1.8783942822562,-2.72535954489842,-2.89773185197585,-0.980868371441754,-1.60778340188426,-1.68703568070751
0,302,3,1,159.755768,160.243062,0.385875823953952,-1.42718785986432,-2.66603432960797,-2.4137443292519,-1.24795573394959,-1.58867728141449,-1.83702293885564
0,303,3,1,160.28039,160.767684,0.387835714671839,-1.31998500391689,-2.48789078211364,-2.92570609266511,-1.31016899762969,-1.55445554801046,-1.89027555868998
0,304,3,1,160.806949,161.294243,0.388678428330558,-1.6139275219167,-3.02940504342564,-2.89515681812986,-1.14213439900466,-1.57272485211999,-1.79938695143033
0,305,3,1,161.333539,161.820833,0.415827448238181,-1.40620624090467,-2.81361343189261,-2.91331128196182,-1.08675632925188,-1.6227879843808,-1.7352371786259
0,306,3,1,161.863131,162.350426,0.485350277608206,-1.04775951055669,-2.46712202382826,-2.77303361201125,-1.04083301939447,-1.61442009203917,-1.69514531665624
0,307,3,1,162.388717,162.876011,0.394107793635114,-1.60965174479018,-2.73625860617494,-2.75060630970744,-1.1075755646235,-1.56409718213015,-1.79504503932715
0,308,3,1,162.919297,163.406591,0.403136846757196,-1.43674634883,-2.65591691815041,-2.49941850519828,-1.13557740368801,-1.59113224344904,-1.78741606713909
0,309,3,1,163.444898,163.932192,0.427259720168987,-1.31831235027098,-2.71570732223345,-2.95299549694843,-1.06834304233244,-1.62746939609036,-1.71374135497976
0,310,3,1,163.972481,164.459775,0.394171942369313,-1.59213012868786,-2.91857422580805,-2.68895205189405,-1.08200857756202,-1.65118675761797,-1.79663483854166
0,311,3,1,164.50805,164.995345,0.384893468200776,-1.51911614560966,-3.07459402912995,-2.87238236574957,-1.19480610574688,-1.56122252667953,-1.86236158570912
0,312,3,1,165.038629,165.525923,0.423878274180772,-1.28938041276414,-2.82493743093176,-2.68819701563288,-1.16404987798049,-1.47910532384481,-1.81227112790151
0,313,3,1,165.569246,166.05654,0.413094191370951,-1.2175618725145,-2.53255038636284,-2.71411222359701,-1.23330562270219,-1.62999666630847,-1.85334890025316
0,314,3,1,166.106773,166.594067,0.420335772908108,-1.44474375668959,-2.77228686156038,-2.90214458897196,-1.11367368745258,-1.46635374951113,-1.78434644888573
0,315,3,1,166.634362,167.121657,0.368678515598475,-1.78467913928539,-2.92190488969273,-2.86448177191846,-1.17266166505336,-1.62009054491748,-1.80951085443104
0,316,3,1,167.164943,167.652237,0.435205425404683,-1.33207810910806,-3.05095590091464,-2.90625061041266,-1.08821244119744,-1.52279147238034,-1.75041662056432
0,317,3,1,167.68954,168.176834,0.427148961456519,-1.57246848942109,-2.81590598264216,-3.14760979570023,-1.00850754662841,-1.69692543345991,-1.62386734348828
0,318,3,1,168.218126,168.705421,0.432691221977194,-1.54633661922752,-2.96273077563935,-2.85088478103846,-1.03396921663428,-1.49830428976046,-1.73821203373814
0,319,3,1,168.748707,169.236001,0.405051059148533,-1.63619912086664,-2.90257641916013,-2.68766358907046,-1.08959900702356,-1.62786505880137,-1.71023703576933
0,320,3,1,169.273304,169.760599,0.461382133876672,-1.69640759905898,-3.12602163408265,-3.01921616785437,-0.905303382291694,-1.50131516626394,-1.58647172459478
0,321,3,1,169.797901,170.285196,0.399206050339914,-1.71320618359247,-2.8974496438702,-2.90164985281229,-1.05665207228327,-1.68254566434902,-1.66792689981868
0,322,3,1,170.329512,170.816807,0.323049589591891,-2.20014201608514,-3.06698711450978,-2.8966157430381,-1.26978193230946,-1.59999436194061,-1.97071021559725
0,323,3,1,170.85308,171.340374,0.419273195851714,-1.90289302739031,-2.91898759310153,-3.0667464536981,-0.981605431328366,-1.52088271945887,-1.67094829680957
0,324,3,1,171.378674,171.865968,0.45381197759012,-1.26275573912745,-2.69372456568677,-2.76952394497361,-1.03226581864042,-1.4905409626641,-1.74807575987727
0,325,3,1,171.902274,172.389569,0.402670662312377,-1.88925198707393,-2.98576653625747,-2.99798054765859,-1.00426499438056,-1.61549713999189,-1.71391250201233
0,326,3,1,172.428905,172.916199,0.434594451678356,-1.56291008289439,-3.03756373336721,-3.06105387438279,-0.972013216103372,-1.58891767019113,-1.66251723436038
0,327,3,1,172.967424,173.454719,0.394881100078307,-1.57195459074839,-2.98810628231071,-2.88548823238327,-1.09436459977623,-1.67580117166646,-1.71991068650523
0,328,3,1,173.49702,173.984314,0.401511110054998,-1.54417789702897,-2.91877449405944,-2.92031852032428,-1.09088137412537,-1.63240133346528,-1.71725016435833
0,329,3,1,174.026591,174.513886,0.427221911179062,-1.62358456817801,-2.81851866158488,-2.79743058651377,-0.991233395588119,-1.64661846007744,-1.65053130929466
0,330,3,1,174.563158,175.050452,0.402606326918857,-1.67610574788353,-2.83714344375456,-2.96416759048163,-1.06394654512954,-1.56262508935408,-1.77303266476014
0,331,3,1,175.101754,175.589048,0.393640815294035,-1.79360154336613,-2.75636291171379,-2.81612579077378,-1.05232194199983,-1.73574163761235,-1.68778034631331
0,332,3,1,175.631335,176.118629,0.353400390409074,-1.90273674759183,-2.99517814474507,-3.1591084400387,-1.1979372901528,-1.71243386514545,-1.81802449013649
0,333,3,1,176.167867,176.655162,0.408071778096114,-1.89964851352759,-2.81201457431237,-3.05422378501632,-1.02019803027239,-1.68882704145358,-1.65813603594968
0,334,3,1,176.693459,177.180753,0.421035954660996,-1.71637684007338,-2.99131294165342,-2.79356735741591,-1.00487896720225,-1.58543099871004,-1.69286756784574
0,335,3,1,177.224041,177.711335,0.422019374412241,-1.93224011115705,-3.00260163956418,-2.85481376930408,-0.972114996739861,-1.54874221793752,-1.65562361177659
0,336,3,1,177.762601,178.249895,0.432835565054048,-1.57235935424178,-2.87546091942126,-2.60382895056155,-0.97525268142122,-1.6393338461032,-1.63639308008621
0,337,3,1,178.31612,178.803414,0.372480980706459,-1.78760044377035,-3.0643429326433,-2.90125759050117,-1.12211793120092,-1.60700970203849,-1.91863785834131
0,338,3,1,178.848735,179.33603,0.361379879929773,-1.90338088069269,-2.70481117655086,-2.68992336323242,-1.16309398450782,-1.64298761276682,-1.78303133001316
0,339,3,1,179.391245,179.878539,0.394696967471557,-1.76448751808905,-2.96403859958601,-2.96230987540413,-1.05737849240143,-1.54505737711386,-1.86465635768445
0,340,3,1,179.922822,180.410116,0.44089374811289,-1.44517520389693,-2.97510471033666,-2.75791737386733,-0.992642463406065,-1.89639742446557,-1.5692045458333
0,341,3,1,180.456433,180.943727,0.459180122833114,-1.3054811929691,-2.81893837353008,-2.85013455807597,-0.987504655927613,-1.62744301760384,-1.65125778840065
0,342,3,1,180.984982,181.472276,0.374158172255149,-1.95802449931267,-2.74689821007672,-3.06069060099643,-1.10773194386441,-1.77975220768871,-1.71256227714544
0,343,3,1,181.517563,182.004857,0.371592614809469,-2.06116669753175,-2.92103318966725,-2.9460121696674,-1.10634111160835,-1.57788827709644,-1.77154453013134
0,344,3,1,182.086037,182.573331,0.357915847994143,-1.8838632160566,-3.21795879892117,-3.12086960635009,-1.15517863256087,-1.65234750566994,-1.85383831762854
0,345,3,1,182.617614,183.104908,0.413630406448259,-1.28596948526964,-2.84486493177245,-2.89820322532426,-1.17947540216835,-1.48909406175,-1.95382772451948
0,346,3,1,183.145235,183.63253,0.433533217734866,-1.58581665489279,-2.60892574948795,-3.17491412690939,-0.983533824985509,-1.62180032362533,-1.64742959056329
0,347,3,1,183.671796,184.15909,0.458956801945102,-1.51725822533796,-2.75577408588665,-3.09385498948473,-0.907377221844489,-1.74246243686983,-1.55698694443612
0,348,3,1,184.195395,184.68269,0.408169044385579,-1.99628289029081,-3.17366410672393,-3.07068803194782,-1.01916112679247,-1.64588260634849,-1.63998097392112
0,349,3,1,184.722984,185.210278,0.440477464831738,-1.56034538803845,-2.92148525157084,-2.61266888047072,-0.977500055058216,-1.73803171518625,-1.58971604897989
0,350,3,1,185.252604,185.739899,0.429070430712477,-1.63601605857322,-2.90087180008228,-2.8184599604683,-0.977583609587505,-1.74853609494024,-1.60285384254653
0,351,3,1,185.781155,186.268449,0.41209396202395,-1.86047593630022,-2.96677074232665,-3.02572727541782,-1.01400270266555,-1.67298997059132,-1.62782402910899
0,352,3,1,186.306748,186.794042,0.398099551308664,-1.77153978718191,-2.86625464509803,-2.72126712519885,-1.06591257790596,-1.66234081210675,-1.67722009623
0,353,3,1,186.832344,187.319639,0.405997736098385,-1.85492703563486,-3.15494765411396,-2.92684729337924,-1.01384189988673,-1.72143161289343,-1.62160495743329
0,354,3,1,187.378881,187.866176,0.426518449442678,-1.72566028962499,-2.90784247250729,-2.81730454637419,-0.965677022659544,-1.6634444128676,-1.61973398996985
0,355,3,1,187.911457,188.398751,0.426754824769865,-1.50158626765335,-3.06445103509918,-2.77811393841288,-1.00833459340355,-1.67723281484807,-1.67170554623155
0,356,3,1,188.435058,188.922352,0.409734208020897,-1.61042291843894,-2.8323903142025,-2.86680431682847,-1.0642319225878,-1.62826922836879,-1.7076240172539
0,357,3,1,188.966649,189.453943,0.407669211226935,-2.01963922958958,-3.03405702197909,-2.74551643973055,-0.989924394609967,-1.54509245833623,-1.74435609839289
0,358,3,1,189.512176,189.99947,0.380094210866075,-1.82247614963327,-2.95572038960399,-2.93331385609576,-1.0960257853918,-1.62043640070406,-1.75682076884649
0,359,4,1,190.036803,190.524097,0.4219406027593,-1.91224544145517,-2.94240975965616,-2.81252413178532,-0.95512625946051,-1.61134468141956,-1.63992627670508
0,360,4,1,190.564365,191.051659,0.382513393887609,-2.4374808059926,-3.08092052549972,-3.0363837812721,-1.04315038897654,-1.59524447215396,-1.71022354593409
0,361,4,1,191.143817,191.631112,0.369326480027325,-2.34475341181487,-3.04187786346829,-2.97368832508315,-1.08429883850259,-1.58371369635834,-1.77134425143425
0,362,4,1,191.672435,192.159729,0.377024032765729,-2.1548781587216,-2.9955036000784,-3.21587568994981,-1.06328096055467,-1.57020508318469,-1.81614788631117
0,363,4,1,192.197992,192.685287,0.338252087196314,-2.12393005280004,-3.11650992627167,-2.98422076566933,-1.19373085846022,-1.62550956322787,-1.9905952860363
0,364,4,1,192.722625,193.20992,0.470773424885492,-2.08280856744398,-2.97133768223382,-2.95396093595942,-0.828761313086984,-1.62332058428002,-1.50795032628055
0,365,4,1,193.247188,193.734482,0.383513007115869,-2.07792903340301,-2.87275315865074,-3.07935906306117,-1.04673872218028,-1.61641287768426,-1.79259339908459
0,366,4,1,193.771785,194.259079,0.394998242938109,-2.03039856893023,-2.96719058610111,-3.01797538046935,-1.06805778017629,-1.38538838421812,-1.99328682560767
0,367,4,1,194.298376,194.78567,0.355486929575818,-1.77811036159973,-2.86040564139484,-2.79832451474942,-1.19908306077573,-1.55394077400826,-1.97315751369171
0,368,4,1,194.836965,195.324259,0.440126807594647,-1.43477429414271,-2.8971651468842,-2.67416133401156,-0.990668760507326,-1.62141382717618,-1.64697343474147
0,369,4,1,195.382475,195.869769,0.432613478825804,-1.30103463773172,-2.91506740147026,-2.78330379604447,-1.03187924342193,-1.88531868013813,-1.66504616509461
0,370,4,1,195.916049,196.403343,0.388766944383415,-1.89061447063109,-2.82583636164176,-2.96915835700666,-1.0413302842915,-1.79078493970472,-1.64493963702287
0,371,4,1,196.443639,196.930933,0.336324341816173,-1.77490796241856,-2.793334722602,-3.12450526325787,-1.29869648731662,-1.64792839395418,-1.81522778903072
0,372,4,1,196.97422,197.461514,0.426133607214087,-1.72329789858284,-2.84196534543955,-2.89958830894387,-0.982643259193541,-1.55278441202262,-1.65551456187921
0,373,4,1,197.509786,197.997081,0.362556860128244,-1.90713641978241,-3.22360929069303,-2.60079227565136,-1.21471550416645,-1.45609737450603,-1.82553516160211
0,374,4,1,198.091263,198.578557,0.433736578845604,-2.07219769161814,-3.13020196937822,-2.93427213066703,-0.866478421706726,-1.89847039192613,-1.61235186464269
0,375,4,1,198.623807,199.111101,0.456261495033413,-1.89517704318963,-3.15721246541324,-3.10040168834615,-0.846658955659465,-1.72438886613291,-1.54325677425781
0,376,4,1,199.157381,199.644675,0.406076451074553,-1.73951997028067,-2.84838189402829,-2.68803975573393,-1.07157594263267,-1.4110464298986,-1.90001563399929
0,377,4,1,199.687963,200.175257,0.472110109202332,-1.24840827944786,-2.97962526269755,-2.4789523372824,-0.942437283642059,-1.67792177903563,-1.65945459921983
0,378,4,1,200.221535,200.70883,0.44087347126118,-1.37047525201976,-2.77763084074343,-2.78866884590362,-0.994552873653254,-1.63162736881025,-1.7093916953874
0,379,4,1,200.752152,201.239447,0.420809156471521,-1.60681864053923,-2.72672389015059,-3.02959974590762,-0.960142039562429,-1.81609302491363,-1.68513753300043
0,380,4,1,201.278707,201.766001,0.447755015166063,-1.5777640727831,-3.11154136651395,-2.57516328606858,-0.908298885713222,-1.6497432264221,-1.71852614472362
0,381,4,1,201.809287,202.296582,0.45306799763939,-1.49749236542819,-2.94645377269029,-2.66547452702369,-0.949144351474058,-1.54917439482714,-1.61047040012793
0,382,4,1,202.346887,202.834181,0.373608187587957,-1.53875004346089,-2.65288253875203,-2.84412425464679,-1.19886759906205,-1.72466550321252,-1.69237357443092
0,383,4,1,202.877431,203.364726,0.3741346840708,-1.90061152624056,-3.16754534931933,-2.94226921365124,-1.11687700964752,-1.50520501438354,-1.9648525228014
0,384,4,1,203.412033,203.899327,0.506801860339731,-1.09435765009239,-2.94954320868022,-2.95314098755019,-0.949778325296292,-1.48697569381551,-1.63881595186128
0,385,4,1,203.941624,204.428918,0.441054622775924,-1.41329783878031,-2.87903759618635,-2.60320576072759,-0.982432884731264,-1.68468596683923,-1.6876544717626
0,386,4,1,204.472196,204.959491,0.377525569577217,-1.69569500008212,-2.65412905356379,-2.40094221113663,-1.20753759638442,-1.52834476531794,-1.72881197352308
0,387,4,1,205.004742,205.492036,0.400419285418142,-2.04389305120236,-3.04283546200582,-2.48457295646181,-0.972863091282352,-1.83440153532648,-1.673792395682
0,388,4,1,205.538317,206.025612,0.344313927419438,-1.94340892685029,-3.20712843872143,-3.02435147707808,-1.19950915582992,-1.59080003412455,-1.93512204847826
0,389,4,1,206.067931,206.555226,0.438239180112213,-1.67091944082175,-2.62169485789545,-2.65135908069438,-0.972057679502868,-1.47195274351586,-1.68709734391043
0,390,4,1,206.599478,207.086772,0.415642201435513,-1.57694091794915,-2.88900185148355,-2.8616183245049,-1.06596253802849,-1.49818291754781,-1.72060482292999
0,391,4,1,207.126068,207.613362,0.456078038298157,-1.77101616419,-3.08220356309228,-2.82156534718201,-0.895042724736016,-1.51484724476207,-1.63231576482967
0,392,4,1,207.649705,208.137,0.363308679058017,-2.14685123365649,-2.92982100605671,-2.94472330396288,-1.07597052649324,-1.63830072060885,-1.94188489596595
0,393,4,1,208.174265,208.661559,0.394503229648167,-1.60858127634486,-2.86108909475613,-3.09766467160701,-1.14140472904454,-1.40708355510538,-1.93783699960059
0,394,4,1,208.712825,209.200119,0.425978001234432,-1.83377977174591,-2.84449597642015,-2.58587760415898,-0.921221869481698,-1.65507935317267,-1.80985749515166
0,395,4,1,209.23945,209.726744,0.444659513307586,-1.61449740946756,-2.87806861292836,-2.74694106252027,-0.908087277361974,-1.7001778532309,-1.65511505465335
0,396,4,1,209.767004,210.254299,0.362260142051334,-1.94808257071982,-2.92761010880826,-2.87495677479885,-1.17633336543584,-1.50638298365407,-1.79340625470227
0,397,4,1,210.30061,210.787904,0.359338852142593,-1.92817841276443,-3.13928149704372,-2.90528130977814,-1.14717534220855,-1.65360055627376,-1.75553437805829
0,398,4,1,210.824177,211.311472,0.38408114675691,-1.70743641412849,-2.7968631203124,-3.09056790930607,-1.09595919349779,-1.65343606807536,-1.72999518219011
0,399,4,1,211.348775,211.836069,0.414633764922265,-1.57876215228605,-2.74299122489221,-2.79514195501591,-1.03431867963958,-1.61913676791022,-1.69252329949791
0,400,4,1,211.883377,212.370671,0.392491031964259,-1.25106382276216,-2.46734909212035,-2.74297866032017,-1.35583648619604,-1.51602072946206,-1.87719689663434
0,401,4,1,212.408939,212.896233,0.402711069493162,-1.71787749696104,-3.07530504602321,-2.63029311032605,-1.0822276454878,-1.45658241822442,-1.82605497878127
0,402,4,1,212.940517,213.427812,0.376341238309602,-2.09522779431637,-3.1302765634641,-3.06641413634717,-1.0639960510077,-1.55061468478357,-1.89090297837119
0,403,4,1,213.464118,213.951412,0.417980464034435,-1.81479036183884,-2.92985341043744,-2.85689551391938,-0.973904480004411,-1.52883395588839,-1.87768718762862
0,404,4,1,213.999685,214.486979,0.381005852034908,-1.8704886630159,-3.11741263567958,-3.01785997835671,-1.06561012967896,-1.6126804417205,-1.90953957223652
0,405,4,1,214.530266,215.01756,0.361715999123424,-1.99236562299969,-3.23535273223653,-2.94971136977173,-1.25165478099416,-1.39379176844047,-1.80935662162344
0,406,4,1,215.064836,215.55213,0.389236722473401,-1.58050604212226,-2.94267813419951,-2.76246649027914,-1.14455301065021,-1.49441625423314,-1.9458341681917
0,407,4,1,215.588474,216.075769,0.35771858785815,-1.4553749264705,-2.99706610048065,-2.5933999847797,-1.30690146644555,-1.56990508172128,-2.165686687489
0,408,4,1,216.11506,216.602354,0.316011703587248,-1.77530795951731,-2.65209492342071,-2.64755233608684,-1.57273917251104,-1.45305087170902,-1.98839938085485
0,409,4,1,216.647603,217.134897,0.493017649159539,-1.25906729781699,-2.69888227628219,-2.40886050771255,-1.01111184119476,-1.23845684929305,-1.83194048677621
0,410,4,1,217.176189,217.663484,0.565896373390424,-0.724126091377329,-2.41987725693085,-2.85593011413838,-1.4257399078176,-1.19242718459047,-1.98653541736309
0,411,4,1,217.704776,218.19207,0.511554837131187,-1.0299616274983,-2.67413944951912,-2.54151818424002,-0.975010309432251,-1.47570646333242,-1.751660632984
0,412,4,1,218.230372,218.717666,0.381865044693863,-1.64283187503297,-2.81583797688,-2.85555964868679,-1.14479242196905,-1.47143946653007,-2.02783431004837
0,413,4,1,218.757959,219.245253,0.351504579154636,-1.91593109332686,-2.73173051739113,-2.89420080736882,-1.14062324351395,-1.66447706301274,-2.06629296895526
0,414,4,1,219.281601,219.768895,0.406974956336604,-1.74568627467107,-3.12652804968062,-3.08173154225989,-0.999513814482545,-1.77970655116489,-1.59692178517828
0,415,4,1,219.807153,220.294447,0.389948121940702,-2.15308940909745,-3.16308085751663,-3.06309262660704,-1.04053181444316,-1.47369222578305,-1.85130933167619
0,416,4,1,220.330765,220.81806,0.339447008027084,-2.06616849484763,-2.9369383323347,-2.99950368078774,-1.21390013779632,-1.58705487028487,-1.88536813071216
0,417,4,1,220.856346,221.343641,0.499263746947721,-1.68325061733815,-2.92402112624035,-2.95610076995323,-0.797076108512182,-1.44949454238151,-1.56989372929512
0,418,4,1,221.394919,221.882214,0.429714043662066,-1.93228365413456,-2.80759659436352,-3.05931578819656,-0.967320795277,-1.43823731177449,-1.70801682771638
0,419,4,1,221.919502,222.406797,0.294348245493241,-2.25801098130718,-2.76650096930184,-2.87050045779996,-1.32335831185247,-1.96199757561029,-1.8541185546843
0,420,4,1,222.456069,222.943364,0.386175379157236,-1.64866417468425,-3.13645045270088,-2.86356439327278,-1.09085572538427,-1.71437322062289,-1.73225869845126
0,421,4,1,222.990639,223.477933,0.404019405307204,-2.20187894512472,-3.00737027060279,-2.91434122349481,-0.994251974709251,-1.58054286464042,-1.68738912865573
0,422,4,1,223.525209,224.012503,0.423007647186254,-2.10470520948091,-2.69501000480388,-2.98970920209511,-0.959763990297193,-1.51341750251363,-1.70795948995034
0,423,4,1,224.056801,224.544096,0.402020963769886,-1.95996557438087,-2.87855297655358,-2.78678621009304,-0.986672363746212,-2.11699001211757,-1.53181389423495
0,424,4,1,224.589362,225.076657,0.344186823541004,-1.66617638993449,-3.12815804950312,-2.7896085058173,-1.22995085177841,-2.14486451024042,-1.72217504441192
0,425,4,1,225.125929,225.613223,0.465415909709006,-1.52902601444507,-2.76909432574721,-2.91462122257688,-0.87488810031144,-1.87187798636447,-1.52036351813462
0,426,4,1,225.650542,226.137836,0.329243018634751,-2.04735053051886,-2.97146566258443,-2.95143853085033,-1.26364946241454,-1.54239586007891,-2.05572517890028
0,427,4,1,226.175122,226.662416,0.473162684800569,-1.45297021064985,-2.79977784461703,-2.70380821537239,-0.904083954499342,-1.55787626975411,-1.61801532276324
0,428,4,1,226.698722,227.186016,0.317871008563319,-1.75204296201759,-3.02679714006173,-2.55516363872601,-1.36641404988585,-1.91491802392284,-1.78289208567426
0,429,4,1,227.230307,227.717601,0.407433299400468,-1.66346922929436,-2.85104947459408,-2.86914161459335,-1.02126986776306,-1.8156065721683,-1.61713673740066
0,430,4,1,227.767892,228.255187,0.445855755203598,-1.72767294715603,-2.56495783573031,-2.77340948451479,-0.933371798697186,-1.50473079484098,-1.69354690299969
0,431,4,1,228.297446,228.78474,0.379735551994374,-1.74261028841197,-2.6920699248458,-2.80738072075992,-1.10232363918689,-1.69679910104542,-1.77168010510895
0,432,4,1,228.829025,229.316319,0.406241794148733,-1.8293131849517,-2.95362401844195,-2.87724351885616,-1.03894231283417,-1.55291262186645,-1.65884577954999
0,433,4,1,229.359631,229.846925,0.401704694827378,-1.94621986787837,-2.73311480266654,-3.1973871390518,-1.01232721394482,-1.6607089876069,-1.64304184504602
0,434,4,1,229.884203,230.371498,0.438846380894694,-1.58397183509638,-3.08856543358745,-3.13228205328376,-0.934443987996865,-1.73158733329221,-1.59925992343586
0,435,4,1,230.409795,230.89709,0.401379214093792,-1.6300981484247,-3.18291313648045,-3.08968036333414,-1.04913417475215,-1.69896501804701,-1.65700108368704
0,436,4,1,230.934423,231.421718,0.396378908646868,-1.51523550400575,-3.14094010327128,-2.70415761426774,-1.13844827996585,-1.57750327184606,-1.73938745285867
0,437,4,1,231.455999,231.943294,0.405764160654025,-1.72894273632082,-2.93494884819293,-2.78625350285003,-1.05527904583146,-1.54718108681835,-1.67160239260556
0,438,4,1,231.980595,232.467889,0.42518010551981,-1.68942997155829,-2.7627267712318,-2.60834686812358,-0.999597873638067,-1.50588425243124,-1.7033552692496
0,439,4,1,232.511207,232.998501,0.416940169372811,-1.74294917109771,-2.99857703099613,-3.00946810102642,-0.986675705889691,-1.6437777812623,-1.63743558700869
0,440,4,1,233.035778,233.523072,0.408385235099693,-1.90155624933524,-2.74914420616628,-3.07173549213953,-0.995634167066222,-1.66045431763335,-1.65344165179605
0,441,4,1,233.570343,234.057638,0.433584879514268,-1.5444948887854,-3.15997490073509,-2.99412254010019,-0.98255312033439,-1.6723525784029,-1.59442278771959
0,442,4,1,234.111897,234.599191,0.430448067672237,-1.66079447501382,-2.66953987694899,-2.94701558788045,-0.967948768120297,-1.65526288275387,-1.62701002458436
0,443,4,1,234.638486,235.12578,0.463054865619836,-1.67995681850867,-2.75710420311793,-2.72470781420948,-0.881548637125947,-1.73941637973623,-1.49448909094914
0,444,4,1,235.181035,235.66833,0.328557857406002,-1.84180435915813,-3.02531816963106,-2.99848218144109,-1.32947878357471,-1.56367395098832,-2.06353116092051
0,445,4,1,235.756497,236.243791,0.482999817288182,-2.0660987967396,-2.98275293559884,-2.96546862796386,-0.825607544594526,-1.46430815975926,-1.53325246729388
0,446,4,1,236.287078,236.774372,0.501362814621507,-1.77627270458379,-2.82981860821701,-3.10519050644461,-0.799278456381932,-1.48244386228151,-1.50462874911216
0,447,4,1,236.811712,237.299007,0.449727605954121,-1.94439251544554,-2.64488354094217,-2.87359701237485,-0.903511811008091,-1.63916746846591,-1.51360776573153
0,448,4,1,237.335276,237.82257,0.482166177698072,-1.99347329320695,-3.01579115177692,-3.12814433521551,-0.816250749419134,-1.4711763810781,-1.5647401006284
0,449,4,1,237.860869,238.348163,0.36333398126488,-2.1258779302393,-2.98263105268827,-3.14416732558192,-1.09990338681924,-1.917756852208,-1.62921371635004
0,450,4,1,238.388457,238.875751,0.356530653698874,-2.06336122518315,-3.02441699718712,-3.33799569319336,-1.16682831229883,-1.57403511819591,-1.854383086779
0,451,4,1,238.932035,239.419329,0.436071859657075,-1.91633765855468,-2.89449732388137,-2.5082500371895,-0.919921846696882,-1.70533954530142,-1.57864845312982
0,452,4,1,239.456637,239.943931,0.399433695369005,-1.77925263378761,-3.03237267292278,-2.8269309733317,-1.0574381429491,-1.54051176943138,-1.78742111726955
0,453,4,1,239.988179,240.475474,0.411568401376531,-1.79605265235173,-3.02574817230312,-2.85580148992279,-1.04363151599727,-1.41098276737766,-1.79365076057603
0,454,4,1,240.521791,241.009086,0.372029062674146,-1.88396419601686,-2.77903759456501,-3.15717698661262,-1.11104524963585,-1.66306004209073,-1.79582907457205
0,455,4,1,241.076298,241.563592,0.456202121187512,-1.597547904352,-2.6894718338665,-2.79959145577676,-0.956755408989737,-1.41957659252935,-1.688267168852
0,456,4,1,241.6019,242.089194,0.299360627773419,-1.94303873393845,-2.7815581987532,-2.96521073426412,-1.36310445877129,-1.95485881043219,-1.91734097731567
0,457,4,1,242.132445,242.619739,0.43628823076766,-1.98886320212825,-2.75577505265184,-3.19014011695243,-0.915723373939054,-1.68832835461287,-1.56159059548625
0,458,4,1,242.666048,243.153342,0.413627811964386,-2.28996495222253,-2.91000183459449,-3.02651674866928,-0.951660834165739,-1.71134621634237,-1.59688956143392
0,459,4,1,243.195601,243.682895,0.344883413666616,-1.92169326532365,-2.92998043475082,-2.73215866038173,-1.19710265148842,-1.73644760570438,-1.83219180532059
0,460,4,1,243.72319,244.210484,0.472231742123128,-1.18034307247711,-2.56531133795161,-2.68756109152824,-1.0048626175216,-1.64212978164829,-1.64962246151254
0,461,4,1,244.250779,244.738073,0.468250375215118,-1.11734473127516,-2.83046728002601,-3.0835427241235,-1.03626182403527,-1.6982072015681,-1.68811861120516
0,462,4,1,244.775377,245.262672,0.417884174771638,-1.33359235110506,-2.71704316847342,-2.93612706223667,-1.09037733069101,-1.85290754669127,-1.68131974619596
0,463,4,1,245.370784,245.858078,0.486462292707773,-1.50613820789536,-2.69271321654753,-2.44698138574372,-0.874659812728954,-1.50810930790601,-1.58452572143719
0,464,4,1,245.896379,246.383674,0.342214839430413,-1.9994833847161,-3.19036147194569,-2.73950629312044,-1.19065116043526,-1.77802255916657,-1.79010624114841
0,465,4,1,246.427957,246.915252,0.430092695786126,-2.18150724214726,-2.83405845127208,-2.80079617469021,-0.930877755241598,-1.58856399243014,-1.63340777222253
0,466,4,1,246.970515,247.457809,0.426118930978108,-2.11197924497007,-3.0145011370243,-2.93906781725304,-0.944003056339959,-1.64472582411167,-1.59849115075304
0,467,4,1,247.506073,247.993367,0.441283073070865,-1.68911446027874,-2.80738240565663,-3.05966037081903,-0.94164272614823,-1.68165107554682,-1.58751757002299
0,468,4,1,248.034672,248.521966,0.480851867387265,-1.24681049699453,-3.12505677359305,-2.82355706705382,-0.940423160233116,-1.64162418952917,-1.59054726575794
0,469,4,1,248.565241,249.052535,0.455384471640012,-1.60390168046166,-2.98122199076647,-2.88949936742877,-0.923745675094398,-1.58904501845728,-1.57206618486385
0,470,4,1,249.098849,249.586143,0.461042819428319,-1.29590614102996,-2.77869764170019,-2.63660257466969,-0.992200309100801,-1.59116784119191,-1.64665704234045
0,476,1,2,252.284293,252.771588,0.445587810808977,-1.49507703832473,-3.03282346220892,-2.96382139456816,-0.974509781040493,-1.58151847043305,-1.62946563102931
0,477,1,2,252.826843,253.314137,0.479864864667296,-1.89193130453742,-2.9163258807542,-2.75642373578431,-0.842109156293474,-1.51170714485904,-1.5157796878446
0,478,1,2,253.351441,253.838735,0.474382186494352,-1.11803366332101,-2.78544555212141,-3.09783320465469,-1.00699779695295,-1.83307173520929,-1.59445478306058
0,479,1,2,253.879044,254.366338,0.394047416678483,-1.77921867518279,-2.9329529450206,-2.75618804191611,-1.08264390445487,-1.54427680042104,-1.80249101036985
0,480,1,2,254.40366,254.890954,0.495300280445609,-1.51693306557808,-2.86468621366256,-2.91727821013448,-0.846229011727178,-1.45433234939037,-1.5732677084961
0,481,1,2,254.937199,255.424493,0.488991893146354,-1.56696892025797,-2.68847911220798,-2.51077731881631,-0.857869841215987,-1.49624869489583,-1.56496834537989
0,482,1,2,255.470787,255.958081,0.551009604169527,-1.43639526996083,-2.61938073205234,-2.34567486774096,-0.741885251094209,-1.45340285669833,-1.45979388269398
0,483,1,2,255.999358,256.486652,0.478152582843894,-1.34675799911402,-2.83824815486039,-3.00578798404356,-0.916399343945148,-1.73062059802684,-1.52458959680421
0,484,1,2,256.535923,257.023217,0.358873040968442,-1.61021222439786,-2.83010884222679,-2.90065784077202,-1.21404335469953,-2.15782890757153,-1.71588816844472
0,485,1,2,257.063513,257.550807,0.559071014502527,-1.31644076445747,-2.98356657442911,-2.72826992560117,-0.749909687054532,-1.38758541694605,-1.48270180172094
0,486,1,2,257.592099,258.079394,0.484682631445713,-1.27622871327459,-3.12980472029521,-2.90164566783081,-0.95091754657686,-1.41015077239305,-1.7303547244972
0,487,1,2,258.124677,258.611971,0.319629244197357,-1.59177073191052,-2.7912750728812,-2.93201948651561,-1.40593618711854,-2.24114360783557,-1.84309421928533
0,488,1,2,258.654257,259.141552,0.507996531810413,-1.25465035464519,-3.16398454784751,-2.97056015452245,-0.903971266170183,-1.32976466941022,-1.73067633582036
0,489,1,2,259.182844,259.670138,0.410560472739433,-1.50790252083336,-2.87007393090664,-2.72995842871451,-1.10124376118738,-1.56745491958905,-1.79486583663576
0,490,1,2,259.707441,260.194735,0.459183598070236,-1.32728463255017,-2.80818047034558,-2.8219945936418,-0.972454863698423,-1.61163988582658,-1.63819606990792
0,491,1,2,260.237059,260.724354,0.452438432085908,-1.85530581407433,-2.8561012615837,-2.67935924321877,-0.909291754932405,-1.52918312514314,-1.6011338093782
0,492,1,2,260.770597,261.257892,0.389698328632,-1.44931260851553,-3.01213391814276,-3.14091545929599,-1.16940980052084,-1.66373845097749,-1.7900894518517
0,493,1,2,261.307162,261.794457,0.435065548230613,-1.88034689597572,-2.84536155919638,-3.00283873352225,-0.965921837042277,-1.45523724352734,-1.69126073396628
0,494,1,2,261.831777,262.319071,0.525719754029252,-1.16849185197126,-2.80022325413201,-2.69676716437983,-0.866915020801515,-1.5625686158153,-1.51029694168358
0,495,1,2,262.362357,262.849652,0.388499635958813,-1.74179161691303,-2.69869194623814,-2.88716759091444,-1.08344760414033,-1.88418013595473,-1.66957686828835
0,496,1,2,262.904901,263.392195,0.543848470495761,-0.949755850908207,-3.13315644114631,-2.64549602957217,-0.919435681807199,-1.64899376917307,-1.56499738593625
0,497,1,2,263.435495,263.922789,0.529421670899725,-0.987832670950797,-3.02666017253992,-2.88578153658276,-0.936352960651819,-1.64815703238804,-1.56263976811412
0,498,1,2,263.965054,264.452348,0.430208616028097,-1.59031268900421,-2.7921856665652,-2.64025040163004,-0.995487457316829,-1.56608199732312,-1.67894589113448
0,499,1,2,264.508605,264.995899,0.404773838597732,-1.59822042101609,-2.80572152383313,-2.69368065133027,-1.0728110593047,-1.61811957868337,-1.72602642219042
0,500,1,2,265.030207,265.517501,0.466566190035351,-1.37452653194883,-3.17630379349838,-3.13193224883999,-0.957159880091989,-1.43203140416606,-1.71939205663123
0,501,1,2,265.567797,266.055091,0.443161804261581,-2.03960606255277,-3.42186956472788,-2.97392993189841,-0.888413997465291,-1.74135997334647,-1.48088758864016
0,502,1,2,266.099346,266.586641,0.394348321393279,-1.98933533470784,-2.84405835289975,-2.94378889022025,-1.06323461958895,-1.49185639182193,-1.7882163349743
0,503,1,2,266.631922,267.119217,0.431722994452767,-1.8993473255172,-2.7315825609284,-2.95768791469325,-0.956779084305829,-1.50875633420005,-1.68356991807861
0,504,1,2,267.157516,267.64481,0.437883268788175,-1.69329655684732,-2.89636694503818,-3.00232249557664,-0.931942356883813,-1.71085815496402,-1.57911285148623
0,505,1,2,267.68614,268.173434,0.488400183716282,-1.80690022789647,-2.84418090734761,-3.03814552818034,-0.830617155348732,-1.37542663687685,-1.60154041721009
0,506,1,2,268.212704,268.699998,0.402118267776201,-1.88144029991574,-2.94030099389438,-2.9292276631745,-1.02509602243196,-1.58744017837135,-1.70169777285877
0,507,1,2,268.740282,269.227577,0.434124261956813,-1.67037507789778,-3.0194544931528,-2.82575714111745,-0.950814595436202,-1.66230842403465,-1.60844555149755
0,508,1,2,269.269866,269.757161,0.408837324152695,-1.73915036965942,-3.08787515566999,-2.74611812512465,-1.02798993865348,-1.67461939569409,-1.65111189381866
0,509,1,2,269.796471,270.283766,0.390035650888072,-1.54475044262028,-2.89356745189207,-2.77564223562962,-1.14849281079405,-1.64679687320536,-1.76410594061925
0,510,1,2,270.320059,270.807353,0.404908506668735,-1.64635011065594,-2.90953520623164,-2.83844481271143,-1.05476064573313,-1.59328965969289,-1.7591923649655
0,511,1,2,270.85463,271.341924,0.390213780686331,-1.93694725845263,-2.5824432828769,-2.71861191146479,-1.06494285420921,-1.59134840668804,-1.72902823760899
0,512,1,2,271.38122,271.868515,0.422447430909633,-1.93424529993303,-2.98809830460708,-2.81835020987503,-0.968550446992896,-1.52350858481833,-1.65450453545313
0,513,1,2,271.906846,272.39414,0.400279077187748,-1.66952446123514,-2.94044482558464,-2.64482243043496,-1.05835778167047,-1.66295012643737,-1.69559187315317
0,514,1,2,272.429417,272.916711,0.415906996674793,-1.83626212506156,-2.73909885186046,-2.53838749198467,-1.01066223317621,-1.53311955164923,-1.69671458805262
0,515,1,2,272.959997,273.447292,0.420305616841186,-1.48965667092903,-2.92289882020514,-2.60089517357802,-1.06786298099691,-1.48898941720874,-1.8000737958024
0,516,1,2,273.483597,273.970891,0.492551312953433,-1.26301344620526,-2.89245966584257,-3.17757758939066,-0.923413079755303,-1.49419779395416,-1.60668732147536
0,517,1,2,274.016172,274.503467,0.336430311195423,-1.736911250664,-2.83712811032458,-3.1047075287611,-1.24011937934773,-1.93042274938515,-1.84120165173779
0,518,1,2,274.547752,275.035046,0.466940388546473,-1.59314866328968,-2.90529955454469,-2.67857995861073,-0.916949108088742,-1.43302824302206,-1.6291308541016
0,519,1,2,275.081324,275.568618,0.399660812294985,-1.88868530391869,-2.81892604711797,-2.52678091418264,-1.02420390226344,-1.76034370864851,-1.63756997869644
0,520,1,2,275.610907,276.098202,0.48614485977514,-1.87045501902969,-3.13499457648897,-3.08082660247851,-0.829247996198768,-1.45058416536243,-1.52708406705071
0,521,1,2,276.13351,276.620804,0.358046072660329,-1.73181849707071,-2.68418434512741,-2.81822270379878,-1.18128564920124,-1.95835256863524,-1.73634561807129
0,522,1,2,276.674064,277.161358,0.438542071573339,-1.69008769430867,-2.97610673648453,-2.83296276010911,-0.980927890805488,-1.4326008352378,-1.74779115752494
0,523,1,2,277.205673,277.692968,0.365826552296342,-1.79097622683809,-2.92594568597662,-2.70736921097534,-1.17810820897174,-1.60172772306734,-1.81052919172458
0,524,1,2,277.735226,278.22252,0.426976051437497,-1.9916495879629,-2.87576366924179,-2.99885891834139,-0.958881166327147,-1.55174009078901,-1.63451429930694
0,525,1,2,278.258862,278.746156,0.428689467489093,-1.56016564408116,-2.58406620266926,-2.75229396870013,-0.986166527679048,-1.87558708920791,-1.55450809610601
0,526,1,2,278.782454,279.269748,0.349814363319606,-1.53635638957808,-3.12729426791356,-2.83815228503955,-1.28998731337967,-1.83093131647841,-1.82265926965852
0,527,1,2,279.307024,279.794318,0.37933376322172,-2.15283526230624,-2.78306996288511,-2.97624668515737,-1.16844299537828,-1.27160762908221,-2.07401097844311
0,528,1,2,279.832618,280.319912,0.430915597372104,-1.88434455559982,-3.0046172047951,-3.25402040449948,-0.935871460694708,-1.54657346745252,-1.65204563850678
0,529,1,2,280.375165,280.86246,0.357424669018918,-1.97949494853034,-3.15668333031557,-2.69356746599807,-1.24231745075036,-1.40805098559481,-1.93482922125776
0,530,1,2,280.900792,281.388087,0.445626938941303,-1.37643116972365,-2.60043778455361,-2.67516927532577,-1.01905684449296,-1.61246727585279,-1.60791427344331
0,531,1,2,281.430358,281.917652,0.486264932811651,-1.13624063347152,-2.57745736553413,-2.40926677475017,-0.972290191849947,-1.68861770267069,-1.63810157639039
0,532,1,2,281.956935,282.444229,0.404139143617823,-1.73328521362382,-2.69364253848157,-2.79980684020176,-1.05450867421786,-1.61048808798156,-1.70618070435572
0,533,1,2,282.481533,282.968827,0.444050487964792,-1.60602776601261,-2.9499381938158,-2.81646582839161,-0.96246669499212,-1.65101053100267,-1.62129552881216
0,534,1,2,283.008156,283.49545,0.45312224635431,-1.59414046816067,-2.7878575657063,-3.13758255262866,-0.935922022276797,-1.5730234912482,-1.61446248330799
0,535,1,2,283.531723,284.019018,0.409343887201381,-1.77222666756158,-2.96904456098436,-2.92695002664872,-1.00620149298998,-1.66085455413774,-1.64197563338329
0,536,1,2,284.061307,284.548601,0.422614713657623,-1.66961909773947,-2.80652937035674,-2.90257571611527,-0.973879245544043,-1.6703596465066,-1.66449875040902
0,537,1,2,284.584906,285.072201,0.447382359030095,-1.5718789473465,-2.8342857375229,-2.69590273163003,-0.953909317569819,-1.54641843384499,-1.63990253404787
0,538,1,2,285.114491,285.601785,0.429403150760195,-1.74666251912709,-2.95027717405134,-2.79970009769971,-0.976354462801791,-1.51895730098153,-1.68258690828105
0,539,1,2,285.647066,286.13436,0.448655833040429,-1.64770216366876,-2.77153034839308,-2.59533241589866,-0.935690482631545,-1.4850809799337,-1.70927300881385
0,540,1,2,286.169701,286.656995,0.401872991091007,-1.60093635238226,-2.92025504889773,-3.10367734308541,-1.09251927118212,-1.65331310343512,-1.64482945889244
0,541,1,2,286.701257,287.188552,0.394486458502119,-1.78265153734926,-3.11314564452773,-2.89779317275927,-1.06772171285878,-1.66407126923496,-1.66242004585467
0,542,1,2,287.227838,287.715132,0.450687834860463,-1.40795628759321,-3.07546733781934,-2.94434639136505,-0.981819731149508,-1.64263739742405,-1.63155838115454
0,543,1,2,287.757422,288.244716,0.519017932425934,-1.13444968657896,-2.85239334616494,-2.61366528233025,-0.904351538383392,-1.51655382945805,-1.61126978836729
0,544,1,2,288.282019,288.769314,0.402465716703409,-1.48018900562436,-2.83849215097215,-2.76010391194671,-1.09306501716257,-1.96160284883643,-1.65384193058383
0,545,1,2,288.807613,289.294908,0.454391861839401,-1.56390971554302,-2.95011209218672,-2.88484516252452,-0.913501853121703,-2.00600018561578,-1.4982229980136
0,546,1,2,289.339191,289.826486,0.459539672628693,-1.22377623980287,-2.86713590421911,-2.76307988469122,-1.00517113175215,-1.99766057788989,-1.57404016688151
0,547,1,2,289.861795,290.349089,0.317150940827113,-1.88269919192524,-2.8189914547811,-2.52387008977118,-1.32467151576445,-1.68420204186038,-2.20037869212167
0,548,1,2,290.384429,290.871724,0.40517089138851,-1.9349879133066,-3.12033258444389,-2.68546126080536,-0.998718162452679,-1.81739889884041,-1.60373406196951
0,549,1,2,290.906001,291.393295,0.353031232400065,-1.87040222037664,-3.05552941925373,-2.62183074670333,-1.20648698524286,-1.5257605755344,-2.03196044258089
0,550,1,2,291.428604,291.915899,0.261931550318558,-2.24606341290398,-2.96806007067121,-2.64567272880013,-1.50552374613458,-2.21590227618953,-1.89829620254378
0,551,1,2,291.975142,292.462437,0.521953258160122,-1.66799802622304,-2.91091717276118,-2.86806516611129,-0.790017425380412,-1.32855353005465,-1.55124784939908
0,552,1,2,292.508714,292.996008,0.306674413044095,-1.97741024425812,-2.95152132819826,-2.7038556283048,-1.3396561675715,-1.83075329810953,-1.94648579577569
0,553,1,2,293.036305,293.523599,0.44193996896217,-1.70919821891971,-2.97939994779371,-2.97640356968742,-0.919900835700366,-1.72310333619772,-1.57406640620425
0,554,1,2,293.559903,294.047198,0.446449854600964,-1.80615335098988,-3.0619344374948,-2.79678262047442,-0.904807982017505,-1.72651471733889,-1.54361811931228
0,555,1,2,294.088519,294.575814,0.459551455492384,-1.70463109443435,-3.00230541621786,-2.89224592881381,-0.895056354283398,-1.65614056403012,-1.5354423872047
0,556,1,2,294.617094,295.104389,0.457946706192569,-1.51796579959079,-3.03124623554272,-2.84358575055862,-0.925618534526859,-1.6564130398931,-1.56915487112061
0,557,1,2,295.141673,295.628967,0.421445606133997,-1.72302941274689,-2.99691617771952,-2.89188678060453,-0.997629265312939,-1.62944662572881,-1.63141208920561
0,558,1,2,295.664318,296.151613,0.415046310278812,-2.0618597805956,-2.96773758105264,-2.95731553431184,-0.975764257640114,-1.64639901905691,-1.60048605054612
0,559,1,2,296.184924,296.672218,0.408975907867382,-1.96112604957171,-3.06192992336037,-3.10067591768579,-1.00981981452874,-1.62844386220622,-1.63534978680186
0,560,1,2,296.714467,297.201761,0.448458786719416,-1.53162482475416,-2.90137534304877,-2.79366859622302,-0.962418018481242,-1.62409045076832,-1.6006412826541
0,561,1,2,297.2391,297.726395,0.420304471160894,-1.79654166279049,-2.87485810634765,-2.56312318202058,-0.999841058485206,-1.58703769519592,-1.6522092445106
0,562,1,2,297.766689,298.253983,0.366144811494898,-1.57020242856252,-2.74420400558939,-2.83087249530803,-1.21994826559631,-1.67445085115734,-1.81617465665891
0,563,1,2,298.291291,298.778585,0.406227928545464,-1.50300176349332,-3.07785319891916,-2.83277868648503,-1.10492207187603,-1.54311044088883,-1.74637223550586
0,564,1,2,298.818839,299.306134,0.390430013064929,-1.77821919885469,-2.98123580355202,-2.98646948809696,-1.10882430332962,-1.48415721596625,-1.7770724783915
0,565,1,2,299.359393,299.846687,0.435863476783994,-1.42843330886321,-2.80754178123807,-2.84371212091381,-1.00991334953525,-1.60006080889349,-1.66195443232297
0,566,1,2,299.886983,300.374277,0.419539388717364,-1.60921604189084,-2.83692088182092,-2.84945021782279,-1.03023075745041,-1.54900162325765,-1.672321922588
0,567,1,2,300.416568,300.903862,0.405412621072678,-1.82126818865773,-2.84189337888924,-2.85595295808258,-1.03002395992967,-1.57724681629625,-1.66226283791715
0,568,1,2,300.946165,301.43346,0.416550956843811,-1.56360804673087,-2.75095830024736,-2.6773366992184,-1.04795525169462,-1.59894334812778,-1.66363126353841
0,569,1,2,301.477728,301.965022,0.428550421857574,-1.48646615724265,-2.98921620881161,-3.05166904920421,-1.01251541184926,-1.6377475345051,-1.62793278025271
0,570,1,2,302.007311,302.494605,0.43449764357907,-1.48905133409224,-2.84612262226909,-2.84180260847858,-1.00192119134447,-1.57785668144723,-1.67098132302382
0,571,1,2,302.539888,303.027182,0.406101017464694,-1.5903732357563,-2.84564438345988,-2.84306857041562,-1.0796539270694,-1.53424386368585,-1.73970347711648
0,572,1,2,303.074456,303.561751,0.408953194223461,-2.00606933258161,-2.91185052156326,-3.08282998502478,-1.00098662553622,-1.54687714141883,-1.65557239711048
0,573,1,2,303.600085,304.087379,0.42817380648793,-1.39215655369873,-3.04903312219155,-2.58069299543732,-1.07725618143589,-1.55913866897148,-1.71216149401781
0,574,1,2,304.135659,304.622953,0.456197509614575,-1.37528148504503,-2.66738287034509,-2.75655183043356,-0.985877272222941,-1.57445621632085,-1.64846628980206
0,575,1,2,304.66225,305.149545,0.417131953759428,-1.72842432526256,-2.86630868263635,-2.67254735342238,-1.02165721623232,-1.60849448446187,-1.66045183113032
0,576,1,2,305.183848,305.671143,0.44071612620507,-1.55327561130917,-3.01029316831958,-2.85057608555461,-0.981035383541244,-1.57911024908963,-1.6288226122781
0,577,1,2,305.712402,306.199696,0.410476459573235,-1.74139668247718,-2.99425130728428,-3.00692122743931,-1.03625962969416,-1.56942609103365,-1.68799490032732
0,578,1,2,306.240992,306.728286,0.417498029530636,-1.37117511274561,-3.04371646802502,-2.43524202684182,-1.11834261214557,-1.6191492862843,-1.74737799214179
0,579,1,2,306.766623,307.253918,0.396479785590503,-1.9715503964297,-2.88261298356128,-2.73299005370654,-1.05870814109759,-1.68483451668284,-1.64398873652468
0,580,1,2,307.291181,307.778475,0.444796254576445,-1.56635089392076,-2.73246501273229,-2.90748286351465,-0.978921635484116,-1.55991299974804,-1.62886003529638
0,581,1,2,307.823755,308.31105,0.469496970564382,-1.91878212870595,-2.76028420537052,-2.71589426831953,-0.865799281874369,-1.51421690475412,-1.56157396532429
0,582,1,2,308.351344,308.838638,0.456603961849387,-1.54967061371851,-2.61756691351363,-2.81961722927063,-0.971377790862053,-1.46513903249266,-1.663519274181
0,583,1,2,308.875943,309.363237,0.49268959423117,-1.67473919523228,-2.74875846926344,-2.78945445725769,-0.872672777790849,-1.30508313652724,-1.65545805754801
0,584,1,2,309.408517,309.895811,0.498017042743839,-1.45415690533645,-2.82443910405911,-2.64789195834203,-0.901828560682247,-1.27636118333802,-1.68265324952065
0,585,1,2,309.932151,310.419445,0.336443483261958,-1.71650304232852,-2.93747981949957,-2.90583811909916,-1.33408330090246,-1.51706317724545,-2.09237276733153
0,586,1,2,310.460702,310.947997,0.453657093868399,-1.51493240695041,-3.04648650778083,-3.08397511662245,-0.962298227596535,-1.47918118325431,-1.65416211050005
0,587,1,2,310.988292,311.475586,0.426110153592345,-2.03770187106791,-2.95482938746652,-3.08765582526598,-0.96614403711709,-1.4806183185477,-1.68166985293911
0,588,1,2,311.511891,311.999186,0.436286500942296,-1.95439949153204,-2.91035489937371,-2.83100798724111,-0.950898978428529,-1.44761924119308,-1.6724294012415
0,589,2,2,312.053483,312.540777,0.467487118773513,-1.95351663482163,-3.02327576501856,-2.82287736808916,-0.869358052918924,-1.49113370464125,-1.55730151061038
0,590,2,2,312.579053,313.066347,0.368290026311498,-1.65405822086099,-2.5451082964858,-2.91920932515774,-1.20633597462966,-1.55947750170698,-1.94740368399817
0,591,2,2,313.104631,313.591926,0.429330770841865,-1.58651417384113,-2.8219456509527,-2.73754508116005,-1.01670243510583,-1.56060644111056,-1.65662687250431
0,592,2,2,313.63625,314.123544,0.40708577762233,-1.65152682081823,-3.02138571080638,-2.6774552976709,-1.06730992605167,-1.54080264315269,-1.71548414636743
0,593,2,2,314.157848,314.645142,0.422796813137728,-1.71105675673704,-2.93511671649247,-2.83829168610454,-1.00139934661937,-1.52445052436731,-1.70316297483127
0,594,2,2,314.685445,315.17274,0.441080762530495,-1.7003359773525,-3.09729106063153,-2.80771664570793,-0.959759106379817,-1.48514154379806,-1.63185876994003
0,595,2,2,315.209003,315.696298,0.412335289385753,-1.42470455550907,-2.71969885577535,-2.52207280628888,-1.11888617594037,-1.59893346091063,-1.76497580986534
0,596,2,2,315.741579,316.228873,0.3700805332323,-1.79669785391707,-2.77349129170188,-3.08439126651777,-1.16516810355764,-1.58669336555131,-1.80949877319608
0,597,2,2,316.269209,316.756503,0.388429875018197,-1.91709583452689,-2.94583922161174,-3.05906435737748,-1.07225890196687,-1.53158749541922,-1.76768626494112
0,598,2,2,316.808726,317.296021,0.376816225470748,-1.89345736427595,-2.93005646907896,-2.93296080834181,-1.11067221321177,-1.53657571176742,-1.77331085994066
0,599,2,2,317.340303,317.827598,0.42134900652487,-1.79652885788645,-2.9471775316638,-2.50773649237827,-0.984939676643553,-1.60738766721082,-1.62924389233017
0,600,2,2,317.863938,318.351233,0.405098678178507,-1.85487010905412,-2.87904565575812,-2.9815482131182,-1.01529398807051,-1.64262490131882,-1.63769537556734
0,601,2,2,318.392507,318.879801,0.401076801947968,-1.85306802764634,-3.00820536685127,-3.05991619895287,-1.0477973947715,-1.59906448625336,-1.65618794004173
0,602,2,2,318.917086,319.404381,0.462084026408106,-1.45380591526228,-2.95007182392939,-2.72006770756515,-0.943675969170405,-1.54301259489476,-1.60590036848294
0,603,2,2,319.444675,319.931969,0.407052225171858,-1.94576022723189,-2.92256958204213,-2.99228893847464,-1.01572924698366,-1.62934874984828,-1.64387770527411
0,604,2,2,319.969273,320.456568,0.417585532453029,-1.68620334528524,-2.7810269053894,-2.73305278908096,-1.02264522301719,-1.6068003233595,-1.67936408000816
0,605,2,2,320.512855,321.00015,0.449312915592395,-1.35890234719012,-3.00228929711576,-2.80383395541148,-1.0043031274594,-1.60621911052581,-1.61748982131707
0,606,2,2,321.034424,321.521718,0.425567028355653,-1.79478430826254,-2.90976763871568,-2.62428801052109,-0.999071342468538,-1.57062725809195,-1.60938391332971
0,607,2,2,321.558023,322.045317,0.388185856130874,-2.03346266756059,-2.93474509548883,-2.93758995853821,-1.06384651305847,-1.65436294039852,-1.66275854985551
0,608,2,2,322.087606,322.574901,0.403646903554267,-2.02856465727325,-3.02729514046428,-3.00208160606523,-1.01361205541028,-1.58603282278778,-1.68594811663233
0,609,2,2,322.613201,323.100495,0.35292490169116,-1.89627587738579,-2.90034846093301,-2.9103311571888,-1.17521387172383,-1.81662880852085,-1.74081882656493
0,610,2,2,323.168717,323.656012,0.440467349670419,-1.0790831687448,-2.64754538722501,-2.6175122821588,-1.18046661183526,-1.95370076948481,-1.73283044904751
0,611,2,2,323.697304,324.184598,0.478784361181038,-1.1282756826824,-2.77740599436988,-3.04755148859933,-1.01340108229445,-1.59702731361133,-1.64829170830873
0,612,2,2,324.222896,324.71019,0.428362749457471,-1.80344516292342,-2.97493819844272,-2.91457335639238,-0.969690219089858,-1.58442279659841,-1.62129983702176
0,613,2,2,324.745499,325.232793,0.434035295267531,-1.91318172356881,-3.23864765585955,-2.85839837470478,-0.932072048892203,-1.58845995934001,-1.5965576646182
0,614,2,2,325.271093,325.758387,0.442112712611239,-1.67521231187778,-2.89860568662186,-3.0585493729583,-0.95575977173278,-1.54550950424513,-1.61832781047455
0,615,2,2,325.800676,326.287971,0.383151688110333,-1.89657199396394,-2.88892298360659,-2.96565654248731,-1.07694183925767,-1.68690552952134,-1.67884633773672
0,616,2,2,326.325313,326.812607,0.443047121564682,-1.71363008307688,-3.12169656610438,-2.71271428950935,-0.937590818887933,-1.60515534808461,-1.56696783330893
0,617,2,2,326.852864,327.340158,0.43222121502903,-1.94159956920346,-3.11507245912726,-2.69618169510792,-0.94843419117882,-1.53009675127357,-1.61925710373424
0,618,2,2,327.377468,327.864762,0.498975878087172,-1.09142363590353,-2.85842901519958,-2.54676744429881,-0.974884096385089,-1.54547184308163,-1.63492046802901
0,619,2,2,327.902057,328.389351,0.40470158635504,-1.60630248486252,-2.8521282434825,-3.06803694194082,-1.07159407258932,-1.52744861346112,-1.71721426603703
0,620,2,2,328.431673,328.918967,0.452230384515118,-1.46614392994612,-2.72023701282688,-2.84302763331808,-0.968163908633161,-1.52723240483184,-1.64775318103451
0,621,2,2,328.9702,329.457494,0.468766682972785,-1.22452392834467,-2.80657294553499,-2.45278706682051,-0.997592307745712,-1.55677365406997,-1.66613115714153
0,622,2,2,329.502776,329.99007,0.436617660386853,-1.35073676626211,-2.66821177579188,-2.58161840008821,-1.04963111690314,-1.59241625945201,-1.70064939414099
0,623,2,2,330.041368,330.528662,0.410429857752423,-1.76162245594917,-3.00724453559697,-3.00946339231388,-1.02866218787857,-1.5959359303236,-1.63919071061505
0,624,2,2,330.570919,331.058213,0.412596117593988,-1.50051358499707,-3.12048225153618,-2.84411969907067,-1.07303381609626,-1.56073489621243,-1.7051600170763
0,625,2,2,331.106486,331.59378,0.423598191370886,-1.81247278602975,-2.84497642016571,-2.85019602839354,-0.97684040213814,-1.60680365532075,-1.62101145608305
0,626,2,2,331.629088,332.116383,0.405502578839795,-1.64868892166048,-2.81748969749717,-2.82293873520844,-1.06480181999931,-1.565180034289,-1.67935245917869
0,627,2,2,332.165654,332.652948,0.450745033998642,-1.37240114548696,-2.63824428636918,-2.81444474345786,-0.982907894671221,-1.6200622955264,-1.62641991371674
0,628,2,2,332.705243,333.192538,0.400034536481118,-1.47151394575306,-2.94812468092816,-2.80938935786933,-1.1334927981732,-1.53815726331912,-1.76324295286598
0,629,2,2,333.230839,333.718133,0.453580293029931,-1.17695649589382,-2.96167653179698,-2.61637315432899,-1.07760675041107,-1.63305881548258,-1.68543822505327
0,630,2,2,333.755403,334.242697,0.39287880224146,-1.63886504625731,-2.81095098780977,-2.70318403591317,-1.12126288786365,-1.55757332350896,-1.73352325614463
0,631,2,2,334.28702,334.774315,0.465330726490596,-1.07869990135126,-2.80334491818799,-2.61930764249281,-1.10327463792563,-1.56454258758975,-1.75842034925569
0,632,2,2,334.816563,335.303857,0.473696861649781,-1.16745650084509,-2.71041213841888,-2.69443230201708,-1.01963381102519,-1.47613956364724,-1.72313496649016
0,633,2,2,335.338203,335.825498,0.493193110482204,-1.05768440730818,-2.91285355307179,-3.11502815716888,-1.04269621729841,-1.40613423425586,-1.69297207948914
0,634,2,2,335.867787,336.355081,0.427931453853343,-1.56399373776449,-2.93246686430633,-2.69742863826005,-1.06665573742125,-1.32594851301903,-1.81164626417822
0,635,2,2,336.397371,336.884665,0.44405446461529,-1.35885637797575,-2.75654707783649,-2.69613640791283,-1.01949386723944,-1.505899619012,-1.78340111394319
0,636,2,2,336.923967,337.411261,0.415209332242921,-1.7658236283367,-2.7432103628274,-2.78352816360042,-1.00802506162874,-1.56382228696182,-1.689964415769
0,637,2,2,337.448526,337.93582,0.409475845899342,-1.67238730148984,-3.22282698711155,-2.78694943073898,-1.09275672952056,-1.40206982802611,-1.73314829349762
0,638,2,2,337.978108,338.465403,0.431398022966068,-1.81900120282825,-2.70823833520247,-2.96784600094444,-0.927616200931803,-1.61147467166729,-1.69789913828984
0,639,2,2,338.501746,338.98904,0.434760353233288,-1.54164677145621,-2.71623295964839,-2.64279007792791,-1.0091534060827,-1.49022872267216,-1.67497404649372
0,640,2,2,339.031328,339.518622,0.442782581879697,-1.49816723368159,-2.62886800329485,-2.6356396045072,-0.962630118588558,-1.70548656028162,-1.60566066285984
0,641,2,2,339.590795,340.078089,0.441122963128302,-1.39928814171272,-2.61046205269911,-2.95156187996993,-1.0212320420624,-1.57619992011046,-1.64145617454044
0,642,2,2,340.125374,340.612668,0.398872718341927,-1.95879832849856,-2.95304197794185,-2.61468325203956,-1.04096668631569,-1.62034042284511,-1.66679197634721
0,643,2,2,340.671903,341.159198,0.399315040713032,-1.76050331540669,-2.86309973958098,-2.76811961396743,-1.06766744299781,-1.54902725369893,-1.74464895271538
0,644,2,2,341.197498,341.684792,0.381081222538585,-2.03474905450963,-2.87929708450547,-3.10813029434902,-1.09145285268277,-1.64252885392822,-1.67751041892543
0,645,2,2,341.743039,342.230333,0.399811332127875,-2.0125334041082,-3.1063984642019,-3.02469700014356,-1.01947132354232,-1.46395266921388,-1.90340562821936
0,646,2,2,342.28858,342.775874,0.430287592546334,-1.93953441611523,-2.74751220408542,-2.8891886429199,-0.949138257534998,-1.69771812937055,-1.57705080240285
0,647,2,2,342.811182,343.298476,0.391785951832195,-1.75503554209458,-3.09875617043394,-3.0749949594404,-1.09916740282356,-1.4864761301176,-1.78927258454689
0,648,2,2,343.335779,343.823074,0.458385499500141,-1.78250672958214,-3.14033192694451,-2.90713600234015,-0.919596905366312,-1.32498599811852,-1.79666304954775
0,649,2,2,343.876334,344.363628,0.42801038735696,-1.70133428937002,-3.11309766494212,-3.00015235131732,-0.975523181603249,-1.60720935984991,-1.60824160177746
0,650,2,2,344.41988,344.907174,0.437303982223388,-1.66065406279976,-2.84530570112814,-2.81942669632208,-0.956351398301902,-1.66925740360115,-1.54306245510019
0,651,2,2,344.95844,345.445734,0.411083621906395,-1.88414595589172,-2.94210056289545,-2.74158760800634,-0.999780347096503,-1.5891372189734,-1.65768761249452
0,652,2,2,345.488023,345.975317,0.434448563820034,-1.61850955283678,-2.88190500386864,-2.73083159478017,-0.967160048092659,-1.64857619480398,-1.61341287739676
0,653,2,2,346.021631,346.508926,0.442836851305036,-1.78983763301098,-2.98866463032079,-3.22812398028489,-0.94624921500655,-1.53081685936602,-1.63609505027898
0,654,2,2,346.546228,347.033522,0.40550431720515,-1.70522490562973,-2.82765548150352,-2.91049930842004,-1.06315860566115,-1.52730862620125,-1.70804174269173
0,655,2,2,347.069794,347.557088,0.38594194164,-1.58338735452938,-3.36222531885592,-3.15355255488377,-1.13006824405627,-1.55642234275185,-1.80650187085187
0,656,2,2,347.595392,348.082686,0.382706617505723,-1.66909576548373,-2.83685643783051,-2.88697444381784,-1.15398754962833,-1.53846368023366,-1.72146772651167
0,657,2,2,348.127963,348.615258,0.412614847977308,-1.67002873658585,-2.82719134843787,-2.77248239201952,-1.03601883064644,-1.53081843393845,-1.73599023828107
0,658,2,2,348.654554,349.141849,0.397058017240131,-1.67751091564652,-2.77391281611889,-3.07089891268527,-1.05862783571228,-1.61481495438958,-1.77365136161331
0,659,2,2,349.190123,349.677418,0.446509456852861,-1.30468919126691,-2.78226263092168,-2.86119453661519,-1.02348546823954,-1.55197760485442,-1.69479878906067
0,660,2,2,349.7217,350.208994,0.384070306383791,-1.7239374066904,-2.94915664185555,-2.64079487383161,-1.09876965443267,-1.6569977668228,-1.69678010548627
0,661,2,2,350.248292,350.735586,0.411548875685741,-1.49081200775336,-2.86019474301296,-2.78087865283798,-1.09907531060636,-1.47493698608756,-1.78312033484189
0,662,2,2,350.769913,351.257207,0.415582550384506,-1.89110177892981,-2.78274331916133,-2.71899360118843,-0.989846026174919,-1.51498716532613,-1.70658650750772
0,663,2,2,351.295533,351.782827,0.418405042889746,-1.68530188482369,-3.09453636930062,-2.92644703828295,-0.994629355567761,-1.47816996520751,-1.84518259763807
0,664,2,2,351.82408,352.311374,0.413163366126904,-2.11103275979572,-3.11539187129437,-3.19001581922713,-0.964716188716889,-1.59285164386326,-1.6077081693905
0,665,2,2,352.348674,352.835969,0.424909893914196,-1.8298695683574,-2.56575732430463,-2.82310998783593,-0.96488624847485,-1.56768732613836,-1.64818232850305
0,666,2,2,352.878294,353.365588,0.516952967526477,-0.891532567295559,-2.88768014592768,-2.80320198450367,-1.06390097433739,-1.57533550213399,-1.74742476061322
0,667,2,2,353.403853,353.891148,0.40354058459503,-1.94651679802053,-2.95054268426705,-3.08273915339153,-0.994044934846584,-1.59466198238478,-1.7189975090372
0,668,2,2,353.934433,354.421728,0.402029811420975,-1.98335608511826,-3.28990772683054,-3.06099884301674,-0.989501021117785,-1.61506678066849,-1.7213491012455
0,669,2,2,354.461061,354.948355,0.369106971311222,-1.63947847724253,-3.19669815694873,-2.66443651605297,-1.22168941121071,-1.51890610037865,-1.82778507876569
0,670,2,2,354.999592,355.486886,0.364271421381441,-2.03340399612272,-2.92963430888426,-2.97203751558847,-1.13917640423291,-1.60792457658061,-1.7072194115272
0,671,2,2,355.530199,356.017493,0.408654012623157,-1.89548035699114,-2.90356017856513,-3.09903321865108,-0.964696717316384,-1.7250223806401,-1.68514300032195
0,672,2,2,356.100658,356.587952,0.477970167445628,-1.36648668245318,-2.95063915300609,-2.78954565312771,-0.919895702882217,-1.41487628893516,-1.72931375628128
0,673,2,2,356.637206,357.1245,0.404449658752479,-1.95830900004301,-3.05154388917931,-2.86262180238265,-0.954271586356069,-1.93987033321721,-1.65511651166905
0,674,2,2,357.165792,357.653086,0.337934109804,-2.07818359283867,-3.16102572180975,-3.07880646527732,-1.18207487399751,-1.67161187688924,-1.86026128929842
0,675,2,2,357.692383,358.179677,0.500730442311686,-1.39672525869831,-2.69443981657951,-2.73542043399218,-0.823667444725043,-1.61584338702776,-1.55162988485333
0,676,2,2,358.221968,358.709262,0.439232252043624,-1.22183038821339,-2.9402397757261,-2.69835530137298,-1.03600476836896,-1.70257436953624,-1.84183951573364
0,677,2,2,358.747597,359.234891,0.507268576834135,-0.958667868599094,-3.16332684427373,-2.60777450623306,-1.26573940056082,-1.09958383073506,-2.29473333373795
0,678,2,2,359.27715,359.764444,0.444215703078041,-1.35294457123975,-2.8825758321041,-2.73411307182808,-1.03527758927864,-1.44848926339982,-1.78030251782482
0,679,2,2,359.807743,360.295038,0.409998556662286,-1.33724012466825,-2.60158622542042,-2.77572310400963,-1.12187534214156,-1.65519602989038,-1.86476986322079
0,680,2,2,360.334352,360.821646,0.402112773464315,-1.29598237116898,-2.74849312878655,-2.51771214249941,-1.22450027209471,-1.51627976026303,-1.95412046668068
0,681,2,2,360.862905,361.350199,0.488943262958528,-1.24598509027483,-2.54119715793641,-2.54053504963392,-0.907842924526039,-1.6180300345251,-1.61422713257737
0,682,2,2,361.39149,361.878784,0.44222308624773,-1.33393422663975,-2.7689721205686,-2.64008137863706,-1.08184437463235,-1.38851603994398,-1.77873521897223
0,683,2,2,361.944012,362.431306,0.397976517387928,-1.44884514559518,-2.81209289212599,-2.86196572816158,-1.24102780678655,-1.32952709661205,-2.05805632449918
0,684,2,2,362.466615,362.953909,0.386588860379828,-1.41452777479722,-3.04578573031329,-2.74720100911476,-1.31373005998522,-1.45046971012034,-1.73673898790036
0,685,2,2,362.989252,363.476546,0.398274596641419,-1.41830434193629,-2.79532062952879,-2.85413144211223,-1.25263922929128,-1.43399650108379,-1.72432386347348
0,686,2,2,363.521828,364.009122,0.435649385795897,-1.40076974574647,-2.82274489650489,-2.9487703886082,-0.990463610145415,-1.52952653291298,-1.95689706336886
0,687,2,2,364.044395,364.531689,0.446430105961551,-1.37689432149291,-2.69650469912172,-2.2470646262876,-1.04339239456621,-1.40851677180002,-1.90765880894791
0,688,2,2,364.573979,365.061274,0.432993157756892,-1.3059546214695,-2.61979679823194,-2.58929856919717,-1.06719077603655,-1.55877712091038,-1.80937195504593
0,689,2,2,365.103563,365.590857,0.466093885481386,-1.00270488718853,-2.5276342455359,-2.97643022202193,-1.23838180663386,-1.49852450769862,-1.7297281117275
0,690,2,2,365.63215,366.119444,0.472380860182952,-1.60083368592272,-3.02435068097461,-3.05565544807614,-0.853699597672411,-1.48587638378768,-1.74676222748652
0,691,2,2,366.156745,366.644039,0.351968421220072,-1.62162806820455,-3.01495767348735,-2.65393081615707,-1.23525249531654,-1.58062291275568,-2.19590946371072
0,692,2,2,366.685333,367.172627,0.348756770461096,-1.80817428730099,-2.91400797390537,-3.03504718081329,-1.21721798276417,-1.50979128511997,-2.13983221126434
0,693,2,2,367.209964,367.697258,0.505252419077548,-1.45924290170062,-2.90114550117085,-2.75083343709756,-0.843360248497865,-1.42780865188224,-1.51791917690818
0,694,2,2,367.747491,368.234785,0.469074205518256,-2.10194063014057,-3.06371881012974,-3.12418927275093,-0.804523109937076,-1.73400773373835,-1.56546250414956
0,695,2,2,368.299027,368.786321,0.418693535118842,-1.83390613258619,-2.65869351362884,-2.79781028203926,-1.03063301795298,-1.49719604281226,-1.61104696431497
0,696,2,2,368.848546,369.335841,0.385666971735935,-1.96379821387081,-3.10964081771476,-2.88362744938061,-1.06202081527096,-1.65536707009763,-1.68584344268823
0,697,2,2,369.373143,369.860437,0.392238680461987,-2.01784840676116,-3.0732036092921,-3.10253689932895,-1.03742875979096,-1.59860151405792,-1.69722668324824
0,698,2,2,369.89774,370.385034,0.445141356832212,-1.79834192025204,-2.65033193384495,-2.73096994896143,-0.935475559955116,-1.52823457595053,-1.62027901381103
0,699,2,2,370.429335,370.916629,0.419436582554445,-2.30973725176748,-3.13081557960374,-2.75150427750955,-0.936813472328917,-1.64654202671445,-1.59362665426021
0,700,2,2,370.952918,371.440212,0.436932559882991,-1.52204616671852,-3.10310251079792,-3.06404583912936,-0.986089260719391,-1.55563034486385,-1.63890570157733
0,701,2,2,371.478552,371.965846,0.448869077542436,-1.39669646544762,-2.97302404935006,-2.81946139479039,-0.993381151343311,-1.54434307784791,-1.64494980746735
1,20,1,1,10.029509,10.516803,0.468807444484282,-1.41092302006353,-2.67570490426869,-2.97534861515934,-1.0368868740091,-1.26693871875776,-1.59979587227451
1,21,1,1,10.554235,11.041529,0.491963880255195,-1.23498018564384,-2.7815010010423,-2.49456446722084,-0.989944540277392,-1.28125198755179,-1.71201876364525
1,22,1,1,11.089522,11.576817,0.440630031190916,-1.06920111170943,-1.95863819721851,-2.76264909083443,-1.4170907815476,-1.532503422374,-1.76993586376815
1,23,1,1,11.621175,12.108469,0.472368388238541,-1.06953429630759,-2.09462149457941,-2.10034920163231,-1.23083957355944,-1.58648768619209,-1.60466735856345
1,24,1,1,12.146866,12.63416,0.566786436361245,-0.90516267547601,-1.91720478677878,-1.72594879021917,-1.13154354127963,-1.29817216870903,-1.54432995451861
1,25,1,1,12.673576,13.160871,0.517216434951671,-1.08803606638587,-2.75187929234222,-2.70410727701373,-1.18115852941085,-1.04178058325965,-1.82561245410131
1,26,1,1,13.19921,13.686505,0.528850530355998,-0.970895964719109,-2.5060196957166,-2.65471424252838,-1.14563578942637,-1.26419976952482,-1.46035131833065
1,27,1,1,13.733617,14.220912,0.742263961632143,-0.973216029644066,-0.772737854741718,-1.21244610353611,-0.992827297443301,-1.1792099019889,-1.57728784071413
1,28,1,1,14.259076,14.74637,0.662354890709628,-1.03020777343251,-1.44180249457075,-1.08744117818198,-1.07026910570696,-1.01863140936067,-1.54916959601495
1,29,1,1,14.784309,15.271603,0.532945402864006,-1.3566394951827,-1.33339235682133,-2.56086138201791,-1.08655817502809,-1.1636531860885,-1.55004178711443
1,30,1,1,15.307758,15.795052,0.615302948270494,-0.945508166609094,-1.28784459195852,-1.21713920925238,-1.16280877226816,-1.46476651700385,-1.65131505314961
1,31,1,1,15.838369,16.325664,0.651196091674538,-1.00355852065044,-1.48286953700196,-0.799331625163246,-1.14403484456349,-1.84782992868186,-1.82652394828025
1,32,1,1,16.369292,16.856586,0.673333141974457,-0.688847759400544,-1.5365114187178,-1.56617551811742,-0.990511180189395,-1.51814189692588,-1.4972577996722
1,33,1,1,16.902522,17.389816,0.652347217919819,-0.701128900124492,-1.14706718769151,-2.0371495625709,-1.11561284915643,-1.56218859434762,-1.64647866752655
1,34,1,1,17.428152,17.915446,0.474305759120399,-1.35267982118365,-2.62323379416477,-2.44533160697111,-0.981938531467862,-1.66786799307653,-1.41061217708722
1,35,1,1,17.953997,18.441292,0.429539504236319,-1.2012285388149,-2.75323801889886,-2.93968298745933,-1.2475939656759,-1.41058834896216,-1.81094347695263
1,36,1,1,18.477487,18.964781,0.514496526318243,-1.06792359939499,-2.74163033645412,-2.74967397701913,-1.1049842509161,-1.18056135614793,-1.65229937786121
1,37,1,1,19.001282,19.488577,0.413388194370241,-0.981813436708066,-2.35279646657832,-2.49043999068733,-1.6901210169605,-1.6618539084062,-2.07670465942923
1,38,1,1,19.526692,20.013986,0.688068406602452,-0.520484779802138,-2.29404477375979,-2.44240286952408,-1.09706752598802,-1.36043289370895,-1.60179959617975
1,39,1,1,20.049651,20.536946,0.938314317147492,-0.602527767524155,-1.00081111764595,-0.404608473505284,-1.21723795879415,-1.82271379462011,-1.97295469607881
1,40,1,1,20.573944,21.061239,0.429734781707766,-1.16879999602838,-2.60253123328582,-2.70145508016614,-1.15625238357648,-1.79071929020535,-1.7450787592244
1,41,1,1,21.099935,21.587229,0.527259862037832,-0.885451176153334,-2.50211567526513,-2.70861216813817,-1.21500551976962,-1.31930207732443,-1.63599769656077
1,42,1,1,21.624525,22.111819,0.467242265636399,-1.10981979577573,-1.99503568166619,-1.58164521235642,-1.44625821274585,-1.41484467532097,-1.81286463137527
1,43,1,1,22.149696,22.63699,0.50030750119171,-1.09937562958891,-2.48507771680643,-2.43028551148429,-1.30754386719861,-1.02649125849765,-1.98440720133767
1,44,1,1,22.675093,23.162387,0.448874280264381,-1.00074614839532,-2.65357383088812,-2.58398855923501,-1.36791539825758,-1.50277138245364,-1.80040328887136
1,45,1,1,23.203392,23.690686,0.512433209795005,-1.01818849885871,-2.57871394115763,-2.56314685331088,-1.03763772700425,-1.43273816115388,-1.60932080954613
1,46,1,1,23.729815,24.217109,0.440854216943172,-1.0551057465704,-2.42676375556787,-2.66197794704323,-1.21445049140316,-2.03770534428487,-1.72292454974112
1,47,1,1,24.256634,24.743928,0.481975261722986,-0.876632124510567,-2.38820728055905,-2.47013555076727,-1.29784459593988,-1.77024140027209,-1.79540089298254
1,48,1,1,24.788275,25.275569,0.626395546431119,-0.963700050739158,-1.21007022896462,-1.80352117806608,-1.08235579705586,-1.09088607868055,-1.55987988107751
1,49,1,1,25.314376,25.80167,0.677722702538758,-1.40178481715885,-2.85648769551264,-1.09619746173044,-0.783496765938886,-0.872964671287174,-1.51587485566193
1,50,1,1,25.845525,26.332819,0.461625904524282,-1.28668593043344,-2.78840442594121,-2.10665436444958,-1.4429211135302,-1.06296233759745,-1.63607407075334
1,51,1,1,26.367722,26.855016,0.656532994989495,-1.42896666952593,-3.08259602807094,-1.38727618993552,-0.786027160276865,-0.844359846693513,-1.46577823855547
1,52,1,1,26.894192,27.381487,0.820512112890525,-0.602956677739409,-1.36807622405172,-1.33727504610875,-0.759050980527163,-1.09374879151739,-1.22419245268524
1,53,1,1,27.417578,27.904872,0.502916597542619,-1.40372938531583,-2.76958360311867,-2.69502376197969,-1.03153192105663,-1.11368403252009,-1.47782820623572
1,54,1,1,27.944416,28.431711,0.455370158569446,-1.44773929216971,-2.89599930143035,-2.7077674227001,-1.04929256989496,-1.38058544039381,-1.49128809262651
1,55,1,1,28.468286,28.955581,0.552049315955572,-1.56827802813705,-3.09178263250816,-2.8591180876269,-0.787440501233487,-1.26610129885897,-1.26118860056431
1,56,1,1,29.000382,29.487676,0.454689425749451,-1.27149303594099,-2.6312162799913,-1.4728007931539,-1.24150115627787,-1.5508430287833,-1.67725305830781
1,57,1,1,29.525603,30.012898,0.461660882219805,-1.10719348908208,-2.97482927289834,-2.2463491581673,-1.08214299419851,-1.91908916106151,-1.62104933836573
1,58,1,1,30.048422,30.535716,0.530913431672763,-1.46283384312213,-2.97604507578739,-2.96967950462824,-0.803620791085048,-1.3350029073076,-1.4519395952834
1,59,1,1,30.573247,31.060541,0.387535068497055,-1.3836963615319,-2.54409351037149,-2.63895683397009,-1.29024555788999,-1.50352931481384,-1.9211603170989
1,60,1,1,31.104255,31.591549,0.462773915766814,-1.46831546913546,-2.60055213143071,-2.65060648959731,-0.965757781675056,-1.50421572231146,-1.54908381593769
1,61,1,1,31.626687,32.113982,0.515523378215687,-1.16016604428033,-2.76974128635073,-2.72142522572507,-0.899109444013617,-1.50441723900905,-1.54306383689997
1,62,1,1,32.154617,32.641912,0.484624952159878,-1.38567111299492,-2.9121597256588,-2.71832356890464,-0.940671127292069,-1.38994030657454,-1.57315170631288
1,63,1,1,32.681849,33.169144,0.507218217003173,-1.33338614668689,-2.64947611843112,-2.48292064628935,-0.883559572230055,-1.53149337763103,-1.42703886952565
1,64,1,1,33.207865,33.69516,0.618868631587969,-0.787868558692858,-1.91278294341742,-1.93271711057703,-0.992104858896312,-1.3745916496457,-1.47000597586396
1,65,1,1,33.732733,34.220027,0.56810520357128,-1.01990287345955,-2.68181851431769,-2.63261352788662,-0.857347707106863,-1.40252574666419,-1.41105852363355
1,66,1,1,34.258191,34.745486,0.517505029375761,-1.03499273402709,-2.74766796680048,-2.87644450273877,-0.970837066589461,-1.56041632296604,-1.53943507349463
1,67,1,1,34.78485,35.272145,0.541469345061084,-1.15895175270684,-2.56965670305822,-3.00427757752117,-0.848000394212681,-1.44369708271305,-1.46237500299905
1,68,1,1,35.310239,35.797533,0.435664311297329,-1.35732836689794,-2.80488626848905,-2.39257145204597,-1.13437804747036,-1.41632510995223,-1.69721051753857
1,69,1,1,35.837189,36.324483,0.600440482886313,-1.11100235009709,-2.90839952165694,-2.77533787431285,-0.749310981589357,-1.29998373018841,-1.36825917866288
1,70,1,1,36.364398,36.851693,0.444061932215206,-1.502604252578,-2.99354426875834,-2.73027257851722,-1.02467815201847,-1.38729918480448,-1.65089428331449
1,71,1,1,36.896915,37.38421,0.595267607245371,-0.76653892150767,-1.54554065105788,-2.31259454246832,-1.2458461493584,-1.35215079810816,-1.72897656715247
1,72,1,1,37.419899,37.907193,0.591189397036113,-1.09866891725652,-1.53736170692354,-2.37021524813521,-0.906839585928474,-1.18371549365643,-1.46710883778201
1,73,1,1,37.942259,38.429553,0.432556402667418,-1.42458568777688,-2.83708514057956,-2.91185078298626,-1.13087515710535,-1.39099003254797,-1.579352987691
1,74,1,1,38.470965,38.95826,0.487716583922628,-1.17159656293031,-2.66226291105814,-2.9658494147927,-1.04978581061799,-1.3016300349922,-1.65848225718033
1,75,1,1,38.998726,39.48602,0.519632543719229,-1.29472447128289,-2.57203794322646,-2.92155709952535,-0.900441559618708,-1.36117322821223,-1.4074551285113
1,76,1,1,39.525769,40.013063,0.822614315436083,-0.485081833220033,-1.19011143725351,-1.19762646790358,-1.00868460114365,-1.17049583934616,-1.55591730188711
1,77,1,1,40.049202,40.536497,0.678982740478244,-0.491197073863743,-2.06971990279268,-2.39439549983237,-1.15660610057339,-1.62688209108411,-1.95571104933966
1,78,1,1,40.571372,41.058666,0.592766078878533,-0.604529108678548,-2.6135998279754,-2.66139833264975,-1.12754319769887,-2.05165036667494,-1.98791789169758
1,79,1,1,41.098336,41.58563,0.412212828650961,-1.03480959031597,-2.63119302401549,-2.75641382001745,-1.27252404315775,-2.2270958730136,-2.10306067904442
1,80,1,1,41.622931,42.110225,0.556068151494647,-0.818209242249169,-1.63998066104724,-2.36449997447825,-1.34455896275222,-1.24907928520445,-1.8475844748929
1,81,1,1,42.148447,42.635741,0.663866769341076,-0.478318439840556,-2.76975663203609,-2.66099060668458,-1.22172963908762,-1.68687502251137,-1.76455600538339
1,82,1,1,42.672129,43.159423,0.862434654577778,-0.206959001762934,-2.26020514818199,-2.35230943132044,-1.11697520567801,-1.95652537102062,-1.72644905758734
1,83,1,1,43.196383,43.683678,0.525738825240228,-0.79762193311329,-2.73494475354947,-2.52469513852823,-1.41523821170208,-1.27433624756399,-2.04205724565636
1,84,1,1,43.720972,44.208267,0.449269526712309,-1.12401458961767,-2.37972365191066,-2.73203771913213,-1.30946257406481,-1.27437784637707,-1.92058914154049
1,85,1,1,44.247986,44.73528,0.651379591661826,-0.520996460301997,-1.98762168513764,-2.30735675775538,-1.29373926171063,-1.49948986906781,-1.75029456095015
1,86,1,1,44.774407,45.261701,0.46780067481397,-0.84811790412587,-2.76831314569126,-2.7757638978128,-1.47253285605024,-1.49060522691645,-2.32297078883507
1,87,1,1,45.302066,45.78936,0.478117353461247,-0.831493034141153,-2.45633722421539,-2.91203082779894,-1.45730027119082,-1.64781916176443,-1.92494470298416
1,88,1,1,45.832801,46.320095,0.531074820203416,-1.16054061418429,-2.88991156662954,-3.08650923030494,-0.900369146972979,-1.35970097272805,-1.45234905408127
1,89,1,1,46.359497,46.846791,0.551676826751311,-0.63693296237775,-2.82883257414816,-2.56947563738995,-1.55367396363453,-1.71306315756251,-1.85439610762845
1,90,1,1,46.884883,47.372177,0.554834161095469,-0.702818134846927,-2.48791931873335,-2.52114539123748,-1.22585507140619,-1.96072136351011,-1.61323878679093
1,91,1,1,47.412282,47.899576,0.421366160539313,-1.05926135725521,-2.79074923339172,-2.87652553818757,-1.39939192913046,-1.5385700997064,-1.84896231902169
1,92,1,1,47.93737,48.424664,0.389913679282831,-1.46346289805255,-2.73336780572109,-2.70600314719061,-1.26393300542093,-1.41562433165266,-1.78758090628948
1,93,1,1,48.464373,48.951667,0.421283513158816,-1.25172438055296,-2.66809008761798,-2.66030506339712,-1.24860247142441,-1.40493927937851,-1.8272664945918
1,94,1,1,48.992867,49.480162,0.506675949746647,-1.28838986714053,-2.8173423786289,-2.32662421172875,-0.957677580617286,-1.22036147675397,-1.64646282448838
1,95,1,1,49.516241,50.003535,0.529000674014615,-0.986690790126379,-2.80918963493179,-2.59493590793908,-0.981376750751026,-1.46951905563491,-1.52342572780149
1,96,1,1,50.040529,50.527823,0.518306683599154,-0.859278895654129,-2.52563402583326,-2.43967943449648,-1.16037440185168,-1.48791183994478,-1.74985751204976
1,97,1,1,50.563303,51.050598,0.453325393509991,-1.4886092703636,-3.08447119491968,-2.66420144443594,-0.987409176686581,-1.3735262985738,-1.68700476791928
1,98,1,1,51.089309,51.576603,0.625110622777304,-0.989530328110464,-1.70870371374816,-1.3572143757635,-0.892183294834378,-1.29542202090593,-1.52437420967328
1,99,1,1,51.623198,52.110492,0.531096243204637,-0.888430129963687,-2.1176052143356,-2.17207355458654,-1.17674832474549,-1.45675610187338,-1.63597068968817
1,100,1,1,52.148688,52.635983,0.422298743029413,-1.1349668356394,-2.58010967663287,-2.7188422664953,-1.15822530609853,-1.82363589635513,-1.98710027210764
1,101,1,1,52.673721,53.161015,0.456023221099321,-0.940840196860591,-2.37177873940103,-2.70996310130645,-1.27816917854526,-1.75114218994327,-2.06318126172984
1,102,1,1,53.200783,53.688077,0.459281357171991,-0.984891644431155,-2.89697072004486,-2.6017191493263,-1.15304324756411,-1.80599203901352,-1.94870348540772
1,103,1,1,53.731859,54.219153,0.511422469781635,-0.80217969352636,-2.44957351671912,-2.68570274196011,-1.19563611546389,-1.78966412176913,-1.93913271694087
1,104,1,1,54.259457,54.746751,0.605187823685619,-0.5774795542299,-2.27541717664057,-2.822024833398,-1.16097561578968,-2.00162058290414,-2.03547262488157
1,105,1,1,54.786869,55.274163,0.75945948761801,-0.429454003239519,-1.56059223271894,-2.06387946879559,-1.12136402967088,-1.33673776874216,-1.6191025489333
1,106,1,1,55.312027,55.799321,0.589371499757575,-0.640157447187935,-2.86787080902352,-2.97131607540707,-1.22996020068016,-1.45991388603823,-1.78202935731817
1,107,1,1,55.836193,56.323487,0.491486273797839,-1.03773030539836,-2.74394384632907,-2.67340635003713,-1.05612104154595,-1.47276460193687,-1.74318322186438
1,108,1,1,56.3671,56.854394,0.487914150146396,-1.03617159098678,-2.33461824456596,-2.92731595402125,-1.0571070938064,-1.56483977579373,-1.71633459464494
1,109,1,1,56.894719,57.382013,0.574081907471163,-1.00967054819237,-2.26633890838367,-2.46678547495039,-0.975356404521939,-1.09711356879285,-1.53520585722403
1,110,1,1,57.427793,57.915087,0.513281713309144,-1.03003359966425,-2.7040096717039,-2.70753536944257,-1.06837192795896,-1.27939658619108,-1.68353259497124
1,111,1,1,57.956282,58.443577,0.443661878108325,-1.11741046210379,-2.84236407663743,-2.95123083527796,-1.43180122093588,-1.21500457056906,-1.82114837215495
1,112,1,1,58.482874,58.970169,0.384965170102461,-1.27491657382282,-2.92207676850911,-3.13200490484723,-1.59007092112805,-1.31636294245526,-1.83625992970694
1,113,1,1,59.008867,59.496162,0.64155686135274,-1.12866668500812,-2.95650352917273,-1.54176958873057,-0.781968948098234,-0.977342595718332,-1.64134231941046
1,114,1,1,59.533974,60.021268,0.511521084494712,-1.41688024114183,-2.92114629300871,-2.72108781127854,-0.954187030373851,-1.05010477406382,-1.83562524951604
1,115,1,1,60.059321,60.546615,0.523853190309158,-1.19511582098776,-2.61080368980809,-2.95337351878962,-1.08947684052664,-0.978999098501085,-1.88470975053509
1,116,1,1,60.582643,61.069937,0.567609792628022,-0.757804802809699,-2.6842893861105,-2.54413227994203,-1.14763265083418,-1.42165381802463,-1.57089249869003
1,117,1,1,61.116583,61.603877,0.48178233747648,-1.07406007059335,-2.69194400454392,-2.71302915251774,-1.25256554562433,-1.13579746581331,-1.95394303157027
1,118,1,1,61.643146,62.13044,0.708014279213597,-0.460967653865641,-2.37094360980323,-2.61665686039625,-1.07550070010707,-1.55845179831839,-1.51884840772453
1,119,1,1,62.167524,62.654818,0.596815096058621,-0.931644625855145,-2.68880231486507,-2.94778664719849,-0.950693960802803,-1.00311978534852,-1.72466887685651
1,120,1,1,62.69362,63.180914,0.495595383570889,-1.3563342596144,-2.64802418995047,-3.07855750129066,-0.993649446606529,-1.1299837821579,-1.79879046444202
1,121,1,1,63.221861,63.709155,0.441296194353653,-1.15225496331155,-2.7757114724957,-2.65695829263411,-1.25498055230074,-1.40010532057044,-1.85198447095392
1,122,1,1,63.744966,64.23226,0.418939576681714,-1.29127635234441,-2.58804043986683,-2.61078811606348,-1.13462848985975,-1.91680258909318,-1.61161525172653
1,123,1,1,64.269875,64.757169,0.534155645548131,-1.19656133567519,-2.77365344886807,-2.55797251784322,-0.829197685557883,-1.64464797401554,-1.41240318150223
1,124,1,1,64.803086,65.29038,0.56797848797649,-0.793412008344039,-2.45745800148458,-2.45183090646455,-1.00248419334033,-1.93283920795856,-1.50533280575904
1,125,1,1,65.335264,65.822558,0.667404343866753,-0.949505657588764,-2.58783512900362,-2.04892294519988,-0.667437533194187,-1.29908047148466,-1.34520293198109
1,126,1,1,65.859065,66.346359,0.467558586589997,-1.40031602697349,-2.78543336532826,-2.37653394041698,-1.00352087739902,-1.34732699294032,-1.67141014505974
1,127,1,1,66.383748,66.871042,0.701488134950015,-0.962087689095836,-2.67881313690546,-1.98277769207656,-0.591107044660291,-1.29830012170917,-1.27359087656661
1,128,1,1,66.917182,67.404476,0.746217703551412,-0.732994459210576,-1.58424437703146,-1.18836364677997,-0.801962349836393,-1.312793654633,-1.42326047391098
1,129,1,1,67.442441,67.929736,0.493331982160362,-1.22092814432427,-2.62559588406943,-2.00997930033885,-1.24229338732528,-1.06291387891747,-1.71029046269887
1,130,1,1,67.965226,68.45252,0.570977873881199,-1.30654815435441,-2.54109352238687,-1.86692527402965,-0.995788146402669,-0.885619124218208,-1.66225107599286
1,131,1,1,68.490527,68.977821,0.520813009442869,-1.14626003933166,-2.64614532471222,-2.333235578999,-1.12453555530647,-1.05717668012351,-1.64427146752316
1,132,1,1,69.012639,69.499933,0.691877665991299,-1.28842780659094,-2.45339016445455,-1.48635500552865,-0.69234917158127,-0.879401690722976,-1.32254468100247
1,134,2,1,70.072997,70.560291,0.647434158090449,-0.67470896966801,-2.55142224810654,-2.12163422088221,-1.04517895223131,-1.29666896220715,-1.36661588253964
1,135,2,1,70.597894,71.085189,0.573213329689757,-0.74881245651679,-2.38339468278478,-2.48528305723973,-1.14825685826785,-1.54104534816911,-1.47423312050618
1,136,2,1,71.125284,71.612579,0.484328833216241,-1.41993653772608,-2.61060189566932,-1.80549644812416,-1.11465047221689,-1.16417628045671,-1.55445598877343
1,137,2,1,71.647283,72.134577,0.662101730066702,-0.794262465248937,-2.49058004283348,-2.77572665297864,-0.842121899358161,-1.0415230336977,-1.47899069412121
1,138,2,1,72.171338,72.658632,0.564830718115869,-1.29831442242625,-2.75122877488845,-2.31084328085877,-0.830477018568181,-1.14368205830036,-1.46847263142961
1,139,2,1,72.699039,73.186333,0.72340154331735,-0.834060942198387,-1.93990684839013,-1.36884368237336,-0.800097792608112,-0.959428744845159,-1.42512615461749
1,140,2,1,73.225575,73.71287,0.58316051087904,-0.96820901668234,-2.55319764421693,-2.59054443448402,-1.00770876381106,-0.963248492271342,-1.84150786730832
1,141,2,1,73.748485,74.23578,0.550803034083471,-1.2165166100413,-2.76020995236141,-2.88625766882217,-0.995092795596088,-0.984526834927544,-1.51312825161401
1,142,2,1,74.276595,74.763889,0.58815707683878,-1.05573766831284,-2.66711617811046,-2.0919991876566,-0.881650301564565,-1.22782587078469,-1.37635057302682
1,143,2,1,74.800131,75.287425,0.52805134612712,-1.61339733155297,-3.0768507237859,-3.06223403767716,-0.945626412486205,-0.975289183663593,-1.52388612254348
1,144,2,1,75.326434,75.813728,0.512258855923927,-1.17028967712272,-2.60397357669227,-2.86528860968195,-0.91639419517334,-1.5430880463894,-1.44910785965099
1,145,2,1,75.85999,76.347284,0.567109417489314,-1.22675355502354,-2.94355782608721,-2.74675982660457,-0.810417386292187,-1.18717051236911,-1.4584069884646
1,146,2,1,76.388851,76.876145,0.491120219967279,-1.32755077545035,-2.64914507350077,-3.09613969364551,-1.10344881572415,-1.03778012403139,-1.79775311393316
1,147,2,1,76.913777,77.401071,0.624474846830082,-0.678381878677902,-2.62771434035848,-3.040222437145,-1.03349103015958,-1.19007322680205,-1.86509879269014
1,148,2,1,77.439038,77.926332,0.473066109004447,-1.20125906425051,-2.71975292935472,-2.44094373604894,-0.995520893873884,-1.71998529513672,-1.51040348320507
1,149,2,1,77.965096,78.45239,0.559606705072732,-1.25735426126634,-2.56270347826114,-2.83384000292744,-0.799304659543868,-1.29247844199968,-1.43386279351463
1,150,2,1,78.495181,78.982475,0.402417260507702,-1.17845238097315,-2.77742615949885,-2.74669549288896,-1.36177423140901,-1.61135224917642,-1.75638823554944
1,151,2,1,79.022967,79.510261,0.427180936461996,-1.22107869088334,-2.74508198107349,-2.66605241525451,-1.15375337038274,-1.73354271898105,-1.63114777849891
1,152,2,1,79.547646,80.034941,0.475298587018161,-0.984973298872381,-2.8898087977512,-2.76871439804017,-1.15926839434397,-1.83481445715718,-1.59052328314478
1,153,2,1,80.073841,80.561135,0.471761597999264,-1.11669293055372,-2.69952762532168,-2.92600778786652,-1.08528134812559,-1.35107488720635,-1.92318579200515
1,154,2,1,80.59608,81.083375,0.367081959870337,-1.31263086578258,-2.69125004649357,-3.04449733546382,-1.44115594786688,-1.41700267665428,-2.48024931899668
1,155,2,1,81.122987,81.610281,0.462210369617795,-0.959770962971555,-2.74994595159256,-2.62317232483794,-1.19026820637956,-2.36087888349862,-1.66636203137596
1,156,2,1,81.648025,82.135319,0.456832641528685,-0.990842100061221,-2.83220073569516,-2.61396527029068,-1.27090810010703,-1.91573223993075,-1.69289518504241
1,157,2,1,82.173589,82.660884,0.646072246824256,-0.863113285357958,-2.43400647984904,-2.6480356147869,-0.783244218405663,-1.3003123967166,-1.38071016796612
1,158,2,1,82.700115,83.18741,0.453228999021334,-1.00504343339204,-2.70351477816937,-2.45678900476715,-1.25338215959126,-1.84457510775348,-1.69424103775088
1,159,2,1,83.225214,83.712508,0.541203263160381,-0.856271891059605,-2.52562163797162,-2.30701936042499,-1.06992058550432,-1.51469074960799,-1.66340394130441
1,160,2,1,83.752853,84.240147,0.495423426804333,-1.33290651014391,-2.90108458408238,-2.89941292870115,-1.035307815956,-1.1149595692153,-1.69330321214843
1,161,2,1,84.276625,84.763919,0.452246254799122,-1.31196428981694,-2.84327209313035,-2.20034097686265,-1.10087954703304,-1.38015514689225,-1.69507930341991
1,162,2,1,84.807566,85.29486,0.521894660072118,-1.03707586821861,-2.63132069751927,-2.87159755145014,-0.927862371435378,-1.68160760117332,-1.5152599924447
1,163,2,1,85.33992,85.827214,0.675120451532855,-0.890875223341399,-2.11612985978906,-2.54806696751543,-0.816047279458567,-0.933848245736154,-1.39940827602093
1,164,2,1,85.865664,86.352958,0.585802430820094,-1.6592316697941,-2.92420123122345,-2.68167961439874,-0.722085720606646,-1.1347331585632,-1.3291513771087
1,165,2,1,86.397739,86.885034,0.562025300924551,-1.5739910554771,-2.7906112770812,-2.4200039388878,-0.759744235907852,-1.26748165935907,-1.30303470785526
1,166,2,1,86.923059,87.410354,0.568782366117795,-1.36171835134251,-2.90877003148755,-2.68767313182167,-0.819471025442102,-1.07780248179595,-1.4405339500852
1,167,2,1,87.453458,87.940752,0.447793373652652,-1.14933935035125,-2.32173907294087,-2.88529097582271,-1.21780014083051,-1.43630068567754,-1.71924800398335
1,168,2,1,87.985745,88.47304,0.524295981699533,-1.26046419059427,-2.75350610279483,-2.35564258449419,-0.893916762985883,-1.37004336136591,-1.45109821502229
1,169,2,1,88.511236,88.99853,0.547607595644831,-1.2864835020216,-2.80762806855902,-2.76419744071831,-0.858840409031534,-1.22538052772304,-1.3822606765473
1,170,2,1,89.039158,89.526452,0.671089178098779,-0.818646267486597,-2.41024283574509,-2.76968372940337,-0.749848539290638,-1.29950673523604,-1.2561566448206
1,171,2,1,89.563456,90.05075,0.583250003869734,-1.40563872172681,-2.81330173042954,-2.30544749903861,-0.77286043087773,-1.11671294431971,-1.37353154350773
1,172,2,1,90.088093,90.575387,0.644021632542097,-1.30092540221524,-2.6145870772494,-1.69035636133655,-0.693443688260694,-1.090378157518,-1.29186268393974
1,173,2,1,90.611734,91.099028,0.496673229472696,-0.983786819936196,-2.75666947232045,-2.72687341060376,-1.21712443598008,-1.30934009908403,-1.61977237276319
1,174,2,1,91.146082,91.633376,0.635659605387619,-0.750099327644288,-2.46149029687433,-2.28032760479804,-0.987034333917574,-1.15117342208262,-1.44582521118782
1,175,2,1,91.677271,92.164565,0.642807384829932,-0.957091118526105,-2.58385196388493,-2.61850197832689,-0.772774352664011,-1.09985979239722,-1.39558730397062
1,176,2,1,92.20493,92.692224,0.425461590122894,-1.51961285055614,-2.78220370592849,-2.82307615734472,-1.27294779317989,-1.18669250983384,-1.61856467011461
1,177,2,1,92.729998,93.217293,0.580400555159335,-1.22625292677998,-2.71687073002204,-2.92942509377968,-0.882081752034298,-0.963227338104779,-1.56246048078223
1,178,2,1,93.258778,93.746072,0.541250665112691,-0.945496553647758,-2.3526945455812,-2.8029994184935,-1.05208448704676,-1.38221167561392,-1.5081634426427
1,179,2,1,93.783126,94.27042,0.647548289093229,-0.831250977091716,-2.14675449574358,-2.27332639053054,-0.827057133066575,-1.22253241531866,-1.44445149685205
1,180,2,1,94.312559,94.799853,0.535449300476681,-1.06531299944915,-2.63735995002102,-2.63860607925363,-0.975926342262137,-1.18426658686591,-1.75932296357603
1,181,2,1,94.837654,95.324948,0.520098559458131,-1.05599371950409,-2.57500068998652,-2.55659579001758,-1.17107340170417,-1.03294976318891,-1.98065098042568
1,182,2,1,95.362287,95.849582,0.574534268786728,-1.26632650859799,-2.5992248901437,-2.79513668792478,-0.833637122783365,-1.05448169263913,-1.54127183927779
1,183,2,1,95.889836,96.377131,0.519034519927325,-1.05109189885615,-2.52864865197927,-2.78561453595271,-0.972110708394373,-1.51808044170849,-1.48744327727919
1,184,2,1,96.421339,96.908633,0.477429164606118,-1.25455485604446,-2.78105183153243,-2.54162261689425,-1.018857964179,-1.40541064799269,-1.61137089154429
1,185,2,1,96.945907,97.433201,0.546327639939196,-1.4012632787775,-2.76381298862281,-3.04053824375861,-0.826544846371616,-1.14772165249641,-1.54278547925559
1,186,2,1,97.468876,97.956171,0.408530635790456,-1.38901039664163,-2.46728301772285,-2.64324428797415,-1.20391752848673,-1.71223370418623,-1.55589155913814
1,187,2,1,97.99345,98.480744,0.363883476999199,-1.25674166819177,-2.62697241415049,-2.77294887016934,-1.37000124646692,-2.08853250124835,-1.86086477454468
1,188,2,1,98.51746,99.004754,0.476320183940199,-1.03254033579236,-2.62229419361569,-2.87930736167895,-1.05429039649527,-1.77347548577909,-1.70529955674931
1,189,2,1,99.039034,99.526329,0.387617345011795,-1.11935291590516,-2.88241691347875,-2.96938802058195,-1.54681548161823,-1.74419489353165,-1.80568214336428
1,190,2,1,99.568223,100.055518,0.515231169322429,-0.912790522826641,-2.7503010276499,-2.44742044741822,-1.12463794167862,-1.42407630746902,-1.78907064084919
1,191,2,1,100.091618,100.578912,0.483382567243316,-1.36442520888733,-2.73200235656771,-2.83541607056486,-0.95176009202311,-1.27802110902785,-1.77516020198105
1,192,2,1,100.616659,101.103953,0.626563910688665,-0.70980570941477,-1.9152206584965,-2.21436591106558,-1.11498707193151,-1.1530375381591,-1.77917758593658
1,193,2,1,101.141433,101.628727,0.528102236887781,-1.01318222254066,-2.39201658961327,-2.44719785156755,-1.14281853424189,-1.17495296458109,-1.64722243010725
1,194,2,1,101.67248,102.159774,0.519635569643549,-1.32589382336891,-2.81554701536696,-2.53278630307738,-0.913420592479555,-1.29358275056084,-1.42275451414779
1,195,2,1,102.195494,102.682789,0.564098452140187,-1.01365242713177,-2.33759200586124,-2.69620416444789,-0.923730898814465,-1.26805505281486,-1.49158076437045
1,196,2,1,102.721866,103.209161,0.576009689516597,-1.46961194828973,-2.80541647571017,-1.46662759736712,-0.838980965113333,-1.1583027033064,-1.3845209276288
1,197,2,1,103.250495,103.73779,0.556427487739016,-1.24064691894823,-2.72118804989699,-2.61080753348154,-0.931067705596106,-1.05105518440879,-1.43420281476131
1,198,2,1,103.779392,104.266686,0.587363629767206,-1.25678074181627,-2.88613978570738,-2.45427686455503,-0.812395753592802,-1.09621320512479,-1.34304400738779
1,199,2,1,104.306927,104.794222,0.601083066140596,-0.978431810001314,-2.58295270305953,-3.09633781966307,-0.876425577825607,-1.10884544319601,-1.42907161882381
1,200,2,1,104.83219,105.319484,0.619178174012246,-0.924220069316905,-2.89763098599123,-3.12705947349227,-0.8550181540286,-1.06991977977136,-1.49384827068805
1,201,2,1,105.35476,105.842054,0.569089049542277,-1.06435117763751,-2.58535484249091,-2.58800566971651,-0.872928851010666,-1.35735739148005,-1.34013386560625
1,202,2,1,105.877036,106.36433,0.440878553796743,-1.23833113443475,-2.56454237104804,-2.78593051588322,-1.20765618130411,-1.4526158620471,-1.57839293965257
1,203,2,1,106.400173,106.887467,0.575661472627709,-0.915753215575074,-2.54886137751477,-1.6826432535945,-0.997134344267777,-1.48315980677299,-1.38566485272969
1,204,2,1,106.925767,107.413061,0.55636091469874,-1.07470236668386,-1.97107267251084,-2.60143602635919,-1.17504437301844,-0.932510593563301,-1.73470904274599
1,205,2,1,107.448161,107.935455,0.696726318832076,-0.940822736237467,-2.75721524346775,-2.61324889416638,-0.729706881039636,-0.902161869530398,-1.33142677886114
1,206,2,1,107.973597,108.460891,0.6175318073222,-1.12951725461792,-2.46730200334716,-2.63448459629955,-0.757004774799766,-1.17701337216993,-1.26559143050485
1,207,2,1,108.502587,108.989881,0.710139901619702,-0.546119154322994,-1.61837425031141,-1.96684072266696,-0.989810376384991,-1.39422576589107,-1.46496633372977
1,208,2,1,109.035703,109.522997,0.487234337708782,-1.24864371327301,-2.70169847021729,-2.90793615094018,-0.981007442400327,-1.27936538040212,-1.80432722814865
1,209,2,1,109.560035,110.047329,0.459061645009393,-1.2166446248995,-2.86191208247573,-2.96958445248369,-1.07749350460051,-1.43916373165655,-1.63447532504936
1,210,2,1,110.08528,110.572574,0.487404414434651,-1.01070510791197,-2.81358572887116,-2.71763078664874,-1.10067031251303,-1.48183237083724,-1.75212863584676
1,211,2,1,110.615708,111.103002,0.399516497173993,-1.17531797273111,-2.24674420000384,-2.39582535195678,-1.27159101797837,-1.79933349822225,-2.09621105573082
1,212,2,1,111.139154,111.626448,0.474539684309296,-1.10898160623247,-2.65094615662304,-2.92896901570327,-1.13693081119343,-1.34946376342295,-1.75395848356673
1,213,2,1,111.671031,112.158325,0.524865834780471,-0.951878785603195,-2.37343302175515,-2.65893716466279,-1.01945263721891,-1.63988816644835,-1.53228550590304
1,214,2,1,112.197719,112.685013,0.416969424708058,-1.42664145433331,-2.93569615529125,-2.91028886407935,-1.16602097725066,-1.36075565139899,-1.78521311032334
1,215,2,1,112.720068,113.207362,0.508496156313932,-1.01562467001888,-2.76199017200317,-3.14710922278362,-1.05695057890671,-1.40990709861726,-1.57049799666271
1,216,2,1,113.244572,113.731866,0.3810168730037,-1.27471762887123,-2.78094885736382,-2.94660801469974,-1.25123866809793,-1.86107788733729,-1.86505781527211
1,217,2,1,113.768317,114.255611,0.819085196917471,-0.601114678031284,-0.932682501870454,-1.7116330007498,-0.831073648099073,-1.31759074206619,-1.38222626601029
1,218,2,1,114.291072,114.778366,0.649915014060748,-0.706710225925069,-1.29866371815086,-1.8619238908178,-1.09795422089472,-1.45895537542287,-1.63947839441813
1,219,2,1,114.815816,115.30311,0.546740592324176,-1.23541345695725,-2.79393877034906,-2.56391968249944,-0.921813877022703,-1.09321253188948,-1.51141154985497
1,220,2,1,115.341419,115.828713,0.54265138029472,-1.49581314422209,-3.21979298475852,-2.60165925294,-0.851805204373629,-1.11137559421533,-1.43607040330613
1,221,2,1,115.871444,116.358738,0.640409494317208,-1.16733754090558,-2.4231485596426,-2.93146329342531,-0.691187871349159,-1.1171184190697,-1.29237220695163
1,222,2,1,116.406806,116.8941,0.429976454681708,-1.07879476456789,-2.74113869521945,-2.70393415224938,-1.1564021968869,-1.89786683919667,-1.99188913917062
1,223,2,1,116.931489,117.418783,0.418456854881048,-1.12456104466396,-2.83798729857931,-2.9428109017455,-1.16324299572237,-1.99658416685967,-1.97351940955473
1,224,2,1,117.457387,117.944682,0.548976370902016,-1.00205158175884,-2.71797335183201,-2.56627033329412,-0.943687065324556,-1.42786865797364,-1.41359074600383
1,225,2,1,117.982553,118.469847,0.501272543405397,-1.08011074069254,-2.8724476287557,-2.80230287425492,-1.08759646898661,-1.38034506940316,-1.44619087190051
1,226,2,1,118.507103,118.994397,0.533112528393413,-0.948059291111776,-1.92102168143949,-2.33389147054369,-1.0586198104876,-1.58685250770966,-1.48340003662017
1,227,2,1,119.034479,119.521774,0.85759630261739,-0.511539265228638,-0.975217856185054,-1.53492978422482,-0.81266202495934,-1.11239518006962,-1.39243219428797
1,228,2,1,119.561707,120.049001,0.550500394206404,-1.32519300889825,-2.75292356512976,-1.63415660727003,-1.01231181918144,-1.04413624269872,-1.44498179224825
1,229,2,1,120.093099,120.580393,0.535061593631844,-1.42492343003459,-2.87511780078261,-2.59833609084779,-0.96635499332514,-1.00520941545773,-1.47386334303132
1,230,2,1,120.616865,121.104159,0.492724280895664,-1.3248578449676,-2.67212217315614,-2.98650065173811,-1.01471517214375,-1.21332499802518,-1.55809107428319
1,231,2,1,121.141395,121.628689,0.706182057095605,-0.830386266726165,-1.13643591138173,-1.51813789327577,-0.955954015204763,-1.17315061490272,-1.42631397475672
1,232,2,1,121.668454,122.155748,0.585384577493142,-1.24774746932682,-2.92224272525826,-2.95358737259848,-0.79630782626697,-1.1061588644315,-1.38622402116849
1,233,2,1,122.197377,122.684671,0.55352850270231,-1.22215264898153,-2.70633028305664,-3.04365232461851,-0.930366775937763,-1.06035812581591,-1.49162428238821
1,234,2,1,122.720803,123.208097,0.545216048020169,-1.13023057055422,-2.68364781909641,-2.78657411845489,-1.03192130184384,-1.05093023093524,-1.49412442720447
1,235,2,1,123.250851,123.738146,0.479995562266572,-1.42176075298996,-2.78100602541897,-2.43849981351487,-1.0924719014644,-1.15907416244301,-1.51223003454241
1,236,2,1,123.774568,124.261862,0.583366436184431,-1.09997084368956,-2.9300434904201,-2.58408999921252,-0.907760870492048,-1.01782506604328,-1.49531294540109
1,237,2,1,124.30446,124.791754,0.602356646710262,-0.865998668242028,-1.1789358388881,-1.47185378443915,-1.22074661385017,-1.61151546612378,-1.81533350431737
1,238,2,1,124.832591,125.319885,0.389176026561119,-1.68781322314049,-2.6191127899909,-2.96137265987902,-1.04772338806992,-2.1970802920705,-1.60540687965736
1,239,2,1,125.360754,125.848049,0.414977622660411,-0.916064826778194,-2.92528959118346,-2.82398692721053,-1.65218611552619,-1.96503820733766,-2.16272874021061
1,240,2,1,125.889574,126.376868,0.52336223531527,-1.1972824095093,-2.51392399692674,-2.89142577061614,-0.890561255493855,-1.53289124983447,-1.43330336991857
1,241,2,1,126.41986,126.907154,0.448297299909227,-1.17407022074099,-2.70958075786108,-2.89436626342665,-1.20831190416959,-1.40129868809277,-1.67864879342089
1,242,2,1,126.947194,127.434488,0.430065211326306,-1.38777141043305,-3.10600500264716,-2.76625481897554,-1.21665184796839,-1.24556537933109,-1.74732670034306
1,243,2,1,127.480354,127.967648,0.580155980975075,-0.871232630847024,-2.55873000607845,-2.26364189742981,-0.931905891612396,-1.37613654218665,-1.54633399687841
1,244,2,1,128.004259,128.491553,0.549862771030744,-1.14224925146325,-2.86558188608442,-2.32536527507883,-0.837646732185626,-1.43574612310278,-1.43759911484101
1,245,2,1,128.533079,129.020374,0.594587334785794,-0.714053026923322,-2.65979569350164,-2.44792170900744,-1.06359722256738,-1.40332087194093,-1.60729701209405
1,246,2,1,129.057301,129.544595,0.509107509210088,-1.04432735783795,-2.5752942188667,-2.91877284311452,-1.0686781427474,-1.28147431897831,-1.63221826056105
1,248,3,1,130.105969,130.593264,0.477837461631919,-1.10271825932311,-2.73139207568096,-2.72936401622587,-1.20478363204369,-1.24808305276656,-1.68623838086339
1,249,3,1,130.631977,131.119272,0.566419809214996,-1.06220141038435,-2.68018188652174,-2.73728301294326,-0.853485179645877,-1.35895819589766,-1.38654422161093
1,250,3,1,131.157834,131.645128,0.456292642624483,-1.57765654889982,-2.7388850995473,-2.77349328913137,-1.05373104644545,-1.24061395493914,-1.54312323613084
1,251,3,1,131.683635,132.17093,0.562849775686815,-0.946053108194263,-2.58176883033257,-2.52714710231015,-0.925953899172285,-1.40041112749728,-1.48693271400758
1,252,3,1,132.209671,132.696965,0.474963188005484,-1.16518359507658,-2.9609063954844,-2.77505302974478,-1.13339413876893,-1.27343678549727,-1.65075771902904
1,253,3,1,132.73557,133.222864,0.448229431765863,-1.10722142275002,-2.84491748041548,-2.5083895459001,-1.22421611773916,-1.43819269797357,-1.77952299285653
1,254,3,1,133.262858,133.750152,0.521928517984174,-0.82160048057191,-2.62486923732234,-2.76942182162909,-1.24183885619638,-1.42494123818449,-1.78020185485694
1,255,3,1,133.789669,134.276964,0.423021381643445,-1.47787345790641,-2.77816226306217,-2.77509733887767,-1.04486665794453,-1.68944333341482,-1.59978863949876
1,256,3,1,134.312918,134.800212,0.634141573350502,-0.811079502407363,-2.02287559588707,-2.3862741110408,-0.86934691979902,-1.27454149554353,-1.55754337493105
1,257,3,1,134.839363,135.326657,0.558939633851885,-0.81004841938242,-2.49383299376122,-2.8218692412238,-1.0335892491383,-1.48373754980843,-1.77661107041398
1,258,3,1,135.372242,135.859536,0.760570389389527,-0.407531449546912,-2.77001068915614,-2.53546114085012,-1.03615643823461,-1.26251242504934,-1.51290257557168
1,259,3,1,135.897513,136.384807,0.759165663989587,-0.484253132043871,-2.3942899607391,-2.71232414811082,-0.876772204465743,-1.22111400456855,-1.3708902894096
1,260,3,1,136.422329,136.909623,0.582305783402984,-1.08236681854055,-2.02831697729214,-2.71188481436089,-0.897991807939275,-1.07312979728407,-1.53927568583522
1,261,3,1,136.946867,137.434162,0.483516700413113,-0.986424999518089,-2.54218096291047,-2.66222138540168,-1.28198241393433,-1.45736704281356,-1.55631026070591
1,262,3,1,137.480718,137.968012,0.603719816312141,-0.973557774803589,-2.5200035033791,-2.78240409472186,-0.878005595037771,-1.09429807080273,-1.47412601431854
1,263,3,1,138.007668,138.494962,0.638219630322198,-1.02917555238859,-2.60430715897481,-2.61203114965928,-0.780985204972313,-1.01487300049784,-1.42940042033546
1,264,3,1,138.531019,139.018313,0.539027949482825,-0.866647978682437,-2.65752193752291,-2.1772557621348,-1.10451561736669,-1.54761653993531,-1.59630533154784
1,265,3,1,139.055188,139.542483,0.657447261061486,-1.02199837613688,-2.76852085536,-2.65862259981876,-0.696964228297296,-1.13549487283131,-1.30022881771904
1,266,3,1,139.586461,140.073756,0.585278986306732,-0.969317825803502,-2.43054523145416,-2.43932368530701,-0.951071479716392,-1.13018029407811,-1.46229673360362
1,267,3,1,140.115694,140.602988,0.51357181702556,-1.19839668629947,-2.82211724763195,-2.84747500609654,-1.01499847671564,-1.18121683895961,-1.52629470054054
1,268,3,1,140.64223,141.129524,0.50107927738446,-1.35099844097268,-2.80816300335372,-2.67443271586919,-1.10406262623082,-1.02760311716157,-1.59729454490428
1,269,3,1,141.166178,141.653473,0.551944638480498,-1.07362707324796,-2.67181279221956,-2.60285518965246,-0.932729523600095,-1.23038808449988,-1.48782211763895
1,270,3,1,141.692069,142.179363,0.555434494213285,-1.21941068329278,-2.70588004314914,-2.71229813791679,-0.937379063006743,-1.02345098530481,-1.56750144618852
1,271,3,1,142.215536,142.70283,0.47109483380488,-1.20322796756422,-2.61219542312641,-2.55050113340661,-1.1240211845242,-1.33253936080284,-1.6253658352026
1,272,3,1,142.74453,143.231825,0.555915317607034,-1.05144339644013,-2.90467998061316,-2.74749251953122,-0.932237022585568,-1.18519061728781,-1.53537668845715
1,273,3,1,143.269306,143.7566,0.515470204010071,-1.39637789754732,-3.03012172119421,-2.9100365777538,-0.969696698074398,-1.10389500803518,-1.50202184549013
1,274,3,1,143.792224,144.279518,0.515771915306556,-1.079277752356,-2.84255488552956,-2.80607077356343,-1.00753235067095,-1.30260973521859,-1.60066262494955
1,275,3,1,144.319735,144.807029,0.507971278271387,-1.36334639685588,-2.85902389585928,-2.98932678791071,-0.963985349565648,-1.12375305947516,-1.6247201736395
1,276,3,1,144.846343,145.333637,0.47255719254847,-1.45644408168023,-2.82058062275267,-2.9708649938171,-1.02116932476401,-1.24006730255738,-1.54802391499618
1,277,3,1,145.369462,145.856757,0.487452930522145,-1.28121863807937,-2.97740357586399,-2.71541375323211,-1.08862351330148,-1.14582176111586,-1.61425447868234
1,278,3,1,145.896366,146.38366,0.447038549355982,-1.24339521708795,-2.77701042785088,-2.93211048700726,-1.07891170390229,-1.49143219518803,-1.72481770719134
1,279,3,1,146.431187,146.918482,0.541686146423024,-0.777046077727995,-2.54983367431565,-2.88163372107938,-1.1536027852844,-1.62609340507572,-1.71294572541991
1,280,3,1,146.955858,147.443152,0.442586833917722,-1.1031224210672,-2.82032505720161,-2.74879359234957,-1.2069784363853,-1.45092866795772,-1.9874859996644
1,281,3,1,147.480762,147.968056,0.519111337161876,-0.864382271198652,-2.40611275460802,-2.62676169219318,-1.16981337877819,-1.48345282082334,-1.74477423711603
1,282,3,1,148.005492,148.492786,0.518343006572463,-0.972426531455293,-2.5940779737045,-2.75074073407153,-1.00905190589403,-1.54697706785102,-1.60732819453457
1,283,3,1,148.529257,149.016552,0.413970031729835,-1.1011686352639,-2.94889075113154,-2.61879727205855,-1.38700942583092,-1.58205714934637,-1.83377799228029
1,284,3,1,149.054138,149.541432,0.628338054222827,-0.6691551293903,-2.67106624533223,-2.64844641845398,-0.968105073967338,-1.32701576626667,-1.79547052307709
1,285,3,1,149.579232,150.066526,0.45482120481863,-0.990109467410878,-2.52153815600031,-2.79848550495998,-1.31239848263325,-1.53520217552976,-1.77159082399845
1,286,3,1,150.10391,150.591205,0.490680895963828,-0.892087558325746,-2.7030386484086,-2.65753332132208,-1.18803999742773,-1.74752008679384,-1.72173573764784
1,287,3,1,150.626889,151.114183,0.647963561615495,-0.973307047259095,-2.43253751429862,-1.69829953311324,-0.790482942774838,-1.08694357178516,-1.43358289662633
1,288,3,1,151.151599,151.638893,0.539454209610655,-0.883836017514634,-2.64791172571707,-2.2845822125393,-1.2499305944347,-1.15211704418466,-1.67886934728774
1,289,3,1,151.6805,152.167794,0.586376277551123,-1.03146972299085,-2.46337430987841,-2.7599504808334,-0.854424833411675,-1.18657580758854,-1.45427558985084
1,290,3,1,152.210182,152.697476,0.682640969302411,-0.767172460533627,-1.94314501595973,-1.8481593139667,-0.839066023858713,-1.21556686884162,-1.39677074746161
1,291,3,1,152.741183,153.228477,0.507154419946813,-0.936337321998563,-2.77655874049445,-2.98018235823122,-1.17792088366989,-1.25100505631988,-1.9119387934462
1,292,3,1,153.271499,153.758793,0.431825590439287,-1.02181494101,-2.62679688787301,-2.60482172887259,-1.29769328865062,-1.9099424685288,-1.78338765772471
1,293,3,1,153.795034,154.282328,0.782017956148418,-0.53659262685332,-2.15866921612862,-1.73855800301837,-0.810707188217974,-1.06860840798083,-1.33182032786258
1,294,3,1,154.319378,154.806672,0.670021481442194,-0.69997976334867,-2.33812953560493,-2.44912661511795,-0.875870343006858,-1.25432325983142,-1.36187487072934
1,295,3,1,154.84523,155.332525,0.445731944752372,-0.898843299939925,-2.59880352361834,-2.87808567781857,-1.61079387175145,-1.54822491688087,-2.0004962715633
1,296,3,1,155.369553,155.856847,0.698315494284872,-0.614933267272182,-2.10169902164794,-2.74607440365286,-0.884536203635651,-1.27563714969921,-1.35705234699895
1,297,3,1,155.894891,156.382185,0.638756934716034,-0.638278659081239,-2.32302120057459,-2.59148580344332,-1.0622478474838,-1.29041846593475,-1.59791203593736
1,298,3,1,156.424925,156.912219,0.534788845547083,-1.11741217985767,-2.87271541020516,-2.92153324295818,-0.889261469800065,-1.31693003444753,-1.60524881513308
1,299,3,1,156.948537,157.435831,0.515984436876484,-0.949268087701449,-1.9371924867456,-2.55116172154067,-1.22276821125112,-1.27411125040217,-1.83243429083949
1,300,3,1,157.473409,157.960703,0.626108335840247,-0.824769936075434,-2.81744458359073,-2.66611386166851,-0.990779753677208,-0.979392286614855,-1.72759309756657
1,301,3,1,157.99679,158.484084,0.469335280479087,-1.30215883599031,-2.77016800726484,-1.99606198689219,-1.05061922219976,-1.49942141718434,-1.51758636124086
1,302,3,1,158.524659,159.011953,0.462990060840144,-1.22785545256609,-2.93180235284807,-2.96267958049957,-1.10225855785235,-1.31981110500735,-1.71372593925522
1,303,3,1,159.046491,159.533785,0.511014653850731,-1.04729629370325,-2.77882417126096,-2.61549419945003,-0.991230153451336,-1.57091967531314,-1.50158377413478
1,304,3,1,159.577669,160.064963,0.681289101214266,-0.546416452086405,-2.37234756173174,-2.69509152839412,-0.980480366912966,-1.47470008047517,-1.56822216584864
1,305,3,1,160.102394,160.589688,0.689541552391583,-0.52645022189201,-2.53817292002452,-2.49364819468301,-1.06868613592674,-1.24194424076041,-1.70362529848856
1,306,3,1,160.632299,161.119593,0.553441628193445,-1.01918047129684,-2.68552697646547,-2.7287284398536,-0.910713590386791,-1.33843997143563,-1.48869758908602
1,307,3,1,161.154279,161.641574,0.464016239269111,-1.358899457353,-2.77281230604145,-2.63926043856887,-1.0347509174983,-1.34495645711151,-1.62011173412011
1,308,3,1,161.686588,162.173882,0.509249710732149,-1.36158988052883,-2.71774013428878,-2.97040574547489,-0.949475911434441,-1.17851747821132,-1.55875747587943
1,309,3,1,162.211023,162.698317,0.758342221784412,-0.571033875453101,-1.64088748535462,-1.91514735356062,-0.852388642827042,-1.25224535573135,-1.31563247910786
1,310,3,1,162.734866,163.22216,0.593650703683497,-0.88163212692038,-2.07505951971215,-2.85231506848492,-0.948515674240634,-1.23955637649437,-1.54354382241191
1,311,3,1,163.259181,163.746475,0.571488119869719,-1.04687514020598,-2.82887966703321,-2.86515762200506,-0.855163364543168,-1.27580861938437,-1.46196223683929
1,312,3,1,163.784887,164.272182,0.542163958891476,-1.26177533648992,-2.34164083251844,-2.09318267827953,-0.911847153156586,-1.17129688492835,-1.50862466380436
1,313,3,1,164.309991,164.797285,0.497942207108196,-1.45700224157211,-2.68848908524574,-2.83828320854755,-0.930903017424879,-1.23910081908656,-1.52149324648122
1,314,3,1,164.832933,165.320227,0.530669711889931,-1.22662393123648,-2.83441265810812,-2.76713083874365,-0.885399461919077,-1.28233901160252,-1.49544677311261
1,315,3,1,165.357466,165.844761,0.52035034114335,-1.36017875115304,-2.75275575672026,-2.79288124303276,-0.882202020877115,-1.2328842786196,-1.52386484178957
1,316,3,1,165.886082,166.373376,0.545032720326866,-1.26033788708195,-2.55733528511338,-2.8053330926518,-0.814690128024194,-1.39040707455336,-1.4271258799056
1,317,3,1,166.41787,166.905164,0.624716985982426,-0.680146384376212,-2.07464214933094,-2.58054921935521,-1.11105732794894,-1.26639942745264,-1.58334104543645
1,318,3,1,166.948845,167.436139,0.792336161190694,-0.538362630077216,-1.34994976038729,-1.22130899757282,-0.93748691145595,-1.32746810567348,-1.48330602582035
1,319,3,1,167.478029,167.965323,0.511223030301932,-0.712647984892438,-2.863337931842,-2.52319285133009,-1.51615936575579,-1.70175417631124,-2.19796550321372
1,320,3,1,168.003207,168.490501,0.457401803839738,-0.922651537480221,-2.583722765562,-2.80556851337032,-1.21563907635752,-2.01276234193718,-2.06594074094012
1,321,3,1,168.529598,169.016892,0.513390366848257,-0.844223662989518,-2.26574841649078,-2.54792368287911,-1.11141569217123,-1.88150644270912,-1.86660785139101
1,322,3,1,169.055645,169.542939,0.535909815367554,-0.742544749540357,-2.40077039259504,-2.56114862699237,-1.26644367968196,-1.59196765686188,-1.85638183329527
1,323,3,1,169.580162,170.067456,0.660071353253921,-0.625927328364778,-2.30712248623474,-2.77657533122537,-1.13650461360748,-1.01163702141117,-1.86436932254394
1,324,3,1,170.10472,170.592015,0.618523489639116,-0.816498738045947,-2.4092953849919,-2.45534135997339,-0.850256751976514,-1.34465322803078,-1.52279272290783
1,325,3,1,170.633291,171.120585,0.589357930880959,-0.765519610974847,-2.72303375795181,-2.60055444689944,-1.11696039472825,-1.16498661826296,-1.71953476039893
1,326,3,1,171.158749,171.646043,0.662282662162838,-0.857988452453337,-2.32698902476604,-1.78621352263725,-0.838166074187142,-1.09166719560355,-1.40281579216345
1,327,3,1,171.685042,172.172336,0.531717701365282,-1.16229542699103,-2.76293041808326,-2.85591886120598,-1.05388162479464,-1.04171911557067,-1.59682501731454
1,328,3,1,172.20869,172.695984,0.528358246448352,-1.03210992318851,-1.38497701718787,-1.69999288627532,-1.17007082838294,-1.55418665839056,-1.8581817784604
1,329,3,1,172.736078,173.223373,0.947149395664197,-0.471352954665151,-1.45497869738631,-0.575993334388635,-0.903660569541688,-1.14232352488945,-1.52569881087217
1,330,3,1,173.262257,173.749551,0.674916401707328,-0.730088757066155,-1.19312590879709,-1.22409025277929,-1.36998717026639,-1.42384114369687,-1.7833027112831
1,331,3,1,173.786943,174.274237,0.727649852007983,-0.517130169708646,-2.41014528104925,-2.43337278428611,-0.860330148631929,-1.42516567535873,-1.4291884925452
1,332,3,1,174.310005,174.797299,0.554717146598535,-0.813358929285313,-2.56167794749075,-2.74086012559234,-1.09072749348126,-1.38301585462519,-1.80639367796135
1,333,3,1,174.837509,175.324804,0.648168773549027,-0.519246489266317,-2.61901517739208,-2.58231280393553,-1.36192828395321,-1.46587309351874,-1.60086279828421
1,334,3,1,175.362741,175.850035,0.611273185013612,-0.827717494043854,-2.51745710483954,-2.8203781956016,-1.31887857111795,-0.827148580008115,-1.85675814395914
1,335,3,1,175.889461,176.376756,0.586413841506699,-0.850789574941589,-2.51649212392713,-2.604922175914,-1.04412266970466,-1.14924849408342,-1.53580978187189
1,336,3,1,176.419594,176.906888,0.603950213037519,-0.693266962482115,-2.6091976909676,-2.68266606422908,-1.35192000035114,-1.07303109248794,-1.7141921011059
1,337,3,1,176.950901,177.438195,0.435445035990935,-1.30107428197936,-2.9678624121511,-2.93571844176375,-1.22806792492982,-1.24753221252117,-1.76057782090389
1,338,3,1,177.472413,177.959707,0.491676604072665,-0.884695023779354,-2.94428279400291,-2.26530115034166,-1.25970539660498,-1.63237868429656,-1.70316162959803
1,339,3,1,178.000525,178.48782,0.600735661294715,-0.678009946826407,-2.62238283706845,-2.65199098402696,-1.10205094976054,-1.63699625489152,-1.47168838722287
1,340,3,1,178.529109,179.016403,0.533746156094939,-1.13529542406661,-2.67277810487044,-2.93617438316764,-1.0284474519003,-1.03508887308617,-1.82602766974172
1,341,3,1,179.050123,179.537417,0.538220319673171,-1.1798196721919,-2.75721559178197,-2.95493185965674,-1.03184209940204,-1.00072020006396,-1.74213113284782
1,342,3,1,179.579945,180.067239,0.503094773977864,-1.35453258501332,-2.68625960508326,-2.58712603430702,-0.951055268118637,-1.27999867859716,-1.4756753935577
1,343,3,1,180.104616,180.59191,0.465603649556219,-1.09118210046092,-2.85527974195474,-3.19891616059044,-1.34146928877825,-1.15443723027908,-1.91715475827811
1,344,3,1,180.63035,181.117644,0.451480764843606,-1.2858440617007,-2.62981426101665,-2.50158536031243,-1.12264585068379,-1.51637210857144,-1.53337523635013
1,345,3,1,181.161273,181.648567,0.512173174254017,-0.848246250673887,-2.5430478536117,-2.66383027903174,-1.422272367976,-1.34406767372687,-1.76453123114125
1,346,3,1,181.6857,182.172994,0.626728171998274,-0.743541218875468,-2.36577328555207,-1.31627221897361,-1.08762206930745,-1.5670289694006,-1.47782541156825
1,347,3,1,182.211183,182.698478,0.603064796000726,-0.747093817746102,-1.91837988963292,-1.328064237441,-1.24841292745101,-1.62586868939522,-1.62662833998292
1,348,3,1,182.737168,183.224462,0.622081235016516,-0.583330212554681,-2.59738569380812,-2.43655250079524,-1.09615712556473,-2.08074219935282,-1.70109386220571
1,349,3,1,183.260741,183.748035,0.767066349645261,-0.448802441506162,-2.67598969697705,-2.36316145567005,-0.862381801924102,-1.37468232023152,-1.43861977080488
1,350,3,1,183.792468,184.279763,0.598344089931975,-0.857044714415156,-2.6318218747198,-2.61745501307335,-0.895345060208521,-1.2881241144656,-1.52282326576904
1,351,3,1,184.325011,184.812305,0.638144691921414,-0.982534169816444,-2.29957810700256,-1.41967734730494,-0.850810435675594,-1.15080558192286,-1.39940150262448
1,352,3,1,184.845555,185.332849,0.54262931491415,-1.22364768251344,-3.06810283195315,-2.51659547903978,-0.93423092986527,-1.09370164193936,-1.59157082756079
1,353,3,1,185.36984,185.857134,0.672218165814311,-0.67112714141589,-2.54144644470375,-2.69755788106429,-0.910517890341289,-1.15514408604668,-1.44342977582906
1,354,3,1,185.899923,186.387217,0.495370362252935,-1.59667336097847,-2.8659653087375,-2.96762417494119,-1.02741828063461,-1.07932201332354,-1.48160545419532
1,355,3,1,186.424544,186.911838,0.630509812167905,-0.832607942327457,-2.62884692184686,-2.12537938721906,-0.908978713543698,-1.10789712942135,-1.56827300708286
1,356,3,1,186.956969,187.444264,0.618350315259417,-0.835926835373106,-2.48676600277475,-2.49687477812662,-0.891827501905787,-1.1882682148008,-1.51394641465685
1,357,3,1,187.485706,187.973,0.594356861044052,-0.826015656611521,-2.61330433911431,-2.72080668515278,-1.01479616455142,-1.17137931679889,-1.53449755443466
1,358,3,1,188.013545,188.500839,0.613516817566393,-0.844259695970931,-2.63127334846131,-2.57516924293629,-0.904649157194255,-1.21796915085045,-1.42314792178797
1,359,3,1,188.539305,189.026599,0.512485642806188,-1.25193314298984,-2.73650445734293,-2.80943411988498,-0.993941691934997,-1.19086273650047,-1.48365982072947
1,360,3,1,189.065211,189.552506,0.516775393439099,-1.14725502032834,-2.83672738400678,-2.82236601931115,-1.02422133305852,-1.21007207953738,-1.53911473275721
1,362,4,1,190.113343,190.600638,0.647339077048506,-1.02804910118534,-1.61139270465285,-1.08451707605904,-0.933599312981704,-1.26217219433556,-1.48862519333506
1,363,4,1,190.645215,191.132509,0.360397053059165,-1.22476941400693,-2.7046966223751,-2.88051847883424,-1.40278097964243,-1.78636519389826,-2.30358460663276
1,364,4,1,191.17076,191.658055,0.428533647593474,-1.17965210947098,-2.87446455735802,-2.82255774983416,-1.10090239485002,-1.78302724229762,-1.94205596928878
1,365,4,1,191.701671,192.188965,0.455905899025273,-1.45977047182211,-3.01352211579274,-2.54334580619235,-0.947925030109928,-1.67247504441502,-1.54545291162734
1,366,4,1,192.224927,192.712221,0.461819546981456,-1.15363897009507,-2.64131441748892,-2.81272759335825,-1.07699478913979,-1.60785751980081,-1.63896885856591
1,367,4,1,192.752809,193.240103,0.743934855739028,-0.752910778133059,-1.79400723336789,-1.22713906252887,-0.79521662341998,-1.08122536896567,-1.39915515652613
1,368,4,1,193.278957,193.766251,0.679585115762894,-0.660705734635341,-2.41513880610327,-1.78034790098738,-0.952391745849623,-1.13427072543164,-1.55364561719784
1,369,4,1,193.803299,194.290593,0.590992068329772,-1.22093324532362,-2.75858260795777,-1.68526930000822,-0.867038433450242,-1.06192210422712,-1.4376407855529
1,370,4,1,194.329105,194.816399,0.623345021079227,-1.2547271963233,-2.81227307251458,-1.39793480217187,-0.859771142181838,-0.946564632417174,-1.51813496626199
1,371,4,1,194.856786,195.34408,0.468782421085845,-1.07409808803944,-2.7800041515435,-2.69077497603891,-1.21822348213252,-1.40380824890818,-1.61417577975599
1,372,4,1,195.381302,195.868596,0.688785174975935,-0.827677941518106,-2.36793469573453,-2.19063676681827,-0.746532706279783,-1.16901830215245,-1.23957587726703
1,373,4,1,195.912748,196.400042,0.757760516372458,-0.726989341906041,-1.44176052180022,-1.47396843309346,-0.79438095764475,-0.975189450890247,-1.45752068609013
1,374,4,1,196.438605,196.925899,0.662611924277391,-0.699624081679392,-2.07187245562378,-2.43152086188446,-0.937554594129262,-1.1768960984504,-1.47349408797366
1,375,4,1,196.968195,197.455489,0.598795528436725,-1.31788888682275,-2.87840061294955,-2.7031928520866,-0.763805880272941,-1.06864192998251,-1.35768705112998
1,376,4,1,197.500176,197.98747,0.58546690827165,-1.28853032657345,-2.62343896198001,-2.95337473439228,-0.89556105171672,-0.898653238804543,-1.59823210305747
1,377,4,1,198.027561,198.514855,0.682867546146964,-0.681831430049818,-2.39857555826528,-2.88136796008212,-0.834800305633108,-1.22768820104925,-1.38719550294188
1,378,4,1,198.55674,199.044034,0.521177374852315,-1.0017465712128,-2.57984285523969,-2.60387436226836,-1.03206848575934,-1.48948707768256,-1.47620405356252
1,379,4,1,199.084425,199.571719,0.55061173191254,-1.30361264371412,-2.93854627977261,-2.75641103820741,-0.811753381065711,-1.30759031864356,-1.39120828251049
1,380,4,1,199.609943,200.097237,0.505498858454736,-1.37303868943806,-2.71400268061346,-2.85145768968178,-1.04643333377123,-1.06771789449226,-1.54267266652248
1,381,4,1,200.141471,200.628765,0.490531655349377,-1.35230512924932,-2.82206215375469,-2.70814196278901,-0.972478135551429,-1.29464359580781,-1.52530773673251
1,382,4,1,200.666462,201.153756,0.590867650025114,-1.16854576051984,-2.58343726391584,-2.36395429459616,-0.784881451096551,-1.19819689100914,-1.39661312541854
1,383,4,1,201.194995,201.68229,0.541810568197684,-1.09965354344109,-2.47680028022907,-2.42967221855176,-0.961673919297156,-1.27360706632366,-1.43157957221191
1,384,4,1,201.720334,202.207628,0.592273812268691,-1.11999204075978,-2.39031153955823,-3.05851651609665,-0.798113182547586,-1.23003398379271,-1.34656504852492
1,385,4,1,202.245537,202.732831,0.546727657180054,-1.33505595091712,-2.71225135996808,-2.38127581000528,-0.896720861654882,-1.11558860199886,-1.44399297968014
1,386,4,1,202.772487,203.259781,0.666462133737225,-0.661824650137222,-1.99016384830843,-2.07658079462237,-0.947056834847032,-1.43415819703197,-1.40830945431348
1,387,4,1,203.303449,203.790743,0.721174206706119,-0.502724878183855,-2.31142261097662,-2.62523823525307,-1.04282547526542,-1.22795457288166,-1.41766556149645
1,388,4,1,203.825988,204.313282,0.399219590432312,-1.13282463500778,-2.71386306506281,-2.67318873301382,-1.31040940324239,-1.76935545539318,-2.13625154592616
1,389,4,1,204.353078,204.840372,0.421746827265631,-1.39852484090794,-2.97420160899512,-2.96548626126703,-1.06815621849153,-1.72418467536005,-1.6992496056865
1,390,4,1,204.878972,205.366267,0.820753519547591,-0.343848908016122,-1.27674412375689,-2.0568757136089,-1.09865991442236,-1.57721528578252,-1.67774494960752
1,391,4,1,205.403342,205.890636,0.66400573542493,-0.529380607736566,-1.95418572736917,-2.03626965827327,-1.19129284894713,-1.67674277495338,-1.62102830054211
1,392,4,1,205.92604,206.413334,0.618255504531341,-0.906527410569639,-2.11460036927902,-2.69458198938401,-0.807416661126873,-1.35799819502815,-1.39692626769003
1,393,4,1,206.453334,206.940628,0.521589552608956,-0.996574914537346,-2.67515180149782,-2.7368578707809,-0.992560562925954,-1.54991991774517,-1.53845396442786
1,394,4,1,206.979114,207.466408,0.438320934345676,-1.10840666993753,-2.70463567421501,-2.72751491554852,-1.14829270862785,-1.67831968199677,-1.98152009664299
1,395,4,1,207.502668,207.989962,0.574477622563582,-0.726501919707516,-2.3662991694112,-2.55512903491772,-1.23728468794788,-1.31904861355551,-1.69064037571395
1,396,4,1,208.037119,208.524414,0.634627898178403,-0.771929959421903,-2.43072376874513,-2.26795601743426,-1.05113781913327,-0.998274639461424,-1.54145666615465
1,397,4,1,208.559955,209.047249,0.50268661915555,-1.15817232354262,-2.57344152999236,-2.68736968944448,-1.10606229403783,-1.15733357029399,-1.62003817278096
1,398,4,1,209.086158,209.573452,0.500503558900425,-1.26087680545414,-2.42047755290977,-2.92194814671041,-1.07012355657667,-1.12546551917063,-1.59832867365803
1,399,4,1,209.612638,210.099932,0.609387449305699,-0.754946240887847,-2.44129927659768,-2.78627192777568,-1.01591456441277,-1.21217325981373,-1.561728441995
1,400,4,1,210.135663,210.622957,0.658279319603139,-0.598550846524389,-2.32860263632899,-2.5703310632467,-1.11526795195413,-1.1530856738279,-1.65374829852082
1,401,4,1,210.660411,211.147705,0.632251325344515,-0.782561549832184,-1.66336125135636,-1.93286578166144,-1.02448494178582,-1.19189091239664,-1.5714162559462
1,402,4,1,211.189271,211.676565,0.572688884666972,-1.05054564837961,-2.12568821350884,-2.89742076960247,-0.960085534191905,-1.08519871220602,-1.65526702037122
1,403,4,1,211.713999,212.201293,0.59556573738448,-0.883352474322106,-1.55932098105992,-2.20682712589963,-1.06754345543024,-1.19269856969127,-1.62005321085587
1,404,4,1,212.243777,212.731071,0.647860397113428,-1.0669937153715,-2.81299516927259,-2.05908527538647,-0.783353720239238,-0.945275623705639,-1.44972693395556
1,405,4,1,212.768602,213.255897,0.691171979427099,-0.680091950201363,-2.08862138265208,-1.87748672772299,-0.967009159137268,-1.04998220872145,-1.56530445589013
1,406,4,1,213.299262,213.786556,0.679761822319048,-0.693973191839409,-2.1678653832961,-2.26962525752805,-0.900934711441537,-1.35509967710788,-1.27593118041806
1,407,4,1,213.826664,214.313958,0.56709475525541,-1.05666681753558,-2.46636030399835,-2.59574705826286,-0.964700038864908,-1.08852221113854,-1.57186191685892
1,408,4,1,214.353949,214.841243,0.682550900796732,-0.741393050397254,-1.64256432524174,-1.96929455045622,-0.864320375413566,-1.15045644300519,-1.48945313779399
1,409,4,1,214.880909,215.368203,0.440440881417365,-1.05873858409256,-2.14013080577916,-2.29792788379356,-1.26763379813748,-1.64836093660958,-2.12732372023913
1,410,4,1,215.413782,215.901076,0.524910477878788,-1.03827917770867,-2.14113835428415,-1.11687759000728,-1.49491423488447,-1.47287949395668,-1.83682538710068
1,411,4,1,215.940365,216.427659,0.611170591283018,-0.776430421571652,-2.60780060990337,-2.50433447157157,-0.917100512017152,-1.38263955979343,-1.49236275862168
1,412,4,1,216.463192,216.950487,0.634640132120925,-0.840142197904691,-2.275778163795,-2.12565594568891,-0.868551998520399,-1.21597285509865,-1.41147324992676
1,413,4,1,216.989495,217.476789,0.638852343475228,-0.741521454319128,-2.70830886701131,-2.3064692572051,-0.926033007488362,-1.21474708678483,-1.46891341517549
1,414,4,1,217.520047,218.007341,0.547995694809004,-1.17545156098663,-2.62239655999026,-2.79752171427469,-0.896649336725402,-1.15351915718531,-1.56922349338088
1,415,4,1,218.045968,218.533262,0.639699683941815,-0.714199092833444,-2.66085238062609,-2.88572799385391,-1.00474298307377,-1.10416035868786,-1.61616184175421
1,416,4,1,218.576053,219.063347,0.650320556563715,-0.75152414630986,-2.02311933137158,-2.83164688392355,-1.0475164409038,-1.0244037722803,-1.47810967769217
1,417,4,1,219.100979,219.588273,0.683416067540855,-0.58459518143379,-2.4030561311427,-2.72702718567391,-1.01055058116815,-1.21618243736689,-1.5067067471662
1,418,4,1,219.627198,220.114492,0.661989907041914,-0.789400077192566,-2.09665553509832,-2.4831996211133,-0.865944553432288,-1.09332973497165,-1.48434752819681
1,419,4,1,220.152534,220.639828,0.54995503686873,-1.08046313206587,-2.31698608390327,-2.26942577761172,-1.1716902880023,-0.999701566016599,-1.51612962823151
1,420,4,1,220.676129,221.163423,0.499354475621524,-1.1795222540955,-2.43190192009227,-2.74852317782501,-1.20971100955561,-1.02561666093416,-1.77939676991424
1,421,4,1,221.202399,221.689693,0.552976720259761,-0.86525815657726,-2.31599371149851,-2.5369736747044,-0.983068021106814,-1.68015474172451,-1.55960406452784
1,422,4,1,221.732079,222.219373,0.522855031533425,-1.0093959872574,-2.5874392350775,-2.61849990358015,-1.03239414895701,-1.37150629336587,-1.53776973441311
1,423,4,1,222.257551,222.744845,0.592083266075094,-0.71956196362689,-2.48211352278697,-2.67085499641431,-1.09691714167672,-1.37449876905279,-1.60409441923155
1,424,4,1,222.788119,223.275413,0.445336609028279,-0.963169361438252,-1.91606248680617,-2.89441638537694,-1.41859852770512,-2.11116107927592,-2.03394507357892
1,425,4,1,223.323988,223.811282,0.625785076358205,-0.870937165897946,-1.53430414017394,-1.9622441562506,-1.05705988417759,-1.10725720111819,-1.55153894191693
1,426,4,1,223.849595,224.336889,0.59822230167994,-1.03954527024182,-2.33362668895662,-1.64996811520451,-0.928375539727456,-1.08126069506613,-1.62106002225545
1,427,4,1,224.381864,224.869158,0.702316149488776,-1.15188016596791,-2.67375057807383,-1.19999558596131,-0.763017202126322,-0.913138357629626,-1.35207680417184
1,428,4,1,224.906664,225.393958,0.561878795888336,-1.12555046179637,-2.64400727080544,-2.07897204748543,-1.00511838124033,-1.00821899085274,-1.60510250086409
1,429,4,1,225.428706,225.916,0.50475353499302,-1.22894985621298,-3.03039259036966,-2.26488032253682,-0.974682408839022,-1.35719099319581,-1.50020565754758
1,430,4,1,225.955524,226.442819,0.578450810797969,-1.12268886447237,-2.55627610253719,-2.28424028563189,-0.889652224760266,-1.05714235080855,-1.55808875837131
1,431,4,1,226.480434,226.967728,0.603019958158248,-1.05846632337391,-2.51541263341777,-2.63390475489324,-0.791525916524739,-1.2370526145112,-1.36119242749976
1,432,4,1,227.007719,227.495013,0.846730581139493,-0.303089646896566,-1.92909351793891,-2.36421044158176,-1.03862487377371,-1.36701081663384,-1.38848302134515
1,433,4,1,227.536716,228.02401,0.745842404362094,-0.549087447923428,-1.80607508797387,-1.40500651445905,-0.939899879192537,-1.27974794346398,-1.57167796752877
1,434,4,1,228.070204,228.557498,0.940502689243226,-0.434525678371093,-0.706662776521764,-1.32602911826781,-0.892737733284204,-1.2937433868551,-1.36065399042636
1,435,4,1,228.599652,229.086946,0.771727586579453,-0.490633426558738,-2.36834387555684,-2.55647855883352,-0.839566675496667,-1.07068234174145,-1.63879195062409
1,436,4,1,229.138009,229.625304,0.457777384585426,-1.32904833316673,-2.55645347613819,-2.82286653721672,-1.11959272034437,-1.24249681766228,-1.7192691318604
1,437,4,1,229.665758,230.153052,0.403725225084267,-1.27063757398361,-2.73534235895399,-3.05065793334824,-1.39218753582028,-1.28062766284364,-2.06103887627119
1,438,4,1,230.195445,230.682739,0.617361670401843,-1.00302117120535,-2.80738814993432,-2.49495507990556,-0.882207884469446,-0.952599053223023,-1.59840274250679
1,439,4,1,230.720272,231.207566,0.480980664336732,-1.06743988206391,-2.8939353782608,-2.92613767777021,-1.12817895076556,-1.37404915877411,-1.71390235615939
1,440,4,1,231.244105,231.7314,0.600257325252668,-0.832309869000322,-2.74352595327856,-2.4196522443131,-0.983805258813417,-1.16395484081436,-1.5734308836482
1,441,4,1,231.770001,232.257295,0.392246078061201,-1.37806816546751,-2.88162539557897,-2.92543392613283,-1.50874690816383,-1.24152918505717,-1.81681376039572
1,442,4,1,232.296896,232.78419,0.717362119753654,-0.865701215623303,-1.44694116421135,-1.57974124493244,-0.782011941143793,-0.996949225502389,-1.49614910753904
1,443,4,1,232.821889,233.309183,0.465839393416379,-1.14696304014275,-2.57343431293597,-1.94026520036175,-1.17546736254578,-1.56095397357079,-1.61863590555769
1,444,4,1,233.348623,233.835917,0.538795559075724,-0.856191561842869,-2.47806561096328,-2.70816873196194,-1.12312347434186,-1.54985824934058,-1.49617144644546
1,445,4,1,233.869846,234.35714,0.980432279430088,-0.380200432541105,-0.787826683418193,-0.975326341007224,-0.836349724365824,-1.2152090332358,-1.4391051320247
1,446,4,1,234.393634,234.880928,0.365515203685552,-1.2045562685173,-2.43361466933234,-2.79007607960066,-1.43831651909261,-2.07086159947768,-1.92404095072128
1,447,4,1,234.917397,235.404691,0.574570505598675,-1.00029286892995,-2.39291604043425,-2.65053337147753,-0.910164856463826,-1.17442155822534,-1.56941662827554
1,448,4,1,235.443222,235.930516,0.731772522249974,-0.591122773019307,-1.05826151508322,-1.65089708239506,-1.06673899756355,-1.56691404087407,-1.54903804294914
1,449,4,1,235.969592,236.456887,0.921134597317436,-0.607394150462622,-0.709763150089145,-0.695199037206214,-1.04425688028072,-1.32770527519284,-1.6816681721903
1,450,4,1,236.497813,236.985107,0.355410128444199,-1.22974957624577,-3.02431265023205,-2.77419418542983,-1.47885507898949,-1.74177605762882,-2.18416554417583
1,451,4,1,237.023301,237.510596,0.652512423375299,-0.628949573075293,-2.44087083638581,-1.94395456575498,-1.16225122310937,-1.31516473611007,-1.42813974032556
1,452,4,1,237.548422,238.035717,0.560491888466053,-0.767258425457949,-2.36382763709387,-2.50574964000149,-1.217164163935,-1.34761537096356,-1.83098592386212
1,453,4,1,238.076679,238.563974,0.58160384204386,-1.03658956217361,-2.68455607630305,-2.91945113841057,-0.928697675129819,-1.02238863131162,-1.64425584882557
1,454,4,1,238.605256,239.092551,0.446453969676082,-1.07490003912102,-2.68457512614359,-2.77718003161043,-1.31191407435091,-1.50851218677861,-1.65005427608303
1,455,4,1,239.128517,239.615811,0.445611394568049,-1.11742085546844,-2.9700152090832,-2.91630273414015,-1.30779757483342,-1.33814065897889,-1.69178047231581
1,456,4,1,239.656334,240.143628,0.56164634429804,-1.00079039571685,-2.7401753195895,-2.245100386914,-0.908193359849444,-1.43998532182449,-1.3902776031871
1,457,4,1,240.186916,240.67421,0.534108789230405,-1.19942742219465,-2.71149631854416,-2.79907081272438,-0.928479511189895,-1.14340360448302,-1.65914355832035
1,458,4,1,240.70971,241.197004,0.588264313843568,-1.00244408142317,-2.71306065551514,-2.93860997863234,-0.943565433853349,-0.9786000447799,-1.84322068844899
1,459,4,1,241.241091,241.728385,0.499742266247888,-0.951442695003682,-2.5156208548971,-2.9950182527103,-1.23655388145423,-1.33791239462322,-1.73729898623257
1,460,4,1,241.766364,242.253659,0.680614493031588,-0.929802779083196,-2.32064237895092,-2.45367118896725,-0.738592284978682,-0.991588506571121,-1.39460666908126
1,461,4,1,242.289639,242.776933,0.603428060257384,-1.09729569739514,-2.40539848411569,-1.8093440796517,-0.95895034808791,-0.916965330225452,-1.63239969193196
1,462,4,1,242.815473,243.302767,0.386318457167511,-1.38577749258547,-2.82924978678093,-2.89116203846063,-1.26570836959147,-1.49524487960106,-1.88098940099166
1,463,4,1,243.341695,243.828989,0.436387939614195,-1.580225002797,-2.94944971544488,-3.05934895804391,-1.20918628559962,-1.09931970414232,-2.02068395927016
1,464,4,1,243.871789,244.359083,0.37922184701944,-1.38265093350554,-2.7372442229137,-2.84690468360718,-1.32698750647113,-1.57256440001661,-1.76180414198473
1,465,4,1,244.397656,244.88495,0.423198516173055,-1.35800820094389,-2.74983752706077,-2.89803596209944,-1.1881868563144,-1.3730815824364,-1.75981476283502
1,466,4,1,244.933748,245.421042,0.532648143103276,-0.887839026765071,-2.34538806211465,-2.30577105239321,-1.08040938298426,-1.6249917346578,-1.70948041630434
1,467,4,1,245.457662,245.944956,0.405723779292341,-1.31048177270347,-2.64777321476553,-2.38384707471709,-1.14449222217089,-2.3666622092622,-1.71817488457464
1,468,4,1,245.983215,246.470509,0.577488321032238,-1.00383776164851,-2.21442440819196,-2.3001468159975,-0.922612784838569,-1.16791339019069,-1.67314417864923
1,469,4,1,246.516821,247.004115,0.623552002671412,-0.928790359156091,-2.7677147336483,-2.76655942397796,-0.822859650848208,-1.1285331720058,-1.48348682690547
1,470,4,1,247.04683,247.534124,0.581512194848,-1.02460996585612,-2.71351291030215,-2.92806913077078,-0.830350700821766,-1.20686235725142,-1.65152221735214
1,471,4,1,247.57475,248.062044,0.519599531496686,-0.929005635308184,-2.43976211974056,-2.45112901190736,-1.05702585275411,-1.75168468395074,-1.55238679296135
1,472,4,1,248.097958,248.585253,0.663226735813449,-0.639371116177663,-2.44686261701538,-2.17609998927077,-1.01610783381434,-1.34811753957745,-1.39673686780296
1,473,4,1,248.623749,249.111043,0.652438794623159,-0.739533497319401,-2.36634755224791,-1.66398961767581,-0.931463785643106,-1.32231763529708,-1.39922663245608
1,474,4,1,249.153346,249.640641,0.694456644652908,-0.884860291487122,-1.46084968267614,-1.40257793432205,-0.867117461728167,-1.13031437792645,-1.44600084747447
1,480,1,2,252.315897,252.803191,0.639027394826341,-0.690029239848132,-1.93962258714847,-2.3821437235387,-0.973227321512291,-1.5849498530393,-1.58910855937978
1,481,1,2,252.846315,253.333609,0.436662489536715,-1.05933030516683,-2.77854329152533,-2.72494512351333,-1.14155069670526,-2.05172631077201,-1.88638259846486
1,482,1,2,253.369424,253.856718,0.437103227076606,-1.02433986240202,-2.63862018034968,-2.73775224403624,-1.17647080422033,-2.05525429224752,-1.9341649173342
1,483,1,2,253.899911,254.387206,0.459833265428365,-0.937178637005354,-2.76972062479136,-2.70223585322743,-1.19952981970528,-1.88099947884721,-1.98413262360267
1,484,1,2,254.424676,254.91197,0.497580757503158,-0.805495448318205,-2.82878126275234,-2.78006708769129,-1.2182383671239,-1.9141288425832,-2.02749920947415
1,485,1,2,254.955006,255.4423,0.354316810062213,-1.19416669606443,-2.51654527585379,-2.98647902706501,-1.47362834545861,-1.88914597052778,-2.31575660114396
1,486,1,2,255.478828,255.966123,0.544075677664294,-0.654830864960349,-2.28348137723901,-2.2481889217358,-1.48834405801103,-1.91924166103276,-2.0943770406748
1,487,1,2,256.001428,256.488723,0.434909194745597,-1.20853638953214,-2.459926041896,-2.84173556172592,-1.23684183682051,-1.3990582695196,-1.7768812949213
1,488,1,2,256.527583,257.014877,0.477481219837606,-1.13617326029176,-2.7043811205586,-2.85281061040274,-1.04329847013699,-1.50376271107044,-1.62419036026071
1,489,1,2,257.058561,257.545856,0.478618193542892,-1.30087871405896,-3.0776244616906,-2.7430304825667,-0.94617539950712,-1.45648628293153,-1.61114975875694
1,490,1,2,257.581568,258.068862,0.619225819699963,-0.709180658943427,-2.78516041019631,-2.73063465447212,-0.949182827725198,-1.44153646583991,-1.52064724847935
1,491,1,2,258.106893,258.594187,0.501189915854121,-1.09824132329344,-3.02645732211581,-2.61500138248867,-1.00888258232211,-1.4600157326876,-1.55516052296823
1,492,1,2,258.631406,259.1187,0.446106777970792,-1.10889928126671,-2.88312153502571,-3.00681873799957,-1.15961734387707,-1.58938675118191,-1.76081534262436
1,493,1,2,259.155569,259.642864,0.519008700684705,-0.92433234942946,-2.41911289279696,-2.54242190912262,-1.07146688397529,-1.47146487937464,-1.73488336555578
1,494,1,2,259.679926,260.167221,0.438134652856861,-1.37226840109356,-2.93446512200665,-2.6773980446664,-1.04350251865658,-1.61949419403179,-1.60311933202327
1,495,1,2,260.212454,260.699748,0.527414183927325,-0.86410339337633,-2.82700864906425,-2.58438368075324,-1.06106887972127,-1.56102336537018,-1.75929130581443
1,496,1,2,260.737822,261.225116,0.519812247676385,-0.877343538801031,-2.94306706413381,-2.72754958255617,-1.10444192007814,-1.44548324758893,-1.8329772890269
1,497,1,2,261.264981,261.752275,0.536905648860237,-0.788237400296753,-2.41869039065882,-2.66398349641719,-1.24123574774906,-1.42410951969347,-1.76872395225296
1,498,1,2,261.791435,262.278729,0.557641194300222,-0.792477100248363,-2.44118737609526,-2.69380246313055,-1.03758913119958,-1.6520496050142,-1.67525031375677
1,499,1,2,262.314768,262.802062,0.50622546591529,-0.977102891740661,-2.96230532535535,-2.46512097045624,-1.04919659916931,-1.52340808747876,-1.68781865782386
1,500,1,2,262.837565,263.324859,0.359871277664413,-1.32565647606419,-2.71917103556543,-2.8991708225486,-1.37415251957261,-2.01762027161023,-1.72512964565047
1,501,1,2,263.370051,263.857345,0.525185236318337,-1.3453026442129,-2.87403293747606,-1.82041738575199,-0.885902826523494,-1.28935513763759,-1.67805684238929
1,502,1,2,263.904151,264.391445,0.536800010619614,-1.07450081238569,-2.15141097953705,-1.60327353579805,-0.970221269756986,-1.93126544658078,-1.44216131514529
1,503,1,2,264.434895,264.922189,0.426429711773392,-1.22238523656363,-2.77629528367182,-2.8250469383466,-1.20557436384611,-1.78320973139429,-1.5750294911195
1,504,1,2,264.965847,265.453141,0.561837148897969,-1.04168313889363,-1.49383767662379,-1.78673374052237,-1.01233911432052,-1.66595659309236,-1.42869881188919
1,505,1,2,265.493469,265.980763,0.542129433030167,-1.33580951240075,-2.55335541474282,-2.72446339817938,-0.85049381252672,-1.29767046721156,-1.35910229252162
1,506,1,2,266.015808,266.503102,0.544182942421751,-0.883507316033207,-2.62522389238945,-2.75250910487904,-1.19411753899848,-1.1491643726225,-1.75200045114329
1,507,1,2,266.540441,267.027736,0.551697106108195,-0.901771587778319,-1.88844097284778,-1.89177609923297,-1.26294178986537,-1.19652306778567,-1.73503899309366
1,508,1,2,267.069404,267.556698,0.486723338507947,-1.17468520644296,-2.56688527795894,-2.74959574610564,-1.15658702793843,-1.16041051297465,-1.72186210250271
1,509,1,2,267.602962,268.090256,0.642741489555174,-1.07579923310976,-2.42669297462353,-2.30852478621669,-0.802010448524693,-0.950642362623114,-1.42132045408202
1,510,1,2,268.132314,268.619609,0.499315722344727,-1.08574445255821,-2.86667935228138,-2.83340677701698,-1.11333633847589,-1.32980099357013,-1.48565704878663
1,511,1,2,268.659571,269.146865,0.645180110558032,-1.09034368478124,-2.85332127184429,-2.56064794775296,-0.735823363035746,-1.04829544384581,-1.30388271763161
1,512,1,2,269.187637,269.674931,0.559104762275559,-0.89235906188789,-2.60646265504997,-2.28539031278322,-1.08647389401655,-1.26850418401795,-1.55262565818175
1,513,1,2,269.711628,270.198922,0.779301309172201,-0.63961585525721,-1.52511118622686,-1.53429831451585,-0.842664131414821,-0.936393391233646,-1.51478483768988
1,514,1,2,270.235718,270.723012,0.796642350838453,-0.626312760356929,-2.03387240531291,-1.70485032318931,-0.690414355130547,-0.999650326587291,-1.36259137396202
1,515,1,2,270.76301,271.250304,0.721009330235184,-0.680225382652576,-2.73471430646044,-2.38650111223975,-0.783818470398865,-1.02465608128819,-1.47668471948403
1,516,1,2,271.287251,271.774545,0.615079177100433,-0.828178617637293,-2.56707958673453,-2.62860735142074,-0.905715133489158,-1.24606766963577,-1.46433089962852
1,517,1,2,271.809563,272.296857,0.71273108533474,-0.60284844490478,-2.46059075027026,-2.70392417927476,-0.853828122032308,-1.16492658546753,-1.43500439509117
1,518,1,2,272.335399,272.822694,0.726158775700425,-0.613855169774563,-2.45896862810848,-2.90687822944707,-0.804637563285262,-1.12483635409344,-1.40902038429016
1,519,1,2,272.858774,273.346068,0.782570180655416,-0.545983695187956,-2.2680295215989,-1.40895967074318,-0.749831266891715,-1.29827273157577,-1.37662578465715
1,520,1,2,273.384378,273.871672,0.696804497767856,-0.902629509854094,-2.154473751919,-2.74484515118926,-0.634574592910377,-1.28910810948276,-1.23403228118183
1,521,1,2,273.906397,274.393691,0.521784468404226,-1.32949206000298,-2.92711071469929,-2.32698282201169,-0.884958336539405,-1.39593987879479,-1.41141316312469
1,522,1,2,274.435211,274.922505,0.601136062956124,-1.15022178221578,-2.75370979306796,-2.95674099686454,-0.781749961293725,-1.13300649495208,-1.38807726554565
1,523,1,2,274.960438,275.447732,0.414371873793008,-1.2987345406175,-3.06271019012395,-2.93569254165281,-1.25200874438961,-1.39190764484765,-1.73578602250287
1,524,1,2,275.48342,275.970714,0.663166679921894,-0.575874866372256,-1.97639729461577,-2.15157723419995,-1.07384985815706,-1.33612098087789,-1.8004370574245
1,525,1,2,276.008351,276.495646,0.436957118411148,-1.06775463390668,-3.04062607040481,-2.7799532485373,-1.20465384834861,-1.81664961969659,-1.74670752353171
1,526,1,2,276.533254,277.020549,0.427884393769858,-1.30434720800495,-2.62379847812851,-2.64991382582238,-1.11060100065176,-1.5570342002236,-1.79475572779732
1,527,1,2,277.067269,277.554564,0.507850793585964,-1.58825907821832,-2.71961506218773,-1.61140077489013,-0.929078698103607,-1.34114153249611,-1.45307020197799
1,528,1,2,277.591446,278.078741,0.483921589153962,-1.57784339257589,-2.64428012959727,-2.66120346390945,-0.923177211924651,-1.33316266654239,-1.50001537947909
1,529,1,2,278.113309,278.600603,0.467218630196649,-1.51403758187808,-2.81643439851026,-2.8404954036394,-1.00890163671226,-1.29124735053436,-1.52476281203897
1,530,1,2,278.636889,279.124184,0.548993115865881,-0.911361344365388,-2.54619707222999,-2.66209118495693,-0.994959998536658,-1.33022096259074,-1.693075780111
1,531,1,2,279.158285,279.645579,0.473161502391382,-1.02846738641398,-2.71086509539463,-2.65496325123907,-1.1086448065857,-1.75749983869244,-1.64353475441628
1,532,1,2,279.689067,280.176361,0.496193486282722,-0.953956675694338,-2.32383170480856,-2.86164136959077,-1.11663420049897,-1.64870920826671,-1.75952071438505
1,533,1,2,280.21355,280.700844,0.557771390063878,-1.18637696104263,-2.69811351543137,-2.59759073560653,-0.913539649325888,-1.09914802436344,-1.48984746683895
1,534,1,2,280.749001,281.236295,0.497190284677975,-1.02992500781751,-2.4366907694734,-1.98238421687955,-1.05950777369804,-1.64117460039616,-1.68413808914199
1,535,1,2,281.278278,281.765573,0.453455918501928,-1.22994345624059,-2.19724056152715,-2.81962260067329,-1.10100335162108,-1.64141738580674,-1.65636460079943
1,536,1,2,281.804272,282.291566,0.494425723096921,-0.860592183494979,-2.09631675405466,-2.6035430835304,-1.32137326472078,-1.59818147850145,-1.86108956735959
1,537,1,2,282.327805,282.815099,0.521730606020134,-0.882103615307054,-2.49353907077463,-2.79333012496841,-1.0647316447024,-1.5492500736186,-1.80871055397695
1,538,1,2,282.852711,283.340005,0.545701524359156,-1.22895771308714,-2.32411016617731,-3.0113056294375,-0.909132438398619,-1.07283896101102,-1.672182603636
1,539,1,2,283.380911,283.868205,0.382541680192624,-1.15438724756303,-2.62657566426766,-3.00359533832418,-1.35561896505587,-1.79391604982599,-2.17887778949056
1,540,1,2,283.910699,284.397993,0.51090426535502,-1.34043813563549,-2.42475839086365,-2.88397608561312,-0.890851778858643,-1.34907478899444,-1.49499784522132
1,541,1,2,284.444942,284.932236,0.4868486109139,-0.83085157299813,-2.43134116285903,-2.61814181096922,-1.251969216909,-1.82932090895667,-2.07860151234384
1,542,1,2,284.969047,285.456341,0.476046107519438,-0.945674357156914,-2.21444876631279,-2.72900556830222,-1.14788475674786,-1.85554075083255,-1.82125078515548
1,543,1,2,285.492054,285.979348,0.476812020862555,-1.10870734970946,-2.43163802767875,-2.87311451127172,-1.09858319388367,-1.41472627801373,-1.72801986251073
1,544,1,2,286.021606,286.5089,0.609545576531038,-0.868613078971477,-2.65559451193579,-2.72843175028086,-0.849184452884964,-1.28239155537295,-1.49815108110484
1,545,1,2,286.550242,287.037536,0.621931939198761,-1.14894462936258,-2.35819341127688,-2.78997328979445,-0.736743352438495,-1.13826002585136,-1.32109615823985
1,546,1,2,287.075748,287.563042,0.516137363883785,-0.990720188922743,-2.6535544755434,-2.66012113409094,-1.12642975076638,-1.29582235677962,-1.58315149182995
1,547,1,2,287.603409,288.090704,0.505272462850778,-0.864208982773353,-2.37826366603937,-2.52766358436378,-1.11934344521073,-1.88880977949986,-1.82944256383509
1,548,1,2,288.127595,288.614889,0.465622486935444,-1.0166609092254,-2.63125595922031,-2.91713316942247,-1.23410734254772,-1.46528674171437,-1.74040503588983
1,549,1,2,288.653867,289.141162,0.51444333690627,-1.31763205155008,-2.82706940567897,-2.79057325910607,-0.939119518486354,-1.18584618268957,-1.54908870263506
1,550,1,2,289.177374,289.664668,0.536808792406484,-1.59606898352617,-2.80488548097204,-2.87843770025217,-0.794852442985496,-1.29230243910951,-1.36134244825463
1,551,1,2,289.705768,290.193062,0.512019308003808,-1.21721194159487,-2.63340308295473,-2.67450345004784,-0.923943780088797,-1.35858960022644,-1.54579665838665
1,552,1,2,290.23169,290.718984,0.512631727087344,-0.983524944492134,-2.45429281894442,-2.20199586329745,-1.08962836541628,-1.4247281378261,-1.64921939137739
1,553,1,2,290.757588,291.244882,0.523219666142811,-1.36779048961288,-2.84296005171149,-2.43533409640138,-0.919691369227715,-1.18159016995652,-1.45055941823078
1,554,1,2,291.282308,291.769602,0.600588598855477,-0.891400148918383,-2.36649818879787,-2.1686267112223,-1.01234899358447,-1.06030796830686,-1.70991725978306
1,555,1,2,291.810376,292.29767,0.425255544004643,-1.56562537008934,-2.84280269325012,-2.15152144592606,-1.21545111265186,-1.2857626108687,-1.58848963994651
1,556,1,2,292.333067,292.820361,0.524800362327171,-1.11894817341897,-2.57383426748325,-2.46112750065557,-0.918635132047558,-1.43606053393357,-1.56304186268984
1,557,1,2,292.856743,293.344037,0.516910316329482,-0.995223912120992,-2.64043540741856,-2.18177588508911,-1.09858765244704,-1.32611426370506,-1.67441874529349
1,558,1,2,293.379444,293.866738,0.439208005537474,-1.53323445667373,-2.72357404915276,-2.73856374366633,-1.05548147675901,-1.42248915518049,-1.51750033392293
1,559,1,2,293.912398,294.399692,0.418239156548267,-1.2789209910268,-2.74483130438216,-2.86526757016678,-1.21186562689583,-1.6072179590419,-1.56913639831318
1,560,1,2,294.433498,294.920792,0.497670536316765,-1.40452652547804,-2.72811695742206,-2.98243775477872,-0.900509262018435,-1.33347316708096,-1.52838735956934
1,561,1,2,294.960671,295.447965,0.478586453198421,-1.3094682838823,-3.00862893099704,-2.6597134250834,-0.980333369977587,-1.41901750866707,-1.54270745529142
1,562,1,2,295.488585,295.975879,0.444469620140517,-1.23579663463955,-2.79365757098206,-3.17672030554327,-1.15448171720125,-1.36491090051671,-1.73727359850811
1,563,1,2,296.013871,296.501166,0.449680963616151,-1.34969602256985,-2.941447492031,-2.95480101429749,-1.03961749900789,-1.43937585332741,-1.64509175590279
1,564,1,2,296.542053,297.029347,0.440540901753488,-1.32264941777929,-2.88893769409819,-2.37978790191362,-1.08742229218939,-1.47644905132686,-1.68614065253115
1,565,1,2,297.067058,297.554352,0.494707076483854,-1.08305947944474,-2.79790455771356,-2.73093435551159,-1.02606384698498,-1.44261286506735,-1.6324685236182
1,566,1,2,297.590028,298.077322,0.528035230912374,-0.975963995531356,-2.71638675727315,-2.93854454011784,-0.994464816986898,-1.42973142858613,-1.58794955290339
1,567,1,2,298.115324,298.602618,0.507818536337675,-1.21869037697437,-2.7939140661083,-2.45562048905904,-0.958362031675395,-1.28940601847159,-1.59384957743803
1,568,1,2,298.64052,299.127814,0.744063542432726,-0.654788377301384,-1.2387814411028,-1.57752658570421,-0.878934431123511,-1.2478380825316,-1.40358746217564
1,569,1,2,299.171568,299.658863,0.677345734829253,-1.01971342994167,-2.44406310658441,-1.31733594596518,-0.726054329586479,-1.14497342410212,-1.34411324559026
1,570,1,2,299.6998,300.187094,0.595031241343344,-1.19596972273493,-2.71339324410903,-2.56789683358803,-0.807147723633708,-1.11301125002582,-1.32637933985632
1,571,1,2,300.229563,300.716858,0.532218406587113,-1.45334181065096,-2.79993947348799,-2.91224772493718,-0.883436405951451,-1.09548185163575,-1.53455510252675
1,572,1,2,300.754565,301.241859,0.641093289287836,-0.959204809759206,-2.58414864676327,-2.30620342468274,-0.785896093294652,-1.14473369218203,-1.29990347748157
1,573,1,2,301.279109,301.766403,0.548299628601608,-1.3130328346124,-2.91235826769778,-2.74082666539338,-0.845200635257964,-1.16392091023776,-1.4688152459338
1,574,1,2,301.803909,302.291204,0.587520557246677,-1.11735759661104,-2.69458035459723,-2.39971390774566,-0.81690241846837,-1.17570837343525,-1.41158498771526
1,575,1,2,302.328834,302.816129,0.481951721205449,-1.55971306826588,-2.88989090927352,-2.74527980931939,-1.0100093500746,-1.1392041977353,-1.57607303484099
1,576,1,2,302.85936,303.346654,0.526305228975392,-0.884410459652521,-2.11787776440458,-2.68062277137242,-1.10593327524282,-1.51956858315841,-1.76435657532166
1,577,1,2,303.385659,303.872953,0.410217746478178,-1.4556687143752,-2.65786565866605,-2.66566470862257,-1.12476527473286,-1.55008516031702,-1.69807401945651
1,578,1,2,303.912862,304.400156,0.410487463778963,-1.34690141860688,-2.79758879686222,-2.83187415142712,-1.15638619578899,-1.54196508667685,-1.80115312206718
1,579,1,2,304.449418,304.936712,0.99067267647224,-0.243350742825833,-1.02940112360552,-1.0348027364759,-1.05036647262468,-1.440620740455,-1.46206542737945
1,580,1,2,304.982634,305.469928,0.494134236188532,-1.33096409865779,-2.49105776732281,-2.95471913270427,-0.908402712377239,-1.47401090118341,-1.50641802041167
1,581,1,2,305.50806,305.995355,0.463372882368488,-1.40431459426728,-2.76617361728274,-2.58060040327652,-0.992805708171197,-1.4206309961764,-1.57677272139109
1,582,1,2,306.031847,306.519141,0.612215268377201,-1.0872225286076,-2.50041069349117,-1.90436479378241,-0.802431780785019,-1.1715431724881,-1.37700632493556
1,583,1,2,306.559431,307.046725,0.673845605072454,-1.05275865671293,-2.51726210046454,-1.76309713492814,-0.679099853860875,-1.12972019932483,-1.28108112758439
1,584,1,2,307.084481,307.571775,0.554130965351812,-1.45407686261465,-3.09053133239176,-2.13698222877786,-0.796643393506302,-1.24753670665439,-1.40411613201301
1,585,1,2,307.611374,308.098668,0.505293825025012,-1.49909620002852,-2.86687780314843,-2.6946629680496,-0.877788071469701,-1.30788971089591,-1.49285931048441
1,586,1,2,308.134991,308.622285,0.528966150121615,-1.16447210116484,-2.89557875844617,-2.52467710255287,-0.882885320443659,-1.67532539181,-1.3463205388465
1,587,1,2,308.657444,309.144738,0.568415911496154,-1.20766638508621,-2.88619654689521,-2.96362419652578,-0.83342793295446,-1.11864093108608,-1.54177678142943
1,588,1,2,309.183552,309.670846,0.506673141284309,-1.2948589736008,-3.11935188212246,-2.54878296165121,-0.896390407061274,-1.69476082601988,-1.34629682323134
1,589,1,2,309.706268,310.193562,0.596116991763607,-1.42718746633773,-2.69131811518964,-2.92402254424605,-0.682137421114377,-1.29643729128794,-1.29200083781657
1,590,1,2,310.231273,310.718567,0.55962977277967,-1.17427910840801,-2.68983651843296,-2.87703357621585,-0.797011666337403,-1.48008687703746,-1.34908977663144
1,591,1,2,310.754623,311.241917,0.515819380789076,-1.10195974722302,-2.54031327943018,-1.97602328947805,-1.06493733892499,-1.2496374969923,-1.72100316450391
1,592,1,2,311.28167,311.768964,0.478489693972017,-1.16964359869509,-2.29744818702926,-2.0157407339114,-1.08456517984929,-1.82649807744621,-1.47604063933638
1,594,2,2,312.332772,312.820066,0.655884365075679,-0.718234217833612,-2.52749575238237,-2.65118705975835,-0.835008234938705,-1.66142932047491,-1.3239463300132
1,595,2,2,312.856173,313.343467,0.722912386683008,-0.824345861558728,-1.94831215315246,-1.42351343052433,-0.70535381121593,-1.32768625380418,-1.25042824243578
1,596,2,2,313.380461,313.867755,0.775814701739229,-0.64545897184438,-1.63728531655213,-1.45886656159012,-0.737481386629695,-1.17854580279622,-1.30375428905948
1,597,2,2,313.915284,314.402578,0.516640174992065,-0.906462852284429,-3.01215422283032,-2.61800821529431,-1.15439089499546,-1.42639322472381,-1.58012333305441
1,598,2,2,314.447314,314.934608,0.496563588694804,-0.878244485196601,-2.41260946286579,-1.89546430810725,-1.26982846057159,-1.73989813638064,-1.81952977260342
1,599,2,2,314.97248,315.459774,0.551041628531252,-1.31449183339687,-1.96798235883743,-2.57082228381052,-0.879319290291642,-1.17496322503371,-1.51005042611999
1,600,2,2,315.501889,315.989183,0.602249175039951,-0.992029975675796,-2.61015891282752,-2.55313663419964,-0.843070936343488,-1.19760772456809,-1.42539634441396
1,601,2,2,316.032738,316.520032,0.508403397452348,-1.48816510194334,-2.84454990042947,-3.0059601591716,-0.863110051088757,-1.37839072022368,-1.41824232390072
1,602,2,2,316.557504,317.044798,0.501337630094603,-1.39603199774463,-2.31776070200535,-2.14062994573122,-0.931490858593336,-1.35167504352617,-1.5136197637346
1,603,2,2,317.08641,317.573704,0.745948088556912,-0.626905308704378,-1.92022176190006,-2.23339039613748,-0.754818725401066,-1.43967240606266,-1.21171543240036
1,604,2,2,317.621904,318.109198,0.527217740490004,-1.66826633655862,-2.69859185323886,-2.93705884337618,-0.861398098079541,-1.14723011260606,-1.40368186210959
1,605,2,2,318.147818,318.635113,0.553451082877201,-1.57973891845312,-2.97881374261454,-2.20492559141646,-0.791916119689986,-1.20780055147431,-1.38258524118468
1,606,2,2,318.672377,319.159671,0.659645565075637,-0.770131345058331,-1.79474587674628,-2.28130432199386,-0.88113994137614,-1.31617774739756,-1.37715320546908
1,607,2,2,319.195728,319.683022,0.363197607491317,-1.67401490080762,-2.96863332751152,-2.65036428208742,-1.13337411890948,-2.36215709707353,-1.6579338766577
1,608,2,2,319.727653,320.214948,0.395580226568601,-1.08669707356852,-2.28962493216182,-3.15326004229028,-1.35142758039149,-2.07806330122517,-2.02484100376616
1,609,2,2,320.259585,320.746879,0.36933053342651,-1.48742574302054,-2.04045153178076,-2.81082081067892,-1.199756235182,-2.05348093468819,-1.83189449353899
1,610,2,2,320.784859,321.272153,0.377716802972879,-1.51924820170302,-2.3574914913138,-2.95515935586892,-1.16516336221905,-2.17185047354661,-1.7133987294366
1,611,2,2,321.311,321.798294,0.467933762554123,-1.11852285879119,-1.5306474384636,-2.64755611819439,-1.19438594676287,-2.06274628797217,-1.70183780069852
1,612,2,2,321.835865,322.323159,0.504942551282469,-1.28428715035823,-2.39792146829394,-2.63035805629604,-0.972649226671255,-1.24681755357109,-1.57415215454097
1,613,2,2,322.36981,322.857104,0.614963394216476,-1.04624435478235,-1.38702816718312,-0.958441136687003,-1.21342455187848,-1.54505199531299,-1.81005313302844
1,614,2,2,322.895258,323.382552,0.507433000519402,-1.17144532740011,-2.42662660863153,-2.91942511172216,-0.985553989279139,-1.28145813310506,-1.63946756071235
1,615,2,2,323.423684,323.910979,0.608891707414123,-1.0703780356504,-2.05278663400047,-2.43685625042263,-0.807569406993754,-1.28370397149386,-1.33568023490365
1,616,2,2,323.947544,324.434838,0.540817947909776,-0.922590007555903,-2.27320709944961,-2.59922760800537,-1.002865901302,-1.44670901639689,-1.68472983361956
1,617,2,2,324.480731,324.968026,0.466089265823238,-1.2738047519916,-2.53294973598388,-2.63428632264245,-1.01191662723002,-1.64201986133942,-1.5778991086902
1,618,2,2,325.005109,325.492404,0.451790201986555,-0.976412160576991,-2.51413922406104,-2.74193508641678,-1.25144083166227,-1.72338312193428,-2.01631817519281
1,619,2,2,325.531507,326.018801,0.314028500718722,-1.67719975115556,-2.48675482071312,-2.95269335670867,-1.33073035005536,-1.89831419986516,-2.17480311586522
1,620,2,2,326.064305,326.551599,0.495902562482088,-0.921775935876077,-2.28284395230155,-2.46781319276372,-1.1504890088063,-1.72980697719749,-1.88060089877094
1,621,2,2,326.601944,327.089238,0.440794713055384,-1.08639876515078,-2.92915220664252,-2.73219540326377,-1.1946518125075,-1.7576555879435,-1.8803987775097
1,622,2,2,327.124923,327.612217,0.522166489360601,-0.932361219830224,-2.33324426940742,-2.74939007846661,-1.05632203521105,-1.52189271874126,-1.66492438690518
1,623,2,2,327.649711,328.137005,0.500178756054391,-1.18983262804063,-2.63412918067062,-2.89855422459077,-0.992286882512815,-1.41038585376995,-1.51601443221545
1,624,2,2,328.175118,328.662412,0.501441283405399,-1.29922247274383,-2.5159141238048,-2.76022172596772,-0.908979736694105,-1.48288287308528,-1.45791174085121
1,625,2,2,328.70612,329.193415,0.844131497983631,-0.437629918954431,-1.16701650225011,-1.3826627256726,-0.982926249836776,-1.36023048138546,-1.42392182918912
1,626,2,2,329.233703,329.720997,0.573239231251399,-1.036849237622,-2.56921757136211,-2.54724709410195,-0.868140500360492,-1.36231409073577,-1.38406950927693
1,627,2,2,329.759234,330.246528,0.521894629795171,-1.3089316759395,-2.72555864693669,-2.06896669492342,-0.909151624601015,-1.32053562082804,-1.44646404899538
1,628,2,2,330.285173,330.772467,0.514347511850286,-1.36699618846971,-2.86273208932412,-2.76337745824924,-0.903782485028526,-1.30886943307276,-1.44826023364088
1,629,2,2,330.812932,331.300226,0.608283663708913,-1.19828306775847,-2.45401709181081,-2.15723786626101,-0.728443189155695,-1.35268705946978,-1.28859053923729
1,630,2,2,331.337986,331.82528,0.517619133803941,-1.17387200139069,-2.46955409510466,-2.49791927494504,-1.00663986187881,-1.26583471925353,-1.45050159076301
1,631,2,2,331.868618,332.355912,0.56604570283128,-1.03684355618525,-2.11034615876917,-2.39299757174901,-0.882976702970935,-1.40562573476572,-1.42241346412204
1,632,2,2,332.396949,332.884243,0.604458561186295,-0.959834074699259,-2.37104840033918,-2.38544228746541,-0.848854884607066,-1.24455963168998,-1.43746456431045
1,633,2,2,332.922867,333.410161,0.531146567317462,-1.29632704312479,-2.17748121511134,-2.61633228522157,-0.99789588264974,-1.04137090799256,-1.61391733139989
1,634,2,2,333.447845,333.935139,0.621949656638933,-0.793070642179307,-1.96093155066809,-2.42995043958778,-0.949329302839528,-1.29394077675935,-1.5303863887773
1,635,2,2,333.972228,334.459523,0.589999572828972,-0.931477243097777,-2.06044764678786,-2.37003424396392,-0.892845658473873,-1.34779508739999,-1.49673646507444
1,636,2,2,334.496852,334.984146,0.625698622250081,-0.80060941812034,-1.81208307468129,-2.46997611300467,-0.961956491738352,-1.22669661774505,-1.48076714508518
1,637,2,2,335.021366,335.50866,0.627397124783187,-0.873488649190102,-1.68393654064813,-2.60102757658949,-0.945381833256508,-1.1845959591848,-1.38768210029297
1,638,2,2,335.550582,336.037877,0.530387931966366,-1.20645864107265,-2.38802028143345,-2.49438410865171,-0.964406090136226,-1.13242469108685,-1.67379082319338
1,639,2,2,336.082203,336.569498,0.610230283732794,-0.922600620724603,-1.97755441069065,-2.67804852281849,-0.924571208631069,-1.20968190835984,-1.36001496098087
1,640,2,2,336.608762,337.096056,0.583616204776681,-0.938708623087927,-2.2944198114989,-2.89217641967179,-0.884910760530245,-1.30993324742991,-1.46984417018173
1,641,2,2,337.133845,337.621139,0.526059162897798,-1.18510890230085,-2.95395844320117,-2.7561556616337,-0.890865987505927,-1.36252982879898,-1.50898153170717
1,642,2,2,337.672583,338.159877,0.554911179861046,-1.49124455573217,-2.34826330703914,-3.10579688380354,-0.809466783795073,-1.10494241558233,-1.52929348403614
1,643,2,2,338.203486,338.69078,0.768763505914317,-0.68538897864829,-0.977606485237241,-1.98317878450325,-0.874852726065014,-1.20994173426594,-1.31939384103667
1,644,2,2,338.727145,339.21444,0.447191056241948,-1.1577508757895,-2.68503315779846,-2.65479512290756,-1.11360438709785,-1.58423201962774,-1.79890268294282
1,645,2,2,339.25467,339.741965,0.489317381417706,-1.28205119703402,-2.65892503648324,-2.6422570359603,-1.01634999846779,-1.25964894726455,-1.59872546663099
1,646,2,2,339.781783,340.269077,0.475577208625908,-0.92375564289088,-2.70110132413659,-2.83900978837201,-1.49473605366432,-1.2675129572961,-1.902955111944
1,647,2,2,340.313916,340.801211,0.694524264939181,-0.745332799310109,-2.06954013151578,-2.02827683034799,-0.904947637599228,-0.930095510573207,-1.59073971962251
1,648,2,2,340.841187,341.328481,0.672268844267916,-0.748050404682271,-1.69943325967464,-1.67767684796195,-0.957365274555231,-1.30380402118712,-1.39513845380109
1,649,2,2,341.366321,341.853616,0.435299696879401,-1.26340747473465,-2.98273988458737,-2.99189286078523,-1.19316006399783,-1.34637509946872,-1.78739509823076
1,650,2,2,341.894015,342.381309,0.558196701256135,-0.670579532331238,-2.47768045416488,-2.4762524366617,-1.43906539671268,-1.69380188570072,-1.79991388291205
1,651,2,2,342.420598,342.907892,0.614468715091119,-0.98021494865295,-2.70170428122919,-2.77385003928711,-0.919504863330833,-0.921451163642019,-1.61699643621191
1,652,2,2,342.971725,343.459019,0.548724277474504,-0.744988073867894,-2.63389588004843,-2.92088106987799,-1.33390498029237,-1.26725774506002,-1.92174208166169
1,653,2,2,343.504901,343.992195,0.600182007296991,-0.80829359512232,-2.54726112316237,-2.57915821432885,-0.951762830600483,-1.26139169585273,-1.56949240113495
1,654,2,2,344.03658,344.523874,0.574065796167425,-1.0272583943788,-2.54129790589935,-3.04110019016296,-0.952937982850484,-1.05459217628525,-1.58769270021391
1,655,2,2,344.567317,345.054611,0.555121504752013,-1.08420990406977,-2.87217175799945,-2.70720514849718,-1.00389854913494,-1.02312021098842,-1.61745342702692
1,656,2,2,345.099884,345.587178,0.548973719233255,-1.39437959514536,-2.71419105912384,-2.75468721505199,-0.850817206444179,-1.17055910718581,-1.36462796140102
1,657,2,2,345.628783,346.116077,0.597667645255477,-0.987872793103898,-2.77750715302562,-2.88827047818136,-0.922157711063754,-1.00297428856671,-1.56817249189587
1,658,2,2,346.153363,346.640657,0.560952723576576,-1.35626051813885,-2.95042212710104,-2.93061599417463,-0.843026290334407,-1.06323748728841,-1.48717414305231
1,659,2,2,346.677288,347.164582,0.543461536277316,-0.862474301364222,-2.06177701831767,-2.60995184829453,-1.11707053546761,-1.56838233780764,-1.58396378419405
1,660,2,2,347.202501,347.689795,0.510560831919163,-1.11360937889669,-2.66372668442813,-2.90092953709532,-1.06192656131188,-1.25226363299349,-1.5009916108739
1,661,2,2,347.732518,348.219812,0.555659840241295,-0.683570315354284,-2.62160971982778,-2.69593866625455,-1.21020676277628,-2.24243609811923,-1.68142030376157
1,662,2,2,348.258235,348.745529,0.690897949145811,-0.687694479634098,-1.48718667170651,-2.71213019566036,-0.865007945816387,-1.29643493560033,-1.44545013368189
1,663,2,2,348.79544,349.282734,0.532576682614694,-0.795042012256054,-2.34464937043464,-2.64311751335815,-1.16528195353759,-1.68151252511838,-1.80459527407966
1,664,2,2,349.320468,349.807762,0.994226228884007,-0.92087851522369,-0.805226768640486,-0.291786559057658,-1.06497559059484,-1.40048037840528,-1.61967563469246
1,665,2,2,349.845947,350.333242,0.394110867290234,-1.27006450266131,-2.80838319931153,-2.97582818343768,-1.44024797164188,-1.33229521100243,-1.94486581793792
1,666,2,2,350.366497,350.853791,0.481420829845456,-1.23846324889751,-2.73829952975985,-2.94912034407254,-1.09948321532807,-1.2042455779628,-1.66280874022637
1,667,2,2,350.9019,351.389194,0.528309389956593,-0.894788512049486,-2.60224616652954,-2.54977394581034,-1.10012160389668,-1.6154069269649,-1.47783848864163
1,668,2,2,351.426387,351.913681,0.577680466039857,-1.22085598452816,-2.84913290724059,-2.72338421650636,-0.75794102767911,-1.35534663691624,-1.32037147555215
1,669,2,2,351.951455,352.438749,0.556315701225152,-0.90000748653896,-2.49102214019115,-2.56235342191521,-0.9754564847938,-1.60047437227131,-1.38731198617381
1,670,2,2,352.478371,352.965665,0.501570632799548,-1.10237187580597,-2.74998253914952,-2.62448486526494,-0.99608975396497,-1.71218463991015,-1.38602166234465
1,671,2,2,353.004218,353.491512,0.503126509499184,-1.17168075033909,-2.935168137168,-1.79550135327171,-1.07499196554234,-1.18833961376301,-1.95453284560465
1,672,2,2,353.533369,354.020663,0.458810914987227,-1.15011248572333,-2.77904621197078,-2.43632119601865,-1.23764350093195,-1.374789443488,-1.62680728631177
1,673,2,2,354.057642,354.544936,0.404433420825783,-1.47095065405761,-2.98368319867217,-2.50300850967823,-1.22723408519956,-1.3958093771163,-1.68519097373171
1,674,2,2,354.584873,355.072168,0.499792289537684,-1.42925658997343,-2.76587971084056,-3.01345411681763,-0.929827599815373,-1.24604420502014,-1.53938900585642
1,675,2,2,355.115933,355.603227,0.424761261777644,-1.33893667489001,-2.79344362645364,-2.7871088812838,-1.08758395173089,-1.85596861357163,-1.58823172971111
1,676,2,2,355.638725,356.126019,0.37973851002616,-1.56372245483059,-3.01776607249451,-3.01035115471799,-1.36916544933384,-1.2635220896778,-1.92510731152575
1,677,2,2,356.16617,356.653465,0.816257689864083,-0.477603895081198,-1.3055840190041,-0.980603722682313,-1.16679173367203,-1.26865715377968,-1.67851045264884
1,678,2,2,356.691954,357.179248,0.450688638820926,-1.06908650984254,-2.74811854079279,-2.56980288280687,-1.31449451112294,-1.3302533862403,-1.93165758740526
1,679,2,2,357.216658,357.703952,0.426569632718002,-1.47323595820634,-2.62986634675768,-2.60258718044115,-1.18211694627902,-1.23717089322447,-1.90853642773804
1,680,2,2,357.746709,358.234003,0.488593966936971,-1.33420569815066,-2.69535836152521,-2.97481595858026,-0.928802951213954,-1.40964397423886,-1.57892488186027
1,681,2,2,358.269219,358.756513,0.493562543737234,-1.24939058628668,-2.78798289683206,-2.10352751941599,-0.971728126534827,-1.63240608675009,-1.40698532202981
1,682,2,2,358.794454,359.281749,0.481277469415694,-1.0060519292804,-2.56783533294907,-2.01417609757269,-1.2210774840391,-1.75232487878909,-1.52683489670206
1,683,2,2,359.316906,359.804201,0.474679410070761,-1.20004494280792,-2.68810571227292,-2.67771719398767,-1.21801641218787,-1.13262137931373,-1.82203182764875
1,684,2,2,359.845147,360.332441,0.489465092532859,-1.04429380487199,-2.22553199868097,-2.02973874720185,-1.16055044431899,-1.85524155021289,-1.53610441094666
1,685,2,2,360.37598,360.863274,0.532040520191857,-0.948270836983321,-1.62902412707858,-1.89228683752054,-1.1639265572141,-1.79560759431949,-1.8277909068348
1,686,2,2,360.903557,361.390852,0.426065605548722,-1.43629412306322,-2.84676204600508,-2.79308684127044,-1.06451426167339,-1.67525480664014,-1.75730456059607
1,687,2,2,361.434489,361.921783,0.501163451565355,-0.999625259792328,-2.44984573615725,-2.74196184516824,-1.03265524076249,-1.68332566707723,-1.70248987872439
1,688,2,2,361.957683,362.444977,0.372913521602033,-1.16794469974413,-3.07520547837048,-2.80371648035696,-1.38388720329442,-1.95724094035416,-1.95748676429155
1,689,2,2,362.484002,362.971296,0.41763099750559,-1.08235365953857,-2.86530034976209,-2.90461784332273,-1.24409364773253,-1.71704011218351,-2.13873183272505
1,690,2,2,363.012503,363.499797,0.534300943999628,-0.915077536675973,-2.34501332706356,-2.9107838494786,-1.01713402295466,-1.67349967064537,-1.50178938894844
1,691,2,2,363.537464,364.024758,0.545570518743928,-1.30939315246499,-2.67931768946676,-2.62343786449713,-0.830679167882978,-1.29829533769042,-1.39385094734742
1,692,2,2,364.060391,364.547686,0.494646672357289,-1.21383119452764,-2.73932010740892,-2.76530905339564,-1.04876190130109,-1.23262353043168,-1.55756258202262
1,693,2,2,364.586737,365.074031,0.47074905895914,-1.39074416594619,-2.61595549189576,-2.78206152690428,-1.02930047624073,-1.25440625243241,-1.65751611777828
1,694,2,2,365.110455,365.597749,0.516029603918599,-1.45390683290464,-2.60074457899906,-2.62090997891048,-0.871681756706364,-1.31101243235972,-1.42121905140953
1,695,2,2,365.636025,366.12332,0.49859047172105,-1.30519663898779,-2.40011932639368,-2.87791036962505,-0.925673486412197,-1.52075583681332,-1.44596069908445
1,696,2,2,366.162761,366.650056,0.405049710174235,-1.15433665194118,-2.56921279124666,-2.88248718154183,-1.35599758849354,-1.52685610993755,-1.96928514417599
1,697,2,2,366.686547,367.173841,0.470971460047486,-1.23962782058694,-2.27012811818989,-2.73215596875989,-1.03414332974018,-1.50605452781745,-1.62785731197166
1,698,2,2,367.211907,367.699201,0.56614830725155,-0.917479431223497,-1.92830598131878,-2.3899404911146,-1.01500397204842,-1.45852110454067,-1.57193145917833
1,699,2,2,367.736291,368.223585,0.585515567037258,-1.06401679629342,-2.41117339722096,-2.30242452469488,-0.986152617539154,-0.979979855162315,-1.48732467841499
1,700,2,2,368.259085,368.74638,0.530988878590106,-1.39817851294957,-2.85810973178084,-2.99772319302663,-0.970199671169854,-1.02728118678767,-1.47460100106158
1,701,2,2,368.784541,369.271835,0.524848968179111,-1.0701978806816,-2.70276786866771,-3.11302388450214,-1.38060722450308,-0.913526299924911,-1.7246752363481
1,702,2,2,369.314779,369.802073,0.554539200319493,-0.940767858601449,-2.14070975210145,-2.74569654126311,-0.94554046820244,-1.42756903009595,-1.57303852024695
1,703,2,2,369.843366,370.33066,0.437635412274584,-1.11129375758515,-2.42415739223797,-2.84528101324153,-1.35549660634027,-1.54436935792249,-1.68654757228871
1,704,2,2,370.373078,370.860372,0.442869748662292,-1.05600587765857,-2.54310579114466,-2.78385656967943,-1.39538082417558,-1.3594303557595,-1.93232470515522
1,705,2,2,370.89927,371.386565,0.693399658663023,-0.583857007476313,-1.97419151960026,-2.65223181375705,-0.962297303162034,-1.31074367653667,-1.4484075361173
1,706,2,2,371.426254,371.913548,0.96567104383651,-0.496923662776748,-0.765703872174703,-0.986128867628872,-1.00646107146604,-1.11561120681366,-1.57684423553341
2,21,1,1,10.524126,11.011421,0.455742618072397,-1.5856204744613,-2.25120405642818,-2.63953544981206,-1.16776036774982,-1.18513751075937,-1.71718997985522
2,22,1,1,11.04887,11.536164,0.462992789740023,-2.33682202826779,-2.83546583452785,-3.01901438705464,-1.01480946565525,-1.1353371928597,-1.5392423611332
2,23,1,1,11.573629,12.060923,0.439221208763545,-2.73805285983025,-2.88666252398746,-2.88650311813428,-1.09628693077911,-1.09864941199487,-1.71379794917852
2,24,1,1,12.100024,12.587319,0.4411095201274,-2.10076498065791,-2.38603542336739,-2.75411526394246,-0.989629615020007,-1.45176130124854,-1.54423122298358
2,25,1,1,12.625422,13.112716,0.367301762770566,-2.02625886700247,-2.28920052692062,-3.13589859279582,-1.18393622223915,-1.8110945332569,-1.62643371807261
2,26,1,1,13.156252,13.643547,0.37846114513011,-2.08437601629287,-2.32429766687881,-2.99573243226346,-1.40269456616115,-1.24704683529218,-1.7181908369996
2,27,1,1,13.679187,14.166481,0.403489458852174,-2.16671383258506,-2.41099909742894,-2.86990614081364,-1.11203285120089,-1.39051275611234,-1.76233822571023
2,28,1,1,14.209184,14.696479,0.44796213437864,-1.99731769686881,-2.48035310140868,-2.84770463061841,-1.05409853919238,-1.13112397133624,-1.84359289131962
2,29,1,1,14.734054,15.221348,0.551922666526022,-1.41476832182781,-1.56402254748267,-1.33339955720695,-1.27032581477041,-1.09348574139052,-1.87410532427397
2,30,1,1,15.259219,15.746513,0.480414830339875,-2.3681504752229,-2.57529293959486,-2.97072618493074,-0.971407950313186,-1.07912563937567,-1.69646511242606
2,31,1,1,15.782678,16.269972,0.509187459033439,-2.32617185575568,-2.51159769347402,-2.73939888815444,-0.784312487530518,-1.70741100599574,-1.30785694082963
2,32,1,1,16.308399,16.795694,0.458553879880176,-2.54595567666835,-2.94182466282309,-3.23377457689638,-0.970285883135082,-1.2080728435917,-1.66193239822194
2,33,1,1,16.833717,17.321011,0.381470213293079,-2.7048751953798,-2.65206861183111,-3.07827696930747,-1.15594784416273,-1.3184487238333,-1.87254122303294
2,34,1,1,17.359978,17.847273,0.427348012237887,-2.72712654390411,-2.8019024531986,-3.1635218296142,-0.958184574116996,-2.05262213907211,-1.36159521604499
2,35,1,1,17.887223,18.374517,0.497786467255595,-2.44139853501618,-2.48622330519038,-2.787467395794,-0.761902860301908,-2.44473370073138,-1.313371603118
2,36,1,1,18.417602,18.904897,0.397768537871793,-2.54542151767453,-2.36328536196544,-2.71698686773693,-1.14907095578113,-1.40394815378103,-1.72508614967812
2,37,1,1,18.948791,19.436085,0.455164617309988,-2.32735176159991,-2.38308225422186,-2.72256800290728,-0.915370367898358,-1.49175477461363,-1.68285536194042
2,38,1,1,19.479512,19.966806,0.416429273116692,-2.46833263981584,-2.8459935385687,-3.00009234672716,-1.01790427777087,-1.66977513965088,-1.47444635940565
2,39,1,1,20.007672,20.494966,0.499789385938018,-2.34349938952536,-2.43275469001206,-2.69601674290221,-0.853016684442264,-1.34607075801182,-1.62884413753513
2,40,1,1,20.535803,21.023097,0.480094632672416,-2.53613253509841,-2.65304982187638,-3.16794484193833,-0.91787348362744,-1.14512397018322,-1.67175623658599
2,41,1,1,21.059978,21.547272,0.378432464941921,-2.22281448152292,-2.41069946195963,-2.58084785821257,-1.18089894416903,-1.80865601705694,-1.62011618049372
2,42,1,1,21.586619,22.073913,0.499142420701544,-2.55537421609891,-2.82977755219824,-2.79811350146769,-0.859895257982472,-1.1534784350888,-1.6138555590056
2,43,1,1,22.108944,22.596238,0.601765228475601,-1.46255419691393,-1.22900923058176,-2.10450023936272,-0.895794867153272,-1.14434665569394,-1.50287463432186
2,44,1,1,22.632571,23.119865,0.497623258871831,-2.41262049077443,-2.59561135248811,-2.90322524806641,-0.860290655305283,-1.22144442248203,-1.47647630874905
2,45,1,1,23.157856,23.64515,0.493313277178998,-2.32179301346878,-2.84062204430773,-3.13666453093632,-0.888158774258705,-1.13659856352137,-1.69924092482605
2,46,1,1,23.68391,24.171204,0.487522000363985,-1.54813254500566,-2.67917066154819,-2.94305844353817,-0.954887950650555,-1.39127533508046,-1.43893248938589
2,47,1,1,24.209588,24.696882,0.421070392376672,-2.64352566096928,-2.87889854490929,-2.7546393700067,-1.00694357230483,-1.45559722452552,-1.61909572408108
2,48,1,1,24.735003,25.222297,0.416186694142307,-2.29250161832597,-2.26668464031737,-2.52975687042427,-1.08316787269086,-1.37389889037955,-1.69921167667483
2,49,1,1,25.256568,25.743862,0.494487917727187,-1.94983912120485,-2.39040629060675,-2.81761824529481,-0.841105247782369,-1.49452725484823,-1.46396230284372
2,50,1,1,25.78262,26.269914,0.423571254281659,-2.23975800091483,-2.30642942868268,-2.86957601605423,-1.12592781808258,-1.31548464127452,-1.66769435688747
2,51,1,1,26.307544,26.794838,0.502850605285459,-2.01067252794598,-2.37989416953775,-2.53854465371188,-0.880983722597649,-1.34225461192757,-1.56351675641241
2,52,1,1,26.837918,27.325213,0.433459698873396,-2.51229445481785,-2.70361617503637,-2.94520736983701,-0.999551126618828,-1.35641072185863,-1.63386860843659
2,53,1,1,27.360852,27.848146,0.459608994914211,-2.59371480061202,-2.88649871892881,-3.06441772872299,-0.91378804499055,-1.35115106391621,-1.5610544455342
2,54,1,1,27.888598,28.375892,0.406213906413995,-2.37080955093425,-2.616933449659,-2.56685762308756,-1.02880383435156,-1.65429993861527,-1.58790525168838
2,55,1,1,28.416862,28.904156,0.505722377336231,-2.13564179537385,-2.06533549422068,-2.73773967041629,-0.880210492856054,-1.37321840284009,-1.32940799804466
2,56,1,1,28.940897,29.428191,0.731714468062949,-0.604853231081918,-1.2547843416449,-2.31429619496854,-0.871296403979557,-1.58728455037152,-1.39363929881836
2,57,1,1,29.469542,29.956836,0.53337799347944,-1.99224334113584,-2.62920340735429,-2.40558817236318,-0.793484932843633,-1.38657928299677,-1.35303507137757
2,58,1,1,29.994026,30.48132,0.43764177796253,-2.60503484489835,-2.6058107156794,-2.97259404388132,-1.00230747486583,-1.39329081490439,-1.53470115613708
2,59,1,1,30.52346,31.010754,0.49957381068197,-2.21103605449413,-2.59197314169678,-2.75244185676792,-0.830810291464971,-1.56073101138716,-1.30944519583269
2,60,1,1,31.054463,31.541758,0.486821634287464,-1.85880404037262,-2.44348342959532,-2.85758467242603,-0.889592337829778,-1.40355845569396,-1.49400285866491
2,61,1,1,31.580527,32.067821,0.654631005356329,-0.831339744657867,-1.46579391447485,-1.59766226894491,-0.965568036214043,-1.42202406680839,-1.546317045489
2,62,1,1,32.103702,32.590996,0.570704692049432,-1.58661624818247,-1.61095737957597,-2.35867186377097,-0.817664311619584,-1.21241826160094,-1.46641217387276
2,63,1,1,32.628666,33.11596,0.377029591272419,-2.48346813018925,-2.57377429943358,-2.74134487510269,-1.13359219707399,-1.54299457698575,-1.731950756293
2,64,1,1,33.154263,33.641557,0.544093476080626,-2.3985017676419,-2.94234219047635,-3.07059367368924,-0.762327004382056,-1.24687918166422,-1.35165414880864
2,65,1,1,33.678585,34.165879,0.390322589364489,-2.32267071468535,-2.44939755229102,-2.87055343247419,-1.16310817813768,-1.35128810688722,-1.96677491421836
2,66,1,1,34.207971,34.695266,0.512656299576822,-2.36856952572918,-2.48632150231344,-2.32567072236226,-0.899684766072049,-1.15069238567878,-1.61624621275916
2,67,1,1,34.735523,35.222817,0.400044020269396,-2.42016690133299,-2.478516686373,-2.69639322698694,-1.16340680828038,-1.27109250583407,-1.98014035815498
2,68,1,1,35.26071,35.748004,0.414773394040021,-2.62768176033607,-2.52663567308562,-2.5013368686672,-1.01694535837665,-1.88821846339618,-1.54433321885361
2,69,1,1,35.788924,36.276218,0.446708394087498,-2.55908534261985,-2.53121230816075,-2.07210569815445,-1.02500140203372,-1.28284862638675,-1.74962341224008
2,70,1,1,36.316495,36.80379,0.645094383206682,-1.10080123965239,-1.52781854051624,-1.58318688821765,-1.0146181989077,-0.985449865844091,-1.55948430175695
2,71,1,1,36.839005,37.3263,0.330897355289548,-2.53257511008818,-2.37230269916231,-3.09817339783276,-1.3233143748921,-1.47783599481899,-2.11976279704021
2,72,1,1,37.361241,37.848535,0.519187729908486,-1.91866434977534,-2.27367153426905,-2.48687196907879,-0.796753394802237,-1.6717818208618,-1.36283330179699
2,73,1,1,37.882031,38.369325,0.449162318350234,-1.7325136896175,-1.94399930483181,-2.56071526191007,-1.12116683383833,-1.62941884891306,-1.63108238097035
2,74,1,1,38.415286,38.90258,0.480711488454129,-2.30088296865029,-2.694138945789,-2.78639559995264,-0.855288956978263,-1.73513342122742,-1.4043860938989
2,75,1,1,38.94007,39.427365,0.463188135859449,-2.81982172674644,-2.680196410087,-2.90036045724353,-0.881835691715124,-1.89626071628677,-1.44431909948747
2,76,1,1,39.467376,39.954671,0.448349970410556,-2.44677337910711,-2.80404638474128,-3.18849601293336,-0.921039818681303,-1.91999534628278,-1.46977266892639
2,77,1,1,39.992324,40.479619,0.346414800859541,-2.40135582885784,-2.52851057255626,-2.62074374248455,-1.21694900482572,-1.51672683750235,-2.03179497644243
2,78,1,1,40.518907,41.006201,0.534813688461363,-2.28681929560593,-2.44221176852868,-2.31184188782272,-0.808618249915437,-1.22099997937673,-1.51185142587729
2,79,1,1,41.043188,41.530482,0.410707692924251,-2.46955210355579,-2.78452016842628,-2.94660730079275,-1.14408925815938,-1.26433799270934,-1.89727173638381
2,80,1,1,41.569481,42.056775,0.472681881322019,-2.33283222004163,-2.098913224831,-2.75921689400437,-0.934700726812034,-1.33321485642755,-1.6290471356432
2,81,1,1,42.093388,42.580683,0.520448922371097,-2.36055247034603,-2.45625487974712,-3.00804215116664,-0.818223257991931,-1.20859836089829,-1.53638983442604
2,82,1,1,42.627677,43.114971,0.36361398691945,-2.50125559254249,-2.67705726075428,-2.72352703305499,-1.20606703739611,-1.48204111638889,-1.73389461245656
2,83,1,1,43.148922,43.636216,0.466100133562351,-2.59159700690581,-2.99219293142796,-3.11439393503587,-0.990217647526342,-1.12617529160709,-1.58110189154426
2,84,1,1,43.676994,44.164288,0.332662306364503,-2.20948051207894,-2.5420529742197,-2.74108633615615,-1.30231549254519,-1.78295614687377,-1.86056548160595
2,85,1,1,44.20253,44.689824,0.375114122990388,-2.43501387473266,-2.94696198211938,-3.06601819848963,-1.11767010606085,-1.60360340717537,-1.62961602303868
2,86,1,1,44.726805,45.214099,0.363754119509916,-2.56045213925116,-2.85443258373447,-3.07772750156622,-1.12136897617824,-1.89349452811425,-1.63423490336569
2,87,1,1,45.250299,45.737593,0.487522627499111,-2.34632593361124,-3.11668966920486,-2.8633492896293,-0.954092554788811,-1.04197875360019,-1.75267656254817
2,88,1,1,45.773582,46.260876,0.476235633651189,-2.06278007288198,-1.94008128587128,-2.705679090129,-1.11121652104394,-1.06220229390193,-1.93586709979278
2,89,1,1,46.303165,46.790459,0.337632281358756,-2.44318477972428,-2.74031374159049,-3.06509483191019,-1.26197212947898,-1.62381245259111,-1.82292527228454
2,90,1,1,46.826655,47.31395,0.364894772889603,-2.79285516597645,-2.91943305182912,-2.92025673262326,-1.24903047903921,-1.42165706732722,-1.70113581696884
2,91,1,1,47.350219,47.837513,0.305519080913986,-2.54520552286583,-2.69521770036737,-3.16658363805145,-1.39341037586688,-1.6176716359541,-2.01181636002536
2,92,1,1,47.873695,48.360989,0.369988214007502,-2.68453864154844,-2.95896817668781,-3.16054747402155,-1.12928952237803,-1.50574716550645,-1.80272513301746
2,93,1,1,48.399226,48.88652,0.546784646258866,-1.89107444201012,-2.69605722244339,-2.67911499400593,-0.744508598178134,-1.72746535799851,-1.21525555426854
2,94,1,1,48.923492,49.410786,0.383227998529598,-2.67042452300126,-2.69897143021305,-3.14636327545702,-1.05489564629157,-1.85274589977248,-1.6719348997127
2,95,1,1,49.457523,49.944817,0.565276220831949,-2.32911953176768,-2.6361319562223,-3.02162544879832,-0.690278201420109,-1.33150226752376,-1.33158157699914
2,96,1,1,49.980323,50.467617,0.472413087558057,-2.30194124765771,-2.52669782121506,-2.69322688371408,-0.900011188898848,-1.767577715028,-1.31037129996623
2,97,1,1,50.505368,50.992662,0.386381460965538,-2.59448952148922,-2.95161346391375,-2.87898744449313,-1.38319671818697,-1.16133526259815,-1.60919847416336
2,98,1,1,51.030922,51.518216,0.465938974535258,-2.24600349189354,-2.54927782612689,-3.18049276842503,-1.04662194334659,-1.00082812225056,-2.15949077328367
2,99,1,1,51.558441,52.045736,0.530704106093444,-2.35992620826243,-2.56888241740339,-2.88871082150158,-0.801824833563466,-1.16158606638543,-1.53634617693163
2,100,1,1,52.083704,52.570998,0.587273522855191,-2.37479726555231,-2.322818054026,-1.63025727494354,-0.666288552839624,-1.36583680474967,-1.48562473442708
2,101,1,1,52.611611,53.098905,0.463722402150902,-2.29620914881839,-2.79044468114369,-2.75050961451546,-0.904926757760968,-1.40298324317825,-1.51727532880902
2,102,1,1,53.138388,53.625682,0.573355589783684,-1.9314051038987,-1.10169368466931,-1.52510185207614,-1.07026562225,-1.476714136396,-1.54574289096447
2,103,1,1,53.660952,54.148247,0.438036709959428,-1.9081893674327,-2.04202196394785,-2.87336518042908,-1.0920284519156,-1.34973863245708,-1.58654506889471
2,104,1,1,54.186641,54.673935,0.349175843650942,-2.51552350565495,-2.90710280576015,-2.86062786805598,-1.40647330771715,-1.22862713642418,-2.18755468013475
2,105,1,1,54.708688,55.195983,0.423061739694343,-2.16418561403296,-2.67264958114719,-2.62781652164448,-1.3577208613562,-1.01428007065936,-1.80862497796076
2,106,1,1,55.232085,55.71938,0.400547150796394,-2.65462093179512,-2.66969228996341,-2.71863261008505,-1.1971217122788,-1.22468688130708,-1.71545515728835
2,107,1,1,55.762283,56.249577,0.429984477464701,-2.66727041122902,-2.55599089044716,-2.76993965563815,-1.05375017540518,-1.24963019839867,-1.66774315000843
2,108,1,1,56.287225,56.77452,0.486553632853168,-2.25704631862937,-2.37466859323566,-2.89990295488853,-0.887321525041984,-1.21849163881105,-1.6376819382812
2,109,1,1,56.817741,57.305035,0.373839770065935,-2.66897452043505,-2.7537193316981,-2.90720608129483,-1.16485864177362,-1.49666562645012,-1.77087125879432
2,110,1,1,57.340633,57.827927,0.442225879202191,-2.71551653379144,-2.55027898427662,-3.0948600504987,-0.985378016339691,-1.27226716387455,-1.72125409963334
2,111,1,1,57.868653,58.355948,0.47839337699404,-2.42220305217983,-2.72945559672703,-2.82711689925538,-0.885928446865696,-1.29668653294735,-1.55614577242202
2,112,1,1,58.393407,58.880701,0.425588550327811,-2.55834807064175,-2.80196907584293,-2.83486443971397,-1.07864615506152,-1.19504527494791,-1.99667634137958
2,113,1,1,58.918495,59.405789,0.481612076190793,-2.31738208241051,-2.77049662105786,-2.71331507548936,-0.936326587844791,-1.14551851540838,-1.69488764502523
2,114,1,1,59.444013,59.931307,0.458156182987512,-2.54943166630402,-2.89587272231515,-2.84141285253402,-0.94458327648257,-1.33142887720116,-1.59773579437973
2,115,1,1,59.966515,60.453809,0.377342610449793,-2.20406388618411,-2.49572477312799,-2.62695360976183,-1.1676292551947,-1.91300055303689,-1.65413844482524
2,116,1,1,60.488475,60.97577,0.473036823543428,-2.94171804218071,-3.26195606270571,-3.04001599086712,-0.912755170958053,-1.19708328266539,-1.81410544484941
2,117,1,1,61.012625,61.49992,0.451325051969338,-2.34303319556717,-2.58140386027262,-2.73826028394241,-0.885155118801246,-1.74195121295945,-1.41559262551756
2,118,1,1,61.541847,62.029141,0.292390791450802,-2.52620236416158,-2.60626134096824,-2.82079737557979,-1.56728174449282,-1.56711910009831,-1.90246817179117
2,119,1,1,62.064297,62.551591,0.374831454554071,-2.70460183603693,-3.07119277552273,-3.04016289086967,-1.12407893675861,-1.73562209698967,-1.71002758856088
2,120,1,1,62.588823,63.076117,0.457549152477474,-2.75962248590181,-2.8840257928414,-2.80543833243513,-0.892457904575413,-1.59339847231655,-1.50362961384486
2,121,1,1,63.113301,63.600595,0.475722694962088,-1.92162531140363,-1.94745462596547,-2.73891083777747,-0.933910362308979,-1.48400311521816,-1.46727276247232
2,122,1,1,63.636858,64.124152,0.500853460950204,-2.32801217236731,-2.42466441716932,-2.96525245972197,-0.861927729311093,-1.31823095633756,-1.396091832215
2,123,1,1,64.163807,64.651101,0.39262555965092,-2.36670559447621,-2.6210114827988,-2.77211661007263,-1.19469135817971,-1.33798646408406,-1.79692939593694
2,124,1,1,64.690656,65.17795,0.433711207274267,-2.76340925058513,-2.77704777645417,-2.7250562130687,-1.01701253453928,-1.3805373620627,-1.5655324292813
2,125,1,1,65.211594,65.698889,0.516196786377463,-1.31185443515592,-1.4384061672858,-2.09966805778735,-1.09391837756799,-1.41615672154236,-1.75389515451996
2,126,1,1,65.735822,66.223116,0.402268402100479,-2.42144624158715,-2.70077984969293,-2.7757216550048,-1.09972327788729,-1.47461019655316,-1.69760478213033
2,127,1,1,66.261374,66.748668,0.395446909100671,-2.75432791763966,-2.83994194075176,-2.81381002107743,-1.09761528513645,-1.43239171580234,-1.71938167557344
2,128,1,1,66.785433,67.272727,0.424374389060363,-2.84591104583133,-2.79239231665322,-2.87380963326776,-0.995351317175993,-1.4768706272258,-1.61272660363566
2,129,1,1,67.316883,67.804177,0.745519898118586,-0.749981054320917,-1.38127952447836,-1.17646865283861,-1.06510067165071,-1.08515505419117,-1.33435887110165
2,130,1,1,67.841433,68.328727,0.440152405542145,-1.82929027256381,-2.12633750077623,-2.54176068963508,-1.21948214101541,-1.0857115211527,-1.96843878224611
2,131,1,1,68.36474,68.852034,0.350948668323028,-2.60576995531613,-2.73926126013471,-3.2715559126065,-1.24942217377411,-1.4257057902748,-1.8575169661181
2,132,1,1,68.890702,69.377997,0.405961042711964,-2.16910265184561,-2.51195928815474,-3.02683425112149,-1.1258902605451,-1.3037138767123,-1.76089671143095
2,133,1,1,69.41616,69.903454,0.426976425457634,-1.55666564423191,-2.30899697397382,-2.23517591452678,-1.24552273899971,-1.3024448751099,-1.80796515606215
2,135,2,1,70.462836,70.950131,0.448835381239827,-2.15163031304604,-2.56395442099471,-2.97341932545237,-0.975573308900796,-1.32942809523369,-1.61029772983234
2,136,2,1,70.988785,71.476079,0.479236781703056,-2.58637941293514,-2.30415025393211,-2.67480746823443,-0.869637710773385,-1.53512290975042,-1.41061169641071
2,137,2,1,71.521301,72.008595,0.396346692032148,-2.32856428126879,-2.13944281261132,-2.27556760618426,-1.17205763972474,-1.47117489159044,-1.62119112484721
2,138,2,1,72.043899,72.531193,0.424692287495147,-2.37874723085673,-2.67796142956118,-2.91629344926789,-1.03081932578519,-1.45276880355072,-1.44049445493044
2,139,2,1,72.570372,73.057666,0.412197075600967,-2.28700824941448,-2.03626101393467,-2.5406612220648,-1.05548960084734,-1.41891066014149,-1.91439078974939
2,140,2,1,73.102897,73.590191,0.318416894233849,-2.38245451389587,-2.43392786812844,-2.78416951483206,-1.35942665504239,-2.26288781317265,-1.57349985411346
2,141,2,1,73.631045,74.118339,0.440783012169627,-2.57790270443003,-2.43913351939925,-3.27185395674023,-1.04662629452678,-1.20025771672177,-1.69272357799612
2,142,2,1,74.155593,74.642887,0.368338579700958,-2.08471042849811,-2.17300655277657,-2.84394700078731,-1.30395749362655,-1.26025331005061,-2.30811935143018
2,143,2,1,74.682729,75.170023,0.362609748126208,-2.30922001611813,-2.86767412957114,-3.12372929519789,-1.12042799628093,-1.5470206710911,-1.94584746335993
2,144,2,1,75.209506,75.696801,0.452983935183794,-2.30108129960239,-2.55318280016363,-3.06009592887264,-0.888905520489053,-1.59619024984157,-1.46194022892669
2,145,2,1,75.737274,76.224568,0.406821611436493,-2.14433206207911,-2.15507925465025,-2.37064146179854,-1.09883875892559,-1.60678239529042,-1.78209861849362
2,146,2,1,76.261838,76.749132,0.419670020522871,-2.31304266834753,-2.34570901570833,-2.40546786145189,-1.06250156075533,-1.31007851942487,-1.89370535296809
2,147,2,1,76.787165,77.274459,0.516825940488532,-1.55076356217586,-1.41191357215136,-1.84023746770423,-1.09088353544373,-1.23370115099026,-1.84200636437142
2,148,2,1,77.315035,77.80233,0.375542056764752,-2.40068119042396,-2.79871331199037,-2.95982136632303,-1.11171721896769,-1.57096622567556,-1.71985857049756
2,149,2,1,77.841655,78.328949,0.298588096226363,-2.903018291593,-2.7153621168743,-3.12476271186018,-1.39856699222705,-1.47476132438484,-2.55250971917532
2,150,2,1,78.36712,78.854415,0.308461431430863,-2.59818200718897,-3.02243356064073,-3.21707599556389,-1.45060403053416,-1.42834673314124,-2.00423225644785
2,151,2,1,78.892529,79.379823,0.320794681704709,-2.50013678124216,-2.91362441196606,-3.01010263132165,-1.34308068399054,-1.46173451309752,-2.12837847733903
2,152,2,1,79.416026,79.903321,0.470007211569911,-2.75736893566749,-2.86172395573437,-2.53230443144045,-0.924131680123235,-1.20151197438855,-1.5877169959656
2,153,2,1,79.942047,80.429342,0.275223159826799,-2.37777995276535,-2.53489269577672,-2.59553553637701,-1.56690079710598,-1.69655735852214,-2.24530721147985
2,154,2,1,80.469041,80.956335,0.475174783932383,-2.49848872551086,-2.77270697849156,-2.8563285232062,-0.946866219001199,-1.07407733393036,-1.97869723433863
2,155,2,1,80.996449,81.483743,0.482240908432209,-1.60484079433399,-2.19868097415807,-2.65306962461309,-1.01675811162651,-1.19419286297746,-1.5491796835008
2,156,2,1,81.522499,82.009793,0.471092704486152,-2.62160280966224,-2.80110636582747,-3.10117337692718,-1.04824895754244,-0.948889771159217,-2.13449020364251
2,157,2,1,82.046294,82.533589,0.459845108085963,-2.33168776749097,-2.66278907949327,-2.86027720526522,-0.929765610632293,-1.88424320611369,-1.29556832802867
2,158,2,1,82.57131,83.058604,0.441747486976858,-2.66185188251701,-3.02189569874386,-3.1277057624046,-0.943275374846373,-1.40801213933346,-1.60258202984401
2,159,2,1,83.096033,83.583328,0.408488201413945,-2.4893811932794,-2.60800766693167,-2.82588410706225,-1.06731072048369,-1.42313845430051,-1.61584769399813
2,160,2,1,83.628445,84.115739,0.425124904911418,-2.35178225040741,-2.87351712532094,-3.06917366956498,-0.974601752078431,-1.65603287991636,-1.50592997666551
2,161,2,1,84.154896,84.64219,0.357389880445964,-2.74679025752255,-3.00727764410685,-3.08255238738948,-1.18292293714221,-1.46086142914534,-1.91986285497829
2,162,2,1,84.681111,85.168405,0.460187501314826,-2.70713812828312,-2.59355244777898,-2.93136216433226,-0.966114588488808,-1.17783236464053,-1.87138621459754
2,163,2,1,85.204915,85.69221,0.372964248064731,-2.610609824354,-3.06136574072968,-2.98145560881526,-1.1551576543756,-1.42148527760609,-1.77931431295327
2,164,2,1,85.730819,86.218113,0.563114043542115,-2.2368927451366,-1.88677190947531,-2.82505365578263,-0.829166625758959,-1.00493590415694,-1.4633910345712
2,165,2,1,86.261403,86.748697,0.604705969207249,-2.07890418705662,-1.91569629794582,-1.84685571050798,-0.774104004552607,-1.04768365689672,-1.22605492958907
2,166,2,1,86.784229,87.271523,0.535997592066907,-2.61668052152934,-2.70222098698992,-2.76253440309666,-0.740943056906842,-1.36741261575653,-1.31014467674501
2,167,2,1,87.309423,87.796718,0.462659640406875,-2.49780918636927,-2.88842216108808,-2.87769141833488,-0.908476258360186,-1.96572364036438,-1.28758978066154
2,168,2,1,87.832181,88.319475,0.422988678817553,-1.97775086685056,-2.02238109581172,-2.31746844878085,-1.20810440051774,-1.48088516763609,-1.70486743731333
2,169,2,1,88.359431,88.846726,0.422503418228735,-2.82797380478424,-2.93035708548531,-3.03209027872534,-1.07594324125381,-1.21415525201549,-1.80412727436985
2,170,2,1,88.887839,89.375133,0.394094408056868,-2.21544105372315,-2.54551964211267,-2.71009966521576,-1.15006248536674,-1.5850816085625,-1.5924373538567
2,171,2,1,89.412882,89.900176,0.351177053159285,-2.6310765862899,-2.73916963213847,-3.01722144837342,-1.31369597562441,-1.36634349587117,-1.70973057201467
2,172,2,1,89.940351,90.427646,0.411458236427224,-2.51689545960514,-2.70131525415587,-2.8094903673589,-1.45058746717791,-1.01276007158459,-2.25013566389251
2,173,2,1,90.466433,90.953727,0.309958370806671,-2.67516671506641,-2.73131880758418,-3.19862355477269,-1.44958089307303,-1.43361449936273,-2.10787972869166
2,174,2,1,90.989509,91.476803,0.391541308301306,-2.47047983489901,-2.67429886553986,-2.7117810514544,-1.19291221363811,-1.21186925824318,-2.15046384901705
2,175,2,1,91.513092,92.000387,0.370529714210665,-2.62126683827176,-2.77402351196416,-2.91290394795048,-1.12718681528084,-1.69493188164783,-1.69200438185009
2,176,2,1,92.039105,92.526399,0.359135485733826,-2.43872980792585,-2.78147745809852,-2.80269728738086,-1.1330586983224,-1.70653094677661,-1.81125065944349
2,177,2,1,92.562717,93.050011,0.50142478969874,-1.79413896072701,-2.38534562821417,-2.31640668499963,-0.866798947907096,-1.83709257164669,-1.31706785068459
2,178,2,1,93.088807,93.576101,0.490140519166575,-2.42780440743575,-2.83566095338952,-2.47328711178866,-0.839705532425885,-1.49208539383159,-1.40354724261731
2,179,2,1,93.615126,94.10242,0.453848266973554,-1.84071542099954,-2.11862016814863,-2.57250362540055,-1.08251631159039,-1.25579814314891,-1.72893846055691
2,180,2,1,94.140129,94.627423,0.714540773332448,-1.14168795995323,-0.873246489556825,-1.3492503269639,-1.31093704552394,-1.33462779553563,-1.99781831299043
2,181,2,1,94.670256,95.15755,0.423161037701373,-2.61816822016597,-2.54018988473054,-2.76218265590995,-1.03625991949064,-1.37610065885676,-1.66227154859616
2,182,2,1,95.194517,95.681812,0.438103390524897,-2.26511803326092,-2.35265381908517,-2.77935155260638,-1.08664924278889,-1.25506422619515,-1.72724689415406
2,183,2,1,95.718214,96.205508,0.403562667693524,-2.60782666281426,-2.69787705176605,-2.91892933472863,-1.14002149220214,-1.28234806203196,-1.78011916256498
2,184,2,1,96.246847,96.734141,0.434466882917184,-2.20036818215957,-2.10298599118861,-2.52833215110234,-1.18124731073432,-1.13811500587398,-1.91730160943068
2,185,2,1,96.777456,97.26475,0.456597216316675,-2.41784843134327,-2.60213497665209,-2.76247912424828,-0.999393089104038,-1.14659128448386,-1.80797466620379
2,186,2,1,97.300974,97.788268,0.345550299765321,-2.32718187356196,-2.73772816091378,-2.86915436001154,-1.26753338354243,-1.57280102034675,-1.8684542603361
2,187,2,1,97.823014,98.310308,0.437654774990967,-2.49337345003708,-2.81025692416762,-2.93547328554028,-1.00393750442611,-1.3654190377999,-1.57281457689674
2,188,2,1,98.34564,98.832934,0.388841818378224,-2.45410222715587,-2.51347502622831,-2.95228523516602,-1.20940860560425,-1.31538225173803,-1.73618032064501
2,189,2,1,98.869271,99.356565,0.476282698610755,-2.37630048624961,-2.32517148618445,-2.63519701389082,-0.868752046609175,-1.50271371210412,-1.53723098174152
2,190,2,1,99.394986,99.88228,0.411147430156,-2.02107055299933,-2.25856237337118,-2.25920759913931,-1.23171310446466,-1.35329973469842,-1.79006356716966
2,191,2,1,99.921892,100.409187,0.403898401147273,-2.74658688381875,-2.7816735268089,-2.7671729632104,-1.18035235196121,-1.29987140723117,-1.71207456931437
2,192,2,1,100.446134,100.933429,0.419298804376982,-2.4612583653059,-2.53712324323871,-2.36278826235301,-1.08689995279532,-1.3445664497601,-1.73976478351783
2,193,2,1,100.970576,101.45787,0.451660832471349,-2.63052556379604,-2.30267611260632,-2.74347296879901,-0.961307623117873,-1.42915427281441,-1.58185446658229
2,194,2,1,101.498877,101.986171,0.455521284799682,-2.39998382112798,-2.02614682167292,-2.13934086734901,-0.99630241050888,-1.44609140289425,-1.60136593807538
2,195,2,1,102.02761,102.514905,0.403297168163117,-2.65578804728636,-2.56565471613393,-2.59385027676759,-1.07253666749355,-1.48269702726143,-1.69305095785358
2,196,2,1,102.550832,103.038127,0.430178449956667,-2.23849411842575,-2.40551559427756,-2.67035591214534,-1.02301235667921,-1.42478600091489,-1.60216174554017
2,197,2,1,103.072789,103.560084,0.428847250448105,-2.31183421723469,-2.56136122556921,-2.95955774138274,-0.992865960858287,-1.4816625404173,-1.64492587935024
2,198,2,1,103.599349,104.086643,0.455291776951699,-2.71135703204746,-2.93527930887176,-2.69915971468146,-0.913939435265183,-1.55314860868526,-1.45097384445145
2,199,2,1,104.125476,104.612771,0.44406408653072,-2.70606949394085,-2.72971192682784,-2.84524480516134,-0.948425298375107,-1.47750744059257,-1.54743805807665
2,200,2,1,104.650413,105.137707,0.446699837627098,-2.45563590955318,-2.6600219071605,-2.69099089634562,-0.971328995548364,-1.35877678690679,-1.67888490669331
2,201,2,1,105.175935,105.663229,0.473177027025826,-2.37769085198645,-2.75368722018579,-2.69475264278139,-0.908731549158926,-1.46335357952799,-1.47762767900121
2,202,2,1,105.700216,106.18751,0.430964186355019,-2.5559994679799,-2.92553201743202,-3.00452868450568,-1.11630400930825,-1.17399068151758,-1.63408859748118
2,203,2,1,106.224825,106.71212,0.475300264096726,-2.5562608340305,-2.80691313957509,-2.5558647987203,-0.882097943468255,-2.07692973469803,-1.34395704570886
2,204,2,1,106.747526,107.23482,0.427504258418365,-2.56320961478612,-2.86008332135256,-2.83459178379203,-1.00280221500999,-1.43457610539491,-1.6471237397396
2,205,2,1,107.270893,107.758187,0.39053919662012,-2.48747369925376,-2.87890605963644,-2.77899708597622,-1.09013621230911,-2.05895611410194,-1.57657933848252
2,206,2,1,107.794759,108.282053,0.429764367965299,-2.86194377176555,-2.86737788142539,-2.86583879658907,-1.08300002795881,-1.16731273764218,-2.10309577882623
2,207,2,1,108.318057,108.805351,0.310193173299506,-2.30755202109904,-2.29069790074472,-2.48030536583292,-1.54665780741116,-2.04140982178681,-1.87242381309386
2,208,2,1,108.841284,109.328578,0.406973088071667,-1.58155324243194,-2.25570524555402,-2.08764061138087,-1.21665799704609,-1.67114518797255,-1.93367386536
2,209,2,1,109.361796,109.849091,0.414333370430606,-2.17885498770993,-2.55074447788852,-2.481672096549,-1.08938129598771,-1.42535908184924,-1.7376834487947
2,210,2,1,109.889568,110.376863,0.366659334800869,-2.39884540103858,-2.79703515267541,-2.64651990595234,-1.23920841134957,-1.46912541394794,-1.7882400247175
2,211,2,1,110.41624,110.903534,0.434000266415471,-2.51404564092455,-2.89222271529973,-2.80214274589089,-1.00003483010619,-1.49764179576967,-1.55724650983929
2,212,2,1,110.947386,111.43468,0.412507968764333,-2.7544542368893,-2.87441684944247,-2.82471097171138,-1.098148352046,-1.36724990672479,-1.67122634445549
2,213,2,1,111.470651,111.957945,0.411282545488414,-2.30806797695119,-2.58071203801816,-2.6713667055185,-1.09933819238322,-1.63465026111902,-1.5640573132821
2,214,2,1,111.99562,112.482915,0.377668829970567,-1.83254705193195,-2.08581548361285,-2.26147753602859,-1.28951902275834,-1.80035349987428,-1.98604024059926
2,215,2,1,112.521706,113.009,0.513360736431659,-1.36540886914319,-1.9642185217682,-2.3150646073051,-0.999586619696947,-1.57598393340156,-1.47390162627742
2,216,2,1,113.045059,113.532354,0.444607412486272,-2.76748462581754,-2.71997493478036,-2.96873744411378,-0.912646256739081,-1.78275314134585,-1.41046874680572
2,217,2,1,113.570371,114.057666,0.52024262313647,-2.0812489113458,-2.3927146992892,-2.94266737545871,-0.781389367805732,-1.50435696186582,-1.34551225672496
2,218,2,1,114.102384,114.589678,0.346144776810807,-2.64617232469329,-2.70692223236713,-3.08802137919911,-1.22273352664723,-1.60823554970436,-1.83991888846801
2,219,2,1,114.626482,115.113777,0.316886538070262,-2.32256502069676,-2.43248003323283,-2.55958489204769,-1.36215819101183,-2.03674167321447,-1.85940001660095
2,220,2,1,115.152589,115.639883,0.371224800391046,-2.43496916214614,-2.75845019529,-3.0842307652628,-1.25431922029842,-1.36783257536701,-1.68922737971179
2,221,2,1,115.680158,116.167452,0.433659757308237,-2.19188672962283,-2.34266701069686,-2.93878838714941,-1.04278938027823,-1.30100545942907,-1.65106530696819
2,222,2,1,116.205191,116.692486,0.388227822484143,-2.53762205143765,-2.57091430437781,-2.75669177229908,-1.17479148109977,-1.31912987900703,-1.78095395398395
2,223,2,1,116.731678,117.218973,0.447959928608983,-2.75663194116226,-2.64341315634169,-3.016500966277,-0.953010734381477,-1.32759566992161,-1.60398083407894
2,224,2,1,117.25438,117.741674,0.400351053353477,-2.32218407612091,-2.88091347498679,-2.83920605895585,-1.11778416971646,-1.38967245935358,-1.70168174462174
2,225,2,1,117.787705,118.274999,0.457552808443628,-2.21689315488163,-2.84093546504956,-2.90781263140075,-0.982101881198459,-1.44342232322934,-1.36458018834248
2,226,2,1,118.310113,118.797407,0.472089161305972,-2.57271750782841,-3.02972122822274,-2.75913416293661,-1.18032598036263,-0.97905438199479,-1.52751191051355
2,227,2,1,118.838407,119.325702,0.435919752035593,-2.01991593462687,-2.45086085174097,-2.18185019915647,-1.097844931565,-1.19350827596131,-1.9478937652042
2,228,2,1,119.364441,119.851736,0.494967399473216,-1.80274230963214,-2.31754539733261,-2.3544447209437,-0.961984184693694,-1.26346174145233,-1.41460845861954
2,229,2,1,119.888866,120.37616,0.493448727299654,-2.53205440223292,-2.14904866711562,-2.8839861739397,-0.951446073761965,-1.04282806189583,-1.78973139305988
2,230,2,1,120.412021,120.899315,0.407311634720104,-2.28209591520977,-2.87554191070561,-2.77788624745771,-0.998647441815406,-1.75603581993688,-1.55598354234412
2,231,2,1,120.941796,121.42909,0.442254885050834,-2.58080108323646,-2.78026117534504,-3.07901868390474,-1.06010009621253,-1.13782812511138,-1.742322181714
2,232,2,1,121.4664,121.953694,0.479532176811858,-2.51588766067861,-3.04887424269038,-2.90116867608576,-0.874874213483336,-1.27712251912758,-1.59419902695785
2,233,2,1,121.99299,122.480284,0.390217167175081,-2.47849825652063,-2.33830808365589,-2.79773829562477,-1.13669559982203,-1.67224587691866,-1.50778862418889
2,234,2,1,122.518989,123.006284,0.362206653977047,-2.39386565326457,-2.656611655941,-2.82434807377787,-1.25967191803675,-1.30527538840843,-1.99990910113994
2,235,2,1,123.046259,123.533554,0.435078393358014,-2.51547140949657,-2.83509977002753,-2.77366092219274,-0.964434166240437,-1.46747162187583,-1.55991873106284
2,236,2,1,123.568444,124.055738,0.414501022713005,-2.17993499042641,-2.42865349233656,-2.81290783856642,-1.10966439062994,-1.3809335639994,-1.69286583472831
2,237,2,1,124.093086,124.58038,0.49801510458072,-2.31490235342141,-2.57907002830762,-1.94456650064771,-0.940743689659979,-1.18674875668583,-1.64196403089322
2,238,2,1,124.617945,125.105239,0.501342435784757,-1.63564624016394,-2.2043933776172,-2.31541749088024,-1.11878517494565,-1.05325610615369,-1.55147488091428
2,239,2,1,125.142571,125.629866,0.51517587174562,-1.91040386431198,-2.34715492172096,-2.00863560925867,-0.929296475856874,-1.15535910998429,-1.54750608810685
2,240,2,1,125.664086,126.15138,0.366043104192289,-2.71201540302384,-2.95144400324499,-2.9050022166547,-1.16591831198982,-1.62566784735369,-1.68547991061481
2,241,2,1,126.190625,126.677919,0.482957297628478,-1.83962212895729,-1.88231959534904,-2.7031290504183,-1.0380396874296,-1.12825776332127,-1.88217816174465
2,242,2,1,126.717446,127.204741,0.530104498367436,-2.3783731362278,-2.68097703577794,-2.85069309947165,-0.783864592851344,-1.30576940006553,-1.33912523376171
2,243,2,1,127.241347,127.728641,0.51169222843958,-2.69469377201471,-2.8318664990629,-2.94729447673822,-0.902827473508894,-1.12981343259317,-1.48999266143256
2,244,2,1,127.768608,128.255902,0.491294200052752,-2.44044137750727,-2.81949554021262,-2.99464247190786,-0.885094827745933,-1.36198417922751,-1.38848835959153
2,245,2,1,128.294586,128.781881,0.465069997123741,-2.30797103173701,-2.61056037341086,-2.75292395732131,-0.966545080650307,-1.38905484824187,-1.43217242004485
2,246,2,1,128.817854,129.305148,0.454186167134673,-2.59313063052429,-2.41460556999084,-2.79145264386702,-1.01144982827359,-1.31050674445725,-1.50273895043553
2,247,2,1,129.343616,129.83091,0.454247478734797,-2.45740499872997,-2.52460846973951,-2.59875164225775,-1.01210621656973,-1.35095302206672,-1.45701136414579
2,249,3,1,130.395055,130.882349,0.436838269079427,-2.61526499450086,-2.96125024414212,-2.74542219054835,-0.948067094710477,-1.53533062124338,-1.53533696777408
2,250,3,1,130.918734,131.406028,0.406662258558594,-2.52459826891386,-2.82503411717931,-2.75451438901387,-1.09327334382497,-1.41149008213298,-1.63720074469023
2,251,3,1,131.443456,131.93075,0.448367029421161,-2.52267134234661,-2.3701025226598,-2.58572870279759,-1.01819054463613,-1.28592167494972,-1.63502452981086
2,252,3,1,131.968864,132.456158,0.437147057196424,-2.48491973207357,-2.50736978639414,-2.78039380432526,-0.998414177278044,-1.43005330937816,-1.64411945282999
2,253,3,1,132.497198,132.984493,0.421668330211106,-2.53868498933965,-2.73804155267007,-2.45663377025915,-1.04635592153967,-1.48367110995419,-1.63046070072974
2,254,3,1,133.023979,133.511273,0.524142769894877,-2.09952966491392,-2.5147995906789,-2.89838285618875,-0.820750928204444,-1.36621657639786,-1.32288016742202
2,255,3,1,133.554671,134.041966,0.48201770827347,-2.25677217640495,-2.26494843879786,-2.66301910391423,-0.99611945370663,-1.26656938744536,-1.30580846320406
2,256,3,1,134.083262,134.570557,0.512974520486137,-2.32601017342714,-2.73235172494651,-2.88237102456912,-0.882065346682594,-1.16335953656438,-1.37244242278026
2,257,3,1,134.608843,135.096138,0.413564218803615,-2.35689789613472,-2.55752195466158,-3.02880245002703,-1.11991239046269,-1.33346051974165,-1.54957139791058
2,258,3,1,135.138373,135.625668,0.364216715182862,-2.41430211324665,-2.51764797506727,-2.61400916268365,-1.28917163420207,-1.31841281600726,-1.98132687542508
2,259,3,1,135.66536,136.152654,0.514990337060615,-1.97988960379531,-2.26201238279296,-2.55972377462586,-0.812160373868371,-1.54472349305819,-1.35581965723651
2,260,3,1,136.193303,136.680597,0.501496063856562,-2.24648343370282,-2.60451837559454,-2.75737643465495,-0.850263110599284,-1.24617550107797,-1.48946105506894
2,261,3,1,136.718971,137.206266,0.612754444668894,-1.48586057528852,-2.02207360786699,-1.76911283402225,-0.951159662979103,-0.92789800925856,-1.49062443605745
2,262,3,1,137.245384,137.732678,0.417711034691102,-2.14503466609865,-2.67229733296054,-2.7784039201739,-1.06195130960364,-1.35651874863216,-1.75166706175907
2,263,3,1,137.767256,138.25455,0.404158438581427,-2.626760105928,-2.67018676113796,-2.79757970567787,-1.06925454934336,-1.4407671509233,-1.70525328857813
2,264,3,1,138.291059,138.778353,0.413062373251274,-2.44002532550042,-2.64447705598212,-3.12516296289568,-1.03037197280298,-1.47356658459579,-1.65278527537003
2,265,3,1,138.815955,139.303249,0.430171348601681,-2.14598652753548,-2.29847912838579,-2.74886081471229,-1.06333281711971,-1.36445147926296,-1.68778159576838
2,266,3,1,139.339255,139.82655,0.389332469680676,-2.00649694915662,-2.32602175119117,-2.83092663067135,-1.43975307687727,-1.2262886712507,-1.8686146205316
2,267,3,1,139.863411,140.350705,0.437595945991352,-2.20841662043661,-2.6110932601102,-2.72134988855355,-1.0336040148001,-1.31485828041316,-1.60826032451012
2,268,3,1,140.38562,140.872914,0.429368614377442,-2.3644550448313,-2.51906677851718,-2.62188993559892,-1.05128651547351,-1.33414211101292,-1.70340819933757
2,269,3,1,140.909256,141.39655,0.404323465405549,-2.38848654944476,-2.76302505844685,-2.74942700559338,-1.09062904312786,-1.42147497778397,-1.69742411234169
2,270,3,1,141.43295,141.920244,0.409128747789598,-2.17949855201277,-2.73535220857103,-2.40419246190367,-1.11312588656448,-1.39441973547517,-1.68033928281494
2,271,3,1,141.954918,142.442213,0.413151288561337,-2.40326096968161,-2.64067895105477,-2.61359386952814,-1.05918060971139,-1.44431468224199,-1.65389029953422
2,272,3,1,142.478452,142.965747,0.380428745205423,-2.34769086451376,-2.10935224626531,-2.82718538697543,-1.3498448182478,-1.27751636075909,-1.78333142510258
2,273,3,1,143.009314,143.496608,0.406790063587942,-2.21746569952764,-2.2955503650499,-2.4974703361846,-1.14397713743889,-1.3532932152909,-1.74492952475473
2,274,3,1,143.533386,144.020681,0.410637095953963,-2.5173253619613,-2.73138529483476,-2.82885613107499,-1.05987533349402,-1.44831319267722,-1.66294881605763
2,275,3,1,144.061974,144.549269,0.400585052190375,-2.23697788318215,-2.6791347227288,-2.71757755782675,-1.14126851418817,-1.30583808643252,-1.8106272640171
2,276,3,1,144.5853,145.072595,0.351660383331257,-2.40960572188013,-2.77675455322975,-2.85734560662389,-1.26751550629135,-1.47323896607842,-1.82656773285115
2,277,3,1,145.112013,145.599307,0.450035236981628,-2.6299252857756,-2.80962533163662,-3.0962375717883,-0.955218574310557,-1.25405148246586,-1.73186152490367
2,278,3,1,145.637927,146.125221,0.40865571594664,-2.32833134918231,-2.49956876213088,-2.46103939735195,-1.09672096944254,-1.40077852667798,-1.70932903432427
2,279,3,1,146.166232,146.653526,0.430781613729554,-2.37776451811454,-2.70200339587484,-2.64439810395795,-1.02492466979374,-1.38165866677125,-1.64625970050628
2,280,3,1,146.69373,147.181024,0.38054697496927,-1.97326448940472,-1.86832965186029,-2.64187835243247,-1.34958704614097,-1.41920227201971,-1.89644134334197
2,281,3,1,147.218526,147.70582,0.386067297281064,-2.24034690211579,-2.57117732334913,-2.68558913036335,-1.16643339546225,-1.41764328536681,-1.87265230210533
2,282,3,1,147.747594,148.234889,0.440518282637064,-2.38453301727613,-2.58510769360696,-2.68390777510956,-0.983658721642121,-1.35309537288206,-1.66142306147335
2,283,3,1,148.278351,148.765645,0.531359187173533,-2.10690551255741,-2.25148408528696,-2.63040471271502,-0.845280626957707,-1.15470628192951,-1.60622665979065
2,284,3,1,148.80135,149.288644,0.498408838816224,-2.54452326838291,-2.92688836738261,-2.96189449798046,-0.841476817806681,-1.36821233461294,-1.35982582107388
2,285,3,1,149.327008,149.814303,0.466409762210105,-2.285380741568,-2.57457998060888,-2.79579054083861,-0.893262930600394,-1.45787170191366,-1.5048936184987
2,286,3,1,149.851558,150.338852,0.452456029956785,-2.03746876015739,-1.90654293567229,-2.59696190339961,-1.06459347365273,-1.49388010025889,-1.71926116056823
2,287,3,1,150.383011,150.870305,0.395192893580882,-2.46716725264522,-2.87597369694513,-2.92313664159005,-1.0612217412726,-1.63304879235511,-1.60720873670128
2,288,3,1,150.910709,151.398003,0.36584760199037,-2.63588546626604,-2.85607744289585,-2.72356831669863,-1.1407488463913,-1.68302464266777,-1.69913113888551
2,289,3,1,151.437013,151.924307,0.398186047119827,-2.54048675879394,-2.68467989699112,-2.54352641698656,-1.10045379827668,-1.67264131090924,-1.58259871143299
2,290,3,1,151.959623,152.446917,0.42291830594061,-2.54780547686012,-2.73906751460004,-2.75035785573064,-0.969715230602162,-1.8174238630722,-1.54286836185788
2,291,3,1,152.482715,152.970009,0.428537140966578,-2.50484927873279,-2.84376813388587,-2.72118864855621,-0.982247222552736,-1.52391113841868,-1.63294041616166
2,292,3,1,153.006646,153.49394,0.505926565464863,-1.69640192167038,-1.93629531521382,-1.85072555730165,-0.918301108785027,-1.54931443319134,-1.543957280273
2,293,3,1,153.531084,154.018378,0.426888965930736,-2.68271818569228,-2.62179878013656,-2.91837919167665,-0.96609556712102,-1.62852164583165,-1.5833707769149
2,294,3,1,154.054606,154.541901,0.407825434338001,-2.54220970467586,-2.87563013528129,-2.76878167676264,-1.04659618547141,-1.64738968392343,-1.59365845483195
2,295,3,1,154.578462,155.065756,0.392280507277338,-2.28597108567946,-2.76514271265843,-2.78405143483158,-1.07871716641521,-1.73777546203135,-1.66144558405009
2,296,3,1,155.100287,155.587582,0.410916022371979,-2.311166280307,-2.4994652564859,-2.64286861135139,-0.990983013705332,-1.89458573081728,-1.6282352717728
2,297,3,1,155.625344,156.112638,0.375284276185731,-2.21248186134091,-2.47651343682565,-2.34397057437062,-1.14885622354002,-2.02778248522207,-1.63731505143054
2,298,3,1,156.146016,156.63331,0.399552969666356,-2.31193315585216,-2.65807502320379,-2.60210259300767,-1.05156295465576,-1.76501456270787,-1.64457019927921
2,299,3,1,156.67098,157.158274,0.390445238628084,-2.54600079698035,-2.63059237412159,-2.74176408601936,-1.07957417946356,-1.72277402377362,-1.65445265148812
2,300,3,1,157.198353,157.685647,0.385758542859758,-2.50489365126343,-2.54878462083017,-2.55187656136577,-1.11050866823275,-1.58993115358523,-1.71809249563802
2,301,3,1,157.722421,158.209716,0.41616810876647,-2.72563175007966,-2.49787416488671,-2.65389630438113,-1.00146639899541,-1.65988236317987,-1.6006651213278
2,302,3,1,158.245141,158.732436,0.426363966167135,-2.33919832646883,-2.82516033291519,-2.86396118076202,-0.973728632330107,-1.68783728501391,-1.55827672298891
2,303,3,1,158.771045,159.25834,0.43909673050095,-2.57702845081153,-2.77354014687984,-2.82385170410044,-0.938762993323274,-1.66180362440596,-1.51357772544113
2,304,3,1,159.29535,159.782644,0.407414680521673,-2.4424605828264,-2.72894492629063,-2.87564551800192,-1.00702930737096,-1.6740131114145,-1.61638803408663
2,305,3,1,159.820286,160.30758,0.340279992479468,-2.4256752806836,-2.63062225583784,-2.82826616500996,-1.27370659672135,-1.53201602506692,-1.91632743255809
2,306,3,1,160.346097,160.833391,0.376050410000238,-2.2044959871557,-2.63771224613671,-2.46687503261488,-1.10609137015935,-2.04886382803442,-1.62866139482016
2,307,3,1,160.872919,161.360213,0.384395975347224,-2.33502045565286,-2.85032163610111,-2.5445002476352,-1.13898983034852,-1.51185742062349,-1.71327739058997
2,308,3,1,161.395299,161.882594,0.399509617429267,-2.44370793850757,-2.78711716525546,-2.60397835161281,-1.06512086636326,-1.58393774684021,-1.6296107521729
2,309,3,1,161.918515,162.405809,0.407292488046969,-2.61858093636931,-2.80519585699062,-2.89236699691406,-1.03496691927873,-1.53166157986975,-1.62844260229783
2,310,3,1,162.441561,162.928856,0.391937545105268,-2.60916068390384,-2.75810621139453,-2.90195588150758,-1.05005740059,-1.74547922258767,-1.60140750743661
2,311,3,1,162.971783,163.459077,0.413626072805249,-1.79047707581201,-1.90191501338171,-2.24608012762964,-1.20189528012717,-1.48530949143665,-1.82988966352629
2,312,3,1,163.49705,163.984345,0.420271909717247,-2.47011164646096,-2.68574953896737,-2.51090731698917,-0.960053621928196,-1.89490561875089,-1.61034686816672
2,313,3,1,164.021311,164.508605,0.524552966395315,-2.54681773962527,-2.79156265388338,-2.13314596552886,-0.770866760365411,-1.5157023541721,-1.4117644851766
2,314,3,1,164.544976,165.03227,0.382170429354333,-2.26399831186469,-2.35048956894242,-2.5219596606261,-1.12995335005017,-2.27835512228523,-1.62278218693168
2,315,3,1,165.06731,165.554604,0.423170161526402,-2.40875313901969,-2.67789839596961,-2.76159397474518,-1.03293679260128,-1.50739974089783,-1.74951423068123
2,316,3,1,165.591711,166.079005,0.525423153402614,-1.46987814877286,-2.10998698738115,-1.94386829488916,-0.88522610716335,-1.78191193746153,-1.36641206504211
2,317,3,1,166.117252,166.604547,0.526754115041471,-1.36807892664758,-1.75975693663814,-1.61753851103598,-1.06451400711663,-1.48501113727909,-1.58343961634509
2,318,3,1,166.641238,167.128532,0.473624117920392,-2.54307336666621,-2.66677580803217,-2.87357258863013,-0.86665947585349,-1.70842440586953,-1.44510318668572
2,319,3,1,167.167349,167.654643,0.494267337284974,-1.30874284853626,-1.99977474422687,-2.15486843296048,-1.04936655638538,-1.78338795715628,-1.4725981702192
2,320,3,1,167.691626,168.17892,0.542738170852513,-1.44309921560671,-1.57319017108897,-1.67710590995759,-0.92908706027072,-1.72835700615432,-1.45642930588641
2,321,3,1,168.217404,168.704698,0.388046588671698,-2.33009609309967,-2.52177921069984,-2.55878430761282,-1.17204422280168,-1.61694994636096,-1.61372593839326
2,322,3,1,168.742937,169.230231,0.403824384121822,-1.77126316738839,-2.54003528483658,-2.69230204956469,-1.1336171032558,-1.57204772644713,-1.67939081906778
2,323,3,1,169.264945,169.752239,0.424603214595144,-2.47750115493515,-2.87611131531543,-2.73105250788536,-0.980198382967952,-1.59864884826182,-1.55178453032955
2,324,3,1,169.794643,170.281937,0.323401641322825,-2.54313100337984,-2.63858660251744,-2.75536595513146,-1.28345889151037,-2.29180657919902,-1.73282695523073
2,325,3,1,170.318763,170.806057,0.423331365031524,-2.50392624238825,-2.67468100308154,-2.71044394834135,-0.973108944792425,-1.70571132351236,-1.4967803652508
2,326,3,1,170.84113,171.328424,0.421184765375213,-2.51199714930495,-2.78457341819839,-2.59203411944469,-0.968607936455603,-1.62543181138895,-1.5566044403993
2,327,3,1,171.368152,171.855446,0.348271336729352,-2.70707534055786,-2.72262915465857,-2.75258116343381,-1.21832895264885,-1.87570001028262,-1.6409778070997
2,328,3,1,171.89103,172.378324,0.437743029265509,-1.99284204846402,-2.33095946583071,-2.53681610523354,-0.950117930530691,-1.55808240569958,-1.66213858801475
2,329,3,1,172.414876,172.90217,0.286594912805753,-2.23507352995679,-2.38720011099027,-2.78339251724581,-1.48365406174578,-1.87939933236595,-2.16857799761842
2,330,3,1,172.939147,173.426441,0.446201391199607,-1.92780426231085,-2.0431617877687,-2.35561606543196,-1.11178882810604,-1.23728958320078,-1.79731181063102
2,331,3,1,173.47005,173.957345,0.398744607427376,-2.33256744822272,-2.23835525553879,-2.81027606431817,-1.09951336770062,-1.44877103868627,-1.80551504034242
2,332,3,1,173.993204,174.480498,0.410676969969231,-2.35970207602288,-2.43881364632829,-2.73504346814876,-1.00870517967264,-1.77967226318619,-1.61324208512731
2,333,3,1,174.520334,175.007628,0.397378378037399,-1.92859241164396,-2.20427429408104,-1.93082848732442,-1.23516553124638,-1.57347910410182,-1.87935461208824
2,334,3,1,175.043814,175.531108,0.298614058553242,-2.37087584330831,-2.47074342483941,-2.53683281274045,-1.45369552624309,-1.72927082067737,-1.77318716728847
2,335,3,1,175.567849,176.055143,0.653753314150277,-1.21507139491875,-1.3246683313951,-2.03949413134929,-0.745491782997628,-1.52661224355945,-1.4043400520817
2,336,3,1,176.093526,176.58082,0.41315654386238,-2.21560384787581,-2.25598923048018,-2.80003060790663,-1.04863216253691,-1.5398141887291,-1.62294970970555
2,337,3,1,176.617438,177.104733,0.423941170816028,-2.42513964164636,-2.53970951882617,-2.54489476328712,-0.974686635509598,-1.80687317079912,-1.4643507693257
2,338,3,1,177.144899,177.632194,0.380547648635262,-2.23145127375256,-2.23620835776475,-2.65075061317364,-1.19565189806729,-1.43604674353978,-1.85965680057863
2,339,3,1,177.669529,178.156823,0.382037615817894,-2.5675433189338,-2.86651871739758,-2.84642278860683,-1.12323658045971,-1.44463414663274,-1.7052158251029
2,340,3,1,178.193232,178.680526,0.422777858719978,-2.19655115051257,-2.36922693051748,-2.77978647406235,-0.959789587640653,-1.74139745792832,-1.5443413098255
2,341,3,1,178.717365,179.204659,0.395296010512517,-2.13646126263369,-2.39894405881272,-2.76172203752935,-1.22391633202713,-1.31993966115357,-1.75824424715258
2,342,3,1,179.242503,179.729798,0.396752804507215,-2.40354033974014,-2.62493135456795,-3.0993535031476,-1.07849912656931,-1.42305243178258,-1.8484661690335
2,343,3,1,179.767303,180.254597,0.406226539769926,-2.23353022891552,-2.77782040587,-2.92765444046299,-1.00030325419081,-1.76938227212686,-1.55447044838937
2,344,3,1,180.292037,180.779332,0.364699775408743,-2.60970491355092,-2.83560591340397,-2.45073728768138,-1.17963168907952,-1.62200248998209,-1.71601105786011
2,345,3,1,180.817461,181.304756,0.420106832719999,-2.41037426813519,-2.60755459947549,-2.82891047770014,-0.982844672309885,-1.71238299261963,-1.51258769418191
2,346,3,1,181.348806,181.8361,0.378575833833747,-2.29774167297193,-2.60651191917348,-2.83156720482616,-1.11473963904514,-1.50144698826333,-1.98157616182552
2,347,3,1,181.871296,182.35859,0.321106682951756,-2.69274983137274,-2.68739283083217,-2.85912373491579,-1.30953161793905,-1.58045941177026,-1.94375252581414
2,348,3,1,182.398877,182.886171,0.412396764682041,-2.38879402303217,-2.67213440527183,-2.76056618655033,-0.982872911606021,-1.89173574745889,-1.51710034443296
2,349,3,1,182.927209,183.414503,0.37477088142353,-2.25797905863712,-2.46947140265625,-2.97059528797654,-1.12998418578919,-2.32984945725652,-1.5862816264551
2,350,3,1,183.454597,183.941891,0.389900763545798,-2.47507295315837,-2.92667560823256,-2.76293486452347,-1.05016232938694,-1.921457391164,-1.51626960911379
2,351,3,1,183.980047,184.467342,0.387136487854042,-2.41229300966558,-2.76650987306488,-2.81469444415367,-1.0825919793178,-1.68620497698482,-1.63595371097769
2,352,3,1,184.505527,184.992821,0.635518463606989,-0.947279436702393,-1.02309361643369,-1.35762572296528,-1.11684357646622,-1.75289028874828,-1.61805509792016
2,353,3,1,185.03332,185.520615,0.406768055127322,-2.33534583954667,-2.77834339506218,-2.80812629567017,-0.993987245925693,-2.03072549141304,-1.53208144898103
2,354,3,1,185.559998,186.047292,0.289734571786149,-1.99712577475848,-2.52599523687324,-2.6345230226391,-1.46462077400111,-2.19478281233867,-2.08579167380749
2,355,3,1,186.087455,186.574749,0.674647100658678,-0.729029319823429,-1.35597753723103,-1.08471845454941,-1.37571487583892,-1.29374431469522,-1.82350620113852
2,356,3,1,186.611656,187.09895,0.577931306897379,-1.15536341100152,-1.12482578341818,-1.22497339169224,-1.52552899772145,-1.37946608371693,-1.93458161259287
2,357,3,1,187.136899,187.624193,0.408250386126437,-2.25781122799838,-2.62244905476658,-2.74530452677297,-1.02540727374471,-1.54848623814396,-1.74707991548272
2,358,3,1,187.663391,188.150685,0.341558133227006,-2.47606815691966,-2.47348944499188,-2.94550916946117,-1.20974038301893,-1.72055836380238,-1.97461175167329
2,359,3,1,188.193251,188.680545,0.962464285627142,-0.3262798176225,-1.15145696782376,-0.610099195183413,-1.19438054819482,-1.54787339182037,-1.93398407749736
2,360,3,1,188.72218,189.209475,0.273222154346971,-2.22421134052474,-2.5851496398105,-2.95599613327921,-1.62703190376197,-1.67130108756551,-2.0646872821297
2,361,3,1,189.254131,189.741425,0.427773441494029,-2.24402379853604,-2.2661486600922,-2.76846959883976,-1.00224704388866,-1.38442868162892,-1.71293762670414
2,363,4,1,190.30347,190.790764,0.379994154008464,-1.87867467096898,-1.86103908635246,-2.28396503360311,-1.33155864318896,-1.43063869980929,-1.87895411872689
2,364,4,1,190.826469,191.313763,0.670037320521484,-0.987483794184107,-1.0311434300825,-0.94861971903177,-1.22629959180703,-1.57082031777473,-1.73486326468628
2,365,4,1,191.350608,191.837902,0.316278895733005,-2.37756245555557,-2.70155475240375,-2.81958540884663,-1.32608655661801,-1.55914424270035,-2.29398153544149
2,366,4,1,191.877225,192.364519,0.407879958377147,-2.77626304038747,-3.09647137265034,-2.77111700922093,-1.04439055644493,-1.40532212243669,-1.69860726314965
2,367,4,1,192.403904,192.891198,0.405965662931597,-2.66189922726157,-3.06211587148789,-3.12676540217139,-1.0396111755132,-1.48682678331609,-1.66779196223515
2,368,4,1,192.928056,193.415351,0.358108778927963,-2.43907943034603,-2.79571257907309,-2.92043060530967,-1.20858443913989,-1.43494370798168,-2.01975143450802
2,369,4,1,193.451027,193.938321,0.395425505773598,-2.60639015824865,-2.8051267015407,-2.80302226766873,-1.04265951518261,-2.18842875550379,-1.49685929001453
2,370,4,1,193.973168,194.460462,0.285700275401668,-2.59873776126,-2.69777533054797,-2.92457756756781,-1.38860151866501,-2.11446798355439,-2.05635599397279
2,371,4,1,194.502227,194.989521,0.393610139637501,-2.62691319288607,-2.6184371915008,-2.83651393305402,-1.0631102409927,-1.93090686324122,-1.50154872618568
2,372,4,1,195.031885,195.51918,0.348437979385544,-2.48763552507187,-2.70390349781051,-3.03389737540348,-1.20496430647091,-1.88677484244959,-1.64709856062443
2,373,4,1,195.556823,196.044117,0.374272830440385,-2.32405008744933,-2.5878453842035,-2.83602933356021,-1.15187593894611,-1.58778741258352,-1.70808871959422
2,374,4,1,196.080543,196.567837,0.370304957622609,-2.50439179966335,-2.91289854790055,-2.97197574518642,-1.18206825949088,-1.46985532565601,-1.70642972266159
2,375,4,1,196.603291,197.090585,0.771978892828024,-0.745103532728169,-1.10672518353757,-0.863878261506517,-1.13242190029761,-1.41527199325357,-1.62343854923254
2,376,4,1,197.130187,197.617482,0.299218599610791,-2.43904952527183,-3.00743017908762,-2.74480433837166,-1.37222331328907,-1.90233244577365,-1.87150236992759
2,377,4,1,197.658102,198.145396,0.380029192997217,-2.18817698603185,-2.54097580894432,-3.00675783947847,-1.11773748679607,-1.81600299708818,-1.53911183751574
2,378,4,1,198.180922,198.668216,0.431956579723978,-1.74854176394815,-1.8765706271731,-1.9992148991257,-1.21865568152153,-1.32594067762593,-1.6453260969717
2,379,4,1,198.710507,199.197801,0.319432763343496,-2.62533613030646,-2.76882354140204,-2.93962711826181,-1.28066110128323,-1.9993607937485,-1.67870014143205
2,380,4,1,199.235039,199.722334,0.858596030455257,-0.487738767460139,-1.36104930682277,-0.983943972851218,-1.01332648564848,-1.19869510333528,-1.57978538543732
2,381,4,1,199.762588,200.249882,0.415933829062295,-2.79671485205524,-2.92766373860486,-3.13579158353189,-0.999156339839226,-1.79645204840864,-1.35746163923556
2,382,4,1,200.29436,200.781655,0.355786622163411,-2.62131503476156,-2.7598740139896,-3.15737418427535,-1.24333823849339,-1.51841063469081,-1.62396508243558
2,383,4,1,200.820951,201.308245,0.435417007601931,-1.9819243854929,-1.71778080251499,-2.4307406618929,-1.05305647694239,-1.64403785511832,-1.5592849766985
2,384,4,1,201.347382,201.834677,0.390450968824449,-2.47596401747932,-2.18353246002852,-2.73542552886639,-1.09902697181053,-1.65209674264454,-1.60874494743248
2,385,4,1,201.870366,202.35766,0.417133143091648,-2.00668694210879,-1.97713421823499,-2.68133150365333,-1.07756319461492,-1.78728123201363,-1.42710890307368
2,386,4,1,202.396438,202.883733,0.408899965118601,-2.34805095652431,-2.08871491418048,-2.88900740156276,-1.00317301078341,-1.87212101602466,-1.56777418125696
2,387,4,1,202.927226,203.41452,0.461799599624956,-2.20646940734862,-2.86096565516592,-2.75812768618492,-0.912239648993198,-1.62487165867113,-1.32737432584329
2,388,4,1,203.45281,203.940104,0.444052382993266,-1.41162104232761,-1.4880386425597,-2.22660542475262,-1.22402028944159,-1.73345133633796,-1.79012907847306
2,389,4,1,203.979042,204.466336,0.361543928801361,-2.08160648443459,-2.05104530571258,-2.4993507288702,-1.28179185821093,-1.49927215201684,-1.91118170187178
2,390,4,1,204.503543,204.990838,0.359202334092362,-2.05527302080716,-2.35805204604732,-2.75114650986774,-1.18251404541218,-1.71138544782502,-1.78866203739269
2,391,4,1,205.02775,205.515044,0.345604707293241,-2.33115152225413,-2.27112893110569,-2.98249693123796,-1.27792782532484,-1.56774516816898,-1.78557481929152
2,392,4,1,205.551397,206.038691,0.361787294083414,-2.08850541309643,-2.31154407837011,-2.86891532129615,-1.17344061552748,-1.72073047925695,-1.70606483391706
2,393,4,1,206.076101,206.563396,0.36456769092649,-2.36802208233723,-2.75766839620667,-3.0270945115765,-1.18385068661015,-1.49047257899452,-1.74959840681109
2,394,4,1,206.599293,207.086587,0.405154666889359,-2.3705881385449,-2.45723398093149,-2.85460908974524,-1.08964690053286,-1.42647578605608,-1.82056269325148
2,395,4,1,207.121994,207.609288,0.393152144325141,-2.1234147177259,-2.4399753306471,-2.92256935593911,-1.09924910875497,-1.58195041554374,-1.77884535212998
2,396,4,1,207.653057,208.140352,0.367879794126744,-2.19376529353215,-2.61739862463442,-2.89123722848963,-1.14793376663073,-1.68791302254716,-1.64320755394617
2,397,4,1,208.17684,208.664134,0.364015799556857,-2.12281764407662,-2.40266118827003,-2.95045372974757,-1.19952178808004,-1.51359204767497,-1.76917679234483
2,398,4,1,208.699879,209.187173,0.352706846448945,-2.28866597071828,-2.60229279039992,-2.71660325898169,-1.18513838847767,-1.65424985359802,-1.75835956147393
2,399,4,1,209.223396,209.710691,0.43146314727785,-1.65689623682684,-2.12413003217074,-2.44192013949225,-1.09428939053447,-1.45719660663128,-1.76471974243134
2,400,4,1,209.74951,210.236804,0.338562182063259,-2.47363123944019,-2.66010211386482,-3.23231281623831,-1.27559990919222,-1.56320478440701,-1.71736642057635
2,401,4,1,210.277149,210.764443,0.406887384396013,-1.6102095351793,-2.17618160347505,-2.2308004421464,-1.25617970400895,-1.46664345063775,-1.82870223166179
2,402,4,1,210.801511,211.288805,0.374859379262599,-2.62306413553792,-2.8220164083496,-2.60158832196727,-1.05251593116537,-1.84629261066674,-1.62891856927449
2,403,4,1,211.326546,211.81384,0.409991981207207,-2.60544232551492,-2.97765054061998,-2.98394382868486,-0.993064610176815,-1.61996905589699,-1.53677609818196
2,404,4,1,211.851238,212.338532,0.356337145363657,-2.54663320924593,-2.74580293605977,-3.07381823947904,-1.13181967646318,-1.77999563136115,-1.69601650896843
2,405,4,1,212.379407,212.866702,0.368189569147458,-2.44857465922801,-2.95866313354179,-2.88999940471538,-1.1074769019238,-1.71367702263459,-1.69539147897111
2,406,4,1,212.903685,213.390979,0.377648680171635,-2.39231326112453,-2.70529414187025,-2.86399837668985,-1.05813567049545,-1.83988623185439,-1.63234831738418
2,407,4,1,213.432968,213.920263,0.374266216537962,-2.32441167502299,-2.83289570398842,-3.00239756213662,-1.09890238002871,-1.66849632420428,-1.68999037580686
2,408,4,1,213.954517,214.441811,0.374850944243628,-2.54071704975793,-2.96753555151156,-3.00322133466068,-1.08734004276804,-1.68856233110006,-1.66116586147051
2,409,4,1,214.476117,214.963411,0.310548744033764,-2.36353109135152,-2.89503608410093,-2.99607683517659,-1.36428401088116,-1.58592712944243,-1.99247277463017
2,410,4,1,215.001066,215.48836,0.322085034938252,-2.29773337714464,-2.91909942735501,-2.92279304867284,-1.38077560460889,-1.54150442081097,-1.8441364765138
2,411,4,1,215.52876,216.016054,0.371691628607601,-2.36090542775543,-2.93308653926036,-2.98310114925344,-1.10852641499434,-1.65599429780045,-1.67088719131496
2,412,4,1,216.052419,216.539714,0.387946914038253,-2.4683491012651,-2.75147691661038,-2.52872363211091,-1.0622652852031,-1.68841336988576,-1.64946426618858
2,413,4,1,216.583394,217.070688,0.450316147064802,-1.54721698151763,-1.69667725683774,-2.42571957589508,-1.21426445549285,-1.51247215734963,-1.73667907892378
2,414,4,1,217.108753,217.596047,0.426414575887226,-2.20160628922753,-2.3802142266372,-2.67671966407874,-0.998911921233486,-1.66649379360745,-1.49656670904142
2,415,4,1,217.638386,218.12568,0.363980036542536,-2.44307271324694,-2.81481205827642,-2.6454919576542,-1.23787751132786,-1.55056010942984,-1.63276268333867
2,416,4,1,218.161398,218.648692,0.391744985941837,-2.46082217372378,-2.76793556415761,-2.84104204654043,-1.07580455504335,-1.75761832581256,-1.55151346635085
2,417,4,1,218.687058,219.174352,0.406592433732364,-2.31644761573183,-2.44659856981364,-2.85491292288907,-1.0746287065829,-1.5328578173512,-1.54951927577524
2,418,4,1,219.208531,219.695826,0.491801111304065,-1.6315927657152,-2.23984870622665,-2.92032719223661,-0.955736294934692,-1.35681621371431,-1.52999141791128
2,419,4,1,219.74386,220.231154,0.355345489794907,-2.51425031860723,-2.74811008569818,-2.81291650764384,-1.17954223620891,-1.69139121222651,-1.68438984030003
2,420,4,1,220.269022,220.756316,0.38379268717642,-2.31529514047943,-2.82933570859329,-3.0445924439858,-1.07981690101804,-1.61256919810851,-1.67567251050815
2,421,4,1,220.798356,221.28565,0.388799517413901,-2.29251999932969,-2.82922483430566,-2.68558426314424,-1.06949537019448,-1.73777109570464,-1.60740325507953
2,422,4,1,221.326618,221.813912,0.36813890146753,-2.48758798582161,-2.67258771341932,-2.82218288407135,-1.17085056642764,-1.67707243761915,-1.62404754842092
2,423,4,1,221.853973,222.341267,0.367700663142184,-2.38199540313308,-2.4955665314827,-2.5666133811936,-1.19360047557474,-1.64255949082887,-1.64553022093389
2,424,4,1,222.378751,222.866045,0.391623247792956,-2.18073391185487,-2.60084636317497,-2.78201003536086,-1.08994689471582,-1.66706856803692,-1.65010885997717
2,425,4,1,222.903493,223.390787,0.387432474553839,-2.5393565649867,-2.87415521499576,-2.92784336573869,-1.06549333371664,-1.71560657520244,-1.62887454564098
2,426,4,1,223.426899,223.914193,0.373511986909539,-2.13163999144419,-2.37697432291934,-2.87108081669487,-1.14951177037225,-1.65857679497932,-1.67043532051603
2,427,4,1,223.95192,224.439214,0.302850656895692,-2.49095659478749,-2.64624022650761,-3.05440145133207,-1.33323900767565,-1.77360833206478,-1.96564993482628
2,428,4,1,224.482178,224.969473,0.373692447690756,-2.52880719841663,-2.48066051412656,-2.71407432532958,-1.18540377956719,-1.49017098300374,-1.6378727178333
2,429,4,1,225.005521,225.492816,0.472410264952751,-1.47938847941753,-2.21599999531967,-2.87608219897732,-1.00617532852892,-1.67637973640216,-1.42028508562181
2,430,4,1,225.532599,226.019893,0.45018118157761,-2.06255488351677,-2.15652597076748,-2.46719043562209,-1.16428571926227,-1.08379965429128,-1.68500987932842
2,431,4,1,226.05575,226.543044,0.433275193647699,-2.52164997279241,-2.76834135049051,-2.78646316589799,-0.994757307624899,-1.27458736329199,-1.83953107716049
2,432,4,1,226.579576,227.06687,0.418160270882465,-2.38925579055983,-2.66126739807747,-2.79960039534895,-1.04118549991865,-1.61918515042948,-1.45984806051573
2,433,4,1,227.102562,227.589856,0.369699943699528,-2.466029917516,-2.15692896982781,-2.88997331558303,-1.18457019061635,-1.64045761495055,-1.59382789986091
2,434,4,1,227.630589,228.117883,0.388088326752058,-2.34093774179302,-2.54058602692865,-3.02603408066123,-1.17101420764797,-1.46435378861363,-1.60039990265217
2,435,4,1,228.153266,228.64056,0.401946489457897,-2.4067195787342,-2.94721291878654,-3.22593738360315,-1.08138242342681,-1.64034575342106,-1.44758530829083
2,436,4,1,228.676337,229.163631,0.392731475221521,-1.97156305777404,-2.26362127948039,-2.573972750745,-1.07396532972242,-2.03049407886797,-1.69450200598541
2,437,4,1,229.200637,229.687931,0.364865176205133,-2.54583684050231,-2.8194904676736,-2.95940759426503,-1.12136422470173,-1.61438805044758,-1.81559098099086
2,438,4,1,229.722152,230.209446,0.379463959173758,-2.17812300876865,-2.32251635771418,-2.91447231090989,-1.18632316740268,-1.45312190242599,-1.75049861538091
2,439,4,1,230.252133,230.739427,0.342540144116186,-2.34643963956339,-2.61985345767085,-2.99861782393636,-1.28459355164525,-1.56853581786096,-1.71946644835297
2,440,4,1,230.777406,231.2647,0.407287334109337,-2.19258545385432,-2.55887922945838,-2.75580337709845,-0.998848031059235,-1.77191766588176,-1.58742388670135
2,441,4,1,231.303346,231.790641,0.386062818032467,-2.125594840149,-2.30048265960105,-2.56193070083261,-1.12026430115157,-1.6422474411665,-1.74097858983311
2,442,4,1,231.826932,232.314226,0.495732953855021,-1.75139005019173,-1.8957916360739,-2.47890310802969,-0.842786174761915,-1.62487251504464,-1.4949837235417
2,443,4,1,232.350435,232.83773,0.464378853751718,-2.40348100520465,-2.33789320348855,-2.49236575845681,-0.936229306673672,-1.4831514881936,-1.3603361550598
2,444,4,1,232.873983,233.361277,1.10441749966748,-0.432772065399541,-0.393235757299268,-0.927880850367492,-1.25468387595401,-1.00104474137087,-1.35088649924073
2,445,4,1,233.397403,233.884697,0.356099883273786,-2.27143849704309,-2.52493045381449,-2.82750975297831,-1.16747358146694,-1.77162700113739,-1.71367710872304
2,446,4,1,233.928728,234.416022,0.380150565528311,-2.15787639345895,-2.16475114461357,-2.57799043794772,-1.16422903001615,-1.52033642247279,-1.90090724078168
2,447,4,1,234.455475,234.942769,0.352254052291916,-2.41680023977856,-2.58253490878825,-2.94030918930662,-1.28766870079126,-1.55293440521883,-1.60399382899713
2,448,4,1,234.979032,235.466326,0.435541425421813,-2.42200346771763,-2.8761290220127,-3.06309809309153,-0.939588777242402,-1.55176268118061,-1.55430778358668
2,449,4,1,235.505935,235.99323,0.393805937279112,-2.22804073011368,-2.65632856473865,-3.00526507815273,-1.07185499568667,-1.57357333544816,-1.66640410926886
2,450,4,1,236.03674,236.524034,0.373593911306121,-2.2401971541174,-2.88924251603642,-2.74852432647159,-1.10072614204847,-1.81600939692533,-1.66393643100653
2,451,4,1,236.562259,237.049553,0.362716720552196,-1.98346682571264,-2.22525296293856,-2.67511601065901,-1.24432360367116,-1.58808199250891,-1.84178118270914
2,452,4,1,237.086551,237.573845,0.379762403074919,-2.26132881715189,-2.42970572127161,-2.67486450386151,-1.12566065017795,-1.69656827975052,-1.63000086755906
2,453,4,1,237.609423,238.096717,0.361499760396307,-2.2599369002668,-2.5875954876642,-2.83694862012383,-1.17970236881409,-1.70249570308932,-1.69941076624169
2,454,4,1,238.133666,238.620961,0.371829378349486,-2.0887934239408,-2.37318204237049,-2.66951972885924,-1.20195853351592,-1.63142941016593,-1.62528696746904
2,455,4,1,238.656212,239.143506,0.432858470429731,-2.18413759695998,-2.45494453918204,-2.83275035642587,-0.974413804072969,-1.4403189593632,-1.73712181370404
2,456,4,1,239.177096,239.664391,0.467972774410991,-1.78286545406972,-2.03733028729359,-2.47234616672849,-0.92811096435819,-1.59707676148955,-1.55450333625452
2,457,4,1,239.703579,240.190873,0.410177739021339,-2.29329622206496,-2.69560406317313,-2.93994891911741,-1.14083956187691,-1.39930546518508,-1.46463216241277
2,458,4,1,240.227381,240.714676,0.502269956524976,-2.16249802859379,-2.41871383255261,-2.94545052464763,-0.812615350579505,-1.35055094026215,-1.52969703280054
2,459,4,1,240.753972,241.241266,0.302618074691235,-2.24815940132931,-2.76064600076882,-2.67410557778284,-1.48734947338081,-1.49361647853177,-2.22654433863829
2,460,4,1,241.278345,241.76564,0.466772207832673,-1.94787372900438,-2.26887902950547,-2.76480657365455,-0.904631058490226,-1.38646634148676,-1.67663320940025
2,461,4,1,241.808121,242.295416,0.400885511089822,-1.98224867422054,-2.46898836909868,-2.73855292859208,-1.17177111738035,-1.40291900327162,-1.58796812559441
2,462,4,1,242.330978,242.818272,0.379953926522356,-2.3396820343676,-2.66529499154517,-2.76209145357773,-1.19139793644047,-1.41251465188369,-1.60844950577833
2,463,4,1,242.857526,243.34482,0.402050797939051,-2.34506547462634,-2.63726719765931,-2.86966134952399,-1.08868629392966,-1.51085467112783,-1.52313582111392
2,464,4,1,243.389237,243.876531,0.37630389832388,-2.26407679723373,-2.19437005211743,-2.75330027552994,-1.20536834800377,-1.58813729682915,-1.6725257712849
2,465,4,1,243.915538,244.402832,0.40081962344612,-2.04344528270356,-2.47927559682023,-2.88658135479204,-1.19172339726587,-1.33098020804475,-1.85355040218266
2,466,4,1,244.440189,244.927483,0.385106736708476,-2.28097012122583,-2.65299268928798,-2.81330665300128,-1.0799745545786,-1.71037399642022,-1.64063370998572
2,467,4,1,244.969818,245.457112,0.367683193276026,-2.43998338208816,-2.55556762973926,-2.73903486760847,-1.15282051013771,-1.55575299080841,-1.80848679684499
2,468,4,1,245.494791,245.982085,0.344173679139292,-2.51000809636116,-2.88129439330091,-3.10614102553751,-1.19436453127196,-1.682823755648,-1.74432682759094
2,469,4,1,246.017579,246.504873,0.33606858869652,-2.41884600735194,-2.59938164361396,-2.87041329298811,-1.24071226295574,-1.63663571720065,-1.83983433186587
2,470,4,1,246.540447,247.027742,0.429592551450734,-2.42571083163805,-2.72680678782353,-2.8513414434183,-0.949663011069007,-1.70801148673425,-1.53493115977541
2,471,4,1,247.071605,247.558899,0.36522923392633,-2.20756669662647,-2.542852895637,-3.26178296489635,-1.17794833880688,-1.66083945975596,-1.66431072877659
2,472,4,1,247.60112,248.088415,0.422741249552646,-2.79363823110841,-2.73511673027972,-2.82727218970539,-1.04291618836448,-1.45198895535191,-1.49716494049895
2,473,4,1,248.126271,248.613566,0.351528313925512,-2.23729645733428,-2.28419479933857,-2.69578308445474,-1.19618512045566,-1.64470287744217,-1.85718072574986
2,474,4,1,248.650797,249.138091,0.322446036783022,-2.56991012989115,-2.86772343792074,-3.11604569338851,-1.2991132263063,-1.59241657986765,-1.85427451920168
2,475,4,1,249.176666,249.663961,0.649698549351467,-0.845355775406024,-1.87714926693113,-1.80037543968889,-1.05033550067983,-1.16728452396346,-1.3177256049115
2,481,1,2,252.343589,252.830883,0.354946622216672,-2.54645557859031,-2.82159311007347,-3.06383843691718,-1.13819146686803,-1.90416257118477,-1.66690423624471
2,482,1,2,252.868334,253.355628,0.344580969626155,-2.45016063333752,-2.44261584681256,-2.67000531486483,-1.20949343312121,-2.24616242614102,-1.6653626380087
2,483,1,2,253.391208,253.878503,0.385972685989994,-2.23582116709787,-2.83100113100825,-2.72344812677465,-1.04923125173191,-1.78423137443319,-1.65706515175606
2,484,1,2,253.916306,254.4036,0.377028016763555,-2.45246547635855,-2.93268973752175,-2.96063531954978,-1.06161376493055,-2.05431593310927,-1.58658104392802
2,485,1,2,254.442165,254.92946,0.407557908702236,-2.2094264558829,-2.58397073013438,-2.73260001743085,-1.0255979689388,-1.65991576954723,-1.61084602828418
2,486,1,2,254.968406,255.4557,0.385902024818265,-2.53243850706271,-2.56115115438758,-2.95231165880619,-1.04614661777504,-1.90070522450885,-1.60111883891528
2,487,1,2,255.496675,255.983969,0.385829741888073,-2.3517231719598,-2.60610264711243,-2.74749838713823,-1.12781494437875,-1.47060451998934,-1.82512214304666
2,488,1,2,256.020331,256.507625,0.450986370257888,-2.29391112369056,-2.51158960637224,-2.95220928169741,-0.909037456892662,-1.51559524771143,-1.5486055735248
2,489,1,2,256.547301,257.034595,0.412488593899593,-2.33460812911652,-2.41346941149883,-2.69207448592617,-0.98667472709624,-1.81581584898726,-1.55028307474022
2,490,1,2,257.079952,257.567247,0.381638914463078,-2.4490855824539,-2.50587146911696,-2.70216440018726,-1.05595965740704,-2.04676893771836,-1.60102331558846
2,491,1,2,257.603125,258.090419,0.402358058264218,-2.40912613200583,-2.66022011936949,-2.82849895060421,-1.05442481727279,-1.46684704088067,-1.73613965912418
2,492,1,2,258.12848,258.615774,0.362696098486972,-2.36820103967855,-2.72017861473366,-2.70753336522233,-1.12015074779011,-2.53262066108678,-1.58684902333587
2,493,1,2,258.652968,259.140262,0.345310560652811,-2.03322184257489,-2.03306417583779,-2.68897083255553,-1.22855333480026,-1.89563633293718,-1.88774868263094
2,494,1,2,259.177124,259.664418,0.43842086966839,-2.22853278461059,-2.42547844042547,-2.59194012001722,-0.945971087471447,-1.79377867111016,-1.45156638899399
2,495,1,2,259.704651,260.191945,0.376663864494851,-2.22021195244759,-2.60574103489694,-2.78163319760861,-1.08725562261321,-2.21769419663346,-1.56410375855035
2,496,1,2,260.233766,260.72106,0.302422015768716,-2.29212184011,-2.76105552430497,-2.68541670686799,-1.32498282646779,-2.04568926292075,-1.90177056355877
2,497,1,2,260.758631,261.245925,0.437305364182006,-2.52923639781584,-2.85457864868136,-2.88452932211929,-0.955558844363846,-1.45118135759945,-1.5826319366298
2,498,1,2,261.283791,261.771085,0.388244894191359,-2.40467344971287,-2.53651824658437,-2.64768981826068,-1.04298261988098,-1.7930184470672,-1.59595477558554
2,499,1,2,261.808038,262.295332,0.425669961976421,-2.30200715153857,-2.79718518726401,-2.75101436484465,-0.971718449886526,-1.51786017024871,-1.66512016260368
2,500,1,2,262.3415,262.828794,0.291029930238356,-2.11549227402966,-2.68992103225626,-2.60465309059611,-1.37914705405696,-1.84830742544602,-2.07841124476111
2,501,1,2,262.866841,263.354135,0.340290803972851,-2.57366844372922,-2.70780315653403,-2.76514513749448,-1.17504508605353,-2.08289537060387,-1.67963666804122
2,502,1,2,263.393614,263.880908,0.480767420545857,-2.05355364605406,-2.34767728997974,-2.87478408471974,-0.865774631222142,-1.66600339727998,-1.37425700200981
2,503,1,2,263.920211,264.407505,0.527312858904126,-2.49825209571873,-2.80200059612062,-2.96497494316281,-0.79256012255698,-1.50319659175165,-1.19896548169206
2,504,1,2,264.45433,264.941624,0.399158775243381,-2.61414694614813,-2.73092942807263,-3.52597819337909,-1.0061028271939,-1.5458702348951,-1.7047181992083
2,505,1,2,264.978878,265.466172,0.337148260836224,-2.47826093278524,-2.64500502356837,-2.7359262645424,-1.53114313379052,-1.26899710181109,-2.03118392691112
2,506,1,2,265.503586,265.990881,0.447048096564773,-2.37230155818846,-2.76257735810351,-2.87221573335842,-0.89582538967228,-1.54835953112361,-1.62942771848375
2,507,1,2,266.026717,266.514011,0.335277651565128,-2.04374488116746,-2.50301118826957,-2.89909236083972,-1.26912413904086,-2.32613355464737,-1.75996811175323
2,508,1,2,266.549669,267.036964,0.352061846000173,-1.95518686850213,-2.25411934197459,-2.43087680907617,-1.6454025480491,-1.2630780195667,-2.0753525652088
2,509,1,2,267.07481,267.562104,0.417958767507253,-2.13597335147356,-2.36101748709618,-3.01250801729228,-1.03320789987224,-1.40534892846369,-1.66133575873334
2,510,1,2,267.597188,268.084482,0.374651331365762,-2.34513043070232,-2.81170556826058,-2.79005084425702,-1.13901930430683,-1.4091350144943,-2.05940771087935
2,511,1,2,268.121442,268.608736,0.417684440992281,-2.15441585243963,-2.37546041041124,-2.75953486677876,-0.982544671341981,-1.97980028105898,-1.47062709531882
2,512,1,2,268.645516,269.13281,0.479851841775541,-2.25546833211524,-2.71093789743627,-2.69802434558548,-0.824484657916317,-1.61190082313103,-1.45360448599041
2,513,1,2,269.169489,269.656783,0.351018690733882,-2.221781247069,-2.47500570956114,-2.82839883113168,-1.13153149431553,-2.35084528650278,-1.71397919433688
2,514,1,2,269.695368,270.182662,0.384981302080594,-2.29783371926164,-2.37432427647674,-2.76781689270338,-1.14537213559935,-1.56712363585077,-1.60505047890125
2,515,1,2,270.225736,270.713031,0.377493010634119,-2.44428188331539,-2.585214224594,-2.88073134932633,-1.05608373455254,-1.73150472483007,-1.7225214425796
2,516,1,2,270.74837,271.235665,0.415607152800886,-2.75590960628323,-2.71142630638486,-2.775264464698,-1.03219770906737,-1.61560033345674,-1.43075725809236
2,517,1,2,271.271861,271.759156,0.459611827957854,-2.28075478768459,-2.72471412860949,-2.62895275929755,-0.897927495940694,-1.63140581420151,-1.41379249159964
2,518,1,2,271.80027,272.287565,0.372101484871755,-2.34354971894303,-2.76685528439712,-3.1747203274561,-1.14828494290318,-1.59518285408108,-1.61110117297737
2,519,1,2,272.325372,272.812667,0.339091194772651,-2.24164115388295,-2.76217635288238,-3.09927100556898,-1.22751739976526,-1.6235548178812,-1.90644268752726
2,520,1,2,272.848592,273.335886,0.424056096857163,-2.32263753048359,-2.67671293568915,-2.90453605867869,-0.967474451417151,-1.71501156911999,-1.49221714345957
2,521,1,2,273.373186,273.860481,0.398177101287887,-1.41918843312202,-2.02699539018182,-2.27786174401618,-1.26236668819256,-2.15641205511801,-1.73259937314955
2,522,1,2,273.898066,274.38536,0.409884415561009,-2.53965860426262,-2.87140899521146,-2.80584032223867,-0.983962701895545,-1.76548484206467,-1.56358213699997
2,523,1,2,274.423323,274.910618,0.436778888531142,-1.7537079969577,-1.80598839345879,-2.5676357254953,-1.15096686900546,-1.38325201124237,-1.79106478140296
2,524,1,2,274.948153,275.435447,0.352669805220182,-2.22158837904033,-2.571172446414,-2.77782125988986,-1.1781171821483,-2.00287255759257,-1.66306425331504
2,525,1,2,275.478981,275.966275,0.438657930272959,-2.01736685349897,-2.53746323385265,-2.82741496547924,-0.94305379745211,-1.68630026025174,-1.51228175444358
2,526,1,2,276.002288,276.489582,0.415978356984623,-2.29283813352733,-2.539822019467,-2.860249356775,-0.975379813119572,-1.77568157266632,-1.5508274755848
2,527,1,2,276.526886,277.01418,0.403836667241693,-2.47565797137943,-2.47303608205398,-2.8354518420386,-1.07167068945559,-1.50090322252809,-1.56297457100703
2,528,1,2,277.049317,277.536612,0.453123120699184,-2.14623019806647,-2.61115510154267,-2.50431051061514,-0.916574219173869,-1.82596498999032,-1.34008491148707
2,529,1,2,277.581511,278.068805,0.452638039618946,-1.86485325675578,-2.3138171039448,-2.77111455195776,-0.970481314859873,-1.73435931033874,-1.40118820064403
2,530,1,2,278.108189,278.595483,0.414592095063135,-2.50798550386491,-2.92823637916871,-2.87931700527734,-1.0243571676437,-1.64467186167799,-1.45474557976307
2,531,1,2,278.632944,279.120239,0.443205603810476,-2.15392486468932,-2.38051099654023,-2.83201067153198,-0.950531138216753,-1.70525094263175,-1.42445882513182
2,532,1,2,279.159976,279.64727,0.385655965629692,-2.40205097549838,-2.84901470792949,-2.88835151107073,-1.06529749611064,-1.68807518685028,-1.68854488942441
2,533,1,2,279.690777,280.178072,0.412931918548768,-2.45242191812225,-2.73026308859468,-2.7470998834946,-0.985153652781344,-1.6273454952058,-1.55791860860549
2,534,1,2,280.215911,280.703205,0.382204548213755,-1.9190102480508,-2.38367212104826,-2.79893047118378,-1.15357198685564,-1.67891242926485,-1.72566343624945
2,535,1,2,280.741645,281.22894,0.375215558209828,-2.04460314694682,-2.41362827656563,-2.93146605053172,-1.12582651221962,-1.61217194796842,-1.83078223058948
2,536,1,2,281.268022,281.755316,0.33402566022217,-2.61865872600435,-2.96281532877777,-2.90739004755832,-1.2295213409839,-1.60010799603691,-1.83370710049558
2,537,1,2,281.795083,282.282377,0.421104388917653,-2.03232577742556,-2.13442852600035,-2.5870999947962,-0.997815878649222,-1.63357531093537,-1.75961485255285
2,538,1,2,282.321142,282.808437,0.409072493068573,-2.41478169134668,-2.25022487846784,-2.87236545604672,-0.972287349799032,-1.95549462688162,-1.51592659791905
2,539,1,2,282.844774,283.332068,0.41099819937292,-2.09534874279638,-2.16160752496292,-2.55439184170744,-1.00998826825797,-1.56533315586023,-1.81865067423647
2,540,1,2,283.369882,283.857176,0.483463561803348,-1.77874552239656,-1.94203956002491,-2.41287533091266,-0.901226595226615,-1.51700738722453,-1.52653667850275
2,541,1,2,283.898105,284.385399,0.440547888780491,-1.92630851918156,-1.97995855201306,-2.25300718503546,-1.00135759636535,-1.41679674490711,-1.75062919883199
2,542,1,2,284.430129,284.917424,0.403675997420928,-2.29020471337157,-2.61410560997991,-3.04660865978634,-1.03334640343201,-1.58431995841588,-1.62203423279728
2,543,1,2,284.956141,285.443435,0.633800979648014,-1.31626133329068,-1.73517980492797,-1.4623142293082,-0.764714669839296,-1.55489396178696,-1.21155967548794
2,544,1,2,285.479757,285.967051,0.467110393662625,-2.17480059432655,-2.80130372151244,-2.9680206931153,-0.875557081346775,-1.58356768483036,-1.38331126800554
2,545,1,2,286.013028,286.500322,0.329208504424146,-2.41657253890922,-2.64736940207476,-3.1972500338472,-1.36891988673123,-1.58374249005129,-1.62556763859178
2,546,1,2,286.546297,287.033591,0.484895287165973,-2.16483529496315,-2.79333283417785,-2.9499551263614,-0.886100108882971,-1.40326850206146,-1.36418968483918
2,547,1,2,287.073295,287.560589,0.421513061140874,-2.45487341030881,-2.71368680877096,-2.63224248263912,-0.977976237097063,-1.81833308839772,-1.44410206089781
2,548,1,2,287.597617,288.084911,0.354371031804102,-2.07392674148141,-2.47372558716429,-2.80283093496538,-1.20555474067393,-1.60887481652777,-1.96572074883549
2,549,1,2,288.125195,288.612489,0.630837129156346,-1.24032521546152,-1.82862264631525,-2.3278032591346,-0.871776136471708,-1.06034255125469,-1.43639825627687
2,550,1,2,288.658454,289.145748,0.317486682360886,-2.4306091130095,-2.81872331028802,-3.16574302632596,-1.24827247706585,-1.98883221747213,-1.78583541906224
2,551,1,2,289.184618,289.671912,0.373718530066367,-2.57689902729351,-2.80822606934058,-3.12831362477377,-1.10431906913729,-1.52872245454624,-1.80775722200583
2,552,1,2,289.708837,290.196131,0.387076031375978,-2.33624313723472,-2.94584302705291,-2.88298155416555,-1.17429211147237,-1.32407410285886,-1.92868036558212
2,553,1,2,290.23244,290.719734,0.395561023232997,-2.28404450781297,-2.51185187195667,-2.58778959986442,-1.01564652294197,-2.09623030660661,-1.5922059501311
2,554,1,2,290.758718,291.246012,0.37985620401027,-2.1255732137951,-2.58200847064993,-2.9033019439167,-1.1343581137971,-1.43912457548847,-1.80632033007298
2,555,1,2,291.281753,291.769048,0.4159286158686,-2.26379670114204,-2.54867360917975,-2.8335060795256,-1.106604776674,-1.44773185058325,-1.58611712958172
2,556,1,2,291.807713,292.295007,0.36980847315135,-2.68652669885156,-2.87464408365646,-2.78983384835566,-1.1999172214699,-1.46064129193842,-1.59909700788281
2,557,1,2,292.332768,292.820062,0.339351475857451,-2.42504967974907,-2.7248475496262,-2.81089078403204,-1.23294320853791,-1.59516776215792,-1.86071905005303
2,558,1,2,292.858116,293.34541,0.338357659142788,-2.46183110349902,-2.87581545168454,-2.81573971308054,-1.21543097901807,-1.60980647406932,-1.8652376053779
2,559,1,2,293.384231,293.871525,0.345418652146377,-2.35574397086148,-2.92222099296818,-2.88636313543915,-1.21563132007021,-1.66164898247491,-1.72636359518759
2,560,1,2,293.907655,294.394949,0.385393273738453,-2.15105891570213,-2.52708827954643,-2.96017130287587,-1.09565789443538,-1.70185205646148,-1.66535019387242
2,561,1,2,294.433095,294.920389,0.449299539851596,-2.46581477009059,-2.0670858538316,-2.85805937465989,-0.892497309672948,-1.8390041889823,-1.44017681680097
2,562,1,2,294.957638,295.444932,0.406329499794546,-2.12112565592937,-2.26933074873076,-2.70128988067992,-1.11773586110053,-1.44962290070436,-1.63775311889004
2,563,1,2,295.482199,295.969493,0.464740748574231,-2.62190945749463,-2.87667805952808,-2.69768319063628,-0.8996687585697,-1.61054401045146,-1.31985217323506
2,564,1,2,296.011761,296.499056,0.389904373892924,-2.35970601555975,-2.66253947683153,-2.93887666781142,-1.17267822289567,-1.32134429258594,-1.68407555042915
2,565,1,2,296.537257,297.024552,0.410462421185659,-2.50358035421226,-3.22868758811712,-2.92284201604791,-1.01416215206935,-1.62395517058505,-1.50633155864891
2,566,1,2,297.063183,297.550477,0.430103862352198,-2.23325436160922,-2.34229677303974,-2.69547912894959,-1.00424102857879,-1.47260536250684,-1.63322031539513
2,567,1,2,297.590337,298.077631,0.321852980781372,-2.64342073902638,-2.75335713130195,-3.09809495490705,-1.29541727562157,-1.68133369392745,-1.75639128945752
2,568,1,2,298.116669,298.603963,0.348582634521838,-2.30894294817549,-2.7875237528751,-2.77014418924102,-1.22328729925254,-1.47090130401538,-2.04681532278292
2,569,1,2,298.646687,299.133982,0.266532204862908,-2.5396515686361,-2.69574379763224,-2.7921969627203,-1.57837965681082,-1.71131691112862,-2.06506000514606
2,570,1,2,299.173275,299.660569,0.301625464414817,-2.35522454705271,-2.7980324469779,-2.71556280602871,-1.49854267384216,-1.52402366192282,-2.03486044895002
2,571,1,2,299.700663,300.187958,0.449087561342348,-1.80889541060967,-2.04350537401749,-2.62962558087699,-0.946858093416239,-1.71778706468013,-1.54096615753774
2,572,1,2,300.224588,300.711883,0.366597622298042,-2.20139642783202,-2.68751388725049,-2.69296332661975,-1.15319209582951,-1.61071316632234,-1.71959307862099
2,573,1,2,300.751492,301.238787,0.463949327974221,-2.01423045255448,-2.56980030170868,-2.81987794990829,-1.02130320348564,-1.32186576888373,-1.34170876052004
2,574,1,2,301.275518,301.762812,0.405809302493563,-2.38024294091806,-2.57948583803515,-3.06017337395167,-1.09412720467592,-1.33279427103175,-1.75079314083036
2,575,1,2,301.808337,302.295631,0.408719792863653,-2.11208868462578,-2.31452292476907,-2.88168312786785,-1.00877402023521,-1.72578095648434,-1.60594535901318
2,576,1,2,302.337284,302.824579,0.36246675523326,-2.15887251513176,-2.27859060453375,-2.67120408313802,-1.20824665189768,-1.66303889900479,-1.7864959982735
2,577,1,2,302.861931,303.349225,0.383418722763989,-2.44832657702586,-2.6607888365225,-3.00597572278222,-1.06528582222291,-1.64158699072604,-1.65283186451399
2,578,1,2,303.394692,303.881986,0.336727971421773,-2.49373863053251,-2.58093753034181,-2.78416093752354,-1.21943545087214,-1.68131130137216,-1.86812857158893
2,579,1,2,303.919475,304.40677,0.431303108792122,-1.55872332667432,-2.35982611575625,-2.46269428880243,-1.21348460953161,-1.27684105913792,-1.81039229306492
2,580,1,2,304.445422,304.932717,0.470322797561749,-2.30270301704166,-3.05109889006539,-2.84536813985566,-0.902525291692486,-1.51652494898843,-1.30907165584415
2,581,1,2,304.969358,305.456652,0.499285627306046,-2.53199139079064,-2.73753317110536,-3.29643781752767,-0.807087736004769,-1.99311146818226,-1.20795977475835
2,582,1,2,305.499597,305.986891,0.442990979426972,-2.47623347924063,-2.76486513137643,-2.90100898074801,-0.988909474433087,-1.58717429939681,-1.35389089334681
2,583,1,2,306.022278,306.509572,0.493420060841702,-1.71253363823924,-1.85065050337297,-2.4378886936207,-0.923178309031049,-1.40479724547251,-1.64191642785473
2,584,1,2,306.544899,307.032194,0.291582998070103,-2.54936837743562,-2.74758197910758,-3.07533623766183,-1.31800787106573,-1.8415113518215,-2.09511616537636
2,585,1,2,307.068466,307.55576,0.375725231800623,-2.42034117217213,-2.67099930506919,-3.0209537693201,-1.04350080655007,-1.90139489107152,-1.67618294549548
2,586,1,2,307.592929,308.080224,0.287882887672428,-2.3864281964872,-2.48009483293063,-2.55430958786117,-1.38237316906702,-2.3421067392542,-1.9153615441498
2,587,1,2,308.123831,308.611125,0.357643158960166,-2.50884073235883,-2.89306406223609,-3.00398835855443,-1.21987330214041,-1.59300101515635,-1.67730691759589
2,588,1,2,308.646284,309.133578,0.426276498151236,-2.20552436220141,-2.68334222886226,-2.90169413079136,-0.975366158629186,-1.66502019789267,-1.5700356242834
2,589,1,2,309.17161,309.658904,0.408471709555277,-2.52495165644793,-3.04682745770765,-3.00349164429236,-1.04504274810074,-1.43524988002651,-1.68143439903223
2,590,1,2,309.702719,310.190013,0.402831008080845,-2.4988952761577,-2.71426992080675,-3.06746918805,-1.0096446161725,-1.79933711062508,-1.57585483573691
2,591,1,2,310.230848,310.718142,0.664761424412905,-1.30848221069219,-1.1509327330135,-1.90262215463511,-1.28073859294361,-0.96537745033353,-1.43141290054667
2,592,1,2,310.757084,311.244378,0.323490413161525,-2.59228509653733,-2.96742365242249,-3.00222805088105,-1.3939361944342,-1.47991536159126,-1.8520417740281
2,593,1,2,311.283112,311.770406,0.351660764305901,-2.32185255925205,-2.48931272495858,-2.68127401019586,-1.19422063054153,-1.71759955253778,-1.7415986880722
2,595,2,2,312.335512,312.822807,0.361539745889413,-2.31912342294152,-2.68445284715276,-3.06860091045485,-1.16032907182216,-1.6477089529253,-1.70751578572442
2,596,2,2,312.859169,313.346463,0.380003025869863,-2.10075070499191,-2.44018651410233,-2.91083042626109,-1.16477073422322,-1.67364325466159,-1.61680209589324
2,597,2,2,313.384221,313.871516,0.357871740972946,-2.35633624511993,-2.62206048540038,-2.79802459102657,-1.14159297308282,-1.61580271576684,-1.8654480527487
2,598,2,2,313.908489,314.395783,0.369246525115028,-2.09897084858143,-2.20349281272232,-2.43266877135568,-1.22997943928615,-1.54089564157516,-1.84679586178994
2,599,2,2,314.433305,314.920599,0.406335703373139,-2.0103220129819,-2.3553055516324,-2.7801217757533,-1.02201058179414,-1.65683668966109,-1.6791330468382
2,600,2,2,314.962186,315.44948,0.527053389556824,-1.98124597957733,-2.7489212402296,-2.52219838364601,-0.81819865305982,-1.35733016011557,-1.34096831074601
2,601,2,2,315.489765,315.977059,0.36272520912321,-2.28952001422103,-2.4888019424259,-2.81990682675101,-1.16422064512417,-1.60927942134895,-1.75126541446997
2,602,2,2,316.011381,316.498675,0.427273003183803,-1.96877160538713,-2.48902054933991,-2.7135467160025,-0.993846932607738,-1.83970587029669,-1.59821891871454
2,603,2,2,316.537627,317.024921,0.2975160099417,-2.53382806383789,-2.50012843804449,-2.90702171793052,-1.54854567829274,-1.39830477157329,-2.50612052812506
2,604,2,2,317.061438,317.548732,0.320311277954334,-2.34317551239002,-2.37457703505114,-2.64322584458814,-1.38598230261438,-1.61485005738709,-1.76756545317389
2,605,2,2,317.587099,318.074393,0.372496223239298,-2.14580895607595,-2.44680480365331,-2.78301162683611,-1.16704963135393,-1.74029085786243,-1.69460859117964
2,606,2,2,318.110692,318.597986,0.398761394115651,-2.43213527480847,-2.59068816167166,-2.92949927448677,-0.981068668166257,-1.94913503084662,-1.62953013552274
2,607,2,2,318.638656,319.125951,0.372042439934515,-2.39851204326125,-2.49142576697813,-2.76116892676593,-1.07546560701054,-1.96620506769454,-1.61947282222623
2,608,2,2,319.165304,319.652599,0.337430967041498,-2.42188114170273,-2.64438278646333,-2.76771954308217,-1.24251770335452,-1.59491588880856,-1.9594369058555
2,609,2,2,319.690525,320.177819,0.37729783465694,-2.60398673114304,-2.61936767064276,-3.07814397483954,-1.09659288311315,-1.63081494476362,-1.65571849788055
2,610,2,2,320.214841,320.702135,0.360388657310859,-2.36905424724266,-2.64287071988846,-2.69337799736577,-1.17571339898128,-1.67793617740324,-1.66276465239359
2,611,2,2,320.741301,321.228595,0.341079604074584,-2.41101253945773,-3.04325015111576,-2.96163917338691,-1.23061174389873,-1.53328160470488,-1.82117359204043
2,612,2,2,321.2697,321.756995,0.36138411679023,-2.66975378855316,-2.75794918632788,-2.83153968395465,-1.12301292362447,-1.64229211005172,-1.75969650990649
2,613,2,2,321.79356,322.280854,0.289945116681912,-2.56789438136645,-2.74296330016942,-2.59737962285522,-1.63745990201672,-1.5050995649208,-1.9176382745422
2,614,2,2,322.319342,322.806636,0.397834037844975,-2.04372953387256,-2.47317177787365,-2.58180316342964,-1.12554685271855,-1.50081142415295,-1.68511670110858
2,615,2,2,322.84647,323.333764,0.412655081641559,-2.15919889013022,-2.58721855678996,-3.0484005269466,-0.962761486819333,-1.76187592193558,-1.68337566851924
2,616,2,2,323.37713,323.864424,0.411923749616213,-2.50834280203677,-2.79491423238431,-3.2312166186726,-0.996661985157532,-1.62112085993069,-1.58230324233763
2,617,2,2,323.902893,324.390187,0.361924648883885,-2.41500864070798,-2.69687138567117,-2.87128752385319,-1.14196811460312,-1.7045786806036,-1.70590096871769
2,618,2,2,324.433229,324.920524,0.320387828095001,-2.2573738180016,-2.68808849277484,-2.95273892247751,-1.35757255642166,-1.62758112671427,-1.78419016484667
2,619,2,2,324.95621,325.443505,0.371232853945272,-2.33553256198333,-2.83387701991182,-2.93348374199779,-1.10111591155805,-1.6101071328707,-1.79102838571357
2,620,2,2,325.482566,325.96986,0.378365756362434,-2.58677614774769,-2.88950204904063,-2.97364349519156,-1.05556317923467,-1.73862857679625,-1.65612019572954
2,621,2,2,326.006489,326.493784,0.362215626324515,-2.57398328967329,-2.94238442365173,-3.15395417402183,-1.12132398296589,-1.74243464385742,-1.68845759770984
2,622,2,2,326.533297,327.020591,0.376470606054037,-1.53705207919419,-2.22736481433275,-2.66161139949049,-1.33788939392526,-1.60718598222291,-1.85772031544084
2,623,2,2,327.059466,327.546761,0.365715127250497,-2.23028583083741,-2.51462160753827,-2.9571649152728,-1.21914046040835,-1.45559132511591,-1.74188017699104
2,624,2,2,327.585615,328.07291,0.414024229751352,-2.09436955354426,-2.43954280635616,-2.48604842022681,-1.02303628987506,-1.50578659942813,-1.71292274800784
2,625,2,2,328.112249,328.599543,0.401339982235262,-2.17119394795654,-2.67836633057671,-2.77619598514044,-1.02910042957582,-1.64593593921323,-1.6233262199866
2,626,2,2,328.636859,329.124154,0.391387059357429,-2.14430520937922,-2.53818752530946,-2.93266469524495,-1.03631951040329,-1.93111717993397,-1.58513728231978
2,627,2,2,329.160313,329.647608,0.374670831281879,-2.3969772367492,-2.24622576191334,-2.89934508208986,-1.11406444779911,-1.75256331378971,-1.64545350716838
2,628,2,2,329.685551,330.172845,0.301688874436725,-2.48976787467531,-2.81971628832882,-2.80221185046881,-1.29098216872572,-2.031509880283,-1.89156035765368
2,629,2,2,330.211246,330.69854,0.294774357253731,-2.5162915573307,-2.52348890809735,-2.91264303378164,-1.43466578739873,-1.60826017067048,-1.92249703801794
2,630,2,2,330.735443,331.222737,0.442244537120193,-1.72697512375102,-2.40287866879672,-2.78523455175322,-0.996526359358691,-2.32505403848151,-1.40081731360382
2,631,2,2,331.255797,331.743091,0.449591101140813,-2.1594992533981,-2.69841235620512,-2.79020309146825,-1.0840695132605,-1.25372577828606,-1.49662711539003
2,632,2,2,331.786631,332.273925,0.375141977317983,-2.46883868825976,-2.76980403796672,-2.85877648192499,-1.01468485744865,-1.82045082071383,-1.82704180640952
2,633,2,2,332.30914,332.796434,0.364657001657829,-2.37023996349199,-2.87519614284885,-3.07340442233539,-1.15143075372965,-1.64437747239295,-1.60768567076883
2,634,2,2,332.83891,333.326205,0.467897615268826,-2.34276583532412,-2.62418623213719,-2.81281666275984,-0.92627365465501,-1.41828393031384,-1.36706518983091
2,635,2,2,333.365606,333.8529,0.508563260816785,-2.35459407960419,-2.8242578295014,-2.87002851581839,-0.775101060487309,-1.56771274295526,-1.34780018938161
2,636,2,2,333.892755,334.380049,0.423818411327554,-2.30528204454843,-2.45410832071783,-2.70694935463993,-0.969303497614928,-1.63582691094804,-1.60282825340379
2,637,2,2,334.425317,334.912611,0.374751022415718,-2.30957000305636,-2.75224623629965,-2.96488140191591,-1.09573590255101,-1.7531577433963,-1.6577328120665
2,638,2,2,334.96055,335.447844,0.382595623257072,-2.45071592133735,-2.6654624873057,-2.97078080077766,-1.06564737434998,-1.68400100293361,-1.6721093412957
2,639,2,2,335.485912,335.973207,0.345450750625895,-2.1506617202452,-2.25549684138355,-2.63293709383041,-1.44122008104594,-1.37484326915357,-2.03936101956381
2,640,2,2,336.0086,336.495894,0.75026830059952,-1.04333987351033,-0.622775748603314,-1.46567293535242,-1.20315172111277,-1.35613315539336,-1.83070000063618
2,641,2,2,336.546626,337.03392,0.401655122110627,-1.75412479867298,-2.50380936961105,-2.84507142840549,-1.082296003828,-1.73708891691608,-1.71989430606722
2,642,2,2,337.071631,337.558925,0.434957628520068,-2.35047838348913,-2.68313911987696,-2.74422753015409,-0.92712844884145,-1.7872451180136,-1.51393909606863
2,643,2,2,337.601166,338.08846,0.41723570322029,-1.87117168998644,-2.16079218289548,-2.49414528833385,-1.06132879562281,-1.5374815512161,-1.70108172166993
2,644,2,2,338.125411,338.612705,0.646335983900995,-1.59546539194956,-0.916523086848834,-1.37138399954887,-1.0816516178824,-1.34656214612498,-1.81427334037211
2,645,2,2,338.652282,339.139577,0.528235710753475,-1.22191555838009,-1.94976235815113,-1.36958225894919,-1.28974308131006,-1.39006273516373,-1.66245248623407
2,646,2,2,339.1806,339.667894,0.347507886285272,-2.3502153957326,-2.62738706356308,-2.97547411636466,-1.30593123449683,-1.4352287212451,-1.7805405823522
2,647,2,2,339.705921,340.193215,0.543937424845693,-2.05684665386984,-2.46056675126992,-2.74744077803308,-0.794705087585538,-1.42121886081206,-1.17241079773724
2,648,2,2,340.236749,340.724043,0.532117460245747,-2.0840914475719,-2.47778190114144,-2.76543954567522,-0.719956539076807,-1.5504974199386,-1.44568961743996
2,649,2,2,340.762313,341.249607,0.47532627960162,-2.25914729459594,-2.28726079845064,-2.57019218025863,-0.976450374120801,-1.22727470531013,-1.44334151371713
2,650,2,2,341.288945,341.776239,0.447065951062976,-2.12446736945499,-2.47843413271466,-2.61046925421812,-0.993479827050037,-1.24355396241642,-1.75622513022522
2,651,2,2,341.81679,342.304084,0.399630474341576,-2.12403494639719,-2.46239025253829,-2.64913896634489,-1.1063259110872,-1.38165370473257,-1.88188799538063
2,652,2,2,342.346162,342.833456,0.422877929063017,-2.28409841180417,-2.74937166147877,-2.96497250659385,-0.991444139711525,-1.56808988156039,-1.50104797581762
2,653,2,2,342.871299,343.358593,0.318370747532148,-2.33029896166392,-3.00474668008992,-2.96778487222127,-1.18646261895,-2.00461469649533,-2.0443227511412
2,654,2,2,343.397233,343.884527,0.476793722177318,-2.37440140134769,-2.56519866435038,-2.82473587904089,-0.889752812104467,-1.31121463890223,-1.72204553972207
2,655,2,2,343.92329,344.410584,0.346419054234261,-2.21568461104176,-2.54583105039233,-2.79151618700198,-1.25692038127435,-1.59517481442985,-1.92655800445923
2,656,2,2,344.449099,344.936393,0.473121998712028,-2.3972735105821,-2.7122818836496,-3.07584886507735,-0.873320016931877,-1.43819711199869,-1.64541349484712
2,657,2,2,344.975056,345.462351,0.374657828209274,-2.41834627447026,-2.7001631288957,-2.8347118079709,-1.16958197961618,-1.50882700587239,-1.75782257315118
2,658,2,2,345.505066,345.992361,0.378882287322641,-2.36539579941702,-2.55408532079438,-2.76838854329733,-1.14819668626285,-1.65615792812517,-1.59105183468045
2,659,2,2,346.03146,346.518754,0.445099478790282,-2.02327929966819,-2.49396436546636,-2.79814749334182,-0.953728336550898,-1.62696337390451,-1.47429199407535
2,660,2,2,346.559083,347.046377,0.480897408789204,-1.84219728923922,-2.16809771813264,-2.51377958025686,-0.931251189855195,-1.30994112113531,-1.54367916681203
2,661,2,2,347.085383,347.572678,0.49258258457613,-2.15297655343011,-2.44011319808441,-2.55115662470521,-0.875873377576048,-1.53479212510486,-1.27301801382093
2,662,2,2,347.617694,348.104988,0.390456478930683,-2.22458349555495,-2.46921430693287,-2.66509851371715,-1.10726833648963,-1.44018571008433,-1.73732379940397
2,663,2,2,348.146896,348.63419,0.412852672671316,-2.28472873535682,-2.54779237578911,-2.70611705478988,-0.986380598932576,-1.70389193863493,-1.58037212432153
2,664,2,2,348.673246,349.16054,0.411063681793007,-2.26169699058333,-2.55157564654712,-2.7266748493142,-1.06374846594627,-1.52610427164499,-1.515987559159
2,665,2,2,349.199628,349.686922,0.574506583640694,-1.33635313795455,-1.23336743473151,-1.45778665206866,-1.21683589169708,-1.17178833689239,-1.90405927322305
2,666,2,2,349.727136,350.21443,0.382680668239324,-2.30839422629281,-2.52371461505878,-2.7270835303991,-1.03844121164419,-2.05495288355226,-1.6041650622276
2,667,2,2,350.25231,350.739604,0.531580991153666,-1.39730190204529,-2.15372118054229,-1.60234675279167,-1.02962101680906,-1.21522118111878,-1.77831232976921
2,668,2,2,350.783382,351.270676,0.368187727775174,-2.39657401183406,-2.74739134348754,-2.98657313469362,-1.21116223135728,-1.38943086480975,-1.87728241003803
2,669,2,2,351.30722,351.794514,0.251409970748441,-2.2292713858197,-2.55362619680452,-2.44594850788426,-1.64155877133302,-2.61551041972561,-2.11220494289127
2,670,2,2,351.831537,352.318831,0.293171665983104,-2.40767838225772,-2.66874156241614,-2.76689744074031,-1.44588230996948,-2.12999020802387,-1.8596300281199
2,671,2,2,352.356294,352.843589,0.329582185954861,-2.29860771309863,-2.83730619640341,-3.04064326727744,-1.23942413995161,-1.67199033117733,-2.01949383714952
2,672,2,2,352.881475,353.368769,0.447534836328602,-1.14522804360215,-2.35314546258207,-1.53740574416588,-1.41343717929159,-1.86303356209619,-1.77836470636612
2,673,2,2,353.407052,353.894346,0.389151580227314,-2.28849197695666,-2.71951164498282,-2.78970991604441,-1.09689131147332,-1.53566640650091,-1.77943679524996
2,674,2,2,353.930866,354.418161,0.419978743536958,-2.32023598395506,-2.61416709340307,-3.00891099873976,-1.02129302926607,-1.44246846776747,-1.67514285524606
2,675,2,2,354.453608,354.940903,0.36434365103095,-2.11102451892882,-2.50294465719164,-2.8032171690772,-1.15442793063741,-1.91402694453926,-1.71209984943688
2,676,2,2,354.97926,355.466554,0.392339388349795,-2.04995264517737,-2.55243649609738,-2.87406013728428,-1.22564542372067,-1.34033055890498,-1.89983073435509
2,677,2,2,355.50318,355.990474,0.330371848992278,-2.1542411717705,-2.58647273805672,-2.9966876765593,-1.28974821896127,-1.68236854127904,-2.1422875505581
2,678,2,2,356.029559,356.516853,0.36848123787744,-2.26507520652151,-2.47426511361665,-2.60746657425359,-1.11085052337835,-1.99359811438444,-1.66451537450573
2,679,2,2,356.557763,357.045057,0.335449922552303,-2.37571665846118,-2.52168593699872,-2.69985332554669,-1.45487015357858,-1.36159300948736,-2.20826104539343
2,680,2,2,357.083596,357.57089,0.38774878665885,-1.85829302896223,-1.69142853460643,-2.36417474049373,-1.18285964463098,-2.1328435864436,-1.76608097015458
2,681,2,2,357.616278,358.103572,0.323005925384533,-2.67095384416213,-2.56671713632603,-2.73209139262154,-1.33959027148016,-1.61759292026742,-1.88754803127238
2,682,2,2,358.147131,358.634426,0.377202632693064,-2.72874959979558,-2.84311408576914,-2.85600258932821,-1.13265324887874,-1.6221462028854,-1.58256708273335
2,683,2,2,358.674526,359.16182,0.331196823393959,-1.90624933676641,-2.44562944113957,-2.5805883455181,-1.47765143479361,-1.58038823656446,-2.03571044877327
2,684,2,2,359.19729,359.684584,0.381816119253398,-2.36714984331052,-2.38593207004712,-2.58298596514584,-1.12177632034672,-1.61838020971164,-1.69377536552785
2,685,2,2,359.726873,360.214167,0.368702849745744,-2.26878918307981,-2.73533365365659,-2.77405993677138,-1.14407217163195,-1.71300952981871,-1.68893007171324
2,686,2,2,360.252521,360.739815,0.396305260075416,-2.17039970263589,-2.20579992372319,-2.53960924379451,-1.19731003108885,-1.39368298047716,-1.67864585172392
2,687,2,2,360.783747,361.271041,0.461213490983697,-2.16941474279903,-1.8216386324738,-2.77397509987501,-0.98179284470117,-1.58373949423532,-1.60938995953054
2,688,2,2,361.308162,361.795456,0.439950006163448,-1.95529737805324,-2.3088097023721,-2.62059658463613,-1.00897057517597,-1.56974917135129,-1.49970234066048
2,689,2,2,361.83759,362.324885,0.422331654175986,-2.25378462162936,-2.43985916043751,-2.6455655780097,-1.00594488930723,-1.97934380954914,-1.42260543320186
2,690,2,2,362.361474,362.848769,0.461121290056633,-1.84094774028765,-2.24520792245161,-2.82044144277492,-1.00632233376316,-1.30312090455772,-1.76988610394799
2,691,2,2,362.886925,363.37422,0.373989314127635,-2.23673027963164,-2.57069429007924,-2.41025482844631,-1.15158636206604,-1.67241596960306,-1.64205593232191
2,692,2,2,363.416787,363.904081,0.481026269844751,-1.93973192317566,-2.11105209495899,-2.42986124874555,-1.0011650109226,-1.27505173321251,-1.49072973290197
2,693,2,2,363.943627,364.430921,0.330688914165196,-2.45057627418289,-2.56013375835054,-2.62464376620012,-1.30561277563098,-1.59532974103119,-1.86469572577202
2,694,2,2,364.479926,364.967221,0.382766144092844,-2.22706445224175,-2.41527837535639,-2.8450285844062,-1.13484258652929,-1.66831022113792,-1.57083417877296
2,695,2,2,365.014936,365.502231,0.37754903411495,-2.57815210515436,-2.83570693865173,-2.60279805645083,-1.11336862559653,-1.68118598718478,-1.61353832536812
2,696,2,2,365.541067,366.028362,0.377287923264649,-2.40711080834929,-2.43353607763484,-2.68903502363224,-1.16480201297345,-1.62931309681329,-1.56206648194865
2,697,2,2,366.064459,366.551753,0.366744116791405,-2.27841130853636,-2.48790525372605,-2.93315759613506,-1.13331072252101,-1.74274173029834,-1.74718952488642
2,698,2,2,366.58924,367.076534,0.334588012979117,-2.11913556106815,-2.33386825989814,-2.73875341733527,-1.28870693211356,-1.55253744654007,-2.14685032884516
2,699,2,2,367.114541,367.601835,0.352438864157741,-2.35073023923488,-2.73234963418099,-2.86245168144226,-1.16577110436294,-1.59557614340597,-1.89120229230301
2,700,2,2,367.643547,368.130842,0.359492330154865,-2.28868350043671,-2.64744125150732,-2.86913553404368,-1.18517603944958,-1.59317247250774,-1.70651837313827
2,701,2,2,368.169935,368.657229,0.343848091084911,-2.41188284941823,-2.96066938633213,-3.14067868900489,-1.22404579782441,-1.61289117611263,-1.71213844701903
2,702,2,2,368.695275,369.182569,0.347741640149656,-2.43605629571201,-2.83191632974793,-2.8685205380942,-1.20799048421851,-1.58063411868,-1.80377127275769
2,703,2,2,369.219954,369.707248,0.381793416753729,-2.6134142797569,-2.72441308382065,-3.08533576925567,-1.08859300201406,-1.64963965481609,-1.6054296007992
2,704,2,2,369.752942,370.240237,0.322686124017284,-2.06221569490628,-2.45867978266511,-2.87239715359216,-1.38325963414778,-1.6310072212745,-2.03856726820646
2,705,2,2,370.278254,370.765548,0.341993614608218,-2.33083810764185,-2.6861166075746,-3.13956424056153,-1.17544360947657,-1.74175122938697,-1.82863750452838
2,706,2,2,370.803126,371.29042,0.352403350031129,-2.24794200878671,-2.55332919526161,-2.80059768108373,-1.1478115436029,-1.78131970963621,-1.72191984365413
2,707,2,2,371.327957,371.815252,0.356805369979085,-1.9856093312118,-2.5482279685913,-2.54106028122699,-1.2764712267981,-1.46322471097472,-2.1372320217159
3,21,1,1,10.518476,11.00577,0.439957147933932,-1.06361707722456,-2.7614686166103,-2.41181673422958,-1.1415527365462,-2.22694019832905,-1.71295995751454
3,22,1,1,11.04123,11.528525,0.39967542576547,-1.51931199437604,-2.49902874385818,-2.59262689405876,-1.07336956514087,-1.98565355409448,-1.64509656719676
3,23,1,1,11.564961,12.052255,0.397612984143187,-1.7056867647058,-2.31882843716672,-2.93674388843628,-1.03900189826879,-1.76109046790773,-1.70693376120921
3,24,1,1,12.096439,12.583733,0.373311771292988,-1.45553097494569,-2.55083007775836,-2.65495415903477,-1.19228051421178,-1.75661376991975,-1.88144799519228
3,25,1,1,12.621904,13.109198,0.409096761152769,-1.74995846765731,-2.78068999927752,-2.47690678715444,-1.0015720975183,-1.67900116997025,-1.70254673890553
3,26,1,1,13.146043,13.633337,0.405672824342333,-2.12907278610669,-2.89553616159989,-2.63821311735866,-0.967108437015141,-1.68940365963997,-1.66745527519621
3,27,1,1,13.673168,14.160463,0.382359647774914,-1.61715976426064,-2.8600943302007,-2.62444108437632,-1.11787338184469,-1.71627379708501,-1.69994831178492
3,28,1,1,14.199329,14.686623,0.427833569783952,-1.55350789204736,-2.14447446117676,-1.47532715402327,-1.11880844079882,-1.68972087817812,-1.82757154419751
3,29,1,1,14.731224,15.218518,0.410741433752862,-1.65145920049151,-2.82211774153989,-2.67082540399133,-1.04172784695633,-1.5294921903116,-1.75375222448487
3,30,1,1,15.257999,15.745293,0.381235177750323,-1.62077141451446,-2.66644827999886,-2.70654024173029,-1.11981580621488,-1.71217479097415,-1.75676637659967
3,31,1,1,15.782533,16.269828,0.383808532424962,-1.60812352613682,-2.93959269999289,-1.90221593546904,-1.17136916095516,-1.68763801309287,-1.79875024788911
3,32,1,1,16.308811,16.796105,0.369565223743231,-1.65204713991345,-2.55620917322513,-1.92721468228152,-1.22584175825192,-1.71709666513056,-1.7978152990315
3,33,1,1,16.8432,17.330495,0.358271926094369,-1.71900995441264,-2.42081672166902,-2.31476418817308,-1.25050325049899,-1.56386287790252,-1.89099389612254
3,34,1,1,17.368205,17.855499,0.471260023586425,-1.02797929988895,-2.4652436803465,-2.16053878244995,-1.11434704871813,-1.66102694651258,-1.84985850579629
3,35,1,1,17.890128,18.377422,0.414485462126735,-1.13113595521896,-2.52420413057031,-2.60450931092263,-1.36485433697157,-1.39084025487454,-2.2354187374311
3,36,1,1,18.413595,18.900889,0.44176955719061,-1.1623596302637,-2.97918891315925,-2.7208748042409,-1.13710797921484,-1.46194208020225,-1.87951828045453
3,37,1,1,18.936097,19.423391,0.278323148842004,-1.73391459111464,-2.53572111126784,-2.79939990796931,-1.45037223816756,-2.23799184633608,-1.99307944207229
3,38,1,1,19.461695,19.948989,0.485065788111035,-0.940113559210508,-2.40868597118679,-2.53931878155946,-1.14649053515049,-1.61805939553804,-1.81222175194787
3,39,1,1,19.985586,20.47288,0.433928166306011,-1.09830686550082,-2.78167467741609,-2.92316305671691,-1.55824430327531,-1.14585375701586,-2.44923495471188
3,40,1,1,20.509785,20.997079,0.497977857150924,-1.02111859385602,-2.48743460872443,-2.58286456565362,-0.987612366686401,-1.49107366951425,-2.03748490428619
3,41,1,1,21.035039,21.522333,0.398130437766322,-1.3354883487808,-2.86809336442625,-2.46100074848815,-1.14215519338482,-1.69744402464903,-1.90308427367751
3,42,1,1,21.558133,22.045427,0.490722681263833,-0.947209936887565,-2.51860110254108,-2.9661616566217,-1.1088726676041,-1.59946502536949,-1.78851697922835
3,43,1,1,22.081588,22.568882,0.409596655881213,-1.62988373253823,-2.60821721821887,-2.33948702562184,-1.03220048429213,-1.72055649335777,-1.66992614009339
3,44,1,1,22.605815,23.093109,0.44292970933705,-1.31910193055286,-2.52300759873521,-2.01686952567018,-1.03693298232215,-1.71769062498578,-1.70590298570522
3,45,1,1,23.129072,23.616366,0.40038797796793,-1.5544183038173,-2.87973646769307,-2.31416158436879,-1.07073500237866,-1.64082979537122,-1.8674726580484
3,46,1,1,23.658605,24.145899,0.472064343301716,-1.21781253505377,-2.41116518246689,-1.59475180058794,-1.04761905379731,-1.76275972976001,-1.69515849010944
3,47,1,1,24.18241,24.669704,0.452270593457807,-1.5239544051007,-2.63285283232575,-2.32760517754893,-0.922626876640861,-1.77043060347431,-1.59438281102619
3,48,1,1,24.706568,25.193862,0.400452208035378,-1.51312395143267,-2.83699022238425,-2.45350054765363,-1.08857939474777,-1.70243904193531,-1.72265803775453
3,49,1,1,25.237163,25.724457,0.349493104168079,-1.44909039005244,-2.71854795717961,-2.50574297168498,-1.24766343686311,-2.25494688914296,-1.80936494927151
3,50,1,1,25.760258,26.247552,0.465880108555272,-1.32916887834839,-2.70015914692717,-1.43753965828406,-1.05395476292006,-1.53399350148726,-1.93523885542535
3,51,1,1,26.287391,26.774685,0.41894895024966,-1.35270146151045,-2.61423354591189,-2.67797963150985,-1.06871450604451,-1.72698133409148,-1.7218469018853
3,52,1,1,26.813103,27.300398,0.410224185964128,-1.7801463712702,-2.86733613019013,-1.54762649701719,-1.0768552187423,-1.77991539879141,-1.74582104758509
3,53,1,1,27.337647,27.824941,0.386738993238044,-1.63752930676894,-2.91449563013008,-1.65278154369234,-1.18045309197302,-1.73995124543813,-1.83748733555743
3,54,1,1,27.862424,28.349718,0.403905143241194,-1.68163824443812,-2.83574941078912,-1.64723707591479,-1.11502074532534,-1.74042021181203,-1.74525743712368
3,55,1,1,28.389872,28.877166,0.479340425964545,-1.06967552181738,-2.36928999543196,-2.72000319689227,-1.04156796886882,-1.49599146659077,-1.93456675133429
3,56,1,1,28.915299,29.402593,0.64026405764096,-0.582815021721219,-2.42776821161772,-2.61547080298821,-1.0089552459019,-1.62465278034482,-1.78112219514308
3,57,1,1,29.439064,29.926358,0.445107620474138,-1.08642768536205,-2.73173472129531,-2.96777908799097,-1.31300393671335,-1.24900538273272,-2.33048600086255
3,58,1,1,29.960434,30.447728,0.389014346165214,-1.37520890477541,-2.61674041645228,-2.68005901431062,-1.15284075570581,-1.85288799684332,-1.77991591495881
3,59,1,1,30.485674,30.972968,0.417601204596815,-1.27923494728502,-2.61043014308431,-2.61524414701391,-1.08101464206494,-1.70518372437207,-1.93002749048674
3,60,1,1,31.017627,31.504921,0.334571529071695,-1.24610730422226,-2.74226682905083,-3.15084669913904,-1.48444130427617,-2.09636789228083,-2.0477316108237
3,61,1,1,31.542161,32.029455,0.537718160305392,-0.953948541393052,-2.75726469140729,-2.96908806447396,-0.955791528322472,-1.26627065534619,-2.06349632137346
3,62,1,1,32.067499,32.554793,0.382650937907074,-1.11413608172604,-2.42864364592958,-2.7148583071017,-1.38963408404596,-2.08629159750496,-1.91463814990363
3,63,1,1,32.594617,33.081911,0.391136885850316,-1.300193834643,-2.74063837822864,-2.66224841279489,-1.34730702511485,-1.3603342147135,-2.16205071838472
3,64,1,1,33.127937,33.615231,0.445020447825202,-1.56487683833277,-2.68841502239086,-2.11129519965746,-0.991954252785277,-1.4574491448412,-1.71119383158525
3,65,1,1,33.653685,34.140979,0.413032600076433,-1.69975153394698,-2.5948104619532,-2.06410368901057,-1.03826622506311,-1.64558547902387,-1.71721830876696
3,66,1,1,34.177578,34.664872,0.454510948354885,-1.40918050592569,-2.66634041739277,-2.64786434920238,-0.956702352845639,-1.62387728850603,-1.65345800090438
3,67,1,1,34.702764,35.190058,0.436187357831363,-1.2926287346317,-2.60675593670711,-2.34325822836174,-1.06151428760673,-1.65061063973488,-1.75510012320844
3,68,1,1,35.225793,35.713087,0.421693748831367,-1.50330319041298,-2.68240168274007,-2.49966953613169,-1.02855336053228,-1.59160582167731,-1.7717062816402
3,69,1,1,35.753913,36.241207,0.365549720083788,-1.27981226821764,-2.74596928065991,-2.63526538648993,-1.28797674260591,-2.22022132483943,-1.83779852059087
3,70,1,1,36.277631,36.764925,0.304437211005282,-1.66900634827902,-2.62421708834858,-2.48395910165351,-1.3692880156934,-2.30611405956674,-1.87494344079186
3,71,1,1,36.800856,37.28815,0.383883700507731,-1.67890959591394,-2.96919417358744,-2.73759446523487,-1.10736523322181,-1.53178935069643,-1.8468906978046
3,72,1,1,37.325952,37.813246,0.343159374634584,-1.23796231235392,-3.07336721148257,-2.61295718355072,-1.54124968402864,-1.75566814520826,-2.10526456022062
3,73,1,1,37.851903,38.339198,0.45627680757138,-1.26282412211066,-2.60516149227368,-2.14546526826886,-1.05106362048161,-1.41218856116376,-1.87813841221485
3,74,1,1,38.379073,38.866367,0.433545654213036,-1.17187594813704,-2.83432587782415,-1.96677842172923,-1.14834857456747,-1.72358726520555,-1.80637648443663
3,75,1,1,38.905473,39.392767,0.442546465310488,-1.24322761631291,-2.53757625247782,-1.93757419542993,-1.06393341353652,-1.73362771947121,-1.78762426576434
3,76,1,1,39.430117,39.917411,0.401627776941279,-1.86048742993272,-2.76094088453431,-1.99937588556688,-1.03871261822887,-1.67236807751098,-1.72950767657414
3,77,1,1,39.955558,40.442852,0.402182183702209,-1.5615149557517,-2.85818340009831,-2.37668197718318,-1.05145052824116,-1.75686988354999,-1.73626243910825
3,78,1,1,40.482694,40.969988,0.376954043039149,-1.75896815231852,-2.90695205076274,-2.3829900880226,-1.11252080907405,-1.61949317266399,-1.82814371688831
3,79,1,1,41.006725,41.494019,0.406165880373047,-1.73302678669679,-2.77107332371495,-2.90205000553292,-1.02953386924681,-1.497825451581,-1.86583087290404
3,80,1,1,41.537492,42.024786,0.421096464949257,-1.49090205180092,-2.76350156804559,-2.42605803641965,-1.09285335674411,-1.36061603740513,-1.94831948061423
3,81,1,1,42.060294,42.547589,0.439515245714471,-1.40398488001277,-2.39261548603295,-1.7015420724933,-1.12370410742955,-1.43978459630404,-1.81112087133662
3,82,1,1,42.585236,43.07253,0.348568112129167,-1.50526651695132,-2.82991338972026,-2.69527996914214,-1.29170871596652,-1.54412925369839,-2.32002596381941
3,83,1,1,43.110847,43.598141,0.374285599287264,-1.48369788295045,-2.74147258988806,-2.66759255595699,-1.22619075807519,-1.60113135034878,-1.79473796440029
3,84,1,1,43.640761,44.128056,0.377496240037887,-1.45279843708703,-2.41904350592816,-2.41765689313859,-1.25393231074076,-1.52910546877305,-1.94898410982979
3,85,1,1,44.16336,44.650654,0.413264603732212,-1.31892644283326,-2.51317712800023,-2.51232047547441,-1.1661548964001,-1.56765409322181,-1.80013261764436
3,86,1,1,44.689062,45.176357,0.400781655686452,-1.21973501933212,-2.53165055715873,-2.64776451255774,-1.27909236387175,-1.61675943194633,-1.86698936328119
3,87,1,1,45.213723,45.701017,0.440342975862661,-1.45708558786711,-2.5139160644288,-1.58159595580119,-1.08864002188457,-1.58116133545049,-1.73205985087845
3,88,1,1,45.740911,46.228205,0.367173623153774,-1.51724519735216,-2.66032302286161,-2.81242979021083,-1.16017786392779,-2.20665037798099,-1.65930883000171
3,89,1,1,46.265091,46.752385,0.447996222321482,-1.25352908156823,-2.37090020388525,-2.24837635530699,-1.0953888907623,-1.53093106834406,-1.70583947228575
3,90,1,1,46.788898,47.276192,0.324240851151565,-1.71104842283806,-2.56836193191265,-2.8087117978416,-1.34333740619483,-1.81134995049206,-1.84571742198732
3,91,1,1,47.31534,47.802634,0.37368043835201,-1.58480846214268,-2.84187758357319,-2.64859436036684,-1.27905081462654,-1.40688201798639,-1.871592898268
3,92,1,1,47.845026,48.33232,0.402421825669073,-1.02021602376104,-2.7243487232651,-2.92836754842257,-1.32943708885312,-2.31278330546652,-2.18888539965718
3,93,1,1,48.369284,48.856578,0.521180188383441,-0.814088825079793,-2.78460109384086,-2.59480779450595,-1.22663372124989,-1.45126249793083,-1.88690062406219
3,94,1,1,48.894496,49.381791,0.522846910429265,-1.0270612594534,-2.57544748319849,-2.36376077331182,-0.893816913531119,-1.7095154265956,-1.72410668983835
3,95,1,1,49.417342,49.904636,0.462436059733662,-1.01942582189861,-2.73877464605109,-2.72763103846025,-1.33420518718605,-1.30367322917226,-1.90265086218898
3,96,1,1,49.948432,50.435727,0.371821311358126,-1.61579900046323,-2.92325319796988,-2.51141888732091,-1.12935835746124,-1.91501569331195,-1.72393431422925
3,97,1,1,50.471092,50.958386,0.362460999270569,-1.56757606450132,-3.06686803637409,-2.66526237467774,-1.16746812212742,-1.82727231430828,-1.82351719099977
3,98,1,1,50.995942,51.483236,0.349675216836081,-1.33117067365066,-2.86496797777106,-2.63309426783731,-1.34778977662982,-1.88318508642248,-1.97070190158915
3,99,1,1,51.520113,52.007407,0.319412088945449,-1.5881521637327,-2.91998723939796,-3.11460607834143,-1.34598148952765,-1.9690630364077,-1.8441739896302
3,100,1,1,52.043076,52.53037,0.487374307249161,-1.60439210811673,-2.72575398107188,-2.42952779143047,-0.855619635082734,-1.40257527646257,-1.6471490170862
3,101,1,1,52.591938,53.079232,0.331620744082911,-1.70405993436804,-2.81264643802767,-2.8442096745053,-1.29239770347676,-1.52241008235097,-2.37456854272946
3,102,1,1,53.118075,53.605369,0.447200239763265,-1.38703258394396,-2.68951928708203,-2.75901167335255,-1.01241127984787,-1.38577947875161,-1.90489593721608
3,103,1,1,53.645856,54.13315,0.322737133686132,-1.74020315294067,-2.89778648285523,-2.77574898434015,-1.33013696921049,-1.52816008667198,-2.29607448691136
3,104,1,1,54.175002,54.662296,0.412236804879973,-1.52919241630022,-2.74326606678775,-1.77968634848179,-1.11408171021024,-1.57799239624961,-1.79290110533362
3,105,1,1,54.699985,55.18728,0.359660046946169,-1.64857400990308,-2.58597094999308,-2.22239204261951,-1.25086321843006,-1.55513187248262,-1.99121173102694
3,106,1,1,55.224374,55.711668,0.418484682515766,-1.69105230877379,-2.65327848663285,-2.60560057823657,-0.990519916801426,-1.60436258870594,-1.69620977543148
3,107,1,1,55.752867,56.240161,0.476513789982826,-1.52084449026906,-2.92712418362704,-2.58868197652319,-0.880707182199744,-1.44670787748409,-1.67097299930882
3,108,1,1,56.279541,56.766835,0.339098215670497,-1.76494506473009,-2.98187962573307,-2.79729654319805,-1.25377488324529,-1.6012282367483,-1.98017652056116
3,109,1,1,56.804371,57.291666,0.492388854397845,-1.69267709561276,-2.60786736751756,-2.40052234509471,-0.819336159877111,-1.45427459449908,-1.58928119687496
3,110,1,1,57.333708,57.821003,0.391435641677054,-1.72421546534594,-2.95944277667797,-2.8411508093617,-1.02188835936975,-1.88212699843088,-1.68678668862383
3,111,1,1,57.85682,58.344114,0.349228587944116,-1.50925843016894,-2.90051113053012,-2.66691142461353,-1.2368193819575,-1.95203161054859,-1.84577156367126
3,112,1,1,58.379432,58.866726,0.444224774098,-1.76230930537282,-2.79128135439068,-2.69307628742861,-0.896629857568693,-1.67553099886081,-1.60299898425771
3,113,1,1,58.903948,59.391242,0.439558548290594,-1.50992614773631,-2.83278164737713,-2.03468142896566,-0.958526198964123,-1.83241941373788,-1.63307766636314
3,114,1,1,59.428228,59.915522,0.389268901589397,-1.49294424631172,-2.90467282646576,-2.67115349321794,-1.15106351465453,-1.4826258946836,-2.04026127731505
3,115,1,1,59.952832,60.440126,0.461539388764688,-1.36523414961657,-2.66654604003829,-2.55423873866072,-0.924312927657327,-1.79793624031827,-1.58172720424326
3,116,1,1,60.476408,60.963703,0.481431605891332,-1.21923875923277,-2.52107548361538,-2.69434664150447,-0.920552953526112,-1.5689981716088,-1.85867941367627
3,117,1,1,61.008247,61.495541,0.475325954064774,-1.10663906785862,-2.33235103510918,-2.63355406310383,-1.06515975297949,-1.47360846283781,-1.80350193190453
3,118,1,1,61.539659,62.026953,0.577697404535304,-0.892661262918494,-1.22587555589879,-2.11855798925571,-1.01627496457611,-1.69655038011661,-1.77400174493095
3,119,1,1,62.067591,62.554885,0.531727725912122,-0.994261519183866,-1.48384976994117,-2.19091532275858,-1.07722402112005,-1.44152625218499,-1.87932683448049
3,120,1,1,62.589863,63.077158,0.43624432099362,-1.11946649512153,-1.50532118966701,-2.49498525848011,-1.39412654508804,-1.58401179482236,-2.23817996127116
3,121,1,1,63.117503,63.604797,0.579634777700955,-0.728068830757211,-1.80436499856508,-2.16974659083495,-1.15109679717508,-1.43236661981261,-1.97107747823269
3,122,1,1,63.640215,64.127509,0.540028428898128,-0.852886879278813,-1.5559281640883,-2.56367381593381,-1.14120117133536,-1.47168141703064,-2.10176384754979
3,123,1,1,64.165867,64.653162,0.550181041275262,-1.00434881059329,-1.48797893347502,-2.45887974331858,-0.914043056767425,-1.80194820443882,-1.6692562217744
3,124,1,1,64.693611,65.180905,0.539947234717597,-0.794517304560632,-1.52781293544576,-2.06765921080191,-1.31384212971596,-1.50846202608413,-2.05457651133092
3,125,1,1,65.217388,65.704682,0.47728667701563,-1.02166044048469,-2.38874550062738,-2.19728447351892,-1.10782504087568,-1.56641847021999,-1.88861926372068
3,126,1,1,65.745754,66.233049,0.552975073549182,-1.05550984304753,-1.33606162830294,-2.27582900657407,-1.04713459839588,-1.2190811732985,-1.94441980809765
3,127,1,1,66.278199,66.765494,0.462169659476786,-1.452383179779,-2.66299621737501,-2.74665882488317,-0.896685445493765,-1.57005705324267,-1.83931316039264
3,128,1,1,66.802431,67.289725,0.468405725270265,-1.6713795733795,-2.26624818909557,-2.72635723530699,-0.896026888596144,-1.45951080794184,-1.67000772088672
3,129,1,1,67.328376,67.81567,0.496317922403207,-0.980971848573434,-1.1952986289785,-2.25352632442538,-1.64989665011442,-1.44925583447552,-2.06773381108621
3,130,1,1,67.855742,68.343036,0.352871278869611,-1.10896472727973,-2.56570847375561,-2.47607790218011,-1.80418700723283,-1.75193650545978,-2.6287457314264
3,131,1,1,68.38548,68.872774,0.595369864691231,-0.727107287318276,-1.0767616774695,-2.15824854704982,-1.42419544162198,-1.5751269518438,-2.05301298687094
3,132,1,1,68.912026,69.399321,0.63373340062361,-0.685837280884585,-1.29566232424398,-2.21515117500992,-1.00434371944303,-1.7680816226746,-1.75821267378496
3,133,1,1,69.435553,69.922847,0.500092917796375,-0.890592284231455,-2.51277597741751,-2.76443672221704,-1.07234876116551,-1.78460979647863,-2.00614663626342
3,135,2,1,70.481793,70.969087,0.371425435217513,-1.25640214542804,-2.18119738044397,-2.55898322816918,-1.35386329178407,-1.89083159041942,-1.91877843554808
3,136,2,1,71.011882,71.499176,0.514645102920939,-0.863313326148158,-1.98970498227347,-2.27429065614854,-1.17224328743461,-1.60334315329365,-1.82879109797227
3,137,2,1,71.53381,72.021104,0.486507858177298,-1.08047101243108,-1.54496349611623,-2.59812152411473,-1.08063314250036,-1.70201929186267,-1.86038742199424
3,138,2,1,72.055683,72.542977,0.479011542857411,-1.67357497749386,-2.98966362875238,-2.08781267527913,-0.884163497783436,-1.40268607131347,-1.68407519444368
3,139,2,1,72.581608,73.068902,0.530668708986202,-1.04393226668721,-1.58651846967469,-2.83654629572302,-0.965518277148994,-1.50919457212237,-1.73011563316782
3,140,2,1,73.108076,73.59537,0.487460941527037,-1.18596414002745,-1.8180585746765,-2.58934135025134,-0.984891633455432,-1.55469573415285,-1.73618124435169
3,141,2,1,73.641765,74.129059,0.519728682449983,-0.816726880540939,-2.53250584939442,-2.45410861278752,-1.2098891056615,-1.48824502344057,-1.91165534123385
3,142,2,1,74.166522,74.653816,0.717228378447202,-0.492639190303898,-2.22200463365565,-1.76461160804908,-0.91970318206884,-1.587438745279,-1.72129665281429
3,143,2,1,74.697478,75.184772,0.426976980401969,-1.41739021582432,-2.75577260625241,-2.50116451304623,-0.984200985786832,-1.90393765111942,-1.71407674413037
3,144,2,1,75.225755,75.713049,0.484274259049479,-0.903397621811975,-2.52555774411555,-2.55069740620174,-1.23103639503495,-1.46224709839351,-2.29195959447439
3,145,2,1,75.750379,76.237673,0.41208452280258,-1.16601969551876,-2.58903111298608,-2.88745106962511,-1.54235016834006,-1.20966387431071,-2.44756009562455
3,146,2,1,76.272083,76.759377,0.452075913500842,-0.947515465474996,-2.35600581526951,-2.57615601076443,-1.75460939601133,-1.23795121985777,-2.34403886995212
3,147,2,1,76.80134,77.288634,0.383203174254996,-1.32550510081785,-2.47188895360706,-2.78869968680146,-1.32549500676182,-1.57513170342178,-1.81243096450868
3,148,2,1,77.324372,77.811667,0.386858575442805,-1.45304679072224,-2.57221229133376,-2.97156851562345,-1.32801759114682,-1.41534895090963,-1.76200582667582
3,149,2,1,77.849958,78.337252,0.520813356205075,-1.21966627603636,-2.46494969438726,-1.92567445682431,-0.8380207562665,-1.52083471223745,-1.79942271202496
3,150,2,1,78.373286,78.860581,0.482819547291051,-1.20803505750195,-2.63628374135564,-2.39772975067073,-0.943997746551909,-1.51481615979881,-1.76917606840499
3,151,2,1,78.898684,79.385978,0.339432996892328,-1.70527409486613,-2.99252903503634,-2.56200988229988,-1.28791417662536,-1.54973456751812,-2.07692562847566
3,152,2,1,79.42214,79.909434,0.507425843883995,-1.29373268516673,-2.51024265053822,-2.57657388720146,-0.835092712058779,-1.66264445430267,-1.53648320874367
3,153,2,1,79.944353,80.431647,0.419586038921785,-1.75221263480739,-2.8845831211626,-2.7721159691576,-0.972429681397041,-1.65387777358034,-1.64333316370063
3,154,2,1,80.467595,80.954889,0.443247070210958,-1.90798173281798,-2.85024642586324,-2.82932237017669,-0.875059918620623,-1.81369146775255,-1.55535558561281
3,155,2,1,80.993644,81.480938,0.459841948553162,-1.59184897270166,-2.4725656554603,-2.73866174956847,-0.886994204186391,-1.74470770719148,-1.56133354577744
3,156,2,1,81.515687,82.002981,0.455189142585435,-1.53794405481442,-2.50672846661165,-2.60370296043896,-0.912018740081207,-1.73327544444527,-1.57065721216443
3,157,2,1,82.046212,82.533507,0.445379278728653,-1.40144620797844,-2.80307698927304,-1.85815225156393,-0.989361084841524,-1.88403545522188,-1.63110806844771
3,158,2,1,82.574061,83.061356,0.455481467459323,-1.80238444283635,-2.97066863227912,-2.31889584334615,-0.88388971652168,-1.58737725219307,-1.61548173645375
3,159,2,1,83.104122,83.591416,0.415627167212206,-1.63297411943294,-2.73808453959231,-2.68054468104007,-0.974162948709328,-2.01153608022914,-1.59861829149062
3,160,2,1,83.632542,84.119836,0.39509582840141,-1.64514159077896,-2.54069038344055,-2.59934049397437,-1.05058983394933,-1.80204447213764,-1.71903543643624
3,161,2,1,84.160294,84.647589,0.331791964303794,-1.65885788193598,-2.84089582113859,-2.50469544694328,-1.27600836470627,-1.71980515529018,-2.12280188502989
3,162,2,1,84.687927,85.175221,0.472983751642017,-1.25693864067484,-2.94004809545631,-2.80522841934283,-0.929853469267246,-1.63468341623749,-1.67027735169445
3,163,2,1,85.217101,85.704395,0.36790322919893,-1.94122832353258,-3.08933899389965,-2.72479034609978,-1.06389291594873,-2.05307475195687,-1.66065373198446
3,164,2,1,85.744384,86.231678,0.355310026226038,-1.55972927867559,-2.70397001436207,-3.00894115096495,-1.17927535634574,-2.10594831368262,-1.76577600875772
3,165,2,1,86.278075,86.765369,0.324707331241302,-1.39640867597949,-2.85139140139101,-2.7576911172226,-1.40238390797459,-2.3115937650965,-1.9086096124456
3,166,2,1,86.802652,87.289946,0.377767315400928,-1.48270952321896,-2.83265335995316,-2.79238613084093,-1.1675788490307,-1.61828800914613,-1.94654364747648
3,167,2,1,87.327571,87.814865,0.397036070754002,-1.6117623892607,-2.68995900233737,-2.47562243618724,-1.05569775181421,-1.75982047139802,-1.7353668731857
3,168,2,1,87.859352,88.346646,0.411812045399614,-1.43989846977077,-2.60434964620845,-2.63882919716825,-1.05515566451892,-1.77399112967659,-1.71614140810788
3,169,2,1,88.390052,88.877346,0.471487965381443,-1.26923399295224,-2.59388389834531,-2.18269876735798,-0.949507626422321,-1.75317762746187,-1.61182717258796
3,170,2,1,88.921792,89.409086,0.402707342345429,-1.43167765727014,-2.67364735799449,-2.48844572666001,-1.10756048353108,-1.66498459226144,-1.75154117048154
3,171,2,1,89.451154,89.938449,0.41090975063107,-1.59876947715335,-2.94293085749858,-2.58304476356474,-1.03476015565105,-1.57267418545019,-1.73712882358143
3,172,2,1,89.97644,90.463734,0.458562452444357,-1.55501606360491,-2.80829021647334,-2.81301710848433,-0.944795926192122,-1.41017922959656,-1.63682129504423
3,173,2,1,90.499728,90.987022,0.369821477174645,-1.82624263469736,-2.86570170526659,-2.62284889423946,-1.07926580282285,-1.88049730341849,-1.72202542305594
3,174,2,1,91.023605,91.510899,0.430835507370374,-1.40396329609605,-2.61752549176004,-2.5565031559602,-1.06012455616738,-1.47696765610566,-1.78658448468145
3,175,2,1,91.550843,92.038137,0.291136841293787,-1.56246744987745,-2.91212689728082,-3.01256641090622,-1.55649547546604,-1.91279592861966,-1.95471879419824
3,176,2,1,92.079516,92.56681,0.367195701770785,-1.44173244102143,-2.98922578726858,-2.82103544050729,-1.3241849468828,-1.38003012594937,-2.45759201801212
3,177,2,1,92.603591,93.090885,0.417824716635621,-1.68617000464001,-2.79041327067138,-2.59011066410163,-1.02130515246107,-1.39933718254312,-1.93724183246582
3,178,2,1,93.128054,93.615348,0.383233983682449,-1.51483385688804,-2.60751260414725,-2.30123383445292,-1.1443977575292,-1.82411246296884,-1.71074990981446
3,179,2,1,93.653123,94.140417,0.467615642639585,-1.68632414688066,-2.71228444193436,-2.58231948169877,-0.886643093900126,-1.38192653922294,-1.72898574735603
3,180,2,1,94.17824,94.665535,0.369544555089361,-1.33522820963041,-2.60851155140896,-2.79639301087826,-1.27352062583928,-1.60839613952116,-2.25590775499484
3,181,2,1,94.70275,95.190045,0.318748775830692,-1.45864202409729,-3.05286769144315,-2.67476185360652,-1.36893140013588,-2.34126967087501,-1.93613693416193
3,182,2,1,95.229369,95.716663,0.384414343047285,-1.56362143063646,-2.76124009356464,-2.70390579628541,-1.18558952000496,-1.48437376223089,-1.80924281634788
3,183,2,1,95.755537,96.242831,0.427022135239696,-1.5868988171724,-2.77897493962592,-2.85266400679592,-1.03509241215674,-1.38330222595795,-1.84612958083785
3,184,2,1,96.28608,96.773374,0.408541101727075,-1.52250485611362,-2.72676174862731,-2.91376171199565,-1.05529434714076,-1.70981613612983,-1.68378857044329
3,185,2,1,96.811156,97.29845,0.353147773689823,-1.73315827513175,-2.92069442691631,-2.7885814802665,-1.21110210233321,-1.58907292475846,-1.89142621893599
3,186,2,1,97.341608,97.828902,0.460622917512091,-2.22133460720292,-2.70039670728763,-2.66001445365499,-0.845351054618554,-1.54494669618081,-1.56191604975635
3,187,2,1,97.865558,98.352852,0.423890602026924,-1.58043049770419,-3.02776625044257,-2.72546633225231,-1.01435091863032,-1.55528719500602,-1.66380968579483
3,188,2,1,98.388728,98.876023,0.418215992292449,-1.2560069950128,-2.39417122838438,-2.53560592859644,-1.12249007564817,-1.92577892829557,-1.65468810614487
3,189,2,1,98.912837,99.400131,0.445431736640473,-1.44184861676299,-2.82739194677289,-2.65474570917026,-0.949725252640662,-1.66347507346561,-1.68653113564703
3,190,2,1,99.43717,99.924464,0.420505499727584,-1.56741580889904,-2.72379383986521,-2.80289647807662,-1.00827963423628,-1.58386298514283,-1.7363404225103
3,191,2,1,99.962323,100.449617,0.463557051992854,-1.80689701915844,-3.12602864537032,-2.31493344568733,-0.876834041746997,-1.46862506173261,-1.64014279925968
3,192,2,1,100.485591,100.972885,0.444142093876869,-1.40693061511161,-2.96033837656293,-2.00760538952923,-1.00135018786721,-1.65944144250613,-1.66943782694847
3,193,2,1,101.01621,101.503505,0.34772399248502,-1.56267855928236,-2.97066118574738,-2.47387963846349,-1.2089909683032,-2.0528188718466,-1.80147757952871
3,194,2,1,101.541014,102.028309,0.449260446567775,-1.41632142052215,-2.64868188260337,-1.4526257285566,-1.08162365090877,-1.58602191972591,-1.8349245316709
3,195,2,1,102.069529,102.556824,0.418412698161899,-1.38072282719292,-2.76368621347869,-2.3898563878976,-1.10269782347635,-1.50203262556534,-1.82438464404602
3,196,2,1,102.593704,103.080998,0.433622672671085,-1.85825744515058,-2.55411845362432,-2.41611311408828,-0.940844055374925,-1.56812997928537,-1.62994149187737
3,197,2,1,103.116724,103.604018,0.391946471197274,-1.77103986650781,-2.76698882613567,-2.71742816567229,-1.07174112918637,-1.6157667258216,-1.70956179375974
3,198,2,1,103.641334,104.128628,0.307656045391767,-1.59585549914917,-2.78327481348835,-2.79735025902587,-1.41992674075271,-2.07307692598807,-1.84527828337895
3,199,2,1,104.170326,104.65762,0.379669192334106,-1.34224261236096,-2.45020457504299,-2.67170729010062,-1.34208820845161,-1.41849029606043,-2.18917790540803
3,200,2,1,104.695447,105.182741,0.465775548951377,-1.59566503780817,-2.36589980553441,-2.40825147022016,-0.921851619434774,-1.38181958123351,-1.757003491811
3,201,2,1,105.22317,105.710464,0.38834850317602,-1.43666678520675,-2.93975471833876,-2.59447708969548,-1.11095252037652,-1.97453899395275,-1.76122869443626
3,202,2,1,105.749119,106.236413,0.454251421567624,-1.20092066251631,-2.74952634153568,-2.4903022250082,-0.997146641584284,-2.15962426621648,-1.58539037056417
3,203,2,1,106.275116,106.76241,0.43277729877697,-1.73640017921762,-2.82702535158508,-2.02802702179732,-0.954198828722437,-1.72827606112181,-1.62632891404165
3,204,2,1,106.798009,107.285303,0.411049026984421,-1.13908448497993,-2.52260561087983,-2.65565993559115,-1.24860851084527,-1.62050084774751,-2.18704514978739
3,205,2,1,107.324009,107.811303,0.426804619375556,-1.64114800882552,-2.54619982934654,-2.0877616423981,-0.977247768582171,-1.79215322323995,-1.64487852406549
3,206,2,1,107.852331,108.339625,0.400824773359893,-1.55274489214617,-2.68248410215705,-2.34252516066139,-1.04551817909696,-1.95615342448664,-1.67443689439358
3,207,2,1,108.382802,108.870096,0.465670520957263,-1.47054748225515,-2.36870391552266,-2.05950596270366,-0.940102418478783,-1.52905145944174,-1.66998732104893
3,208,2,1,108.909016,109.39631,0.483120872634655,-1.31088476546317,-2.35982941619368,-2.56911220300791,-0.924928264916042,-1.50696317961101,-1.63456188207488
3,209,2,1,109.433555,109.920849,0.454894745059183,-1.25210522161841,-2.35799866820375,-2.3143162482673,-1.00655647387492,-1.72463670943538,-1.71203727016837
3,210,2,1,109.958522,110.445816,0.497675064146257,-1.56945868924244,-1.73467071910327,-2.48760641134381,-0.861075617422871,-1.46256572129208,-1.6511774215326
3,211,2,1,110.484943,110.972237,0.467257911498583,-1.26446117985978,-1.93463822950168,-2.63813157851837,-0.987243523124994,-1.6423365547161,-1.72754752717936
3,212,2,1,111.01237,111.499665,0.390425346143055,-1.51891375360351,-2.83829158967634,-2.62249469466569,-1.08000734592387,-2.01255903231826,-1.67334455071014
3,213,2,1,111.540687,112.027981,0.488136171660007,-1.25862925212227,-1.70140794124305,-2.39750984551839,-1.00494260543135,-1.37962256799109,-1.8593690949179
3,214,2,1,112.063785,112.551079,0.490955808775851,-1.25367486709501,-1.73437613597556,-2.12444770257384,-0.94671712973932,-1.84327998543896,-1.55566620798589
3,215,2,1,112.588246,113.075541,0.40721869240412,-1.39751653712703,-2.58094300471505,-2.68063561569235,-1.11784921533244,-1.65868627038104,-1.73790787519353
3,216,2,1,113.111715,113.599009,0.454206922322643,-1.03162104480895,-1.31512396151478,-2.43747043013026,-1.44020020925071,-2.01798820892272,-1.95041136261414
3,217,2,1,113.63654,114.123834,0.409961890785051,-1.68237807737072,-2.73821445296297,-2.70690254710562,-1.01401001675379,-1.64685062936859,-1.72174181281641
3,218,2,1,114.159132,114.646426,0.302755192932461,-1.53392902230906,-2.08319130327478,-2.96162505564321,-1.51144426594738,-2.00440875767755,-2.17346086830252
3,219,2,1,114.683907,115.171201,0.499144543880067,-0.982652383191398,-1.25330483902659,-2.26345078368407,-1.29978633091597,-1.82733536429109,-1.90382601491613
3,220,2,1,115.214786,115.70208,0.412505306097508,-1.7462957517693,-2.73375198018733,-2.58223821358479,-0.999364839972836,-1.71724581846332,-1.64546007731159
3,221,2,1,115.740118,116.227412,0.509820190675317,-1.19032468267658,-1.35660296715531,-2.18006170090904,-1.03003340664477,-1.56295461052787,-1.738478851602
3,222,2,1,116.270294,116.757588,0.450421622060002,-1.27487182163959,-1.84131243088615,-2.38103836053132,-1.03882037910231,-2.0261818069003,-1.60347239931126
3,223,2,1,116.791518,117.278812,0.445472352906594,-1.24876944524667,-1.99360913464099,-2.29269575795468,-1.06329154253436,-1.97630168654287,-1.67923770121849
3,224,2,1,117.316472,117.803766,0.484873503032943,-1.25137619345593,-1.20329746004094,-1.94786258594749,-1.14359665184907,-2.16089811922204,-1.70239624013121
3,225,2,1,117.839662,118.326956,0.421250226477618,-1.81388376836368,-2.64812875501555,-2.68245560396373,-0.965468176610769,-1.72486304593492,-1.59950316735356
3,226,2,1,118.368086,118.85538,0.472779456907765,-1.06931677681689,-1.46792173694278,-2.5470851244228,-1.21969820112865,-1.73397360317993,-1.75934567188454
3,227,2,1,118.893975,119.381269,0.415281744687947,-1.88131851994033,-2.77218133506452,-2.83224377516881,-0.963280494770115,-1.66886113039631,-1.68091457056974
3,228,2,1,119.426374,119.913669,0.335190527252713,-1.50212489708525,-2.59765221227022,-2.88321922493438,-1.29278401755922,-2.18391618528341,-1.82617920122885
3,229,2,1,119.950512,120.437806,0.399740074870846,-1.56113844471412,-2.55358193370347,-2.75996311221625,-1.07836159916216,-1.66844063120858,-1.75194447847711
3,230,2,1,120.477467,120.964761,0.577493114302369,-0.790285045602432,-1.7366558171693,-2.22842773374499,-0.971847425638697,-1.83307660358159,-1.69064363786499
3,231,2,1,121.002658,121.489952,0.537514622727678,-0.8256434077996,-1.84689440376471,-2.28607650237436,-1.1407586038676,-1.56169193782459,-1.81289870777704
3,232,2,1,121.53312,122.020414,0.443170700663177,-1.10449089040129,-2.11773376995585,-2.5851799613144,-1.19815797501478,-1.59597349863278,-1.83773538219538
3,233,2,1,122.058284,122.545579,0.430056427469167,-1.56565998267053,-2.84253544155121,-2.8423772711374,-0.972940148055167,-1.64701909773748,-1.65850993992593
3,234,2,1,122.584608,123.071902,0.434666107315101,-1.54763678932772,-2.73961094000612,-2.90254835506422,-0.995154394431283,-1.48145213089321,-1.74715909430087
3,235,2,1,123.109891,123.597185,0.391522391951165,-1.56896296039132,-2.60115593319462,-2.41720605256678,-1.09949104950058,-1.821677230098,-1.70603844988801
3,236,2,1,123.636395,124.123689,0.360177110727077,-1.58752231390914,-3.00337334636534,-2.8014040514294,-1.17648386432746,-1.69211387184055,-1.99647973575215
3,237,2,1,124.162203,124.649498,0.408101711994029,-1.86058279175728,-2.88700874471985,-2.32605658370523,-0.986954336383886,-1.72373102392986,-1.654912104165
3,238,2,1,124.688024,125.175318,0.483557988700315,-1.30434693964376,-2.70640124844022,-2.25417808990606,-0.904625228486937,-1.58152542694682,-1.66102543157459
3,239,2,1,125.211855,125.699149,0.388448881191551,-1.13979980354692,-2.61887051816303,-2.74054912318975,-1.37158490665806,-1.8587599141714,-1.93600775792234
3,240,2,1,125.735184,126.222478,0.472876197140035,-0.907814977089499,-2.56508570647623,-2.41061838263763,-1.237228153323,-1.68130983374346,-2.07662348796144
3,241,2,1,126.267937,126.755231,0.486655562266447,-1.19947474966637,-2.92440941470967,-2.65479544478687,-0.995168105710354,-1.34338043392403,-1.7295008054544
3,242,2,1,126.797466,127.28476,0.379314925034526,-1.26932907977102,-2.38339594397287,-2.40376253180743,-1.23763764249531,-2.34915857600324,-1.87124638794901
3,243,2,1,127.322045,127.809339,0.459193474740124,-1.29295866880882,-2.62693878328207,-2.08661246216613,-0.98697353173662,-1.66485033198201,-1.70017523949804
3,244,2,1,127.850824,128.338118,0.501963570986734,-0.911776858125431,-2.51825490086326,-2.36886825328527,-1.13928371511299,-1.52631297660524,-1.81624031506025
3,245,2,1,128.381632,128.868927,0.368568716620536,-1.48646077905812,-2.70801628382072,-2.00805818411399,-1.1964977002567,-2.0078942737024,-1.90188669095696
3,246,2,1,128.90445,129.391744,0.39387731195458,-1.63678013560722,-2.786628473501,-2.8861750068777,-1.12078716099017,-1.40397744454152,-2.01599645198599
3,247,2,1,129.428672,129.915966,0.493645240559812,-1.45669613157835,-2.81783408406194,-2.50621929149161,-0.821742223672188,-1.52730879209049,-1.73498660911801
3,249,3,1,130.481392,130.968686,0.393071850290663,-1.14613807578579,-2.91790427684739,-2.79867104401204,-1.48262012808927,-1.4154162002223,-2.15541911719204
3,250,3,1,131.004719,131.492013,0.415424466793509,-1.06599194604964,-2.75552339413919,-2.50040729568807,-1.27184595661323,-2.00617886628267,-1.81545303683231
3,251,3,1,131.532353,132.019648,0.424930460308377,-1.15977436823954,-2.69815128932821,-2.52467569824128,-1.22162557410072,-1.47722633767327,-2.04512320825485
3,252,3,1,132.056316,132.543611,0.466844301108998,-1.40230731142789,-2.52268844721734,-1.85468909514446,-0.922004042136977,-1.81916114948282,-1.65686254323531
3,253,3,1,132.587934,133.075228,0.345012533714268,-1.37207195106193,-2.66632848196631,-2.77869100846902,-1.51478538512259,-1.50669407703785,-2.12626297936053
3,254,3,1,133.112317,133.599611,0.448575489249151,-1.33703106116626,-2.73664800808585,-2.4629494821728,-0.999298566651951,-1.55548115528518,-1.75288101703467
3,255,3,1,133.635607,134.122902,0.439918315514454,-1.37155071027049,-2.56224150978593,-2.65047720261798,-1.01367029680611,-1.61776313320139,-1.67581972580815
3,256,3,1,134.157819,134.645113,0.474129035252019,-1.22595309569335,-2.54722034311997,-1.56042092959736,-1.03083382715524,-1.79175784881275,-1.71440816674978
3,257,3,1,134.683695,135.170989,0.487910316289577,-1.1509515013759,-2.62426687632762,-2.68402236325533,-0.996219392717168,-1.47219361591688,-1.66649956182637
3,258,3,1,135.207185,135.694479,0.377238982237162,-1.24448122011387,-2.6990492167489,-2.50435007335027,-1.23682420308039,-2.14438880099898,-2.00985960594461
3,259,3,1,135.744404,136.231698,0.490066306251099,-1.42178124769627,-2.54407402983583,-1.62376793999857,-0.882173376420841,-1.89198926808698,-1.57087143681799
3,260,3,1,136.269824,136.757118,0.423410856186046,-1.24791783745576,-2.40873008776086,-2.68532786884415,-1.07916107279269,-2.45295436005924,-1.62429726741628
3,261,3,1,136.792635,137.279929,0.406059125555474,-1.48144566952217,-2.61094187851309,-2.60749084210728,-1.0768747185681,-1.51871231207283,-2.07850888540496
3,262,3,1,137.317903,137.805198,0.414597838148057,-1.49346096609556,-2.63247786072508,-2.15607853256132,-1.06478822180552,-1.68119981168264,-1.76191653210485
3,263,3,1,137.844581,138.331875,0.44841951429866,-1.3611926685956,-2.42389955756163,-2.54300939655456,-1.00672890393316,-1.65865599040485,-1.59585492311217
3,264,3,1,138.367985,138.855279,0.425934673333713,-1.20827416938404,-2.72336138458618,-2.67677167067079,-1.17752540294749,-1.43738328898433,-2.13302092432268
3,265,3,1,138.896203,139.383497,0.475208738716194,-1.50337092938419,-2.9036685273324,-2.70456024745652,-0.88437467843251,-1.55518796885809,-1.56141562965752
3,266,3,1,139.421699,139.908993,0.409566814297316,-1.62726653400956,-2.81079476157985,-2.59171144934254,-1.01842234528378,-1.71282608276942,-1.7145998253332
3,267,3,1,139.947812,140.435106,0.437902532490811,-1.31787004221904,-2.72542993541699,-2.47054143781049,-1.02726396568306,-1.68655378945562,-1.73960991451358
3,268,3,1,140.478693,140.965987,0.382423794352638,-1.26757176317744,-2.55550916472264,-2.88256205299983,-1.29068708411767,-1.74453050276424,-1.84914512001778
3,269,3,1,141.002819,141.490114,0.373153306140608,-1.65926046148827,-2.70400419424097,-2.82002652579522,-1.11343434697995,-1.66960867331107,-1.9614351061827
3,270,3,1,141.52571,142.013004,0.383682521443351,-1.65581008691738,-2.84434508207179,-2.50907065559337,-1.08194352067945,-1.91784700046583,-1.71048307378841
3,271,3,1,142.050224,142.537519,0.463285389979888,-1.75283970343631,-2.76174649151381,-2.58188618366387,-0.903048213419767,-1.42396781455175,-1.62958470787122
3,272,3,1,142.5755,143.062794,0.348672167548929,-1.43661067934646,-2.79347686635474,-2.72705329220809,-1.31585596757751,-1.65293878736511,-2.13691172708327
3,273,3,1,143.101495,143.588789,0.466204526904094,-1.52666727815413,-2.87729534090888,-2.3929546756957,-0.914396721404799,-1.4905601453555,-1.63926704544294
3,274,3,1,143.632306,144.1196,0.503690783053147,-1.38631206049437,-2.54031693158514,-2.37322499358855,-0.86325848131495,-1.41873341273187,-1.62741057138153
3,275,3,1,144.157131,144.644425,0.470030302837002,-1.01354525132832,-2.49810942762116,-2.47108585925448,-1.07784675677144,-1.93261956574766,-1.76736600219867
3,276,3,1,144.687413,145.174707,0.534310525022537,-0.88271399446621,-2.55034973237937,-2.44883204417274,-1.0153345824214,-1.51568103487163,-1.77718079977541
3,277,3,1,145.213515,145.700809,0.54656489846588,-1.06954480710471,-2.36425525120838,-2.55512605723725,-0.8590958287962,-1.42149172628192,-1.60928002540158
3,278,3,1,145.737346,146.22464,0.507318517683764,-1.54733255578408,-2.70496621659132,-2.02529953116188,-0.803590345922203,-1.54831823778877,-1.56158105988573
3,279,3,1,146.265247,146.752542,0.399965768663849,-1.7841002860614,-3.00314689158119,-2.73717055021594,-0.981510710577068,-2.26380019346181,-1.57883212592527
3,280,3,1,146.789581,147.276876,0.501684476024912,-1.58407977223562,-2.7827243108859,-2.77102543167824,-0.810603649306192,-1.44182743571929,-1.58917287426559
3,281,3,1,147.316169,147.803463,0.318808233075541,-1.61691282567929,-2.61094012306326,-3.01120352202104,-1.36188243580979,-1.70299407011916,-2.12268346635236
3,282,3,1,147.840286,148.32758,0.352683661857174,-1.56537184709687,-2.93707704499242,-2.71795741552786,-1.2391674694463,-1.65551999167521,-1.98772378429894
3,283,3,1,148.366037,148.853332,0.42509721964756,-1.35300810905006,-2.8747154231336,-2.6416190002466,-1.07183488531694,-1.49998726553865,-1.96369355334482
3,284,3,1,148.887521,149.374815,0.375868204738475,-1.31563481822722,-2.6800518903525,-2.54415825197303,-1.23247273730303,-2.40305756877077,-1.76767781314404
3,285,3,1,149.411381,149.898675,0.331743895448219,-1.73087177231211,-2.80505058444827,-2.53190400403893,-1.277309700548,-1.61776568334406,-2.22492298149659
3,286,3,1,149.941921,150.429215,0.482147379320862,-1.63200148634875,-2.93324949294169,-2.43931549770144,-0.856255441573399,-1.42578470635536,-1.64769073462624
3,287,3,1,150.46743,150.954724,0.483491353766104,-1.32500715379159,-3.02981804364878,-2.88255857560697,-0.915577322626922,-1.39915406001987,-1.73922259816658
3,288,3,1,150.991409,151.478703,0.355779981588001,-1.74506184471483,-2.83473000768682,-2.67345520037483,-1.11924132753189,-2.32097550533954,-1.71333612424499
3,289,3,1,151.514946,152.00224,0.38866743267089,-1.656987793907,-3.13070266731376,-2.6697047180392,-1.11697057836153,-1.51010577162225,-1.84102047950395
3,290,3,1,152.041511,152.528805,0.470492689122984,-1.40800038554929,-2.55112786629025,-2.78044563097285,-0.927997936920977,-1.46129739799145,-1.70685685851731
3,291,3,1,152.565978,153.053273,0.489807829389696,-1.14872706275523,-2.63264120931478,-2.41645254713678,-1.00071629520521,-1.3893111095836,-1.75342616842061
3,292,3,1,153.088595,153.57589,0.382130696348624,-1.21367791615695,-2.87134163216298,-2.78941204777118,-1.2602435846859,-1.76001006012894,-2.20891872022433
3,293,3,1,153.618719,154.106013,0.471135836921776,-1.63401539294357,-2.19858092315472,-1.6703583098109,-0.904092323216133,-1.69990647820095,-1.62835875993073
3,294,3,1,154.143337,154.630631,0.536090754113893,-1.03218616295269,-2.53022021756774,-2.05567645029245,-0.983604060256357,-1.18685484480255,-2.01744602744888
3,295,3,1,154.671698,155.158992,0.388518653864171,-1.48483111644221,-2.67158928064298,-2.91477214670387,-1.37309182732482,-1.20023815753106,-2.22564717563379
3,296,3,1,155.196803,155.684098,0.498748851868422,-1.80500063974666,-2.86088541744763,-2.18016647683305,-0.785751273289834,-1.47627669700656,-1.6565213884916
3,297,3,1,155.723882,156.211176,0.418129081793702,-1.77951967978675,-2.47594698863612,-2.48808860295068,-0.946261544037475,-1.88527049354659,-1.71050208445054
3,298,3,1,156.247646,156.73494,0.425863881772851,-1.24161839394652,-2.85930228402043,-2.76822815813316,-1.13041026939962,-1.52704637931016,-1.87683327836304
3,299,3,1,156.773551,157.260845,0.390768042683351,-1.31580261836476,-2.39532963967377,-2.18448019814161,-1.24900611769842,-1.70301560244851,-1.88774640038784
3,300,3,1,157.297213,157.784507,0.518419990506935,-0.756715780081221,-2.5224514730851,-2.76071587093171,-1.46844691699378,-1.3846892497912,-2.09048240092963
3,301,3,1,157.824647,158.311941,0.546414008534217,-0.699777588711073,-2.5973946391457,-2.65127654645272,-1.64378578735595,-1.22507013294452,-2.18012533163543
3,302,3,1,158.349405,158.836699,0.45380445120764,-1.55098184002064,-2.82112767423562,-2.7929167132864,-0.941297908973105,-1.42769830369296,-1.7401116614815
3,303,3,1,158.873244,159.360538,0.445954332309552,-1.10063107635943,-2.51168005012626,-2.27678591706155,-1.10892124732541,-2.23281300707343,-1.69462684457214
3,304,3,1,159.397421,159.884715,0.321099117154902,-1.38276308917954,-2.63422688905107,-2.96376622266151,-1.41980971633458,-2.31029343231764,-1.99916359996202
3,305,3,1,159.931048,160.418342,0.49992829692071,-1.35861530840805,-2.63896212197755,-2.52838012433685,-0.881035512628342,-1.33890037928722,-1.73653772297289
3,306,3,1,160.456161,160.943455,0.390449422390854,-1.547017336783,-2.85448369799395,-2.8922267337859,-1.05463335991332,-2.22496973880023,-1.63987768483572
3,307,3,1,160.979913,161.467207,0.396416252234349,-1.7875781103869,-2.90778366747419,-2.87442438845376,-1.03625719768669,-1.6312714811325,-1.75013806579941
3,308,3,1,161.505436,161.992731,0.410445022336679,-1.57547909878549,-2.91009255744905,-2.77686755597137,-1.02340923466553,-1.68154185240115,-1.68705788570541
3,309,3,1,162.03057,162.517864,0.411235982321891,-1.64033396008615,-2.59510610961508,-3.02962313551435,-1.01686222986129,-1.6896732371943,-1.64681733412857
3,310,3,1,162.555787,163.043081,0.38919684298398,-1.90928552808889,-2.67364422029664,-2.52642281500745,-1.03522247473617,-1.62831137648088,-1.83398378008452
3,311,3,1,163.079186,163.56648,0.411596368875689,-1.61148073642495,-2.76878202195078,-2.51861909200938,-1.01384623246877,-1.68539804014529,-1.7126896052575
3,312,3,1,163.603175,164.09047,0.366568729342217,-1.83147488503961,-2.99519020727406,-2.66041966972805,-1.12031390666419,-1.67460842104729,-1.77520809102381
3,313,3,1,164.126893,164.614188,0.402886861833421,-1.66646883832108,-3.1277193769399,-2.63786449653716,-1.00405687618227,-1.88733509000046,-1.63130787214401
3,314,3,1,164.650241,165.137535,0.386573113984263,-1.75199590499459,-2.92411678062145,-2.55605472152254,-1.07388547456515,-1.55845088171792,-1.86776945536359
3,315,3,1,165.175898,165.663193,0.457282495832888,-1.69146682745066,-2.93353982462342,-1.71659356957097,-0.947698971762712,-1.41635782223935,-1.82275873542955
3,316,3,1,165.704118,166.191412,0.37154935638846,-1.64084030561612,-2.69780739412597,-2.72375094319117,-1.12704829400886,-1.79927880490864,-1.74374297174032
3,317,3,1,166.237046,166.72434,0.418608091570056,-1.8734922959904,-2.80003075240435,-2.82364850309807,-1.01059954998474,-1.33599932131297,-1.95017273112775
3,318,3,1,166.762777,167.250071,0.444735828131789,-2.01437938815927,-2.87510366520873,-2.87097388056488,-0.906044261790166,-1.48257239686482,-1.61846946870758
3,319,3,1,167.28555,167.772844,0.353208202948675,-1.83743221849152,-2.77001281191003,-2.95063379589827,-1.15392244962639,-1.72311159442878,-1.82077906798849
3,320,3,1,167.80821,168.295504,0.387181621013025,-1.70559106852224,-2.99678566767575,-2.75298765938289,-1.08610747630656,-1.61101335674247,-1.76142320741774
3,321,3,1,168.334662,168.821956,0.435791170521218,-1.3923070718054,-2.82116044982847,-2.65173947510885,-1.02465542521931,-1.51055014904056,-1.77086645153316
3,322,3,1,168.857899,169.345194,0.404848471712196,-1.40847789180993,-2.81895156215192,-2.47178237750364,-1.09658891242076,-1.68795176615477,-1.78124168729416
3,323,3,1,169.383431,169.870725,0.350426273774226,-1.25370787658192,-2.82606344150587,-2.85763447820887,-1.42064982951248,-1.69101235120831,-2.40912218609172
3,324,3,1,169.910414,170.397708,0.274630453572525,-1.75381631368842,-2.91879923648258,-2.63779724271012,-1.57566192160598,-1.764853462427,-2.06296791756908
3,325,3,1,170.438134,170.925429,0.383400835231258,-1.53174304643596,-2.92292532824087,-2.93208708827632,-1.17042304455442,-1.39984269394556,-2.24890540682917
3,326,3,1,170.961384,171.448678,0.31454650216321,-1.52424188022041,-2.88208037501051,-3.08860341102076,-1.33139332027429,-2.09688122104268,-2.05821958966159
3,327,3,1,171.486023,171.973317,0.464897497783844,-1.45843068825834,-2.00189036920643,-1.63096021730109,-0.984783453957456,-1.62742964270556,-1.7416016788942
3,328,3,1,172.009893,172.497187,0.31420990485247,-1.48884991914247,-2.97654388778761,-2.60510235521539,-1.46646416937775,-1.70604152693725,-2.17527538087014
3,329,3,1,172.534486,173.02178,0.397144242085603,-1.4641824148121,-2.92169099277025,-2.78853198243069,-1.09977688091191,-1.51969914463001,-2.04607481455752
3,330,3,1,173.058317,173.545611,0.41863165334789,-1.63379209535684,-2.83272842403491,-2.89641292477762,-1.07070781145032,-1.32096195090851,-1.90213015668715
3,331,3,1,173.592365,174.079659,0.382603882029042,-1.53704791754683,-3.00849762352183,-3.09652416221806,-1.13236814639678,-1.54592686136811,-2.00802029996104
3,332,3,1,174.118717,174.606012,0.389486364877124,-1.36488731836797,-2.89524914110272,-2.66596587822374,-1.1321483132379,-1.88896532636424,-1.85812271646542
3,333,3,1,174.647642,175.134936,0.37429048505533,-1.19322897662619,-2.72821400372833,-2.62536209535943,-1.30089113978998,-2.39394385586941,-1.8428001675516
3,334,3,1,175.171534,175.658828,0.42301511593198,-1.59488269748946,-2.84287856026495,-2.65798951245162,-1.08196067172901,-1.30136989325566,-1.85737528356712
3,335,3,1,175.69716,176.184455,0.474458458088113,-1.66069443768719,-1.99133919902817,-1.41046934438176,-0.946400829885435,-1.72551334487163,-1.71935094622721
3,336,3,1,176.220957,176.708251,0.413599314715905,-1.46878849722994,-2.62248628239032,-2.26806800728004,-1.06218179960205,-1.71562002184728,-1.72178025652784
3,337,3,1,176.742679,177.229973,0.4585108213379,-1.65799878384968,-2.72775471544442,-2.77373627162594,-0.910161645127097,-1.41572128011032,-1.71779028382646
3,338,3,1,177.267445,177.754739,0.434889104846853,-1.49564604253267,-2.71499202482361,-2.86311964687025,-0.977325935989333,-1.64628208599916,-1.66115521440299
3,339,3,1,177.794661,178.281955,0.450451619923725,-1.39638789259674,-2.60469155947006,-2.75888563810998,-0.962031986962484,-1.6995106360359,-1.60405900389
3,340,3,1,178.324534,178.811828,0.394944863875288,-1.48901591511643,-2.84801122116572,-2.46913328549574,-1.14279983890784,-1.63369000082678,-1.73233679519083
3,341,3,1,178.850454,179.337748,0.44153197131416,-1.89071513122035,-2.81550570860135,-2.38350395039042,-0.920749469291235,-1.5326776076899,-1.67246474256059
3,342,3,1,179.375654,179.862948,0.457613639673531,-1.7102342201589,-2.66182316866696,-1.67474412455465,-0.928815575019323,-1.68484438979994,-1.62977032913269
3,343,3,1,179.899765,180.38706,0.381696226088,-1.45983764267281,-2.64761391195087,-2.54121376367342,-1.18969427065164,-1.55348078889362,-1.96457973563468
3,344,3,1,180.422984,180.910278,0.461025904942723,-1.3994372601893,-3.04691161918459,-2.43785039044757,-0.962539463481466,-1.38754878633069,-1.8347358456904
3,345,3,1,180.945884,181.433179,0.351129770144368,-1.74558932660697,-2.97434153726602,-2.64875544958871,-1.15939186005082,-1.92019613571479,-1.77196929310532
3,346,3,1,181.469636,181.956931,0.436897819592094,-1.91661136603344,-2.83691399371133,-2.50608027073814,-0.897855635556648,-1.82017616504164,-1.56233330172015
3,347,3,1,181.99354,182.480834,0.422027580929986,-1.75402558393941,-2.99584954536743,-2.65563806017311,-0.953277683349064,-1.72922861733441,-1.64492012856096
3,348,3,1,182.518539,183.005833,0.481610381187926,-1.49024335886325,-2.70551467378994,-2.52338016333999,-0.840538888109853,-1.84935044981798,-1.51681193494281
3,349,3,1,183.043371,183.530666,0.489195427577463,-1.3571411464706,-2.87503925708791,-2.82656147455108,-0.862786974366687,-1.60867313758566,-1.59003196590049
3,350,3,1,183.569067,184.056361,0.453722493828636,-1.44126233966779,-2.65557731734978,-2.91748282545259,-0.932085479780235,-1.73436766094586,-1.58998798838964
3,351,3,1,184.093545,184.580839,0.40926352449373,-1.73615669680837,-2.69138358389575,-2.6856723059928,-0.996056209976952,-1.83344793359944,-1.63578242955718
3,352,3,1,184.622887,185.110181,0.436251637619825,-1.62145639423868,-2.9019525472275,-2.05491265694044,-0.97782715162026,-1.58130709313685,-1.70490484683854
3,353,3,1,185.151778,185.639072,0.420679960033805,-1.73069616889668,-2.70257335913993,-2.33499678838029,-0.971631866686397,-1.65745924438516,-1.69206246258295
3,354,3,1,185.677622,186.164916,0.381582614521373,-1.48149190005736,-2.59868793574044,-2.63095951155179,-1.13230182668042,-1.99707501127408,-1.72466005985304
3,355,3,1,186.204035,186.69133,0.414340975458155,-1.5289968085963,-2.80362534451585,-2.6706620254531,-1.02616615896583,-1.71351404568674,-1.69358378048434
3,356,3,1,186.730586,187.217881,0.43675293392636,-1.56066051703936,-2.88445708229885,-2.22145036392846,-0.970056767889887,-1.70380191474273,-1.61801590733612
3,357,3,1,187.253869,187.741163,0.367088587790408,-1.9984333379438,-2.80322387563014,-2.67951834008389,-1.09362678012667,-1.72653152125122,-1.75647291263157
3,358,3,1,187.777904,188.265198,0.441755622610574,-1.65702847114246,-2.44297664755071,-2.52381037048372,-0.919059953748027,-1.78019712143013,-1.57239644512273
3,359,3,1,188.306897,188.794191,0.402539724558487,-1.84768548615065,-2.74200996899645,-2.14600690899104,-1.01335103342093,-1.7561265197222,-1.68491973833849
3,360,3,1,188.831694,189.318988,0.369649588409066,-2.02561798076491,-2.84610383634297,-2.88909770774875,-1.06046738962554,-1.78818683743656,-1.75736889134298
3,361,3,1,189.357143,189.844437,0.444006566529041,-1.50870646934941,-2.46760007118617,-1.97882213288349,-0.971600630436427,-1.73374842504696,-1.62948791674788
3,363,4,1,190.408633,190.895927,0.528166269341005,-1.43105953334127,-2.79471684576996,-2.56890110019593,-0.77948543366229,-1.44508439653897,-1.53306992782959
3,364,4,1,190.933391,191.420685,0.439936276963856,-1.64429105432567,-2.78100909064513,-2.57697674172671,-0.957001887274684,-1.46691808275085,-1.76623935065312
3,365,4,1,191.45767,191.944965,0.338972055423026,-1.57578290171436,-3.05633466074119,-2.61456739561403,-1.30982449897701,-1.64601191890402,-2.02127981409109
3,366,4,1,191.989539,192.476834,0.506730041779893,-1.18021312840645,-2.59278595739453,-2.91122649641038,-0.912884466109903,-1.40523953163789,-1.67144808073797
3,367,4,1,192.511813,192.999108,0.451587085059304,-1.11811613787589,-2.41395194611907,-2.55642477603829,-1.15307649587544,-1.49192732397265,-1.83897616849224
3,368,4,1,193.03729,193.524584,0.363732773247756,-1.41603764962831,-2.71992134767662,-2.90214710777911,-1.32163766350371,-1.49569279057447,-2.10403371410164
3,369,4,1,193.566301,194.053595,0.415797652757281,-1.51767852826676,-2.8193772794692,-1.86980326536779,-1.04875241510669,-1.80397515648392,-1.74188584215549
3,370,4,1,194.092015,194.579309,0.33254985805668,-1.35208705781623,-2.81838482618415,-2.61000441595524,-1.38528643254739,-2.61931683110655,-1.85326720761672
3,371,4,1,194.616268,195.103562,0.480192463980238,-1.37151072468594,-2.78961582935438,-2.65256581253536,-0.868225370468505,-1.73495407398763,-1.57912526795005
3,372,4,1,195.14238,195.629674,0.465161391347805,-1.52776573891973,-2.86153423353677,-2.24025872738356,-0.882554057156677,-1.80879763187296,-1.54643954514617
3,373,4,1,195.668286,196.15558,0.456548472170634,-1.4821181727839,-2.82863026491197,-2.90497125268504,-0.904356807322997,-1.83643631932704,-1.54572442975255
3,374,4,1,196.196386,196.68368,0.474450739085392,-1.43464112542544,-2.33379853869418,-1.65938876472909,-0.936780727510268,-1.74185383361774,-1.63773695507566
3,375,4,1,196.724903,197.212197,0.409598185623094,-1.58551528560729,-2.91459274411914,-2.87108637739143,-1.01861711189814,-1.66527841978774,-1.73284295613792
3,376,4,1,197.247686,197.73498,0.381598051138766,-1.51717242355648,-2.50667810523645,-2.12502134936714,-1.14769793581104,-1.72894911560425,-1.9295309024654
3,377,4,1,197.775136,198.26243,0.448862090060116,-1.52656391768293,-2.64781494094369,-2.40764863035602,-0.952217567158277,-1.54598726787558,-1.62858998373754
3,378,4,1,198.302346,198.78964,0.393282007900539,-1.7880101834481,-2.95663073574279,-2.55762952331246,-1.0663736462506,-1.55911325535069,-1.78629950039935
3,379,4,1,198.826891,199.314185,0.409715913167373,-1.69535837014395,-2.99388334768718,-2.44579178496505,-1.00636921361696,-1.67908174345612,-1.68980612044609
3,380,4,1,199.356339,199.843634,0.386886147115965,-1.25525076566239,-2.87258509085462,-2.6757931157801,-1.31628004664161,-1.55096784262294,-1.99295186857612
3,381,4,1,199.880371,200.367665,0.490252819856818,-1.44999936096347,-2.36656620463796,-2.57803465424407,-0.862310424287459,-1.50045488993801,-1.61778778744588
3,382,4,1,200.410114,200.897409,0.454628536861847,-1.45608798713116,-2.99096437082043,-2.48005815446159,-0.908505955117751,-1.90309973041638,-1.5593289689507
3,383,4,1,200.933619,201.420913,0.461774370368071,-1.22164290138679,-2.59353979123568,-2.65756406369418,-0.983627138110627,-1.68492111694357,-1.69414421930888
3,384,4,1,201.457688,201.944982,0.435865318714899,-1.90072198398117,-3.03570034026141,-2.71412591775861,-0.898234627344631,-1.80706060861249,-1.55707423112701
3,385,4,1,201.98265,202.469944,0.465453420281869,-1.61877595406657,-2.82617197934067,-2.86375444973086,-0.857199042385392,-1.80639587489742,-1.53189487934367
3,386,4,1,202.507527,202.994821,0.421981504594323,-1.65733505601431,-2.71463427776653,-2.34278531010577,-0.981781151167951,-1.78327365839593,-1.63959369396033
3,387,4,1,203.036842,203.524136,0.449750937701211,-1.65908787065084,-2.69433885658357,-2.97602502183392,-0.896838181798179,-1.71737854904142,-1.58365717127314
3,388,4,1,203.560061,204.047355,0.471487489734029,-1.72602505251564,-2.93343878643577,-2.43152945035167,-0.848996831890784,-1.59080032769688,-1.57757375898027
3,389,4,1,204.09014,204.577435,0.422265340455862,-1.43523045373547,-2.98244604496192,-2.86720308264554,-0.993029564353271,-2.18044502829377,-1.59539013854999
3,390,4,1,204.611467,205.098761,0.410850400091201,-1.6965819320597,-2.9013006122174,-2.72790000383094,-0.992380131078184,-1.74878879906196,-1.67085350091951
3,391,4,1,205.142311,205.629605,0.377588911648998,-1.82424666631138,-2.77387450371213,-2.54790052358539,-1.09178528913363,-1.74811277965415,-1.70914039996723
3,392,4,1,205.671175,206.158469,0.338069460991966,-1.35416249235156,-2.93209408194859,-3.1753964224554,-1.37509766715625,-2.15558570000194,-1.84421432194793
3,393,4,1,206.19385,206.681144,0.482925373681345,-1.41901565617339,-2.8110314851522,-2.8665438934013,-0.901276960555,-1.39877181727855,-1.66736731263019
3,394,4,1,206.718624,207.205918,0.297886935605073,-1.49226634058886,-2.82003882672635,-2.96179174599047,-1.49108229096581,-1.92919945948238,-2.25954681806471
3,395,4,1,207.242481,207.729775,0.425366672094566,-1.4646519947881,-3.01545049411265,-3.01219777432882,-1.05174758742551,-1.43147731652202,-1.82042803437591
3,396,4,1,207.767986,208.255281,0.398257628217333,-1.9166027490327,-2.91184942533585,-3.05076783408973,-1.00916832869819,-1.52451710154552,-1.87593925071817
3,397,4,1,208.295797,208.783091,0.305580986451611,-1.55254152819782,-3.01010323163709,-2.91217843268486,-1.41255364074184,-2.1376603580784,-1.91939388761055
3,398,4,1,208.820392,209.307686,0.294478322512054,-1.49730019465368,-3.12707791502494,-3.02911084623764,-1.66977349572466,-1.63147466005674,-2.25876128971256
3,399,4,1,209.345516,209.83281,0.430436732738958,-1.10198355201399,-2.4794536180363,-2.7072277245622,-1.1626660400275,-2.25303370358118,-1.66787511320799
3,400,4,1,209.868257,210.355551,0.373434047792025,-1.16803071607489,-2.83387877836826,-2.57890209660621,-1.33926829850954,-2.17944223777342,-1.94002170212584
3,401,4,1,210.392942,210.880236,0.366693329195246,-1.63170570609886,-2.80656614724391,-2.52153954952163,-1.1456752258719,-1.8385930349912,-1.77104999064722
3,402,4,1,210.919212,211.406506,0.327083381257871,-1.42642570729961,-2.96426621432846,-2.63764746850639,-1.38245590329102,-1.84965402861521,-2.12349770604946
3,403,4,1,211.446111,211.933405,0.457535458456469,-1.59254378531071,-3.03490078510434,-2.47614178813662,-0.884589539045374,-1.70286423314763,-1.56936114476151
3,404,4,1,211.975728,212.463022,0.391301842201231,-1.55305126659086,-2.89324788634312,-2.62633992032535,-1.074853654767,-1.71225249752058,-1.85447232886391
3,405,4,1,212.499617,212.986912,0.434571649186305,-1.31620322655023,-2.78143972086659,-2.73986268790869,-1.07189140804257,-1.52181131442274,-1.72726698781619
3,406,4,1,213.023747,213.511041,0.339145693567732,-1.78749716456596,-2.57359530551255,-2.6180631881719,-1.24875581775829,-1.58130049648004,-2.16954096445945
3,407,4,1,213.551594,214.038888,0.376524065467727,-1.47113889771598,-2.91343324712078,-2.65103784816772,-1.12282289586946,-2.1525052918057,-1.74539363845677
3,408,4,1,214.081132,214.568426,0.435898990114368,-1.48051192765052,-2.69026105291572,-2.54596300270551,-0.987703725271334,-1.58453559011844,-1.73724600923248
3,409,4,1,214.606364,215.093658,0.335670040721497,-1.61960707823549,-2.80178414044329,-2.61739830892505,-1.2266196143715,-2.17795622803136,-1.79716395408451
3,410,4,1,215.131605,215.618899,0.457702583566464,-1.76369552061871,-2.41660126748406,-1.69659452990556,-0.928564287490642,-1.58349041224781,-1.67961107608714
3,411,4,1,215.656266,216.14356,0.467761979125658,-1.20867194643665,-2.75102519859028,-2.52285531478652,-0.977448638035604,-1.57941824263674,-1.75116438333784
3,412,4,1,216.186099,216.673393,0.42926166544245,-1.17019345029241,-2.82251177222092,-2.29883918778901,-1.1724723880898,-1.66156527008073,-1.78899122903198
3,413,4,1,216.712256,217.19955,0.352572932960028,-1.59401132309202,-2.75473277363777,-2.72586955808519,-1.21175993877209,-1.69329623684029,-1.99777268128541
3,414,4,1,217.244233,217.731527,0.376073349239301,-1.67699389821145,-2.75300662016081,-2.40016633158514,-1.14959065115652,-1.61481274408201,-1.82114681810161
3,415,4,1,217.766634,218.253928,0.403746672894622,-1.42445853082755,-2.76064095509825,-3.02612230038542,-1.13913752202348,-1.58898237060684,-1.76391549383074
3,416,4,1,218.294145,218.781439,0.421974241016023,-1.66420881731116,-2.8651595253603,-2.4411534062634,-0.997159045427191,-1.55806182875963,-1.76200685261925
3,417,4,1,218.82532,219.312614,0.408607153049103,-1.41753077355323,-2.46809859554661,-2.69484822321082,-1.12746510910666,-1.53152845788653,-1.85868074536924
3,418,4,1,219.349129,219.836423,0.54245517637277,-0.790842281883369,-2.30850078690585,-2.14239964292347,-1.14370648894775,-1.58532853501439,-1.80758491543273
3,419,4,1,219.874962,220.362256,0.412219972116893,-1.3583047347163,-2.27827541437685,-2.39518666337673,-1.14502404626527,-1.56865163356077,-1.87681986611258
3,420,4,1,220.401091,220.888385,0.453105080723794,-1.19150387394897,-2.5237022290306,-2.35331063357627,-1.07246567813556,-1.52461902009249,-1.84366357017893
3,421,4,1,220.923228,221.410522,0.430080558211326,-1.31479810461953,-2.30393724186721,-2.50868330798724,-1.07957623696447,-1.59313975472879,-1.81125998385138
3,422,4,1,221.445901,221.933195,0.480745341906046,-1.04846593906372,-2.6142654162184,-2.63864895355418,-1.10923767570952,-1.4329465370881,-1.7838700551494
3,423,4,1,221.969686,222.456981,0.497724474052336,-1.36469111104061,-2.82360747764027,-2.63351586562202,-0.878235657931236,-1.32696865235204,-1.80219995495557
3,424,4,1,222.492664,222.979958,0.38630309467839,-1.69297806354531,-3.05217931413608,-2.75507725969847,-1.0872058776622,-1.63143430872876,-1.80130788356816
3,425,4,1,223.020329,223.507623,0.413336578118817,-1.55780988496193,-2.73839401072534,-2.53332959959759,-1.03976890504697,-1.67509420409596,-1.6782062227198
3,426,4,1,223.545005,224.0323,0.422009162843618,-1.45776738391565,-2.71742933677957,-2.68682730668242,-1.01975353998782,-1.79972631443445,-1.6351214316066
3,427,4,1,224.075086,224.56238,0.42090609270403,-1.73113298538622,-2.70490006611992,-2.35494134731951,-0.972808993530775,-1.76812099646172,-1.59388911325328
3,428,4,1,224.602138,225.089432,0.436221754439372,-1.30830736405926,-2.65729288913467,-2.22717775501435,-1.05508754575227,-1.70922225421671,-1.68002687970331
3,429,4,1,225.128596,225.61589,0.383027718343675,-1.38407862586582,-2.82429385044581,-2.66825146296437,-1.21618049305982,-1.69210079229857,-1.74228730610305
3,430,4,1,225.653162,226.140456,0.37757630234674,-1.41058720346636,-2.29207071925191,-2.34226148827164,-1.2295131666076,-1.71168395708327,-1.84093380338503
3,431,4,1,226.178807,226.666102,0.35155102931486,-1.55417796082877,-2.7919955676869,-2.84729581770732,-1.2522750387257,-1.61864492575453,-1.99778676355136
3,432,4,1,226.702459,227.189754,0.510165744854243,-1.29107002212848,-2.23336475708278,-1.17737718206344,-1.02286812451956,-1.69823430795871,-1.70459072522328
3,433,4,1,227.229829,227.717123,0.513848321474832,-1.09528586179856,-1.47265661603622,-2.17675919553751,-1.06709460941061,-1.43819250807968,-1.74929777770597
3,434,4,1,227.752648,228.239942,0.503627279493343,-0.836817947414778,-1.78414235654527,-2.22150817185616,-1.43254452853879,-1.45357742632029,-2.01673849127281
3,435,4,1,228.278711,228.766005,0.427064373023535,-1.44839308216249,-2.49494670613848,-2.23486009759524,-0.98725077049358,-2.23844287644559,-1.60161102802272
3,436,4,1,228.801752,229.289046,0.519481935271907,-1.01499511189466,-1.45291875069642,-2.48363656286255,-1.08797522475083,-1.46561740786019,-1.83224765828796
3,437,4,1,229.333279,229.820573,0.521666278809174,-1.03724725876889,-1.7179332517643,-2.48150032595321,-1.01067152505052,-1.42613860082346,-1.70150234332314
3,438,4,1,229.859669,230.346964,0.446281485733823,-1.22175417793796,-2.0227160096449,-2.50004458527881,-1.06794480543911,-1.67633053488618,-1.80085742002834
3,439,4,1,230.383792,230.871086,0.623379094866738,-0.604757119931457,-1.38308279987461,-2.20570397160937,-1.2869690164963,-1.679229339994,-1.83184514295775
3,440,4,1,230.908795,231.396089,0.409626390878807,-1.85369528960859,-2.72737890276341,-2.87650369997316,-0.952171404354078,-1.99277021813253,-1.61141741737423
3,441,4,1,231.439864,231.927159,0.529915296898555,-1.08336950062287,-2.07861409317812,-2.66271917188519,-0.863707797384157,-1.56049842360705,-1.74381670630685
3,442,4,1,231.969533,232.456827,0.459653949476442,-1.1739065534516,-1.89189760772819,-2.50825607546369,-1.04874294683727,-1.77321082165498,-1.76276639498398
3,443,4,1,232.502183,232.989477,0.442858311845735,-1.19413067309967,-1.98630035229141,-2.53428080436551,-1.0733942427223,-1.8530339012646,-1.79344167836073
3,444,4,1,233.029131,233.516426,0.416853387172095,-1.53449793109649,-2.6239402822583,-2.40837998700164,-1.03018750933353,-1.65386439937912,-1.71627603792602
3,445,4,1,233.558479,234.045773,0.457269691938676,-0.981088101500344,-2.46305868110306,-2.91119996392223,-1.30180783652643,-1.4513226314069,-2.01022768334706
3,446,4,1,234.084332,234.571626,0.547210293566777,-0.700398838944949,-2.76875724686485,-2.60579600707589,-1.32106569272461,-1.46200627318066,-2.00723022683265
3,447,4,1,234.616765,235.104059,0.55086533077521,-0.770121362669722,-2.46898187475704,-2.44650276788083,-1.05965857954049,-1.67192371479708,-1.88034742994606
3,448,4,1,235.141693,235.628987,0.431467285508042,-1.50729596087487,-2.57350246807477,-2.79519608603022,-0.992776411662382,-1.53640923625491,-1.85613434323541
3,449,4,1,235.668508,236.155802,0.463696801549465,-1.18755892328796,-2.48282834491773,-2.83284305925629,-0.988261320858183,-1.70244940193545,-1.75413131380392
3,450,4,1,236.191672,236.678966,0.53647088293065,-0.908589730066089,-2.43093027353783,-2.56417672912598,-0.965979299526707,-1.50412440197468,-1.86528544015164
3,451,4,1,236.719458,237.206752,0.458083709110307,-1.56465342456561,-2.24864173457309,-2.49431876445365,-0.903663736388747,-1.78019338113706,-1.55464725459355
3,452,4,1,237.244897,237.732191,0.60186094891805,-0.79732718780791,-1.23032020322632,-2.0866116110075,-1.07643270265656,-1.51512503260282,-1.80977480941661
3,453,4,1,237.771994,238.259288,0.476990603658244,-1.67581320899644,-2.39289981396653,-2.76611933234496,-0.827575198548497,-1.84506216749162,-1.49101024073048
3,454,4,1,238.302029,238.789323,0.476940427979467,-1.63051890748892,-2.64944688535865,-2.65329387958483,-0.838573843518955,-1.77189548534961,-1.49358724543065
3,455,4,1,238.82816,239.315454,0.43728735782466,-1.39108043940825,-2.69596279681327,-2.856296559172,-0.99309756460839,-1.76897925412314,-1.6495598413106
3,456,4,1,239.35417,239.841464,0.44282453889333,-1.36648361333195,-2.60864840598913,-2.75867219907594,-0.985192290255987,-1.70811211833961,-1.67303668413325
3,457,4,1,239.881618,240.368912,0.421682261129583,-1.33672730953815,-2.83500358883552,-2.18913999322733,-1.07653799477028,-1.79133199280628,-1.71161674155235
3,458,4,1,240.409205,240.8965,0.425789377787186,-1.32116160446965,-2.99690318275977,-2.38694089347521,-1.03775035259919,-2.01054115558226,-1.64193881174901
3,459,4,1,240.934173,241.421467,0.370471086847361,-1.73280353913387,-2.99074832227237,-2.91968841130787,-1.17550276026653,-1.40273564832834,-2.12967884834002
3,460,4,1,241.46388,241.951174,0.42779485979277,-1.79640099980026,-2.89341677058545,-2.52802876155962,-0.979656126139323,-1.46815264830365,-1.7654554142908
3,461,4,1,241.986996,242.474291,0.362525638346561,-1.51800982478652,-2.63533762615166,-2.7600564131502,-1.1896845537112,-1.78992094919222,-1.89952121924382
3,462,4,1,242.512321,242.999615,0.418533953065955,-1.75684160567053,-2.77067565387043,-2.76183487008089,-0.95902090858401,-1.73006033733544,-1.64683063914964
3,463,4,1,243.037153,243.524447,0.383387665186691,-1.74840516311767,-2.90738031527773,-2.45044329771319,-1.08751965166694,-1.66666259743541,-1.77177096853169
3,464,4,1,243.561328,244.048622,0.481676470279691,-1.41734837735216,-2.72432553786003,-2.38446800955627,-0.891930727717154,-1.45894324538949,-1.6923630893778
3,465,4,1,244.088645,244.575939,0.551112834094009,-1.31235173384574,-2.67701847082423,-2.39872488325107,-0.752018689975889,-1.42315109692232,-1.51317614003626
3,466,4,1,244.615171,245.102465,0.38821347526433,-1.36974869996184,-2.73863035203223,-2.76121239741628,-1.16437208002344,-1.64148765649973,-2.0095021281842
3,467,4,1,245.139556,245.62685,0.540911894808683,-1.44387903546739,-2.15527549480844,-1.71766510774034,-0.774701428608623,-1.53257059805308,-1.53902472651452
3,468,4,1,245.665993,246.153287,0.448605908928297,-1.50527715375377,-3.02595404388021,-2.62724250888504,-0.925165189611942,-1.76610027286757,-1.58692299410045
3,469,4,1,246.190062,246.677356,0.424614829110916,-1.65367669337787,-2.80261023262208,-2.64630766738339,-0.971349258296905,-1.70069399504073,-1.64078902916894
3,470,4,1,246.712692,247.199987,0.437819278122305,-1.45755954602355,-2.49943410711163,-2.91798032451981,-1.0072562383641,-1.440884954005,-1.88309209016123
3,471,4,1,247.238682,247.725976,0.352181854675247,-1.77199948935155,-2.95649159979775,-2.72919066149702,-1.19526517322659,-1.61509706971551,-1.89234296713601
3,472,4,1,247.763717,248.251011,0.438748720277004,-1.70679712831242,-2.72255611589412,-1.51682529574455,-1.00992025377931,-1.67761372971445,-1.73090972897113
3,473,4,1,248.296517,248.783811,0.40589422092702,-1.52551499443317,-2.94073786013415,-2.61380974429131,-1.04565652348559,-1.74533043291514,-1.71596868310415
3,474,4,1,248.820091,249.307385,0.443057640077331,-1.28352890979323,-3.10590992100501,-2.75430885467021,-1.01247579643265,-1.68463627833866,-1.69606473699253
3,475,4,1,249.34994,249.837234,0.413487468623594,-1.65874468118778,-2.81821748230025,-2.57063442679504,-0.998689225140401,-1.7762163779351,-1.6458165109448
3,481,1,2,252.500001,252.987295,0.380612581785171,-1.81206409751254,-2.96846409644439,-2.42096459107595,-1.15709191264207,-1.38968990068752,-1.94467614581926
3,482,1,2,253.022982,253.510276,0.377724562068854,-1.42446720846413,-2.76093674856889,-2.32834104277494,-1.19109115889306,-1.79522651010537,-1.80991906852101
3,483,1,2,253.549233,254.036527,0.406647456039566,-1.68439830739639,-2.90826151962547,-1.84873534376562,-1.0532887589065,-1.70982844440571,-1.74498270195483
3,484,1,2,254.072533,254.559828,0.385951518917366,-1.64163346226583,-2.79657882222425,-2.56744104376085,-1.14429375234275,-1.47001846961766,-1.85292105865934
3,485,1,2,254.598023,255.085317,0.336726329585383,-1.87891382496608,-2.65003911248011,-2.6842229533405,-1.17178389921156,-2.00590034930066,-1.79094703422717
3,486,1,2,255.121856,255.60915,0.325703786566539,-1.54698019799223,-2.82233097380983,-2.90388514677339,-1.44374489377302,-1.54884546840471,-2.04228547256839
3,487,1,2,255.647606,256.134901,0.416067395069564,-1.6187485284742,-2.93055086449385,-2.37121972876293,-1.05096440418611,-1.43953159914214,-1.79362943477551
3,488,1,2,256.174641,256.661935,0.414047572506635,-1.37671412040779,-2.73763125949968,-2.71852438448449,-1.15681722593816,-1.37016576589476,-1.92785795554477
3,489,1,2,256.698185,257.185479,0.450206838060656,-1.84639024992239,-2.90541590359299,-2.52706646927174,-0.914261091690088,-1.42200624679014,-1.64518446575382
3,490,1,2,257.222722,257.710017,0.431714002132127,-1.41111361207261,-2.79488523071582,-2.14617194084648,-1.063074613966,-1.49337093724009,-1.72826618439951
3,491,1,2,257.750803,258.238097,0.408287353179634,-1.67714866825276,-2.73612282667114,-1.6798888733386,-1.1112691627695,-1.60240029242439,-1.75290180662063
3,492,1,2,258.276804,258.764098,0.350167420913951,-1.63834618554525,-2.83638196019403,-2.6486568317779,-1.344706306419,-1.43073666423346,-1.9194939224132
3,493,1,2,258.805587,259.292881,0.365885335220884,-1.42381206157527,-2.88203178688952,-2.33889964694234,-1.18440301817341,-1.96947541864602,-1.92956581944619
3,494,1,2,259.330661,259.817955,0.340594895545605,-1.4142548420642,-2.83209416716704,-2.81536225798121,-1.27982367491422,-2.27208998438319,-1.89477309498076
3,495,1,2,259.866401,260.353695,0.411954363857006,-1.60217501179361,-2.95645632742208,-2.46935562211477,-1.05291495882749,-1.48569591959835,-1.82229696797057
3,496,1,2,260.391747,260.879041,0.444018733365901,-1.38341570443336,-2.46334251167737,-2.66162759139612,-1.04815958216963,-1.39918971096204,-1.78148568795854
3,497,1,2,260.917866,261.405161,0.451422449543191,-1.43595099178843,-2.78391264969705,-2.24920463124086,-1.00598743013593,-1.38953890021907,-1.78252544153539
3,498,1,2,261.44311,261.930405,0.408257757743211,-1.4884508864467,-2.50154876043474,-2.34897714717758,-1.05766611096915,-1.76391371338669,-1.73698167556971
3,499,1,2,261.970885,262.458179,0.39894887130472,-1.33871943206821,-2.76182014365828,-2.79867540676511,-1.16422675306662,-1.72628214009362,-1.72808229012325
3,500,1,2,262.497134,262.984429,0.489269984173691,-1.67548082468386,-2.37112063517875,-2.38998616223126,-0.815315675569184,-1.57556218962107,-1.58455208013324
3,501,1,2,263.025518,263.512812,0.535520481959721,-1.62462977070004,-2.91013392445477,-2.64466560795471,-0.722148193029579,-1.42274760494038,-1.57454075735974
3,502,1,2,263.548544,264.035838,0.490835560539848,-1.45963101642267,-2.6814017816272,-2.5955129795079,-0.865174376118729,-1.40865214829624,-1.67038329863884
3,503,1,2,264.075186,264.56248,0.29341212741284,-1.668678373157,-2.75256760373501,-2.66202717518524,-1.41323746933434,-1.95367222302559,-2.21007331223814
3,504,1,2,264.599462,265.086756,0.400619452894252,-1.24805511628142,-2.65858924030707,-2.721812065843,-1.15245856490916,-1.91184226989813,-1.9204282363216
3,505,1,2,265.133199,265.620493,0.382175509590669,-1.32185403680744,-2.64554155568722,-2.59813701694008,-1.18895915911768,-2.04608567900307,-1.81772375038396
3,506,1,2,265.657898,266.145193,0.425979057893911,-1.44764219150098,-2.59812383969091,-2.47892950434031,-0.994906125933787,-1.95507538932572,-1.62607764830003
3,507,1,2,266.181653,266.668947,0.440126338990126,-1.76972557382626,-2.70062347385715,-3.03312472137441,-0.92943094082815,-1.54342318760421,-1.61698767943279
3,508,1,2,266.704416,267.19171,0.384910563368101,-1.5490534229643,-3.01015179129541,-2.83001964686242,-1.1622765058315,-1.37678032403171,-2.36169962348334
3,509,1,2,267.228698,267.715992,0.509613066679628,-1.40698438482553,-2.50840807134113,-2.48341311228526,-0.832394499570226,-1.38741273696053,-1.64464513092648
3,510,1,2,267.754576,268.24187,0.430936153216618,-1.34395141814207,-2.65346495342006,-2.40496901926565,-1.08385689463994,-1.40093966119068,-2.07798997546401
3,511,1,2,268.282508,268.769802,0.411515927873848,-1.51405962333664,-2.91970127573069,-2.55799195404693,-1.06634887652389,-1.45469691511169,-1.98776438888846
3,512,1,2,268.807319,269.294613,0.499578703651437,-1.17700380882154,-2.54748551153242,-2.4617626037094,-0.949834237299225,-1.39332181190865,-1.75254312499332
3,513,1,2,269.333992,269.821286,0.346818997923603,-1.86367119433101,-3.06824825987247,-2.80216779481718,-1.16793678475828,-1.67356468637538,-1.93371415739748
3,514,1,2,269.857683,270.344978,0.320841149610172,-1.47484640823081,-2.56959373112357,-2.56992135692449,-1.37257452347822,-2.32973735697934,-1.89436223280979
3,515,1,2,270.384466,270.87176,0.490834840493441,-0.945162868050676,-2.19068246564609,-2.15170221585545,-1.161562471477,-1.56130862797814,-1.85299744662433
3,516,1,2,270.913612,271.400906,0.467173651969348,-1.1399280846006,-2.38841781469947,-2.72341113505881,-1.02816310566208,-1.54498949256437,-1.84560164491688
3,517,1,2,271.445536,271.93283,0.429659466870523,-1.3186038738507,-2.80785646116429,-2.95149566327843,-1.08474083500141,-1.46693064108359,-1.88967867029903
3,518,1,2,271.972596,272.45989,0.3343946600123,-1.39043933682765,-2.76151146010023,-2.87925571519107,-1.3196373279286,-2.01975780910347,-2.24954635009358
3,519,1,2,272.496045,272.983339,0.425327818699777,-1.03565289958524,-2.76016744705814,-2.72680643575895,-1.20108287005732,-1.90321091313225,-2.22103285485281
3,520,1,2,273.026296,273.51359,0.55932190494901,-0.726079843712588,-1.95897807310136,-2.16444939556735,-1.10362438411115,-2.46357692793477,-1.71141995770946
3,521,1,2,273.556395,274.04369,0.43018010694073,-1.46626947383884,-2.54887538147803,-2.13977092458113,-1.0461505158579,-1.58248455819708,-1.69371098121615
3,522,1,2,274.079845,274.567139,0.464408059144601,-1.55087312120552,-2.92074872952483,-2.95116946746627,-0.931345574617116,-1.34033667135488,-1.77650153731275
3,523,1,2,274.605837,275.093131,0.458371694279008,-1.36776196072096,-2.70960626162178,-2.52308480578727,-0.970094226739171,-1.460480163631,-1.83523343047059
3,524,1,2,275.130925,275.618219,0.503872703247604,-1.46653278877482,-2.61456874862917,-2.37090930700293,-0.835788125883772,-1.40889020263156,-1.63887645411073
3,525,1,2,275.657631,276.144925,0.445895516079822,-1.4722333289964,-2.84147085495978,-2.37425060817231,-0.947205543690744,-1.78412464420128,-1.60941595781193
3,526,1,2,276.182559,276.669853,0.471248435632406,-1.49538986646444,-2.34055210720503,-1.80043012358617,-0.901765865065957,-1.89424686926984,-1.57900822573628
3,527,1,2,276.70746,277.194754,0.46086837750791,-1.37273755862077,-2.71597395589374,-2.59022374187349,-1.01047648093003,-1.31152066975946,-1.8665775909345
3,528,1,2,277.229795,277.717089,0.507213351970649,-1.1108204003422,-2.75422379162177,-2.44465821888591,-0.928719975521902,-1.51438201149855,-1.7059045793409
3,529,1,2,277.754713,278.242008,0.43201659188902,-1.01798216182942,-2.27103723429157,-2.37279120928992,-1.2585291279418,-2.35486195394702,-1.83563032773813
3,530,1,2,278.28106,278.768354,0.492302021801184,-0.965573327628121,-2.29250113593796,-2.5476872673284,-1.02662377219502,-2.08904431220131,-1.72161735017954
3,531,1,2,278.805108,279.292402,0.493749897655405,-1.06192724895822,-2.67342448118875,-2.71064893526653,-1.04612801763504,-1.35328713571671,-1.83000112711072
3,532,1,2,279.330054,279.817348,0.369876426266091,-1.5388531703703,-2.62069114367594,-2.72937762885102,-1.12185913868833,-2.08611154054342,-1.78663951191564
3,533,1,2,279.856332,280.343627,0.427199337339469,-1.41619234910571,-2.6433766197322,-2.75828626755219,-1.00520648759345,-1.90232842402639,-1.62339035190882
3,534,1,2,280.379494,280.866788,0.419987730363781,-1.26256542443186,-2.37983926585854,-2.76750272178706,-1.17092776525762,-1.5774147718689,-1.75824775191832
3,535,1,2,280.905647,281.392942,0.488545975162585,-1.06727033766855,-2.06884212317171,-2.52308414228697,-1.0232916471402,-1.75435791041436,-1.60206942165437
3,536,1,2,281.43037,281.917664,0.497116633207126,-1.20512009918,-2.28990706863975,-1.5256251812919,-0.981340778881689,-1.65302776889208,-1.74167093223652
3,537,1,2,281.956909,282.444203,0.4694819236619,-1.42304253275597,-2.65009264135355,-2.11200267019992,-0.916804178598251,-1.66522768888072,-1.62289218997128
3,538,1,2,282.482162,282.969456,0.461240118744542,-1.66575267412773,-2.80753360229674,-1.69668041212613,-0.91989741513774,-1.68502388329954,-1.61188192937037
3,539,1,2,283.006488,283.493782,0.419735997554344,-1.69814986156026,-2.77300254162076,-2.57900550562361,-0.979080032932615,-1.65360422697264,-1.68490856434992
3,540,1,2,283.531821,284.019115,0.400576358824909,-1.20776137349538,-2.72695535019172,-2.46935156544469,-1.26121079069014,-1.69744335353105,-1.8451495639362
3,541,1,2,284.058364,284.545659,0.412761350085741,-1.3221896453617,-2.1288234012857,-2.54844572268839,-1.21189452567357,-1.4609060440113,-1.91388224988291
3,542,1,2,284.583803,285.071097,0.489699525833979,-1.48189405617517,-2.60847960335448,-2.54635999713571,-0.888990278858865,-1.32651486808576,-1.71618148637487
3,543,1,2,285.11228,285.599574,0.474047293509987,-1.8355621780319,-2.76779505452727,-2.35563768944071,-0.825797771656291,-1.73220844471606,-1.47562711313555
3,544,1,2,285.636311,286.123605,0.285656805697928,-1.70688898651076,-2.82390120944648,-2.8613056364242,-1.39736207939352,-2.09651850914134,-2.07600233759668
3,545,1,2,286.163768,286.651062,0.431994525560486,-1.32948291209618,-2.8595570595964,-2.85636822261111,-1.11299112089924,-1.35766319466743,-1.9472570286145
3,546,1,2,286.690146,287.17744,0.390517340389486,-1.04484180342627,-2.43321920583395,-2.80327293280343,-1.43619828652587,-1.92541702333008,-2.3157865949672
3,547,1,2,287.21607,287.703364,0.321177930264023,-1.75568495921783,-2.6897740691395,-2.78448506122888,-1.2735821894424,-1.77758736684101,-2.03822527068853
3,548,1,2,287.746259,288.233553,0.369654619331856,-1.50363186328021,-2.69164902679442,-2.95579039455472,-1.18044010173606,-1.77117895448319,-1.7560818671808
3,549,1,2,288.276658,288.763952,0.390709632283016,-1.28492128709037,-2.59747717451068,-2.85213081859806,-1.26958309062886,-1.45008834655422,-2.339480091995
3,550,1,2,288.800013,289.287308,0.386742560503074,-1.43370984653983,-2.76588254575207,-2.77243304052951,-1.25112615962258,-1.42286377437665,-2.00628421455094
3,551,1,2,289.326128,289.813422,0.403363770465126,-1.53407860031688,-2.60526644641062,-2.50397046081157,-1.05897817770209,-1.65180896194532,-1.86600228468486
3,552,1,2,289.85079,290.338084,0.407310513549583,-1.6884296937567,-2.79179457007878,-2.61283665243047,-1.01793297431019,-1.62345528849967,-1.77814404184858
3,553,1,2,290.375526,290.86282,0.391119009912557,-1.71794456788647,-2.71351502725034,-2.56234459081409,-1.07199479985237,-1.65878279865941,-1.72622303632944
3,554,1,2,290.9013,291.388594,0.438103056558855,-1.28801491014455,-2.53564515660975,-2.00358642006468,-1.07371941017711,-1.66658403604154,-1.78601991719033
3,555,1,2,291.424536,291.91183,0.437170119461222,-1.02413172608355,-2.69404966909139,-2.71262173131543,-1.2430704732084,-1.69478935228416,-1.92727937177388
3,556,1,2,291.948981,292.436275,0.356650064717705,-1.49092613286438,-2.79764445944188,-2.70250090071156,-1.25290738275495,-1.60199098455335,-2.23362853287143
3,557,1,2,292.480871,292.968166,0.471310818188216,-1.28546236482127,-2.755031994119,-1.84263748845678,-0.982459264330031,-1.57528402541704,-1.71482589645588
3,558,1,2,293.007365,293.494659,0.499133866649592,-1.50466698526576,-2.13925649338745,-2.57553302567374,-0.843429391717053,-1.48295196728467,-1.55987449405017
3,559,1,2,293.542685,294.029979,0.514476921914025,-1.47918961104608,-2.74036553379749,-2.36096644330066,-0.795276020048348,-1.51493436286956,-1.52131286828963
3,560,1,2,294.075994,294.563289,0.265082852231341,-1.76266569164907,-2.92389291233213,-2.7791196820044,-1.59339540861581,-1.93068278375684,-2.04451088667999
3,561,1,2,294.600497,295.087792,0.392049872197038,-1.61277242256271,-2.97726393548186,-2.52113888507051,-1.03514357125364,-2.12177015194197,-1.64796405462602
3,562,1,2,295.125567,295.612862,0.387683433775454,-1.93061108782428,-2.99001173338146,-2.23529743367725,-1.02210943415979,-1.83720803217133,-1.69805690876513
3,563,1,2,295.651187,296.138481,0.477085810389427,-1.55499327880572,-3.05029877653844,-2.73096856964548,-0.887224294309123,-1.38850449289632,-1.66089473754364
3,564,1,2,296.176378,296.663673,0.4599864113109,-1.46979511073628,-3.07856664260453,-2.67518897837881,-0.941391725974682,-1.38721612301463,-1.80373393355377
3,565,1,2,296.70344,297.190734,0.483915219103731,-1.60690796956059,-2.58689318035309,-1.62487400386856,-0.904420333613264,-1.43662217704298,-1.75114771349359
3,566,1,2,297.228751,297.716045,0.381414317262244,-1.71830524963972,-2.89407628487509,-2.59383501749787,-1.10085753996144,-1.77059356304208,-1.68640682455846
3,567,1,2,297.753586,298.24088,0.415107338076445,-1.6668697275511,-2.93360473407219,-2.76861687019852,-1.01595288183816,-1.63923165871691,-1.66589802901122
3,568,1,2,298.279987,298.767281,0.336657493352465,-1.51571634320623,-2.90973689362972,-2.68747983881901,-1.27627300979538,-2.01212665002693,-1.89947794684587
3,569,1,2,298.809774,299.297069,0.397196079434172,-1.7349336812122,-2.67197676301992,-2.59170354443356,-1.07846880914545,-1.43546551153875,-2.00225193064133
3,570,1,2,299.341362,299.828657,0.497082471829096,-1.77932277814623,-2.92776503301898,-2.66864448621304,-0.777641042510241,-1.60547880856419,-1.49075042798467
3,571,1,2,299.866802,300.354096,0.48729370768849,-1.59730992473983,-2.81343402453518,-2.9683430927441,-0.815398937120436,-1.64662664242757,-1.53943678438649
3,572,1,2,300.389668,300.876962,0.445876890927635,-1.53377204905831,-2.96690729819983,-2.41553290195205,-0.932070015268352,-1.72932686171598,-1.61077655008016
3,573,1,2,300.91487,301.402164,0.444737127941307,-1.31801595407744,-2.62601717065789,-2.5246027632504,-0.994589691465868,-1.72656860755719,-1.68967029066264
3,574,1,2,301.446278,301.933572,0.358579094145508,-1.54881875382397,-2.83726841168032,-2.8130877569144,-1.25911447837525,-1.52483178810711,-2.14833484522996
3,575,1,2,301.971283,302.458577,0.533079519793668,-1.18139195517167,-2.48304152827775,-2.3436924021974,-0.80085847740823,-1.67726318062281,-1.57840709440088
3,576,1,2,302.495382,302.982676,0.479055736542893,-0.859067885961651,-2.45634014207146,-2.35166827295226,-1.63422019026023,-1.32509257817258,-2.09819048691448
3,577,1,2,303.018581,303.505875,0.426615097647939,-1.47131558840344,-2.65917387919716,-2.79336022164577,-0.97839859461037,-2.15606342044986,-1.59004774104097
3,578,1,2,303.545461,304.032756,0.439941558636953,-1.2439249861613,-2.53031281784599,-2.70702484775599,-1.13043241185803,-1.36333064179431,-1.98773150504621
3,579,1,2,304.072168,304.559462,0.469503765554761,-1.09139110220668,-2.7585937066145,-1.98014558734634,-1.06204221749865,-1.6304290646393,-1.92929547721056
3,580,1,2,304.595407,305.082701,0.427373518369359,-1.17017310083664,-2.75516300515761,-2.65007746178476,-1.1926626258373,-1.40530307762919,-2.31882232559967
3,581,1,2,305.120996,305.60829,0.48909803036524,-1.28008343401707,-2.86507404932775,-2.59435495400917,-0.916100267137163,-1.40456141081416,-1.7299323816292
3,582,1,2,305.649397,306.136691,0.276246809077281,-1.76221831941206,-3.05049756969569,-2.97143800755943,-1.47184222725204,-1.82960013222306,-2.25715330302105
3,583,1,2,306.175817,306.663112,0.44742092315715,-1.64541649373758,-2.85030802174073,-2.73553677463452,-0.925458609040825,-1.52109078388661,-1.6597270217101
3,584,1,2,306.70886,307.196155,0.444094563471102,-1.59855428549234,-3.12015122395266,-2.75898620432287,-0.936915562875357,-1.53356769857509,-1.67446206720212
3,585,1,2,307.232936,307.72023,0.398351303485621,-1.90836321939404,-2.85481681960299,-2.91861872620449,-0.986040628353877,-1.97199124327451,-1.61136799306405
3,586,1,2,307.757235,308.244529,0.404221717431071,-1.63717974610406,-2.85374968121361,-2.06188137978441,-1.0284268478207,-2.07436334559788,-1.62795920461323
3,587,1,2,308.288123,308.775417,0.447050948584549,-1.4566002189797,-2.75053300195152,-2.41636101519504,-0.984930128218454,-1.54367693571237,-1.66183538191065
3,588,1,2,308.811698,309.298992,0.417958255372206,-1.35336121611551,-2.69252061529024,-2.67791194192665,-1.20787814767617,-1.28163821228796,-2.02431360993109
3,589,1,2,309.339446,309.82674,0.429621758443662,-1.12239181313936,-2.35783720593633,-1.81099229028359,-1.19544420493636,-2.14649529477604,-1.83362016204014
3,590,1,2,309.864824,310.352118,0.463875176036614,-0.905584190461145,-2.49393623012251,-2.25844947514677,-1.25454250293791,-2.38903939039581,-1.7552969152399
3,591,1,2,310.390261,310.877555,0.431955666855872,-1.93056948542532,-2.64122064268622,-2.81401728727069,-0.917896742397338,-1.76373054178902,-1.53148954045125
3,592,1,2,310.915994,311.403289,0.483746983965849,-0.969368255340355,-2.53428793579616,-2.60297434452088,-1.16952938986681,-1.5141504704481,-1.74691785906648
3,593,1,2,311.440665,311.927959,0.419624655094677,-1.23515414958385,-2.49941197079958,-2.6886762131127,-1.17812569928566,-1.45875224303437,-2.19728356896325
3,595,2,2,312.494041,312.981335,0.410539600576774,-1.48939987271651,-2.77799335416853,-2.807436260644,-1.05975966123658,-1.62953189487912,-1.78533573380313
3,596,2,2,313.016829,313.504123,0.402431462327387,-1.56045121350772,-2.63725332550227,-2.42644828567232,-1.04665261331864,-1.81277399476097,-1.7011583617574
3,597,2,2,313.543774,314.031068,0.411530027762717,-1.37939019343004,-2.81985054276793,-2.85414776048063,-1.1104747756722,-1.4746639564604,-1.99248178618118
3,598,2,2,314.068259,314.555553,0.35209312965609,-1.4219129016847,-2.58307527541513,-2.70382001410756,-1.41311735552417,-1.47916216045388,-2.24328845961235
3,599,2,2,314.592291,315.079585,0.48598782319486,-1.17847875979625,-2.91863777979156,-2.72679463678701,-0.971907356251967,-1.35053072915276,-1.9179971666727
3,600,2,2,315.114924,315.602218,0.327769801387995,-1.46519551484095,-2.76022763199202,-3.03586297637049,-1.39422820516615,-2.03837236091019,-1.7951384458715
3,601,2,2,315.642653,316.129948,0.443514557211813,-1.42024721996197,-2.85860337369367,-2.823096761272,-0.969415922534738,-1.5876850600673,-1.74704856973934
3,602,2,2,316.167732,316.655026,0.580405245335892,-0.696444627682059,-2.66807982237134,-2.76634832474049,-1.12372436748873,-1.35465480724335,-2.09622580349575
3,603,2,2,316.698161,317.185455,0.477373823924841,-0.772246143380074,-2.21500673977679,-2.40071295884292,-1.65496678150999,-1.80693066362632,-2.19689587788341
3,604,2,2,317.222727,317.710021,0.51946512801687,-0.755199232849097,-2.39736729263611,-2.58365202678059,-1.45365291019645,-1.4709705889598,-1.91738383011067
3,605,2,2,317.751632,318.238926,0.544856812421567,-1.34538880031401,-2.90970815833216,-2.70558812755807,-0.76024407210152,-1.38835097547118,-1.53755418770025
3,606,2,2,318.274731,318.762026,0.404655955339274,-1.19628010757451,-2.56447174687607,-2.68067857185934,-1.31370727490145,-1.47582767940445,-2.05611420395402
3,607,2,2,318.800535,319.28783,0.400155834372056,-1.49179779300611,-2.86547582119467,-2.59894939444029,-1.12568389353634,-1.54305973919995,-1.78063513714915
3,608,2,2,319.332562,319.819856,0.333857097550409,-1.77687952634769,-2.78287847580619,-2.72398438648123,-1.20936858464981,-1.89066877679563,-1.90437411825182
3,609,2,2,319.860715,320.348009,0.411260411877363,-1.41105964136949,-2.72242953755365,-2.32994266849375,-1.0966942956312,-1.64511097284163,-1.75735070410716
3,610,2,2,320.384566,320.871861,0.432791161430766,-1.37299186602269,-2.63892640895856,-2.49807634941469,-1.06432966109753,-1.54595444837861,-1.6989590606784
3,611,2,2,320.907629,321.394924,0.426811140938388,-1.51085298999233,-2.61541337416016,-2.89865956606543,-1.02245834189991,-1.58118897366931,-1.65295676948538
3,612,2,2,321.43853,321.925824,0.440004554201054,-1.64610271717723,-2.69164860113787,-2.99349225048268,-0.920342705645748,-1.66276081737299,-1.66538882914752
3,613,2,2,321.961882,322.449176,0.507305877130602,-1.51999489401626,-3.03378455394339,-2.47115221292705,-0.785375812868929,-1.61216948453246,-1.51929931125714
3,614,2,2,322.487156,322.974451,0.361211444451258,-1.38094014319419,-2.80575161918193,-2.77172945381134,-1.26132976595739,-1.79113452050972,-2.01037899771481
3,615,2,2,323.011272,323.498566,0.412239204717751,-1.33776930917943,-2.84137393967501,-2.78023971554257,-1.08760152758262,-1.87022924393777,-1.71565710405798
3,616,2,2,323.533629,324.020923,0.349597946901462,-1.39533849316744,-2.6940949578791,-2.66163835685081,-1.283908566115,-2.1406732299347,-1.89292826598236
3,617,2,2,324.060381,324.547675,0.419260697044435,-1.17447581043204,-2.74829362997249,-2.40673694557743,-1.14483347883592,-1.72160882946108,-2.09340181247181
3,618,2,2,324.586054,325.073348,0.453435491822898,-1.41524018222133,-2.71721992071803,-2.72638107247118,-0.934932243958628,-1.4931246922136,-1.92863533039752
3,619,2,2,325.111617,325.598912,0.536974277228557,-1.07052072301337,-2.69924254474586,-2.26785711623366,-0.862184821045735,-1.55349919498402,-1.57066051924556
3,620,2,2,325.63542,326.122715,0.518575319564156,-1.34666552106152,-2.61839357666524,-1.86448918634643,-0.792408070553262,-1.98730884626951,-1.53070965791841
3,621,2,2,326.15936,326.646655,0.414507298730214,-1.25342355631785,-2.74895221173601,-2.9092330975058,-1.1737990773295,-1.64884107836762,-1.76153189715025
3,622,2,2,326.686947,327.174241,0.480121689822534,-0.878898481977086,-2.58717292760753,-2.6914277764958,-1.32726568039811,-1.46827350461421,-2.23936257263006
3,623,2,2,327.211946,327.69924,0.459807715441465,-1.46892642670573,-2.84833021843027,-2.93469658538664,-0.894211940501434,-1.76225311363461,-1.61479907511838
3,624,2,2,327.737898,328.225192,0.371911499134553,-1.52884556733486,-2.76451162048962,-2.8973897015027,-1.55628676671906,-1.19576815162289,-2.35723149913935
3,625,2,2,328.260847,328.748142,0.260114052936446,-1.39199352877634,-2.79184168577446,-2.97955202450074,-2.06116130776306,-2.34985743925635,-2.44313985999377
3,626,2,2,328.786755,329.27405,0.339035684520811,-1.49742585649266,-2.88625639921388,-3.09545046488673,-1.84060759876243,-1.25822511649708,-2.14340716781946
3,627,2,2,329.314048,329.801343,0.473247840545764,-1.38139470165896,-3.20286702902904,-2.91524530308605,-0.955514725660714,-1.25674204644682,-1.9475983702123
3,628,2,2,329.849868,330.337162,0.433015757645607,-1.62202328857409,-2.82690925847333,-2.36410674177811,-0.955213065160907,-1.67090139264602,-1.6602149244616
3,629,2,2,330.3745,330.861794,0.330726429658039,-1.53917724221859,-3.03370587641549,-2.76985743696669,-1.26951330808449,-1.80761570688323,-2.35355912797052
3,630,2,2,330.899642,331.386937,0.416354162429374,-1.59514543288591,-2.8271763769636,-2.82616671705309,-0.989008490686315,-1.58159609052109,-1.90585632703424
3,631,2,2,331.429638,331.916932,0.509995474377714,-1.5697478005876,-2.79033508752086,-2.85308752767467,-0.783055353011861,-1.4473857749946,-1.63637838963455
3,632,2,2,331.956532,332.443827,0.507769191881035,-1.01817585779372,-2.81270109011153,-2.50999004292016,-0.925794961057566,-2.19125068462372,-1.55574759863955
3,633,2,2,332.480891,332.968186,0.377612534465926,-1.70340838480288,-2.87071597240254,-2.40134713652617,-1.09323601090176,-1.89718082843723,-1.72462253352647
3,634,2,2,333.004728,333.492023,0.485506935833554,-1.81100073239936,-2.83522573248795,-2.54570692142927,-0.816254718211273,-1.51945529962579,-1.54772776055197
3,635,2,2,333.535636,334.02293,0.292384338368023,-1.78476235220982,-2.84480163912837,-2.84026892072558,-1.33566670210774,-2.22724478301359,-1.97395657669976
3,636,2,2,334.061707,334.549001,0.298087767125607,-1.88437676122882,-2.93821298591672,-2.74858389960708,-1.31097308797704,-2.09454971784126,-1.9078613313627
3,637,2,2,334.619108,335.106403,0.477090674816827,-1.89779930202088,-2.79072803085753,-2.50667884338208,-0.816870090618116,-1.5899305731156,-1.54272417376814
3,638,2,2,335.143323,335.630618,0.488999634071736,-1.56926215129321,-2.72547825217811,-2.21356659507104,-0.825769619110854,-1.6642430043012,-1.51826969948852
3,639,2,2,335.672544,336.159838,0.416251135216697,-1.73484776800614,-2.82204634653464,-1.94849044542921,-1.02431512794206,-1.62703847556709,-1.71669832426614
3,640,2,2,336.198787,336.686082,0.444245086197234,-1.80363215007221,-3.07250610281121,-1.72371863808294,-0.939255430639723,-1.68312188093164,-1.64883779118916
3,641,2,2,336.72306,337.210354,0.440474656498121,-1.84636248633072,-2.92803509370915,-3.00749854524711,-0.895594813510097,-1.73665240036098,-1.56280783937052
3,642,2,2,337.247936,337.73523,0.451089471520683,-1.71224103712045,-2.93190160563785,-2.49886109910596,-0.886415566412611,-1.78292884155378,-1.5552266407027
3,643,2,2,337.775757,338.263051,0.449612906915429,-1.64401110476111,-2.87601057223258,-2.85582433610774,-0.913356017866014,-1.63771987647974,-1.57877933792575
3,644,2,2,338.299594,338.786888,0.376369785122869,-1.74414784038678,-3.02940511634594,-2.80264004873699,-1.14374692597039,-1.51469481901909,-1.85317590397242
3,645,2,2,338.829704,339.316998,0.398183943825119,-1.39175986389768,-2.57906052629667,-2.84967939217737,-1.12495704023744,-1.893129156275,-1.6643336970815
3,646,2,2,339.360079,339.847374,0.436971783274405,-1.4382786460347,-2.77933324663893,-2.42283734445178,-0.971935821659854,-1.86055672432948,-1.59430809680181
3,647,2,2,339.895884,340.383178,0.390967830936931,-1.76440473735477,-2.89365802432382,-2.56915065074601,-1.02772821607559,-1.89358814579352,-1.67768269454619
3,648,2,2,340.423556,340.91085,0.38513642813505,-1.59258556963251,-3.03093436310448,-2.80260763255167,-1.11717364802461,-1.54841450998404,-1.90787850626516
3,649,2,2,340.945627,341.432921,0.321998839756779,-1.75539438924078,-2.98275701208347,-2.47770739208042,-1.29466114678001,-1.78975601725805,-1.94663579592177
3,650,2,2,341.469109,341.956403,0.405143801257425,-1.43306524672504,-3.04780361926493,-2.77419225278109,-1.08351589608388,-1.56714451428317,-1.90709360075863
3,651,2,2,341.996049,342.483344,0.494959522970635,-1.24109764077699,-2.39877104200731,-2.61506991646173,-0.896036320444174,-1.67441807073383,-1.54885473748297
3,652,2,2,342.518074,343.005369,0.469101772495658,-1.45880105539504,-2.83693671380449,-1.79003304202554,-0.952903206143284,-1.48323108050936,-1.72803430824964
3,653,2,2,343.050457,343.537751,0.450639729948128,-1.46842559101426,-2.74921552280897,-2.72943007980983,-0.948586728333956,-1.47612397252811,-1.83777070944745
3,654,2,2,343.578074,344.065369,0.562774396116916,-1.21611446638135,-2.34248434262013,-2.26054524689943,-0.75454568034299,-1.452794886006,-1.52323411945108
3,655,2,2,344.104209,344.591503,0.425043218088239,-1.67547617805905,-2.86609848077059,-1.82922542427222,-1.00227184678759,-1.66272227961245,-1.75603182523351
3,656,2,2,344.635535,345.122829,0.402410183988274,-1.75822892482314,-2.94140280249353,-2.70896439103331,-0.985783332121827,-2.18165505808701,-1.5750624473004
3,657,2,2,345.160734,345.648028,0.468150092857907,-1.38766749816625,-2.92319733581471,-2.69078756326823,-0.899263372328326,-1.69882160662843,-1.60446849210771
3,658,2,2,345.68992,346.177214,0.404726003164659,-1.66281222220936,-2.78966157470482,-2.55132845409339,-1.03290664878211,-1.73748703353076,-1.66668740223245
3,659,2,2,346.218553,346.705847,0.485028708464162,-1.79208922601717,-2.87706163341069,-2.74655475440712,-0.827565976430964,-1.45423362954216,-1.57956177415694
3,660,2,2,346.746421,347.233715,0.466940896742655,-1.83905867048781,-3.04678182123857,-2.85485868817395,-0.875207059204921,-1.39627517009376,-1.66841041852464
3,661,2,2,347.270403,347.757697,0.284400529242368,-2.22237400526604,-3.10033426045117,-2.98923652069224,-1.39598289066345,-1.73033862108445,-1.9723023065143
3,662,2,2,347.794588,348.281882,0.301620976183509,-1.74560294181321,-2.53539812394948,-2.816795812762,-1.41680865767542,-1.86789988666458,-1.91495416054956
3,663,2,2,348.31821,348.805504,0.37648970792529,-1.52336803857156,-2.48798811321994,-2.80350892574611,-1.1753186265883,-1.63984273466994,-1.89764018670759
3,664,2,2,348.843586,349.33088,0.408497706755077,-1.53434669573596,-2.67041177098582,-2.62052705755474,-1.09640838248752,-1.47254327291693,-1.78128697980624
3,665,2,2,349.371679,349.858974,0.409367421894249,-1.69513590678053,-3.14035402997668,-2.22702076289097,-1.01000222763271,-1.79474647137768,-1.65665907385278
3,666,2,2,349.899125,350.386419,0.469562566456041,-1.79464824506793,-3.03757652054818,-2.52706103568194,-0.84203068107723,-1.62570095208883,-1.52911436931533
3,667,2,2,350.422429,350.909723,0.435835588658884,-1.75523428661589,-3.17690345925292,-2.71018895331848,-0.944399237229883,-1.53363218142173,-1.65558241779733
3,668,2,2,350.950928,351.438222,0.271604905863511,-1.82231754310387,-2.96350545850611,-2.91230699894398,-1.45979611723847,-2.21498332839352,-1.94717569774903
3,669,2,2,351.473422,351.960716,0.386336964515521,-1.70800881150794,-2.96473704763068,-2.66779277974999,-1.05771805821166,-1.83899988937783,-1.68409501655166
3,670,2,2,351.999906,352.4872,0.427745019769922,-1.64852763524321,-2.79244301820385,-2.70109285069089,-0.951132851372501,-1.72131910718352,-1.641419118194
3,671,2,2,352.527146,353.01444,0.438432172013169,-1.64491507077367,-2.67034730957027,-2.4547453546079,-0.930031138409473,-1.73247975644795,-1.60792648454291
3,672,2,2,353.05551,353.542804,0.480622013051373,-1.39278825904463,-2.69929146292374,-2.67710923030071,-0.863290842486344,-1.77214377316559,-1.54982404421478
3,673,2,2,353.579491,354.066785,0.484424823276747,-1.45553860488753,-2.75689568929692,-2.796736252998,-0.884706994465108,-1.38605079792232,-1.69636032860785
3,674,2,2,354.102066,354.58936,0.379705841321459,-1.6013580871605,-2.90742962538705,-2.50939108631845,-1.14006960773741,-1.62686878376403,-1.82650730058048
3,675,2,2,354.628262,355.115556,0.447468872104394,-1.3584411010261,-2.76712596349974,-2.53724600654168,-0.964547078647779,-1.82070632953884,-1.61224857907169
3,676,2,2,355.153555,355.64085,0.488478037356405,-1.53800989027473,-2.08752681231126,-2.06639304943484,-0.857064818688514,-1.63292646711994,-1.57117447861176
3,677,2,2,355.675766,356.16306,0.369347646379554,-1.49590063901121,-2.69388404245007,-2.80789871779181,-1.14719184469171,-2.48314565229545,-1.6474247961098
3,678,2,2,356.199676,356.68697,0.498588210623766,-0.962402703141522,-2.51008530540822,-2.6223028251668,-1.03425921584337,-1.72068566644464,-1.76464405943757
3,679,2,2,356.7239,357.211194,0.416284135444513,-1.26248112319654,-2.43386357259784,-2.64289282694398,-1.19750977187472,-1.47645274070043,-1.96669613861247
3,680,2,2,357.25446,357.741754,0.459416740820031,-1.24604061067524,-1.70105470197753,-2.60983080476009,-1.06168720586058,-1.57951023546943,-1.8597321823097
3,681,2,2,357.778602,358.265896,0.335561223135833,-1.42220131824034,-2.76549749221207,-2.74963944028985,-1.40947899289803,-1.73680842644274,-2.13157518324329
3,682,2,2,358.301905,358.789199,0.507647973792808,-1.09857202677859,-1.3754559932109,-2.23071104679084,-1.12637823114663,-1.47412201228849,-1.78108688256848
3,683,2,2,358.82743,359.314725,0.558665836612811,-1.19889704157928,-1.77106080639253,-2.56332589419843,-0.782140410118238,-1.5457781585671,-1.52179587247994
3,684,2,2,359.354238,359.841533,0.466312608820512,-1.32547818112769,-2.60304680346477,-2.65401065041893,-0.959228255965291,-1.62058763555156,-1.5999662323984
3,685,2,2,359.878975,360.366269,0.566031448358642,-0.838937001348555,-1.23535989264418,-2.27532408699281,-1.25879046884228,-1.41578489822623,-1.93415704885838
3,686,2,2,360.402712,360.890006,0.495496539569058,-1.24163620808284,-1.61366805844431,-2.66679819654088,-0.952003940466828,-1.6708356407946,-1.64677066214285
3,687,2,2,360.926187,361.413482,0.33897077988628,-1.517040045946,-2.87594312809997,-2.66411760618298,-1.27479395017307,-2.19599776707219,-1.81584157817608
3,688,2,2,361.452692,361.939987,0.521986612005203,-0.906733787841684,-2.37786314052508,-2.83553151313479,-1.01972734749767,-1.60776982486388,-1.76631466056916
3,689,2,2,361.977989,362.465284,0.530214416648377,-1.10151758991997,-2.66085944610574,-2.86384070632138,-0.884548148295638,-1.34103003966154,-1.77777048040728
3,690,2,2,362.500601,362.987895,0.437239366043326,-1.73561549025227,-2.93626907052389,-2.63794892731472,-0.921708113937474,-1.74731503697078,-1.58309952935246
3,691,2,2,363.026467,363.513761,0.531570294109966,-1.14742593363638,-2.67729777055078,-2.73855247991384,-0.852286967055758,-1.42028689742482,-1.61754010951377
3,692,2,2,363.551665,364.038959,0.54092038326176,-1.2397480073984,-2.445510462552,-2.65448043452166,-0.796759569632049,-1.37453190175609,-1.63764811775274
3,693,2,2,364.076826,364.56412,0.473885518597679,-1.74020143293665,-2.7276254745378,-2.60581218924562,-0.830247498984714,-1.8263108391632,-1.48978470917844
3,694,2,2,364.606556,365.09385,0.602594357353522,-0.876071308769358,-1.9836675358071,-2.50339386681776,-0.81365495391305,-1.54405303267084,-1.54493624120146
3,695,2,2,365.139518,365.626812,0.467741284442442,-1.0260821206579,-1.80016046598271,-2.36796839086916,-1.16638275742971,-1.82913502076134,-1.81459901932526
3,696,2,2,365.664131,366.151426,0.416063857812738,-1.25156684479214,-2.39802565193107,-2.70617074552052,-1.16095632854129,-1.57282224318547,-2.06442095003581
3,697,2,2,366.186835,366.674129,0.435133774308932,-1.25218364404787,-2.73334550675165,-2.4583577604485,-1.08658697167722,-1.64561306294503,-1.75469078719394
3,698,2,2,366.71193,367.199224,0.501672742544631,-1.54416746844562,-2.2331475798995,-2.43492339104969,-0.8080874017303,-1.64534437311149,-1.52702766447528
3,699,2,2,367.237196,367.72449,0.488669298797354,-1.11851522164493,-1.7631940563107,-2.67987246287032,-0.995675437688577,-1.83867373085002,-1.66719935817805
3,700,2,2,367.762576,368.24987,0.450996632940245,-1.00088074418979,-2.19156075896632,-2.73092477118085,-1.24978029930334,-1.60555503052108,-2.11258381903905
3,701,2,2,368.287785,368.775079,0.507755383674867,-1.24067407760541,-2.69107941412503,-2.52195580354057,-0.858652662405821,-1.4324548823283,-1.8478515262733
3,702,2,2,368.812418,369.299713,0.518031728905859,-1.01487157379086,-2.23603977090427,-2.48294337785117,-0.924096271930346,-1.78640941575486,-1.65692338385614
3,703,2,2,369.338373,369.825668,0.555075208478406,-1.33388925706574,-1.34901012018825,-1.66240669436318,-0.844202523112715,-1.71613532408694,-1.60997221496928
3,704,2,2,369.868327,370.355621,0.454868865857368,-1.11275124890676,-1.58666912658252,-2.33414120512254,-1.16062325948839,-2.37208507758537,-1.75606851955584
3,705,2,2,370.390515,370.877809,0.448037911687229,-1.32664333771589,-2.51672602592825,-2.75897676174828,-0.982893620782735,-1.75807973211689,-1.67862490881537
3,706,2,2,370.915515,371.402809,0.433090821300356,-1.52944474048617,-2.38799308087861,-2.36335178505006,-1.00403647099408,-1.65634521030875,-1.66676673469215
3,707,2,2,371.437625,371.924919,0.368113009422809,-1.21072918051975,-2.5510500428899,-2.62607057306758,-1.39944198192947,-1.72500530847892,-2.20420130895314
4,20,1,1,10.121065,10.608359,0.312290594559927,-2.49649587789429,-3.08570925516065,-2.91423173062269,-1.25979486049982,-1.74967257204924,-1.83922552794647
4,21,1,1,10.649326,11.13662,0.314226471750634,-2.76720591870218,-3.15018632036991,-3.26353780341614,-1.19835745964581,-1.9990294875471,-1.76727930018272
4,22,1,1,11.181486,11.66878,0.420909490658604,-2.60012069294643,-2.79178173069341,-3.0058008038396,-0.923393823889486,-1.76198535921855,-1.54384978695953
4,23,1,1,11.70925,12.196544,0.407689109959005,-2.4520533616954,-2.82269672214908,-2.80302865782732,-0.996706183073129,-1.59484700922571,-1.56921926126086
4,24,1,1,12.235719,12.723013,0.328963372570905,-1.99104707978765,-2.45374746865586,-2.43892807418755,-1.40365995680643,-1.43120831922269,-1.97594629552509
4,25,1,1,12.760735,13.248029,0.356692455030607,-2.09381587592552,-2.86163713630086,-2.96820582518086,-1.16090086460816,-1.5634820828398,-1.79212854839732
4,26,1,1,13.287559,13.774853,0.341588721409683,-2.4600032529099,-2.87805191960979,-3.16939336989325,-1.15472480541099,-1.61848290864477,-1.96590310252417
4,27,1,1,13.81503,14.302325,0.418313542029984,-2.28940727503293,-2.86249757472749,-2.85455427094825,-0.940182306530316,-1.65961639889836,-1.62263747138386
4,28,1,1,14.348705,14.835999,0.391325718462014,-2.43512666547054,-2.49246055383652,-2.7915100576387,-1.0134799867994,-1.6089640333294,-1.74368662016513
4,29,1,1,14.872848,15.360142,0.388679496681927,-2.25914838996989,-2.65184382387298,-3.00587241340503,-1.02725920001689,-1.67332755059386,-1.6610701460846
4,30,1,1,15.400706,15.888,0.394393376758739,-2.33419700777063,-2.66077361918396,-2.87837957108181,-1.01510067507385,-1.63352557237359,-1.64388389574527
4,31,1,1,15.933365,16.420659,0.373144003829298,-2.30474230547345,-2.63998013333262,-3.00341985442319,-1.09554327004309,-1.58312413315999,-1.75897637563374
4,32,1,1,16.461797,16.949091,0.411907505704507,-2.07564139531044,-2.76477935880346,-2.82878903953405,-0.987811595303043,-1.74223476461794,-1.59789057423738
4,33,1,1,16.997477,17.484771,0.366502043518386,-2.34127140433445,-2.80696055694262,-2.73115558444415,-1.13316592068518,-1.53777752324214,-1.84577185418785
4,34,1,1,17.528265,18.015559,0.374494883156856,-2.18639567695087,-2.84585018074003,-2.91405209967556,-1.07810713932266,-1.689142643397,-1.71139121796354
4,35,1,1,18.063222,18.550517,0.432755977947917,-1.72470573072383,-2.71515950885632,-2.82588454838482,-0.958392744652801,-1.77164869971901,-1.59253822682505
4,36,1,1,18.589871,19.077165,0.439384841085271,-1.90153938798012,-2.2673285413847,-2.38700551554527,-0.97496707958647,-1.46147498287223,-1.71329929426827
4,37,1,1,19.113223,19.600518,0.398379791577855,-1.93398060485811,-2.12275776813065,-2.26923143273892,-1.08876841927188,-1.5523119462057,-1.7499316895569
4,38,1,1,19.63958,20.126874,0.440223372952591,-1.97147297388178,-2.45914856099754,-2.65731366373967,-0.907435591709664,-1.7330565561409,-1.55163676706036
4,39,1,1,20.172481,20.659775,0.387784272171837,-2.40567305080632,-2.62749199296431,-2.69797321790591,-1.05608419512479,-1.60026756153552,-1.70232870937602
4,40,1,1,20.707954,21.195248,0.446437079632365,-2.20112515766994,-2.70427568013364,-2.9293295478802,-0.884041570667978,-1.67606436548921,-1.56452073904743
4,41,1,1,21.237632,21.724926,0.432973424127422,-2.15084380589666,-2.48971159499651,-2.75392425015342,-0.912643249847528,-1.73289418250867,-1.59339560360228
4,42,1,1,21.771802,22.259096,0.395871106946692,-2.34182448104293,-2.58107877778379,-2.76869094277708,-1.02596798584683,-1.67779387186036,-1.62256749511008
4,43,1,1,22.304491,22.791785,0.390284433303522,-2.23009481560259,-2.6401289951482,-2.70200908456526,-1.02344683448015,-1.80069951361293,-1.62135885753956
4,44,1,1,22.836192,23.323486,0.318080325536821,-2.2062860791268,-2.36598340927261,-2.72231660924024,-1.26762202073928,-1.80681902372461,-2.05564816282348
4,45,1,1,23.36152,23.848814,0.330502981337244,-1.88379739436669,-2.10179867038722,-2.36209139103701,-1.33347718543038,-1.83353650758373,-2.00039592131566
4,46,1,1,23.88802,24.375314,0.4130395450878,-2.33026899391768,-2.80470892912971,-2.98113223242669,-0.954809915873709,-1.70498545423542,-1.66393230141706
4,47,1,1,24.416401,24.903695,0.416821251969242,-2.09166997442433,-2.69721342999166,-2.76728929968863,-0.968030854240556,-1.61601707329747,-1.63947972383212
4,48,1,1,24.940194,25.427488,0.331046026887172,-2.24744670429572,-2.37347828775116,-2.78685521108582,-1.20064736218021,-2.1841885462425,-1.78203680577562
4,49,1,1,25.482835,25.970129,0.414142459526096,-1.93374044387572,-2.21148975989216,-2.64391084036898,-1.07927193761881,-1.31317649138453,-1.98644608642847
4,50,1,1,26.013443,26.500738,0.370687282511583,-2.21921292316871,-2.5661215503771,-2.88509130229159,-1.11276991602348,-1.65113343002721,-1.78028526163273
4,51,1,1,26.538942,27.026236,0.413953158586917,-2.36170210535509,-2.49553076123435,-3.00638441017952,-0.968878402771691,-1.70570206340594,-1.54778908102747
4,52,1,1,27.072075,27.559369,0.386811407376575,-2.24216082041454,-2.31526272958199,-2.63839660087883,-1.07911814755881,-1.60886239927518,-1.67143430764193
4,53,1,1,27.599567,28.086861,0.395652047854866,-2.3930890539385,-2.28057904054036,-2.81873409877858,-0.998482838129029,-1.63699589646543,-1.79188753314139
4,54,1,1,28.135341,28.622635,0.404474291117042,-2.44114265394435,-2.66955054457745,-2.78031205365838,-1.01437155382188,-1.38107264659248,-1.94282526258141
4,55,1,1,28.662401,29.149696,0.381384059236938,-2.22078737812723,-2.6239124303552,-2.98469959514837,-1.05346277770136,-1.49945729313304,-1.87663729782789
4,56,1,1,29.19713,29.684425,0.41491334025616,-1.60035130663984,-2.66189681738969,-2.52843946875494,-1.01425318949925,-1.50577100120118,-1.98267063226412
4,57,1,1,29.723582,30.210876,0.466526500022133,-1.23042225400332,-1.74939566352303,-2.43412713727232,-1.06694868460038,-1.54589415182613,-1.75986809569358
4,58,1,1,30.252806,30.7401,0.448307535389951,-1.32992088442277,-1.89615795882596,-2.54902045720182,-0.978930451329142,-2.04638776748901,-1.69909216984534
4,59,1,1,30.780107,31.267401,0.513432122091553,-2.1391042459209,-2.61971419912815,-2.67495044228901,-0.744714017904319,-1.50605398987727,-1.55384601667617
4,60,1,1,31.31744,31.804735,0.359284438384895,-2.05848466212879,-2.25792636188863,-2.63318854748877,-1.26376254288809,-1.36846172781962,-2.11715669762029
4,61,1,1,31.851512,32.338806,0.487313043721925,-2.04833420125601,-2.26463695723529,-2.19592261449415,-0.826452403322398,-1.4091780825988,-1.67024141796366
4,62,1,1,32.381709,32.869004,0.495311055869729,-1.81241656299771,-2.19839094592568,-2.62154040498085,-0.782967494212429,-1.56346759691913,-1.62674582841004
4,63,1,1,32.911407,33.398701,0.385188335003762,-1.6357129001874,-2.27608880145037,-2.77676134815282,-1.36069640439623,-1.23754023850192,-2.11244183604777
4,64,1,1,33.444683,33.931977,0.497262849732018,-1.6717575991635,-2.25532481914204,-2.45471273641882,-0.858043526122398,-1.34689944372891,-1.66738833772107
4,65,1,1,33.967983,34.455277,0.369151533923586,-1.79607718897768,-2.27855798496144,-2.56087933810205,-1.16085651003421,-1.6501928648669,-1.99644469601237
4,66,1,1,34.491475,34.978769,0.351195941997124,-2.52075330277828,-2.79082211530483,-2.97300624077371,-1.1253367658752,-1.80909381633293,-1.72148071124742
4,67,1,1,35.014928,35.502222,0.36997228767592,-2.14533366882541,-2.87474475464491,-2.91255989073334,-1.06246640118637,-2.33270956659413,-1.55810133135537
4,68,1,1,35.544881,36.032176,0.342862652064603,-1.96250710135239,-2.55451317479047,-2.88128856526311,-1.20450858866324,-1.58756253176812,-1.99268938003795
4,69,1,1,36.078909,36.566204,0.344507084714602,-1.95857327213843,-2.29496254653236,-2.75797994603248,-1.18641309988578,-2.20115455480415,-1.71591407309499
4,70,1,1,36.614548,37.101842,0.356539862197726,-2.00757570306647,-2.27307478869971,-2.65687170431581,-1.46218274109551,-1.24961928129536,-2.13413009668048
4,71,1,1,37.210855,37.698149,0.392188808001192,-1.3843089935328,-1.92863140446032,-2.43454638951521,-1.42509779286641,-1.34688071456143,-1.98172160433352
4,72,1,1,37.745168,38.232462,0.393347438816455,-1.58969745739448,-2.78130345118339,-2.95058095965948,-1.06527671919911,-1.83411917680831,-1.76259078090526
4,73,1,1,38.269774,38.757069,0.342711695263609,-2.1126123997918,-2.64182921174044,-2.74245274961396,-1.23293962088691,-1.50127644468059,-2.00657662807932
4,74,1,1,38.797883,39.285177,0.414301949891837,-2.02919484093764,-2.30630698985813,-2.59042795621446,-0.948033240379181,-2.4853287425947,-1.54268022472873
4,75,1,1,39.329211,39.816505,0.388229884470761,-2.08293359937647,-2.51772398360211,-2.72936491146608,-1.04433232092129,-2.24857809975563,-1.57238983888388
4,76,1,1,39.862503,40.349798,0.471433251009143,-1.9925857955578,-2.15816018634189,-2.60252639400667,-0.862643214566539,-1.49043925351424,-1.64547773197797
4,77,1,1,40.39649,40.883784,0.376724013237256,-1.80047502230354,-2.14687156317601,-2.5447741910419,-1.11527742505696,-1.88681335753356,-1.76856838820595
4,78,1,1,40.927486,41.41478,0.339882383395835,-1.77938792851751,-2.24667528738487,-2.52183248285583,-1.26389015630406,-1.95873115207971,-1.7897326521043
4,79,1,1,41.451272,41.938566,0.408414121679851,-1.88495662075609,-2.36020532937925,-2.80725502624899,-1.03258309795018,-1.5464428121474,-1.65628941081821
4,80,1,1,41.987446,42.47474,0.377268648820316,-1.75281313414227,-2.14548702992681,-2.48081253602458,-1.20124969560588,-1.47028379277778,-1.86086827805303
4,81,1,1,42.518028,43.005322,0.398471811332056,-1.62744431812569,-2.15179408475689,-2.53320288004364,-1.16340268043944,-1.46816852201577,-1.7306567789425
4,82,1,1,43.048882,43.536176,0.320166664485891,-2.17516556589171,-2.27535043825558,-2.55032854115697,-1.32920903994382,-1.54458928946487,-2.0442544335364
4,83,1,1,43.57469,44.061984,0.373188006349761,-2.25003275637581,-2.88201704318648,-2.86868763541198,-1.06939907439875,-1.56090568943984,-1.83041030563978
4,84,1,1,44.111721,44.599015,0.310805030999721,-1.98216648332614,-2.11800115659729,-2.62895890187625,-1.31670543460517,-2.12341893105908,-1.9113534078316
4,85,1,1,44.642679,45.129974,0.463319999932273,-2.05641074833893,-2.45046879735078,-2.68609234405097,-0.877470348422613,-1.40813640733461,-1.68525771721978
4,86,1,1,45.174889,45.662183,0.380047495148529,-1.78626603267466,-2.19190665314592,-2.59238542215916,-1.19163268981837,-1.43940608237883,-1.94211341688813
4,87,1,1,45.71174,46.199034,0.463793665527475,-1.90903502400475,-2.64205037805615,-2.56256079793425,-0.865041056735841,-1.43569727540985,-1.72380060053973
4,88,1,1,46.239461,46.726755,0.399269291724593,-1.87561767875329,-2.16441527535445,-2.5913628720128,-1.08670267141054,-1.53723530454221,-1.74986860289309
4,89,1,1,46.800685,47.287979,0.391639576840706,-1.79635296526907,-1.99783873000867,-2.3944150859663,-1.09552353312242,-1.82618819337848,-1.64974433739361
4,90,1,1,47.334546,47.82184,0.377408483890518,-1.8865685692685,-2.55996468571428,-2.73171361522224,-1.08467164437555,-1.61078223745278,-1.95982284402445
4,91,1,1,47.873341,48.360635,0.482069835877885,-1.9236653334983,-2.51023974863283,-2.79098373709928,-0.81543416702386,-1.53106420148941,-1.61099151995648
4,92,1,1,48.400983,48.888277,0.493949551932138,-1.63964816938018,-2.00207365858749,-2.12448643634952,-0.827898426018458,-1.54393509890024,-1.63856190209977
4,93,1,1,48.92796,49.415254,0.373167444192948,-2.45560844261158,-2.83121726993205,-2.93977720033102,-1.25795913930279,-1.17935297638725,-2.0859101677059
4,94,1,1,49.460444,49.947738,0.279637543505253,-2.06293547468622,-2.69603772140936,-2.66142136999397,-1.33105323479717,-2.38850259615295,-1.94146952812527
4,95,1,1,50.000056,50.48735,0.415182237438369,-1.89304510271704,-2.70847586371575,-2.82278305199457,-0.980378471254367,-1.52110114603764,-1.71874150110304
4,96,1,1,50.533305,51.020599,0.374213838316937,-2.27573636592971,-2.52602593937136,-3.10297501868345,-1.04495680584824,-1.66859899688024,-1.80362354218261
4,97,1,1,51.058119,51.545414,0.346177705600598,-2.21875535338376,-2.5475292548897,-2.9883710110808,-1.1469260833918,-2.15727987722304,-1.67792940144514
4,98,1,1,51.581525,52.068819,0.391002677938068,-2.32680832561334,-2.94581614155403,-2.85580235682494,-1.01419912755933,-1.68842139201369,-1.65332243245267
4,99,1,1,52.107663,52.594957,0.468345023987987,-2.29249374732316,-2.69866090993345,-3.02102618552976,-0.842269681489113,-1.5072023965514,-1.54614853587009
4,100,1,1,52.632462,53.119756,0.368395836109092,-1.8040414267474,-2.44141607719479,-2.67463324634158,-1.11181394144812,-2.13896901324447,-1.70402371786563
4,101,1,1,53.165601,53.652895,0.366551085949313,-2.35932069923525,-3.07359195095823,-3.15102000372077,-1.09445144564014,-1.51821491755128,-1.87751740288833
4,102,1,1,53.697918,54.185212,0.397036512465304,-2.50852123597636,-2.91948266273934,-2.8214057976029,-0.97874060775443,-2.16150138836626,-1.51804553544231
4,103,1,1,54.22198,54.709275,0.411994065984944,-2.51437402754445,-2.83298951548423,-2.81500934043736,-0.964833797864426,-1.65096031208836,-1.61027928127743
4,104,1,1,54.746162,55.233456,0.429303034405986,-2.18892245287122,-2.71144524604422,-2.89067015692066,-0.914057563767976,-1.8136909816909,-1.54208249390663
4,105,1,1,55.275995,55.763289,0.400783846489892,-2.23625112479407,-2.33262737604935,-2.51496500869748,-0.998645456947972,-1.90113949688281,-1.60284003404487
4,106,1,1,55.807503,56.294797,0.35309755880544,-2.17841510876347,-2.86968577609875,-2.92112919704635,-1.18403414045993,-1.43783531072489,-2.02487925926154
4,107,1,1,56.342126,56.82942,0.386517348387582,-2.18757651483804,-2.55300385461683,-2.9083720652649,-1.05415160465283,-1.55375136443425,-1.72368163193739
4,108,1,1,56.875332,57.362626,0.380957858041751,-1.89516435565622,-2.43150365403868,-2.38502642541062,-1.20975319040555,-1.35984121385738,-1.83941730555229
4,109,1,1,57.400509,57.887803,0.403844080634897,-2.11559565171066,-2.63175587067759,-2.65695639702688,-0.956175862302166,-1.921032830675,-1.63525769998484
4,110,1,1,57.926225,58.413519,0.324208024844125,-2.05057183368051,-2.66165389799635,-2.84836366432921,-1.28805962816838,-1.79153460960378,-1.78731585803372
4,111,1,1,58.461885,58.94918,0.374525883270602,-2.38382021388186,-2.77479424279256,-2.88497641908647,-1.0994105369112,-1.38912191407093,-2.15270075006813
4,112,1,1,59.067395,59.554689,0.354533419100656,-2.17102389770079,-2.82240213880807,-3.00471567077134,-1.15990114347724,-1.52898123569466,-1.89349373652007
4,113,1,1,59.6048,60.092094,0.436887415538239,-2.0510230711912,-2.84316155913322,-3.09375245766459,-0.990311379665923,-1.28286894456714,-1.97005920700982
4,114,1,1,60.131163,60.618458,0.33614828263067,-2.29047198404248,-2.76248519887718,-3.28125410481939,-1.15397093267065,-2.25644138809824,-1.69858556890286
4,115,1,1,60.664249,61.151543,0.322904336365293,-2.34495309054472,-2.83135892316333,-2.83853061533237,-1.19522531538564,-2.27548669276265,-1.78053522497131
4,116,1,1,61.221556,61.708851,0.372462330255281,-2.53486296934301,-3.01206992282628,-2.94260797923872,-1.10103720497244,-1.50603251046123,-1.73626471964718
4,117,1,1,61.746713,62.234007,0.372407244798491,-2.46852004352754,-2.97133903518348,-3.16351549585054,-1.03506381353406,-1.73180760083292,-1.80855673798754
4,118,1,1,62.274884,62.762178,0.395567787003465,-2.25651949764346,-2.62618400894914,-2.98439955231911,-1.01266373541257,-1.63720724038961,-1.64228981891161
4,119,1,1,62.798003,63.285297,0.434978374246388,-1.63683609928834,-2.32010609465728,-2.92040127164301,-0.923696490174749,-1.82860582677946,-1.68489115300962
4,120,1,1,63.323357,63.810652,0.429788712422206,-2.50279676221361,-2.75283846196424,-2.42499517810883,-0.898356421834009,-1.65016312826274,-1.6536219393799
4,121,1,1,63.855637,64.342931,0.418684494499413,-1.79663970337285,-2.47260267074341,-3.00711611228485,-0.956507446197515,-1.68133687779113,-1.73684347428147
4,122,1,1,64.383878,64.871173,0.455813421016319,-1.91768971924385,-2.56349840548604,-2.77304326317065,-0.855374296942329,-1.51445424270463,-1.76761673055859
4,123,1,1,64.930223,65.417517,0.442815728834529,-1.81558966789628,-2.30151065133502,-2.48066537846123,-0.944810370468665,-1.36637837206046,-1.88612949107839
4,124,1,1,65.463185,65.950479,0.418293668747453,-1.62720619007712,-1.89486220921026,-2.11232201386927,-1.02522344102041,-1.92353844029321,-1.67337187539182
4,125,1,1,66.002551,66.489846,0.455110863071021,-2.06156721192946,-2.55692079902564,-2.77399642010599,-0.877548316845471,-1.63469290380227,-1.52794151709682
4,126,1,1,66.53808,67.025374,0.316962823865422,-2.042136684169,-2.66913324716059,-2.72643970687153,-1.25061976830281,-2.31350572097059,-1.9200285400217
4,127,1,1,67.074225,67.561519,0.395251119682496,-2.15430053619835,-2.50391422979741,-2.57240448662939,-1.05439744658391,-1.53571474975835,-1.77172929345388
4,128,1,1,67.606797,68.094091,0.39975854891643,-1.79464860097136,-2.25115374450457,-2.52205427005174,-1.04920435526655,-1.83093299360972,-1.72527724990556
4,129,1,1,68.146688,68.633982,0.354090697530909,-2.27348134250415,-2.86809147299215,-2.69594071621499,-1.12808808458579,-1.83203906734829,-1.70311446692294
4,130,1,1,68.670927,69.158221,0.3617785480999,-1.95743808272275,-2.42842012120909,-2.86873757976835,-1.14791736733554,-1.56620678866917,-1.93788238133234
4,131,1,1,69.19305,69.680344,0.4048007452205,-1.89859595986013,-2.47275388403764,-2.65556203824031,-1.01111123087207,-1.6646465616113,-1.66248816912702
4,133,2,1,70.254221,70.741515,0.300717872966775,-2.31096581482249,-2.56912236937926,-2.59121869675304,-1.27932724126727,-2.38499396735672,-1.8244593536144
4,134,2,1,70.778417,71.265711,0.418416600643312,-2.39472340670553,-2.4945317719162,-2.92856877678365,-0.999382132454497,-1.35771040704059,-1.81358301078208
4,135,2,1,71.303117,71.790412,0.402014450152843,-2.19844797265173,-2.88157756622723,-3.21301377274479,-1.0929034724076,-1.29575673580563,-1.94785824232386
4,136,2,1,71.839836,72.32713,0.391704688250352,-2.07246690130612,-2.92070493000763,-2.94031406426249,-1.07986213070217,-1.37515990363089,-1.92407846217824
4,137,2,1,72.371813,72.859108,0.413623579655128,-2.12921552853003,-2.91578665121555,-2.85412639839451,-0.938441098370182,-1.96802260761722,-1.5862919418223
4,138,2,1,72.893801,73.381095,0.418769332760512,-2.74250878217318,-2.66352724851571,-2.7721931533788,-0.968735273147251,-1.43171705699192,-1.67655864901295
4,139,2,1,73.420321,73.907616,0.486226262137019,-2.51959576063284,-3.02171730793429,-3.0804429756049,-0.785606668016691,-1.47786235499529,-1.54344617229057
4,140,2,1,73.95235,74.439645,0.469007121503061,-1.72560535385796,-2.79796833050206,-2.96661656325276,-0.919713702782353,-1.40722341663072,-1.59265422884939
4,141,2,1,74.484008,74.971302,0.332323399535701,-2.5039309498007,-2.77305151121817,-2.93542026102397,-1.25094188796453,-1.40960128912443,-2.34481843990506
4,142,2,1,75.008304,75.495599,0.358174081478073,-2.67813269843521,-2.78669051104852,-2.97587597798512,-1.07104808598425,-1.95144627131243,-1.63436523120197
4,143,2,1,75.538419,76.025713,0.346962340471855,-2.25138002222219,-2.90884265385173,-3.03279259078736,-1.06320826739428,-2.22690007830105,-1.77213550436152
4,144,2,1,76.071038,76.558332,0.369754905493562,-2.35665132440468,-2.72515168375769,-2.90688564078961,-1.06551449116119,-1.66560936054376,-1.77411110064888
4,145,2,1,76.601721,77.089016,0.270997693313446,-2.4408794793617,-2.90403875573998,-2.60930111649055,-1.41022167218254,-1.82952951341607,-2.10969411832185
4,146,2,1,77.130351,77.617645,0.405439532745181,-2.5233606320071,-2.74721275822622,-2.75645137910235,-0.957239107974718,-1.61441581807454,-1.74143951549517
4,147,2,1,77.665954,78.153248,0.382946246755365,-2.19232312218937,-2.65129145362051,-2.54092718555484,-1.05628114201538,-1.50911252973049,-1.95968147777782
4,148,2,1,78.19475,78.682044,0.373667897263415,-2.11840252829008,-2.67393569862166,-3.147807563021,-1.11499604774465,-1.58265388203559,-1.63832990236128
4,149,2,1,78.722434,79.209728,0.376135906512127,-2.2253012420267,-2.12583268030561,-2.58837773128387,-1.20109723290207,-1.33676896324168,-1.87913147732979
4,150,2,1,79.251189,79.738483,0.334090153901913,-2.32398152861919,-2.46645629695064,-2.72925569157137,-1.22809092655947,-1.6738516756594,-1.77007745790422
4,151,2,1,79.775546,80.26284,0.395086031341009,-1.57471080358346,-2.06181742281299,-2.34791027901307,-1.15689622961796,-1.5859387573119,-1.78729666113013
4,152,2,1,80.302713,80.790007,0.350813110650267,-2.37908840890686,-2.61801776542801,-3.07377689004014,-1.1009316192155,-1.91264391934412,-1.71850184565287
4,153,2,1,80.835427,81.322722,0.447930088491799,-2.35083487617254,-2.82301088719708,-2.91772170221319,-0.857566226770206,-1.73375776023586,-1.5195122996042
4,154,2,1,81.363198,81.850492,0.389569265078976,-2.36825191964271,-2.64985739936007,-2.65103754303127,-1.01880163307442,-1.66027096860917,-1.71363763945024
4,155,2,1,81.887762,82.375056,0.343087585305882,-2.54561719429976,-2.63275566802566,-2.93950861238181,-1.14949682082925,-1.6306201656639,-1.92143239221209
4,156,2,1,82.414775,82.902069,0.37555156113746,-2.06803436559185,-2.38350518900124,-2.58191113794491,-1.188164794152,-1.39704749704049,-1.8175729175528
4,157,2,1,82.936904,83.424199,0.405152170667811,-2.04639323745468,-2.66029393729744,-3.13306084920175,-0.948675190497049,-1.67501478050842,-1.95058850717807
4,158,2,1,83.463375,83.950669,0.362459672932924,-2.2072465602466,-2.52825380947348,-2.80619929691895,-1.14306207748114,-1.43914476371042,-2.24429240628071
4,159,2,1,83.987698,84.474992,0.448617241447029,-2.0322819307117,-2.55714772660243,-2.73782847702146,-0.868811844180633,-1.50720638368225,-1.86351896383046
4,160,2,1,84.512516,84.99981,0.353306428989005,-1.91338448648088,-2.27565051912444,-2.37574453554955,-1.23983880050049,-1.52550841323335,-1.99133259507297
4,161,2,1,85.035363,85.522657,0.291214623168552,-1.91460942661075,-2.65479869610749,-2.95583039465238,-1.45944143928997,-1.67760828131015,-1.96911851197988
4,162,2,1,85.560065,86.047359,0.370059139116505,-1.92882894558547,-2.38402595824878,-2.64594913986851,-1.16744439855735,-1.53806722697536,-1.74590136644721
4,163,2,1,86.084874,86.572168,0.298822846791022,-2.0738490484151,-2.29873482559243,-2.47533568048487,-1.33420202188988,-2.27084377456758,-1.84020309972736
4,164,2,1,86.618354,87.105649,0.33197153326784,-2.43019328789235,-2.56963240876792,-2.98028089364576,-1.16949200244192,-2.17235424781796,-1.66669802336697
4,165,2,1,87.143266,87.630561,0.408768762674975,-2.08854534030732,-2.55721316980244,-2.685715880927,-0.958817652340332,-1.74673471462881,-1.63029084040496
4,166,2,1,87.666741,88.154035,0.474918615214497,-1.9090140664493,-2.30878028050083,-2.59072407818473,-0.858596047895187,-1.39709735918369,-1.73132764013365
4,167,2,1,88.192666,88.67996,0.392791932976463,-1.74576299518613,-1.9897090259497,-2.34027096514149,-1.08945599431758,-1.65492878284715,-1.90257220869011
4,168,2,1,88.721605,89.208899,0.449543505115612,-1.43951909714172,-1.93954943802269,-2.35725588370449,-1.02231639971112,-1.50207794004274,-1.75050228780161
4,169,2,1,89.246131,89.733425,0.409526584930062,-1.69209847723078,-1.97404073143592,-2.47251763764855,-1.05881376237563,-1.63147304625312,-1.74870241573029
4,170,2,1,89.776052,90.263346,0.313864869863418,-2.10173662953614,-2.48343601699476,-2.73173884430172,-1.33013090361657,-1.62654556390396,-2.08202362169036
4,171,2,1,90.302091,90.789385,0.463943663175721,-2.14336232338803,-2.55548628420679,-2.64780716553976,-0.879140702549327,-1.38274200026409,-1.68804031227416
4,172,2,1,90.826683,91.313977,0.339113371790423,-2.18059023284825,-2.61758063512919,-2.80993259883582,-1.19865930801712,-1.55337581040912,-2.14926478287933
4,173,2,1,91.357507,91.844801,0.364492913442106,-2.03076780519363,-2.22617794358896,-2.46835123524595,-1.16758681235863,-1.52722020758117,-1.90432054031077
4,174,2,1,91.891784,92.379078,0.333179487518943,-1.95835384343518,-2.29734052570215,-2.58420345625015,-1.39156053746307,-1.46871831766691,-1.85812989398738
4,175,2,1,92.424818,92.912113,0.393337718906877,-1.70568672271312,-2.03038695572379,-2.37538666919145,-1.11778858532392,-1.64246948387811,-1.74440979347607
4,176,2,1,92.94707,93.434364,0.453981661213626,-1.81573474027045,-2.53610226068724,-2.66710485296736,-0.889701196967042,-1.59871225975265,-1.60951142273598
4,177,2,1,93.473338,93.960632,0.408276622932934,-1.91354866758601,-2.27114416338739,-2.64506041351455,-1.02868755064378,-1.70505748420878,-1.63358917523187
4,178,2,1,94.00126,94.488554,0.395919211131364,-2.41358695923047,-2.77570595999329,-2.70123097113852,-1.01014465778662,-1.6382421551483,-1.70655940934783
4,179,2,1,94.525084,95.012379,0.501549610138472,-1.57055562527472,-1.60683997930781,-2.47938695506512,-0.893676975463801,-1.46602413682931,-1.68875330641722
4,180,2,1,95.055891,95.543185,0.399685994252517,-2.28916434909456,-2.70606564763746,-2.54175800903481,-1.04928674213825,-1.38775908173398,-1.8815440536664
4,181,2,1,95.581853,96.069147,0.528310664333646,-1.39898699658984,-1.11051026681781,-2.35952755684829,-0.974558080857354,-1.66002310433743,-1.60633718057837
4,182,2,1,96.109029,96.596323,0.397057012588695,-1.74115627500655,-1.86570029692077,-2.40203042515862,-1.12013627290792,-1.58253167719924,-1.81439090617865
4,183,2,1,96.634757,97.122052,0.443179881184344,-1.49262051733024,-1.37983618482005,-2.46897459387496,-1.18971906861672,-1.51116518208458,-1.72869902513656
4,184,2,1,97.160861,97.648155,0.485058834270747,-1.64542597795745,-1.7343324525085,-2.23020229766639,-0.889782492175062,-1.5755748035752,-1.62219391475346
4,185,2,1,97.684897,98.172191,0.485476245942275,-1.93134768203268,-2.43191970144216,-2.47357965720896,-0.846188230249899,-1.40765150903279,-1.6089846875913
4,186,2,1,98.213161,98.700455,0.514204537012913,-1.17362523549996,-1.20262346754534,-1.81008963695534,-1.14804804239794,-1.60625690453189,-1.90347017471348
4,187,2,1,98.73796,99.225254,0.43375158491293,-2.23113145061922,-2.57387010668698,-2.4716518066968,-0.966102937268952,-1.46793778427356,-1.73955233738162
4,188,2,1,99.260869,99.748164,0.430864457930638,-1.65675559841398,-2.13715909555911,-2.42914733062817,-0.998591613403181,-1.64867446253881,-1.67659200643334
4,189,2,1,99.788065,100.275359,0.406558217142698,-2.2708168162267,-2.514690213684,-2.83767151356375,-1.00813092150578,-1.6934820813202,-1.62233903551683
4,190,2,1,100.312644,100.799938,0.461862569978108,-2.11086834153226,-2.49475322367495,-3.02191684700057,-0.847348745704843,-1.67272657620897,-1.51747582540582
4,191,2,1,100.838955,101.32625,0.420030872315902,-2.3451344281571,-2.73937657981106,-2.92587458392581,-0.96372703453315,-1.57598692844931,-1.63811803655835
4,192,2,1,101.365627,101.852921,0.323371912979124,-2.16651755475975,-2.82817229724694,-2.95131682009013,-1.24334847077671,-1.75696029983177,-1.83632671541341
4,193,2,1,101.894879,102.382174,0.360803602324102,-2.50679449611704,-2.58822772670606,-2.8008648526843,-1.17881221989468,-1.4314463869551,-1.79862427714415
4,194,2,1,102.423807,102.911101,0.368683838758247,-2.26694795547549,-2.28697537517778,-2.56317338353258,-1.08802945557676,-1.69014979783802,-1.80327640351966
4,195,2,1,102.947323,103.434617,0.408511644177368,-1.61532598291193,-2.26249166989307,-2.50394819118396,-1.08128483160027,-1.52593596473886,-1.77746048057749
4,196,2,1,103.47117,103.958464,0.340683843014069,-2.27984650690162,-2.83738534852113,-2.97245609312609,-1.18128289502225,-1.79720713678272,-1.70807164025486
4,197,2,1,103.996253,104.483547,0.423920720983118,-1.62283994632134,-2.25895802108018,-2.48026628194231,-1.10648915664497,-1.33839987694829,-1.77785607940833
4,198,2,1,104.521578,105.008872,0.432179895222263,-1.66813769837088,-2.31110899708153,-2.51014522343771,-1.02283531486181,-1.3347132333186,-1.98709875732631
4,199,2,1,105.043199,105.530494,0.418183597371805,-1.85026578051604,-2.30827865519324,-2.50564601816164,-1.12559005078873,-1.28231871608746,-1.83677327450946
4,200,2,1,105.569038,106.056332,0.387870038988191,-2.19761925135483,-2.37834668301237,-2.71497413502043,-1.06900018696597,-1.60681335134942,-1.730087336869
4,201,2,1,106.100437,106.587731,0.44062688789514,-1.47510883657186,-2.10068139889367,-2.48195496623322,-1.00002000683398,-1.64976102208889,-1.67265495322465
4,202,2,1,106.625677,107.112972,0.363465353674998,-2.21478430285616,-2.90761219420227,-2.86706691742366,-1.17751798928305,-1.42836007605901,-1.81216200642016
4,203,2,1,107.15285,107.640144,0.328328229205038,-2.17355609620649,-2.50881828184121,-3.21110673167969,-1.35490368984121,-1.43031307840885,-1.92492690791322
4,204,2,1,107.681336,108.16863,0.44038193392162,-1.88532719266244,-2.45149137159583,-3.14095925411833,-0.878094852590804,-1.69889015921259,-1.70968990473296
4,205,2,1,108.203943,108.691237,0.412995627715661,-1.32349741025027,-1.70929458722017,-2.47108698919325,-1.27422936797452,-1.50004895220289,-1.91092511285642
4,206,2,1,108.729567,109.216861,0.392727526037078,-1.66351204324883,-2.10623022612817,-2.28229402278323,-1.15944454253117,-1.51972614689808,-1.83019443877815
4,207,2,1,109.254481,109.741775,0.357940400704978,-2.09283589153076,-2.48766647395398,-2.89011449400691,-1.18281780516713,-1.5149470131175,-1.87593808756876
4,208,2,1,109.779162,110.266456,0.448760588532351,-2.02079588064057,-2.11825659398126,-2.48645414815594,-0.8872827912283,-1.74734020919871,-1.56778594245842
4,209,2,1,110.302069,110.789364,0.372895728398535,-1.88900483822446,-2.21814702867225,-2.40840451411258,-1.24556128019963,-1.42823099258971,-1.90585572564129
4,210,2,1,110.827353,111.314647,0.387947697770966,-1.93826667430401,-2.2832929852561,-2.45725460955372,-1.36999666162039,-1.13394464777269,-2.13584777302888
4,211,2,1,111.3516,111.838895,0.412013637923424,-2.18675613504407,-2.32178774774517,-2.92395077873572,-0.99168439219135,-1.48843618052823,-1.69127256215701
4,212,2,1,111.880181,112.367475,0.375941657613685,-1.78784768196237,-2.09940410660972,-2.50185141000088,-1.1167880742904,-1.68651780943328,-1.94472038632831
4,213,2,1,112.404995,112.892289,0.334763820217634,-1.91983267188493,-2.45082016229293,-2.66854359284212,-1.32482290123006,-1.53613528916237,-1.86193733235978
4,214,2,1,112.929446,113.41674,0.392243801675952,-1.42815229214009,-2.0319156310684,-2.39402506799875,-1.17794717534534,-1.6922821977909,-1.95498561931685
4,215,2,1,113.456542,113.943836,0.467856194269644,-1.58067125308022,-2.78551298112389,-2.6626321505817,-0.95910129881191,-1.20862480395969,-1.90238107646634
4,216,2,1,113.982584,114.469879,0.396862547135322,-1.78397106921702,-2.63227072761,-2.68581008034263,-1.10837889293647,-1.38040147737354,-1.8935288967498
4,217,2,1,114.512122,114.999416,0.352487045651845,-1.75656147472901,-2.20901830078523,-2.4319841673291,-1.35148595426287,-1.40555846562774,-2.0153102468196
4,218,2,1,115.036954,115.524248,0.378552741870468,-1.77675606524757,-2.4573532258257,-2.69708004292335,-1.10018385150605,-1.79992801672304,-1.72856720439083
4,219,2,1,115.563391,116.050686,0.37324705654782,-1.70398310748047,-2.53096337005728,-2.60392639768119,-1.10408846097242,-1.62557341196189,-2.1416335308869
4,220,2,1,116.086643,116.573937,0.296578315906703,-1.91045260921008,-2.67258566490356,-2.52709414915714,-1.40535047520683,-1.78660453185035,-2.06596749295573
4,221,2,1,116.609038,117.096332,0.407370741492969,-2.42318988665795,-2.65786051949622,-2.803043536201,-0.960289795793808,-1.72891647831432,-1.62023540149996
4,222,2,1,117.132665,117.619959,0.324784975112376,-2.39975862038328,-2.66507982886857,-2.95853492114747,-1.17876838257233,-2.16097900362366,-1.73906890886742
4,223,2,1,117.657414,118.144708,0.389683780113913,-2.37285908489554,-2.79862547709543,-2.63652963487638,-1.03778447418981,-1.48803387406248,-1.79408098576672
4,224,2,1,118.185115,118.67241,0.413510432858811,-2.33066953390976,-2.58813161808872,-2.74737888279151,-0.944014335130726,-1.71962210061722,-1.59350717486398
4,225,2,1,118.707654,119.194948,0.405331410120806,-2.30912763312666,-2.9064324352526,-2.93462896649595,-0.973717651286228,-1.50662139741222,-1.79502229833191
4,226,2,1,119.231716,119.71901,0.312488143317279,-2.29540928394323,-2.83188058931049,-2.76287883999343,-1.24156918663239,-2.07186292775806,-1.7983641805218
4,227,2,1,119.75738,120.244675,0.398492887042925,-2.53988225603128,-3.03264699581432,-3.00655819360131,-1.05416917432533,-1.37078182313052,-1.80015247556501
4,228,2,1,120.286602,120.773896,0.479993690346754,-2.13780031293871,-2.97047990363086,-2.76490903798127,-0.796032041724259,-1.82606570109757,-1.45052287915277
4,229,2,1,120.817129,121.304423,0.371237877705922,-2.68355067952967,-2.95025856327426,-2.85964115017941,-1.14712029834967,-1.38202638381488,-1.94002198928478
4,230,2,1,121.341331,121.828626,0.441935476757996,-2.5147636615845,-2.80014033728743,-3.07721744736444,-0.922196371197915,-1.54302695584499,-1.55728700870421
4,231,2,1,121.867107,122.354401,0.395637008188545,-2.4429111776758,-2.89802995143406,-3.04982903916267,-1.00059266155705,-1.64366634231126,-1.70395889860636
4,232,2,1,122.39174,122.879034,0.334785830608333,-2.28797180984526,-2.81612192510282,-3.03754473713358,-1.26760562819708,-1.45726483161669,-2.12113817221382
4,233,2,1,122.922938,123.410233,0.403440607897726,-2.04933760843708,-2.44166137824746,-2.6610066621706,-1.08234148538377,-1.33646869926297,-1.84897298638454
4,234,2,1,123.447557,123.934852,0.31217982573016,-2.2916177439274,-2.57790783240698,-2.71689182191531,-1.30905158512964,-1.67465399045073,-1.98371984142517
4,235,2,1,123.988056,124.47535,0.436986678639682,-1.8057152671445,-2.74173133662087,-2.4904627490063,-0.946147059093633,-1.73652557073894,-1.56207523198567
4,236,2,1,124.512085,124.999379,0.405598177490638,-2.19751929892829,-2.56696238340796,-3.02363613001979,-0.989983367570146,-1.76809935170066,-1.54464686034244
4,237,2,1,125.036031,125.523325,0.396560491276378,-2.18500111009614,-2.91153982694825,-2.820586138134,-0.977851569247884,-1.67382047125177,-1.76207636185596
4,238,2,1,125.564383,126.051677,0.335753137135119,-2.16377017305981,-2.70138668730555,-2.65401851869469,-1.22537041956188,-1.69655352450982,-1.76643490284409
4,239,2,1,126.097553,126.584847,0.389714905091656,-2.4617956678512,-2.87011531652529,-3.17267855739637,-1.01945434682904,-1.49040167769963,-1.80044866766401
4,240,2,1,126.620187,127.107481,0.427693937093253,-2.09892461207409,-2.75585607896407,-2.77588365817659,-0.90578959975916,-2.24586434924308,-1.47594503799426
4,241,2,1,127.156387,127.643681,0.392945913143092,-2.33823512436401,-2.75118226625044,-2.67666735294708,-0.985770403408237,-2.16223382284597,-1.56809882581287
4,242,2,1,127.681503,128.168798,0.387591765680477,-2.36899146735889,-2.96031366442919,-2.97955610922762,-1.02556104245696,-1.56480087026349,-1.7794885715171
4,243,2,1,128.20674,128.694035,0.441573609242793,-2.45309255509776,-2.71517661661641,-2.87664321321821,-0.861753977241395,-1.64185651562552,-1.67856262233078
4,244,2,1,128.733702,129.220996,0.348206398603022,-2.21288078041101,-2.60098537791725,-2.98644178283588,-1.26726395114636,-1.35952034373819,-2.07557017182418
4,245,2,1,129.26382,129.751115,0.432891731046437,-2.34132173343221,-2.72962921708558,-2.85902381434389,-0.921287565094458,-1.49916861228129,-1.62867550676992
4,247,3,1,130.313282,130.800577,0.481097551448143,-2.74334704773431,-2.89200960898164,-3.09916868972865,-0.794897140484993,-1.49198052016787,-1.57024088829122
4,248,3,1,130.840278,131.327573,0.349969240549824,-2.31302070364474,-2.81430088865525,-2.7490804140515,-1.21098859003986,-1.47041046683399,-1.93598418880345
4,249,3,1,131.3683,131.855594,0.442671760520473,-2.12316777544873,-2.81942698301461,-2.98280884973216,-0.903000597308037,-1.54477987691757,-1.60340259722948
4,250,3,1,131.898867,132.386161,0.41010147021267,-1.89658372955044,-2.58183917365106,-2.57602804714171,-0.961901218420703,-1.75589665901751,-1.69139794808671
4,251,3,1,132.432837,132.920131,0.379876944932996,-2.27874505961005,-2.73452662308993,-3.03964203252801,-1.01340671617751,-1.72305502955506,-1.75369533158979
4,252,3,1,132.956881,133.444176,0.357465939624598,-2.42812633258098,-2.88493423283083,-2.94308446505731,-1.05396341409339,-1.75494016707942,-1.88597039539452
4,253,3,1,133.487293,133.974587,0.443493745760504,-1.84095049868736,-2.92023841093815,-2.9733675116597,-0.965100541719656,-1.45413864866748,-1.68938566604247
4,254,3,1,134.013267,134.500561,0.321971883519562,-2.54762898854807,-3.01539040568587,-3.09460947875216,-1.22641341389651,-1.53415264122255,-2.30252229943794
4,255,3,1,134.538192,135.025486,0.433095895464976,-2.58449960245006,-2.97107289914845,-2.95643863620303,-0.900467681876623,-1.66086522213921,-1.51571458532738
4,256,3,1,135.063255,135.550549,0.345683926381026,-2.19504874520576,-2.5200521234399,-2.99730702475851,-1.13269766479922,-1.94687618746575,-1.78080642211748
4,257,3,1,135.586607,136.073901,0.295019546684523,-2.25416760372172,-2.59332020149714,-2.75876565077532,-1.33909127901225,-1.80297478287991,-2.01438523106714
4,258,3,1,136.116847,136.604141,0.433617481439876,-1.99011782741575,-2.56661957675992,-2.67227409113889,-0.975094697076466,-1.36403390972733,-1.82243753210096
4,259,3,1,136.642995,137.130289,0.460015692333346,-1.79211602442474,-2.72785493932472,-2.85787874075395,-0.91812919405661,-1.34958645413347,-1.71162768339267
4,260,3,1,137.165364,137.652658,0.31857084703756,-2.09176202435661,-2.57853015024495,-2.47867542224672,-1.28016665849728,-1.78482935253837,-1.88866098109656
4,261,3,1,137.692993,138.180287,0.357412428695407,-2.39681301765679,-2.26398069219633,-3.18906046678921,-1.16270327802051,-1.57196869059842,-1.73809110304849
4,262,3,1,138.215758,138.703052,0.372566223186085,-2.25312002257487,-3.01218890365083,-2.7594725451786,-1.05362805187372,-1.64895128093162,-1.8348173844085
4,263,3,1,138.74043,139.227724,0.428420055607637,-2.37393882165143,-2.78181890908346,-3.07053790163988,-0.947305393685605,-1.46866894445126,-1.64044580104903
4,264,3,1,139.265629,139.752923,0.348271914139077,-2.19934070668705,-2.72912934616569,-2.54864728375848,-1.11837005946738,-1.87946507335633,-1.81978944148477
4,265,3,1,139.795787,140.283081,0.357333007306233,-2.50829714079447,-2.66664267123003,-3.02988100134735,-1.20917836837938,-1.34027628413851,-2.06724748296938
4,266,3,1,140.31849,140.805784,0.331547165348483,-2.27642370883385,-2.57707168659371,-2.65340445468511,-1.19420988199385,-2.01926993520873,-1.69425547137142
4,267,3,1,140.843479,141.330774,0.426903479119073,-2.16760111633954,-2.89291376279667,-2.61700335437536,-0.921092679851559,-1.51712547909834,-1.89656532661394
4,268,3,1,141.371707,141.859001,0.472445056886525,-1.94051971578198,-2.68674985501739,-2.8052622436032,-0.836831245452575,-1.69205500868991,-1.52023670804723
4,269,3,1,141.894933,142.382228,0.458665887446095,-2.38457735834299,-2.89767173633458,-2.90205088800605,-0.84882273158653,-1.51362269407326,-1.60228981091448
4,270,3,1,142.416213,142.903508,0.521942045344079,-2.2822487740248,-2.70782712973586,-2.92664762426642,-0.714920932151687,-1.53464790429282,-1.45289421914157
4,271,3,1,142.941328,143.428622,0.329819846089591,-2.26472800724863,-2.42999830716311,-2.70825691655093,-1.18867374589421,-1.81708728384263,-1.96586777819068
4,272,3,1,143.468919,143.956213,0.455330845233459,-2.13487257501289,-2.85365424412511,-2.68790100036498,-0.880391033835697,-1.59537236321227,-1.50852348966921
4,273,3,1,143.998403,144.485697,0.420602341295188,-2.24382497557854,-2.98156679839492,-2.7760435543004,-0.936463300661498,-1.73037749274986,-1.56945606682708
4,274,3,1,144.529636,145.01693,0.37154756601914,-2.16387092455624,-2.38374272564972,-2.55888683347122,-1.12664106896577,-1.53634770231754,-1.83858491957227
4,275,3,1,145.053212,145.540506,0.440299818839921,-1.95194872222805,-2.31408690898533,-2.66615680832769,-0.887685670468973,-1.9350969855545,-1.55686441732338
4,276,3,1,145.578766,146.06606,0.432299956400858,-1.3826251395855,-1.85494080274717,-2.34790336720822,-1.14349724122284,-1.4388867090677,-1.85958507304708
4,277,3,1,146.103196,146.59049,0.40881602975437,-1.50258358606392,-2.1746444086057,-2.47651295489155,-1.05600017532248,-1.72248631862534,-1.83676991791972
4,278,3,1,146.629744,147.117038,0.361169192586569,-2.12569386481986,-2.71771189303237,-2.85335149571787,-1.17040293471804,-1.4145583484882,-2.03353388014311
4,279,3,1,147.156117,147.643411,0.422225427194306,-2.17467885794912,-2.21654371126237,-2.46302663263389,-0.959309316383941,-1.6786396964161,-1.61434882131056
4,280,3,1,147.683016,148.17031,0.387495817544963,-1.65880327257788,-2.32820759368322,-2.48662039612212,-1.07606731023108,-1.7423787192561,-1.86119212088987
4,281,3,1,148.207039,148.694334,0.398597119755502,-1.95261870201457,-2.31541674094486,-2.53918133460847,-1.00619640624186,-1.83094501123338,-1.75719442185598
4,282,3,1,148.730588,149.217882,0.357044671087904,-1.86484025791334,-2.37933914750136,-3.05261797060855,-1.18265974660536,-1.71985113920988,-1.88786297359378
4,283,3,1,149.261636,149.74893,0.445442139219476,-1.88365780899641,-2.28302633559741,-2.53119284107693,-0.886180952624731,-1.7528627444636,-1.6422002956631
4,284,3,1,149.787014,150.274308,0.364817374995481,-2.13104805303939,-2.63639857931838,-2.71515715696635,-1.1992769422731,-1.47852059476835,-1.82853323503634
4,285,3,1,150.312701,150.799995,0.425702111467859,-2.20005533767097,-2.60917452046422,-3.18330623885439,-0.910157093121625,-1.75184198089092,-1.67516084083866
4,286,3,1,150.836035,151.323329,0.424969593351908,-2.04474221183298,-2.57726949959492,-2.89470086612958,-0.942068079271171,-1.60887684693621,-1.69014278267027
4,287,3,1,151.359647,151.846941,0.418063851690355,-1.70309162629977,-2.58179528751337,-2.83585891614391,-1.00745498813905,-1.69166124749664,-1.67454450507708
4,288,3,1,151.886388,152.373682,0.452779104750505,-2.27239133448267,-2.55221486024525,-2.70457522250569,-0.862663899131826,-1.54992141594508,-1.6736550506161
4,289,3,1,152.412596,152.89989,0.368465020095124,-1.85522469567782,-2.53615916415159,-2.61045624425325,-1.13832080755148,-1.53420899558074,-2.10325538613803
4,290,3,1,152.939273,153.426567,0.374877555816257,-1.71655111468606,-2.34938756742819,-2.5335239668966,-1.26777810788602,-1.39130494718189,-1.91721959096553
4,291,3,1,153.464975,153.952269,0.447904756114172,-1.94225296688632,-2.37789392856208,-2.79107858131959,-0.860083451426568,-1.83378819721567,-1.62118797426137
4,292,3,1,153.994761,154.482055,0.350603335602944,-2.22172231203426,-2.49091168155055,-2.78850577062108,-1.0981338011112,-1.79158620909182,-2.05030476864455
4,293,3,1,154.518954,155.006248,0.492761253367572,-1.91751213808094,-2.52615333826611,-2.82625569189127,-0.765390434592634,-1.7103785166825,-1.54734924395025
4,294,3,1,155.040966,155.528261,0.447877603121644,-2.02116477352844,-2.82598003877493,-2.71389346292619,-0.866100946959809,-1.69463849954994,-1.64937197421769
4,295,3,1,155.569108,156.056402,0.364006927632017,-2.05148215494418,-2.72842086683268,-2.68696532526914,-1.15948383392853,-1.54502671048485,-1.87170318254239
4,296,3,1,156.093285,156.580579,0.487539753278513,-2.29339823946875,-2.63629669037617,-2.92487497024383,-0.785628086412296,-1.56664730498298,-1.49882612115112
4,297,3,1,156.620005,157.107299,0.475721016316609,-2.31885721837427,-2.8649243122034,-2.83907002069844,-0.817569449467564,-1.45225423972084,-1.63303350905968
4,298,3,1,157.145083,157.632378,0.447255731303637,-1.98865762836069,-2.56623610101282,-2.64807466869722,-0.925231244116966,-1.50730733246747,-1.66294179049835
4,299,3,1,157.669741,158.157035,0.382835526561286,-1.90909765876827,-2.5438901599056,-2.88861759332311,-1.05668529421412,-1.74187185252271,-1.83136269705316
4,300,3,1,158.192369,158.679663,0.451494498833499,-2.24246171660506,-2.54364530764579,-2.87498262202652,-0.895729460279386,-1.4708838268411,-1.62566446051111
4,301,3,1,158.715709,159.203003,0.328150515334216,-2.49100178859783,-2.65405692861498,-2.81237163416082,-1.22662405076334,-1.61923920808832,-1.95667740142808
4,302,3,1,159.240062,159.727356,0.39646501137361,-2.29946731077098,-2.51014729658391,-2.84266379339695,-1.00410513798025,-1.59992229065332,-1.78474540029637
4,303,3,1,159.766171,160.253465,0.410837228478856,-2.19564899632807,-2.41778293530804,-2.7831910491133,-0.956211350596108,-1.6000332537089,-1.83977241296587
4,304,3,1,160.288575,160.775869,0.36625624772604,-1.89484429178816,-2.4109760226589,-2.71968568806219,-1.23833891755592,-1.44679645747198,-1.86006647812078
4,305,3,1,160.811219,161.298513,0.312719694730054,-2.06728089964383,-2.44729825236198,-2.81576169319609,-1.23703431455429,-1.91600304936747,-2.12272869940111
4,306,3,1,161.335939,161.823233,0.277419069433003,-1.99082131968111,-2.61081658879511,-2.6708866720785,-1.41186368974026,-2.20995162653099,-1.96709365978885
4,307,3,1,161.861796,162.349091,0.337323527010938,-2.32843305235245,-2.36060986849002,-2.68826015934828,-1.19163058723801,-2.29194126246094,-1.71021796573971
4,308,3,1,162.387092,162.874387,0.370124227755394,-2.34345004294451,-2.74467918220826,-2.54874225696278,-1.09091585556759,-1.52548910453229,-1.90677146851671
4,309,3,1,162.915851,163.403145,0.311130762682534,-2.29669907256695,-2.55368334378452,-2.8639629247915,-1.30148661488448,-1.71264225269965,-2.03235271188396
4,310,3,1,163.440836,163.92813,0.336478638578296,-2.28777655863901,-2.73245702350715,-2.80832028520088,-1.16933431152179,-2.15535345706166,-1.650339525535
4,311,3,1,163.970995,164.458289,0.304968835749895,-2.08470822709536,-2.71200116573754,-2.82467336673459,-1.28104870682856,-1.71061905950144,-2.26497088034406
4,312,3,1,164.494483,164.981777,0.374098074359707,-2.55210404849859,-2.7066157138156,-2.89786907814593,-1.11113481590377,-1.40788972257398,-1.92272546784606
4,313,3,1,165.019088,165.506383,0.355087898127094,-2.39810373231251,-3.06767416615324,-2.86409861556122,-1.12445144797831,-1.60189924433091,-1.86028751528207
4,314,3,1,165.547471,166.034765,0.443905013120575,-2.62134534337691,-2.80986814692809,-2.92892957060252,-0.866510110199278,-1.66611082256341,-1.54089140497424
4,315,3,1,166.073063,166.560358,0.321641119216018,-2.50471860210691,-2.73363729904577,-2.94844901730294,-1.17928058347314,-1.95678072735024,-1.85148241800708
4,316,3,1,166.597697,167.084992,0.370516832212765,-2.75346122481029,-2.84008633396253,-2.91613859843536,-1.06656380496345,-1.63129437726783,-1.71297716017416
4,317,3,1,167.124652,167.611946,0.392971638297913,-2.38837722919938,-2.93249413743137,-2.85246963069385,-1.08451219723403,-1.44058107116491,-1.76444400305331
4,318,3,1,167.648826,168.136121,0.457540188458569,-2.00141618396399,-2.8482913153885,-2.85053862778046,-0.876756228065598,-1.60874954170531,-1.51481236703381
4,319,3,1,168.173219,168.660513,0.327915980311793,-1.97687156129752,-2.93016353962688,-2.86545038615081,-1.25692962468533,-1.96262990029597,-1.90238578372725
4,320,3,1,168.699454,169.186748,0.360179172711247,-2.39034425890779,-2.92519088731639,-2.82780678585796,-1.12331990098935,-1.54744897599334,-1.89154753917721
4,321,3,1,169.225463,169.712757,0.292431676134718,-2.36525030033542,-2.67681307867418,-2.93709800786919,-1.45674268035502,-1.69363272195345,-2.18099139292019
4,322,3,1,169.752937,170.240231,0.415816514834464,-2.13367777463614,-2.84811572081666,-2.89715006385534,-0.995622871335039,-1.39076704259267,-1.86008824197225
4,323,3,1,170.276903,170.764197,0.368048468548813,-2.32417338031214,-2.80897981794052,-2.91849884967164,-1.05789937690168,-1.82038666171311,-1.79529890082987
4,324,3,1,170.804746,171.292041,0.364547102299519,-2.42628992959069,-2.81494382280899,-3.13629865039911,-1.10146806743547,-1.53349442477952,-1.95205956293545
4,325,3,1,171.329607,171.816901,0.417807469706481,-2.13586990445677,-2.86800965447389,-2.93163906402435,-0.947155604831324,-1.67328202503829,-1.63079064742981
4,326,3,1,171.854,172.341294,0.409885229242568,-2.41991417893174,-2.9461849057807,-3.10330049430724,-0.933237319450277,-1.82667599753736,-1.58782339822825
4,327,3,1,172.37757,172.864864,0.457059180528956,-1.67176009574242,-2.76583055065816,-2.81665634020086,-0.912332944837338,-1.59490990978493,-1.64056202136645
4,328,3,1,172.910801,173.398095,0.429802804889636,-2.27488978372833,-2.93329355906598,-2.80161143718798,-0.912865479971113,-1.80973205522769,-1.53851265049098
4,329,3,1,173.435731,173.923026,0.448679013435693,-1.71266499003296,-3.03573041907994,-3.18901239248,-0.896510093393957,-1.7928741625371,-1.53822012913672
4,330,3,1,173.963174,174.450468,0.412952977221211,-2.28727551106609,-3.04956683635925,-2.87179490685643,-0.972855081028394,-1.68990994847115,-1.61066913374184
4,331,3,1,174.489611,174.976905,0.397513137178439,-2.43978739732076,-2.96933917870193,-2.8539638425338,-1.06558776792498,-1.44640190167712,-1.80562167998562
4,332,3,1,175.014373,175.501667,0.308637323821805,-2.2306543017208,-2.94547851329956,-3.07048176113472,-1.25002970265532,-1.98927448064662,-1.88541307047618
4,333,3,1,175.547289,176.034583,0.312770015654033,-2.27332073031571,-2.66113203708945,-2.82882653331038,-1.31692631059707,-1.62711134907819,-1.97532585586485
4,334,3,1,176.074191,176.561485,0.352714914625669,-1.83079603209067,-2.44038095035054,-2.9165463208924,-1.21762597935447,-1.53633498749268,-2.02834073276272
4,335,3,1,176.60089,177.088184,0.378977016535032,-2.01370340989132,-2.93297260282513,-2.80502413112154,-1.08625106969764,-1.5167893399827,-1.92888648325669
4,336,3,1,177.124886,177.61218,0.357474883358621,-2.2519838225612,-2.48818751527795,-2.88314656606413,-1.13489702212842,-1.72336612998309,-1.7562204853069
4,337,3,1,177.649901,178.137195,0.340942115436613,-1.76856216851539,-2.79800834692848,-2.93490889780821,-1.20974380083054,-1.74977536735722,-1.89273635244032
4,338,3,1,178.174827,178.662122,0.45068796278308,-1.97166123622078,-2.7127873758669,-2.78396089266868,-0.889190566527073,-1.48491767128067,-1.68530869155402
4,339,3,1,178.699627,179.186921,0.461524434641025,-1.8490449053099,-2.87352805801294,-2.90760099992369,-0.865844340635575,-1.52791626819146,-1.6044654817718
4,340,3,1,179.224947,179.712241,0.389791555617221,-2.09091952634561,-2.90776257170648,-3.00893591176618,-1.05676974676012,-1.87004270928756,-1.64913433320994
4,341,3,1,179.752386,180.23968,0.407459260660028,-2.38830332623034,-2.78523115716654,-3.2075363833707,-1.00626826031045,-1.59876060587827,-1.72193637079249
4,342,3,1,180.274953,180.762247,0.496875548649762,-1.95230621948985,-2.95259911889775,-3.23502588489229,-0.828873538002654,-1.5694577985518,-1.50392008368371
4,343,3,1,180.800119,181.287413,0.2783794551298,-2.51918522637153,-3.06437406430624,-3.03295327066299,-1.37028598838204,-1.98844026344875,-1.93753418321062
4,344,3,1,181.324594,181.811888,0.385759487806096,-2.23298967283028,-2.9265257509024,-2.79261204406642,-1.02660395488572,-1.75922948559608,-1.64814939637432
4,345,3,1,181.849676,182.33697,0.276851748409192,-2.06907224725732,-2.81159483794427,-2.90375574616403,-1.45634026671183,-2.01269464323835,-1.95616280184054
4,346,3,1,182.374592,182.861886,0.438822473789282,-1.65280452388637,-2.60957836565087,-2.56520510873006,-0.913737141127805,-2.09348731404178,-1.51632883725178
4,347,3,1,182.897894,183.385188,0.31762713747108,-1.86525519747827,-2.65890180731401,-2.40717392806515,-1.27870600900776,-2.07885831874153,-1.80124591405635
4,348,3,1,183.425129,183.912424,0.475357557208443,-1.97839404218114,-2.92034757757166,-2.42712739571976,-0.799631924402398,-1.90390233410517,-1.44722963345647
4,349,3,1,183.955695,184.442989,0.353888646115947,-2.1442120518681,-2.89559775463507,-2.71404123747709,-1.11938348746253,-1.84682118358166,-1.71391503516165
4,350,3,1,184.48094,184.968234,0.437101442759138,-1.66910108968367,-2.99688044905689,-2.56778603471294,-0.94471114907808,-1.70861842564994,-1.59434304058709
4,351,3,1,185.004326,185.49162,0.459761773509154,-1.81042865214525,-2.70466617518328,-2.92921971726954,-0.880130625222474,-1.55585998247667,-1.58913028435205
4,352,3,1,185.527628,186.014922,0.414050849817418,-2.00531609485266,-2.45693105336172,-2.67119129222995,-1.01342553336531,-1.68652206189094,-1.68084231433353
4,353,3,1,186.057005,186.5443,0.404866216804125,-2.17794326624079,-2.35706599833276,-2.56697007750079,-1.02383561190869,-1.73470747628814,-1.60440244427563
4,354,3,1,186.579689,187.066984,0.362972262790342,-2.5755275699548,-2.49511960119915,-3.00439220893863,-1.15588461031372,-1.4181401630788,-1.94530437714105
4,355,3,1,187.103706,187.591001,0.395387087225902,-2.47050396880817,-2.84813081866115,-2.88197447953276,-1.00890516408928,-1.52017050411922,-1.78647829512251
4,356,3,1,187.628571,188.115865,0.35878841586718,-2.3666429949895,-2.87329671157279,-2.8058456615608,-1.09449261797288,-1.79676462406063,-1.71194860566919
4,357,3,1,188.150386,188.637681,0.405832381535119,-2.38028913372295,-2.9774952079278,-2.95465323585092,-0.954510243161829,-1.69539916484203,-1.64077123567859
4,358,3,1,188.675943,189.163237,0.417113736204447,-2.03726075975788,-2.93956697983499,-3.05147506664414,-0.963598450927143,-1.68718487648421,-1.63577262117519
4,359,3,1,189.199367,189.686661,0.396019431446018,-2.095590331759,-3.06019035560491,-2.52067801504854,-0.998709842030076,-1.74764616861702,-1.66065344826221
4,361,4,1,190.251021,190.738316,0.422169919840507,-2.26891538740348,-2.83708598219272,-2.75574602444301,-0.917025976818332,-1.8338639108455,-1.56397402198582
4,362,4,1,190.777871,191.265166,0.440042497496603,-2.25533033843073,-2.78449071808876,-3.0176128736758,-0.897092905387196,-1.6590892805979,-1.5593520103247
4,363,4,1,191.303556,191.790851,0.419430168302657,-2.17594209398732,-2.97191823347432,-2.89289388987028,-0.939462721423623,-1.75609333097669,-1.57704686844252
4,364,4,1,191.833347,192.320641,0.393324912294318,-1.87303829308241,-3.16539373033854,-2.88408845764273,-1.06440982029341,-1.69764576587628,-1.67383190924831
4,365,4,1,192.358119,192.845414,0.469049655681408,-2.22608315434612,-2.80273229722579,-2.90386882682229,-0.822025392956889,-1.60921402257522,-1.57594563427671
4,366,4,1,192.878636,193.365931,0.428464698501501,-2.12701888102897,-2.68664262320704,-2.74170721868938,-0.92185107533243,-1.68786150417811,-1.58603487961862
4,367,4,1,193.405081,193.892375,0.376400168553367,-2.17603195590098,-2.76899687375449,-2.73103155355509,-1.10723885194396,-1.56291764127954,-1.73198042045235
4,368,4,1,193.931435,194.418729,0.460525202945623,-2.30443232950272,-2.9103067806739,-2.93975984796613,-0.839438225721901,-1.64496168754484,-1.57163301900254
4,369,4,1,194.456677,194.943971,0.378734398958605,-2.09833383530201,-2.67661516149749,-3.01251450372085,-1.05133343921966,-1.85716616943076,-1.65938942125548
4,370,4,1,194.981383,195.468677,0.396809688178575,-2.25662582213689,-2.69908148754108,-2.76253150354968,-1.03783675931461,-1.6402878129471,-1.67067726537654
4,371,4,1,195.50508,195.992374,0.437433154067151,-2.01432580673847,-2.63568931783809,-2.87222229678506,-0.912184682507797,-1.78715618578766,-1.56120052326754
4,372,4,1,196.031625,196.518919,0.416965011449971,-2.44638891961342,-2.97421093889559,-3.00259892657606,-0.937218272550778,-1.69932848257413,-1.59662831838907
4,373,4,1,196.561493,197.048787,0.493515166771386,-2.25412509193886,-2.86773658574295,-2.78869505499247,-0.769852034944041,-1.53511612693834,-1.50058748735796
4,374,4,1,197.086815,197.57411,0.430583448207959,-2.26024999852127,-2.57656382273464,-2.54979345838882,-0.900271247000749,-1.99648282320181,-1.51388746064617
4,375,4,1,197.612881,198.100175,0.349906557583451,-2.10019974397216,-3.13745600537781,-2.84155102780169,-1.1408119349603,-1.74685289845293,-1.79523909487464
4,376,4,1,198.138901,198.626195,0.396266766324059,-2.25419628398733,-2.64565728623018,-2.69802213817748,-1.02470193839816,-1.5952130712917,-1.71502569413568
4,377,4,1,198.661318,199.148612,0.326701984369537,-2.40734745567863,-2.7892248719244,-2.7851013656366,-1.30491661545501,-1.4733907953502,-2.04146615358922
4,378,4,1,199.184768,199.672063,0.294772466076304,-2.42788633641544,-2.75433504504711,-2.84073102458508,-1.28404188303287,-2.27414982035545,-1.76775507563034
4,379,4,1,199.711276,200.19857,0.370811123712608,-2.42230684959841,-2.53078173496471,-2.96065686016916,-1.08456153968765,-1.5402655218821,-1.93670754628375
4,380,4,1,200.237587,200.724882,0.463054616450713,-2.44778750534536,-2.49210389571554,-2.74904154295517,-0.832016249122651,-1.65223659469077,-1.5097671190754
4,381,4,1,200.765049,201.252343,0.434849988319993,-2.48026327114351,-2.74253860155344,-2.90986927012844,-0.900662030531649,-1.55165449875556,-1.64718142610054
4,382,4,1,201.295211,201.782505,0.370386205964844,-2.31952497812155,-2.84934590711625,-3.04026042783131,-1.02822571927266,-2.01377682027094,-1.65053562632685
4,383,4,1,201.821945,202.309239,0.387930481101569,-2.44523787621563,-3.25512322435467,-3.11689563483432,-1.09651561744842,-1.30293052275154,-2.15236906522881
4,384,4,1,202.345567,202.832861,0.381238008025875,-2.41241654442528,-2.98308747483793,-3.17122127861962,-1.03722324979314,-1.59126775778594,-1.76806143768224
4,385,4,1,202.869002,203.356296,0.352627657107524,-2.47049577124861,-2.84795815026234,-2.82092629925096,-1.12222363426839,-1.72231908504991,-1.77893751910412
4,386,4,1,203.392956,203.880251,0.38768673727234,-2.09697570305088,-2.74717466153994,-2.70120589199117,-1.00532647255943,-1.99528483759337,-1.62028875687445
4,387,4,1,203.917103,204.404398,0.37312558734573,-2.71246339617403,-2.49460246106249,-2.92747197700273,-1.04390889040418,-1.92570437672182,-1.66559201613263
4,388,4,1,204.445039,204.932333,0.412488425995271,-2.16492830673036,-2.494229828005,-2.75580768993346,-0.974001867492692,-1.56989191169228,-1.76202372817613
4,389,4,1,204.969397,205.456691,0.406943966852495,-2.2565136453072,-2.52247622376487,-2.63219564189259,-0.99928978658056,-1.67092010679287,-1.63250246982688
4,390,4,1,205.492991,205.980285,0.386797930424952,-1.86286064432619,-2.0601996362858,-2.33734152753995,-1.07137945744928,-1.95762254125341,-1.68421878778652
4,391,4,1,206.016712,206.504006,0.45642849852737,-2.21235613759757,-2.753906381415,-2.75046318100768,-0.864294619799028,-1.60736767728139,-1.53299843970972
4,392,4,1,206.547901,207.035195,0.413218246935372,-2.44771003756042,-2.67307852730803,-2.92648889709846,-0.928166060746792,-1.88092951158153,-1.59208004211047
4,393,4,1,207.075448,207.562742,0.329682563566568,-2.29814040620919,-2.74547615754185,-2.76751290621013,-1.23572261052103,-1.65548179150021,-1.84703166636358
4,394,4,1,207.598853,208.086147,0.407327737140309,-1.96121553930484,-2.70487748453,-2.89778744308788,-0.999760699975941,-1.8375509083703,-1.62515666668658
4,395,4,1,208.121547,208.608841,0.410116668264689,-2.07156435233223,-2.88596643570016,-2.7330051275599,-0.971316839965936,-1.81500485911647,-1.59515853677865
4,396,4,1,208.648318,209.135613,0.376384558414269,-2.34897636925454,-2.86917023649506,-2.98805053055795,-1.05370219662024,-1.81386419650439,-1.65922200735759
4,397,4,1,209.175723,209.663017,0.279813324443958,-2.32944870518637,-2.77305506338353,-3.00392607740893,-1.3328666434698,-1.94221922385104,-2.04157370571202
4,398,4,1,209.699767,210.187062,0.323983000956814,-2.15332856303336,-2.476216818433,-2.74859313370679,-1.28694482535318,-1.52274261372025,-2.13423530314429
4,399,4,1,210.230912,210.718206,0.425084046501284,-1.8095716441936,-2.46717363107364,-2.67376820741181,-1.00327917726952,-1.4137864192857,-1.78155757209058
4,400,4,1,210.760247,211.247541,0.318055710452453,-2.34057450491461,-2.54061657907776,-3.02380059025558,-1.26430390556471,-1.71631649898028,-1.92983734482629
4,401,4,1,211.292999,211.780293,0.313262067998385,-2.44168059584162,-2.76161120307929,-2.98648875977162,-1.40805604679246,-1.47748758591976,-1.98807724350301
4,402,4,1,211.818809,212.306103,0.31547611066665,-2.60148477052752,-2.68077272342717,-2.86495041779921,-1.29846843046674,-1.65718121097057,-1.95266999397111
4,403,4,1,212.342775,212.83007,0.373330799046207,-2.41784574733213,-2.63171588813959,-2.79010998755881,-1.10921032123617,-1.57626212749037,-1.87682717393444
4,404,4,1,212.867904,213.355198,0.369144748383492,-2.33950330182896,-2.73740085775486,-2.80218042416596,-1.08226096283481,-1.5851412221515,-2.01909991593177
4,405,4,1,213.40123,213.888524,0.362776238641896,-2.2885780925429,-2.68623362882321,-2.94373761750153,-1.22352865163535,-1.35380942445235,-2.01950249185632
4,406,4,1,213.92382,214.411114,0.425394226279315,-2.05248535211659,-2.86082017657487,-2.76259601305714,-0.919252760135893,-1.66523030589115,-1.62229431175916
4,407,4,1,214.450332,214.937627,0.350239422307795,-2.33784118112862,-2.84337376001806,-3.03943988150137,-1.19393652890808,-1.53005647409184,-1.89346928434126
4,408,4,1,214.980724,215.468018,0.290336554858835,-2.53606445470565,-2.65608814630274,-2.78057354145551,-1.35856279682104,-1.8981457281625,-1.88631630544416
4,409,4,1,215.505151,215.992445,0.314721109607412,-2.41968101546734,-3.00346293828407,-3.04748744210672,-1.32456178684285,-1.4999276741251,-2.19305402249354
4,410,4,1,216.026737,216.514031,0.419717031732734,-2.54362344594566,-2.81093661015473,-3.13047503337991,-0.98636031928057,-1.40938177275036,-1.66868599559788
4,411,4,1,216.556592,217.043887,0.329118886148612,-2.43119939212403,-2.61561594126494,-2.84722187527203,-1.18411200870168,-1.81434211650733,-1.82668131086813
4,412,4,1,217.081105,217.5684,0.389445908969126,-2.37991800194746,-2.86329634233794,-2.72791490550292,-1.03666570995799,-1.51363768597598,-1.81919634239822
4,413,4,1,217.605782,218.093076,0.352550439064756,-2.22369080164198,-2.76108269094586,-2.62324340983578,-1.1423220517347,-1.60183528731794,-1.92048833629029
4,414,4,1,218.131447,218.618741,0.372633529433794,-2.24022387219745,-2.30062016560183,-2.76744783155092,-1.10511640834855,-1.52690256578473,-1.85967886162598
4,415,4,1,218.658079,219.145374,0.447057710659192,-1.61536070145521,-2.00677318209093,-2.25414080264929,-0.974826891406364,-1.52044396457998,-1.70316690920622
4,416,4,1,219.183175,219.67047,0.398380446874005,-1.9760769708776,-2.32736875760079,-3.02871039980042,-1.04382975763759,-1.5532040555725,-1.70961074356504
4,417,4,1,219.70664,220.193934,0.431939620835937,-1.8947152633078,-2.57143559250169,-2.92365230123923,-0.928320069555148,-1.69800225999896,-1.62952001781388
4,418,4,1,220.23252,220.719814,0.34626724628555,-2.29330157445256,-2.66634288729321,-2.77034224286447,-1.16999011881736,-1.8324082370102,-1.65371863408383
4,419,4,1,220.753812,221.241106,0.339877396580588,-2.35539021171122,-2.6313595224013,-3.08164963265231,-1.20779460760343,-1.73327861903379,-1.7080701303341
4,420,4,1,221.283846,221.77114,0.389601965019441,-2.05321008333806,-2.45230394798114,-2.58729078863993,-1.03283368390763,-1.6482573568211,-1.75754412900552
4,421,4,1,221.815461,222.302755,0.406480006708061,-1.90436223796598,-2.28857866143171,-2.56310377005688,-1.06200758613433,-1.40728164388563,-1.82155310694251
4,422,4,1,222.341023,222.828317,0.385178867930496,-2.30017153362019,-2.51382681868978,-2.91330136110785,-1.02487600247793,-1.63241760416893,-1.74351894660873
4,423,4,1,222.863308,223.350602,0.361911711180064,-2.30617648025639,-2.78407188195024,-2.94250292840187,-1.12008261259823,-1.51905362266771,-1.8412019106076
4,424,4,1,223.385569,223.872864,0.373974095687169,-1.74162467510762,-2.35615673502125,-2.30808850929548,-1.16437946607961,-1.55703705267483,-1.93304676834915
4,425,4,1,223.911086,224.398381,0.383248692607356,-2.25029232542889,-2.47226845882078,-3.08482050454614,-1.0537034924058,-1.66205555892222,-1.67570592072553
4,426,4,1,224.438277,224.925572,0.387613632217257,-1.88246142179982,-2.97578143977274,-3.00212947139872,-1.03341346287051,-1.75031223472645,-1.69579249300513
4,427,4,1,224.966517,225.453811,0.356829860485075,-2.58426758429419,-2.79795106254474,-2.7511280866638,-1.12891540997388,-1.6109705540212,-1.78196485815449
4,428,4,1,225.494957,225.982251,0.392631299780955,-2.59590673603498,-2.64168015125759,-2.95402354830318,-0.998073552949859,-1.78012200323522,-1.58475130130713
4,429,4,1,226.023099,226.510393,0.403617363426745,-2.47258367016313,-2.96523923166019,-2.90829864777733,-0.955973124797822,-1.65373308147065,-1.67082522800447
4,430,4,1,226.54796,227.035254,0.437188348248113,-2.21885714068994,-2.5235995625024,-2.82321549312933,-0.902049939269124,-1.58096867185681,-1.62387562953731
4,431,4,1,227.073241,227.560535,0.342121260296989,-2.0559974108707,-2.28853339091229,-2.78403158789828,-1.16625611172888,-2.30050264536316,-1.72701476599874
4,432,4,1,227.607165,228.094459,0.34477276341694,-2.15785898879388,-2.68821825033598,-2.87319469082138,-1.14609279625757,-1.75836195454885,-1.97445567678129
4,433,4,1,228.139364,228.626658,0.312136223793517,-2.33696437905162,-2.58704604075836,-2.92085124084566,-1.25778094310482,-1.98784474845808,-2.00562620236602
4,434,4,1,228.67205,229.159345,0.386440066090968,-2.20259679838345,-2.57775138598641,-2.7560348306539,-1.01881636719872,-1.80023920562,-1.76740478310747
4,435,4,1,229.196658,229.683953,0.356619350807056,-2.130119568539,-3.05552793883244,-2.51328066194769,-1.14871990383909,-1.60182116478569,-1.87457529354486
4,436,4,1,229.723331,230.210626,0.398507398916596,-2.27466598163611,-2.76369037089435,-2.66919503397304,-1.01622917628228,-1.56170720170378,-1.72276241795275
4,437,4,1,230.246738,230.734032,0.377512557318397,-1.95223210491852,-2.5099494856796,-2.49711688715744,-1.11191455948903,-1.56101874445085,-1.81058109042125
4,438,4,1,230.770018,231.257312,0.373675277579165,-2.19532812110684,-2.84164725976218,-2.94755390048241,-1.09649014433369,-1.60420432222987,-1.76390824038256
4,439,4,1,231.298065,231.78536,0.371669515417114,-2.16909931728158,-2.77459061111613,-2.72642746032371,-1.07542557357902,-1.7515998858577,-1.76092839075655
4,440,4,1,231.826669,232.313964,0.434903212805349,-2.35603627131424,-2.89822501455673,-2.75674593952679,-0.944142058869404,-1.43596191400199,-1.64447728576623
4,441,4,1,232.355771,232.843066,0.319923899341974,-2.37621568775645,-2.94226183362541,-2.96856691536609,-1.34010394115254,-1.40052463586305,-2.15599745794426
4,442,4,1,232.879815,233.367109,0.352481901368443,-2.20269616742965,-2.4834614838842,-2.83241162745896,-1.14649640685147,-1.51093077667145,-2.15413571433474
4,443,4,1,233.406697,233.893991,0.351727905115238,-2.46067037444624,-2.71366305218791,-2.97596978060964,-1.12075420829295,-1.61068062106734,-1.96699604989812
4,444,4,1,233.935144,234.422438,0.340699627821591,-2.55824935689615,-2.6880911149368,-2.82667991139047,-1.21011546180012,-1.58148527744905,-1.74841152501329
4,445,4,1,234.462734,234.950028,0.354899910961523,-2.55493556332067,-2.70673587081991,-2.70242556462716,-1.0852691065431,-1.85129889294746,-1.74714020352741
4,446,4,1,234.987132,235.474426,0.490306149568247,-2.20270832401558,-2.98141894816962,-3.13834497665037,-0.763507507614666,-1.66777297318336,-1.47173088137075
4,447,4,1,235.516484,236.003779,0.406795858360497,-1.91212299843215,-2.54233655657812,-2.80634702850353,-1.03992429124217,-1.49727044322984,-1.78083087108405
4,448,4,1,236.042495,236.529789,0.432776850327146,-2.01615745818031,-2.73802546701002,-2.73479610109882,-0.948339496678126,-1.35381318177431,-1.93199587152062
4,449,4,1,236.568795,237.05609,0.388789180864188,-1.90452932901496,-1.90017349509378,-3.05098654448908,-1.1642243962077,-1.43346760798856,-1.78686938377117
4,450,4,1,237.095652,237.582946,0.346450947542893,-2.57792063367297,-2.51252638069368,-2.9449628765937,-1.11972523911022,-2.01737159746268,-1.67468073819565
4,451,4,1,237.620811,238.108105,0.401519037707523,-2.51706541910472,-2.8866666102171,-3.00022060317957,-0.991907125637084,-1.58665699923685,-1.62403445216985
4,452,4,1,238.145297,238.632591,0.402387686380234,-2.21264680826273,-2.43066373312549,-2.64267425942099,-0.988179404547461,-1.63774632652822,-1.76453306175118
4,453,4,1,238.667633,239.154928,0.377322138643689,-2.26881762867462,-2.54701723996384,-2.66042103540168,-1.06248111340881,-1.68429751204618,-1.68790562664722
4,454,4,1,239.193474,239.680768,0.386648775037983,-1.69048742318727,-2.43235902007043,-2.26625549133623,-1.13757264028527,-1.53755682462741,-1.82950572237521
4,455,4,1,239.720686,240.20798,0.348507574014422,-1.48853945634327,-2.63053471319906,-2.7700862993205,-1.21547996685092,-2.4884586215649,-1.84931234605564
4,456,4,1,240.249516,240.736811,0.443523546419482,-1.31204652077974,-1.9176694557644,-2.33531815322711,-1.10793466789004,-1.36692846499903,-2.2171008248344
4,457,4,1,240.774586,241.26188,0.365523638794288,-2.06764712292886,-2.46433522229498,-2.94045337332284,-1.13928181920387,-1.54761035978539,-1.90787287832548
4,458,4,1,241.299739,241.787033,0.367975304048915,-2.02633257987494,-2.64106208583909,-2.81942566687601,-1.11204847991936,-1.65450198691126,-1.85004335110227
4,459,4,1,241.826624,242.313918,0.34666790168094,-1.95564372291746,-2.29927956620623,-2.66198887229456,-1.22905728364133,-1.79982173490518,-1.68028862912394
4,460,4,1,242.350675,242.837969,0.395620296032319,-2.24690044769331,-2.59937476580007,-2.91403348668458,-0.986943524556264,-1.61283926047321,-1.87744777000769
4,461,4,1,242.875383,243.362677,0.385924740210465,-2.19589135037629,-2.6797710441964,-2.93381632077015,-1.02983335645371,-1.76002315917659,-1.75109127261271
4,462,4,1,243.40603,243.893324,0.417466341133202,-1.87012887944501,-2.16875396140811,-2.51924564123916,-0.991651317162327,-1.65575586349224,-1.68069670701659
4,463,4,1,243.92986,244.417154,0.371921504130903,-2.00960837722003,-2.24950166258236,-2.53287368087435,-1.10795470855027,-1.52469272114661,-2.06537848072243
4,464,4,1,244.456383,244.943677,0.466429018131361,-2.58997387050674,-2.98539104067325,-2.91392196147548,-0.850095856581662,-1.36930608212942,-1.61513277797685
4,465,4,1,244.980728,245.468022,0.435529855762112,-2.44640279068637,-2.62708278976316,-3.05792797887561,-0.971209674915239,-1.2745927190067,-1.75274796072873
4,466,4,1,245.508059,245.995353,0.381083425450541,-1.55468015180647,-2.37511485402694,-2.74929577424084,-1.23285064472982,-1.46968666308748,-1.84492979101707
4,467,4,1,246.03297,246.520265,0.392193551182975,-1.93569159277337,-2.60991518186385,-2.73470522993074,-1.15351143150819,-1.29055131466641,-1.88055180170338
4,468,4,1,246.564658,247.051952,0.471962603740882,-2.15982001455636,-2.51554471729765,-2.95920244985936,-0.966926161993995,-1.10696198334947,-1.88465197237641
4,469,4,1,247.096256,247.58355,0.473889473230021,-2.01698990079032,-2.80333792846423,-3.13269153057671,-0.846461391056246,-1.55754447068201,-1.48765334677521
4,470,4,1,247.620531,248.107825,0.441206079829069,-1.79150380067739,-2.40649548128486,-2.96176129281396,-1.0004227973245,-1.36217010779713,-1.77778680068071
4,471,4,1,248.14584,248.633134,0.477025794881859,-2.06984170877906,-2.43928717834729,-2.74505346796911,-0.837673009354818,-1.69344615251639,-1.44688553475211
4,472,4,1,248.673566,249.16086,0.298867745186148,-2.16183545812532,-2.71132639543243,-2.90570876091716,-1.29102682601662,-1.91329025604202,-2.09213511958343
4,473,4,1,249.197341,249.684636,0.419426591481747,-2.58038800623446,-2.58507623823097,-2.9877184663977,-0.99071954228532,-1.36845578297553,-1.73825733512117
4,479,1,2,252.345605,252.832899,0.388366026961026,-2.20812103772399,-2.54640698365831,-2.78361031685876,-1.03736081343218,-1.55656766081399,-1.80525815939323
4,480,1,2,252.872136,253.359431,0.422514716368367,-2.01678728266664,-2.5248867842436,-2.82330987336779,-1.01968416187158,-1.44796130788242,-1.65007180514209
4,481,1,2,253.401018,253.888312,0.365449852504246,-2.1824063835424,-2.59753931335777,-3.06145944930475,-1.157328983477,-1.54954226663178,-1.75192044389186
4,482,1,2,253.930565,254.417859,0.448795390643579,-2.45272655216051,-2.61776858037047,-2.87239277919244,-0.878226720352886,-1.62676870592262,-1.53395867751171
4,483,1,2,254.463176,254.950471,0.41883123925798,-2.29337154426868,-2.73440362524895,-2.56312389264784,-0.96711401851346,-1.49915389648359,-1.67009233215979
4,484,1,2,254.985966,255.47326,0.348701366353224,-2.44679708389604,-2.60076725939974,-2.66957792365585,-1.14804518776251,-1.71676690245151,-1.7758456676933
4,485,1,2,255.511971,255.999265,0.448125103860401,-2.12085431546919,-2.62535175539249,-2.85148725904475,-0.970388455806137,-1.26078614495147,-1.73589468602044
4,486,1,2,256.036016,256.52331,0.358178573759811,-2.11132113907218,-2.72463979480101,-2.63967979117477,-1.1564921395306,-1.5705360164082,-1.80864193029538
4,487,1,2,256.563461,257.050756,0.365329850802187,-1.99320549416496,-2.54600691547576,-2.9921302242608,-1.12326878065208,-1.58422703628407,-1.83822087267851
4,488,1,2,257.086006,257.573301,0.447603882923835,-1.74753154718558,-2.00369024379944,-2.35261982832933,-1.01778940369898,-1.27648116679115,-1.79836104129634
4,489,1,2,257.608429,258.095724,0.355968345403451,-2.09244659176346,-2.4617558995642,-2.69251959224917,-1.21433516212054,-1.47421064103236,-1.8761919302683
4,490,1,2,258.131001,258.618295,0.346010992585806,-1.85734460731189,-2.30927174218321,-2.55499486776672,-1.20656490034257,-2.23650401243467,-1.73467004481332
4,491,1,2,258.652892,259.140186,0.411593455909316,-1.84318775698955,-2.60042944878131,-2.82187355016357,-0.981544530823456,-2.32441941986854,-1.52925207282997
4,492,1,2,259.178854,259.666149,0.475921852634798,-2.41762077054893,-2.66160993458079,-2.83612836489024,-0.814091604663831,-1.5222200461091,-1.53175159915174
4,493,1,2,259.703348,260.190643,0.468703619631161,-2.0607194772799,-2.34133635748254,-2.60072928717335,-0.874786488490238,-1.44091865878764,-1.59944195332686
4,494,1,2,260.230151,260.717445,0.47677840377037,-2.3095606930225,-2.77682174781509,-2.82347660249393,-0.817812195240562,-1.66597683836235,-1.44379250284791
4,495,1,2,260.755401,261.242695,0.372929999897919,-1.98909799583836,-2.57380262921737,-2.84953928911661,-1.16695156965876,-1.46987417378105,-1.84877804326865
4,496,1,2,261.286275,261.773569,0.444057146412839,-2.06321067633064,-2.7257724886472,-2.70815067351736,-0.904470129033045,-1.63015143862021,-1.60261245062716
4,497,1,2,261.810437,262.297731,0.413842851873365,-2.14614830206016,-2.66021034948752,-2.7859138504593,-1.00933946600973,-1.45148101039845,-1.72036169789126
4,498,1,2,262.336985,262.82428,0.428775560769264,-2.16559479835005,-2.92933044441376,-2.85306027910974,-0.919314186965311,-1.81518772863328,-1.50637224678733
4,499,1,2,262.861734,263.349028,0.419548657739315,-2.19836690310292,-2.74299255778958,-2.88881486111579,-0.959860788954035,-1.66300626787758,-1.57237347808214
4,500,1,2,263.392188,263.879482,0.319673526550037,-2.37730726101127,-2.87496941779858,-2.93161969659533,-1.2396406870068,-1.62875411261633,-2.01890958545774
4,501,1,2,263.921982,264.409276,0.405507196669726,-2.33514667913041,-2.6377570075289,-2.82049446463726,-0.982076182894843,-1.82271116518952,-1.56017629972554
4,502,1,2,264.44674,264.934035,0.438477957009709,-2.32114702336747,-2.63721216127833,-2.72236913828406,-0.914550087812628,-1.46048833237246,-1.66845829509652
4,503,1,2,264.976427,265.463722,0.41739894083571,-1.88789032525451,-2.36299898790289,-2.99610786428972,-0.979170369410977,-1.5237296596314,-1.76906285084584
4,504,1,2,265.504661,265.991955,0.368704116034684,-1.99417060157815,-2.28797329384916,-2.64010312085868,-1.0888685373385,-1.94272879733911,-1.67518252077575
4,505,1,2,266.03634,266.523634,0.293127800521232,-2.49817832888619,-2.79379779402528,-2.96380372096649,-1.31020547111257,-1.72736342680183,-2.18100153553107
4,506,1,2,266.55976,267.047054,0.44175804465769,-1.94283186414603,-2.7942622270125,-2.79536871005431,-0.912336041301419,-1.61820173108485,-1.59460419977996
4,507,1,2,267.090774,267.578068,0.361577683963609,-2.12640146265816,-2.39936168831946,-2.94469390715412,-1.19062686190164,-1.49037345963754,-1.82247617275006
4,508,1,2,267.614342,268.101636,0.425501154661636,-1.5768946645559,-2.21386523259894,-2.73939020427383,-1.00514782395243,-1.54263953423325,-1.82325753768989
4,509,1,2,268.140503,268.627797,0.324418157316186,-2.23288375311643,-2.54521986749523,-2.8035560750537,-1.298165525849,-1.48300602489757,-2.13796968199713
4,510,1,2,268.664316,269.15161,0.42748750573047,-2.07271106444116,-2.40804484877112,-2.70701878195681,-1.02675026996096,-1.24898924053034,-1.99368116907122
4,511,1,2,269.187102,269.674396,0.403947794811705,-1.84590212459904,-2.23595559835751,-2.43511220640837,-1.021089036411,-1.7335584023147,-1.69740723257225
4,512,1,2,269.718485,270.20578,0.392154611402831,-1.41559375346115,-1.90692038717706,-2.41823462022899,-1.28255063554277,-1.53954566149353,-1.81090170021261
4,513,1,2,270.243443,270.730737,0.422031211513205,-2.06166768520287,-2.62502168479356,-2.92253877747871,-1.04275358998824,-1.22049748065588,-1.96205829539997
4,514,1,2,270.766934,271.254228,0.35628870867035,-2.29199190990022,-2.69421974048276,-3.18987246112324,-1.07371353174276,-1.63304476614026,-2.07513752949635
4,515,1,2,271.290826,271.77812,0.390845482479685,-2.22698769000629,-2.31667249068401,-2.5019244862637,-1.06362376043373,-1.44569317536458,-1.88079878472262
4,516,1,2,271.814455,272.301749,0.432126192953948,-2.38170663283395,-2.49677583625221,-2.91079754653803,-0.933072659074371,-1.442183799641,-1.66479239634669
4,517,1,2,272.344939,272.832233,0.447467099885408,-2.17486988188904,-2.95859689510495,-2.96271721282341,-0.886840330198512,-1.49755453646271,-1.62286951226451
4,518,1,2,272.877472,273.364766,0.502277167752674,-2.36419826598336,-2.77279910716271,-3.12784724493953,-0.782777419780801,-1.26322857317938,-1.69725039070938
4,519,1,2,273.398959,273.886254,0.4020435026925,-2.36618500979633,-2.75394584324424,-2.71082462092517,-1.01507941803067,-1.43272512222153,-1.83515127498441
4,520,1,2,273.925577,274.412871,0.365609900479117,-2.16920804595559,-2.58137997549637,-2.97571641616156,-1.16729415404214,-1.38659820424385,-1.97711197914598
4,521,1,2,274.451613,274.938907,0.382046768971675,-2.47746564869854,-3.06813446651637,-3.18823654619686,-1.11920127569432,-1.25900739003538,-2.2458005200357
4,522,1,2,274.974788,275.462082,0.419302387123771,-2.26292609239223,-3.18146249224565,-3.0275953298483,-0.983104119518147,-1.36718354254499,-1.78284312043317
4,523,1,2,275.498542,275.985836,0.415104278815821,-2.22809935047945,-2.92723279995109,-2.80297203846205,-0.974394769952344,-1.54116822193756,-1.65919992800106
4,524,1,2,276.019199,276.506493,0.416691206703847,-2.2485137994407,-2.7918369629819,-2.76010001550183,-0.960752652992617,-1.49666949080879,-1.69688961698954
4,525,1,2,276.545232,277.032527,0.362014370754642,-2.04527095214826,-2.75219202299622,-2.84678278055384,-1.07918876260908,-2.09761735313821,-1.65701234356929
4,526,1,2,277.073118,277.560413,0.309502409678315,-2.26179506225903,-2.42115835358049,-2.82653980640301,-1.28899220629729,-1.77799879652998,-1.92715752963153
4,527,1,2,277.598648,278.085942,0.332639113875562,-2.49947031442442,-2.46882658210053,-2.62490105105091,-1.16937893984166,-1.94470731834722,-1.79215257483939
4,528,1,2,278.133065,278.620359,0.466864053658007,-2.29180637700008,-2.59408171820457,-2.9122185661083,-0.908963500092159,-1.23878301782004,-1.70255240734942
4,529,1,2,278.659781,279.147075,0.337067211962036,-2.33703195339002,-2.75510294836548,-2.96725999126405,-1.17112522381395,-2.07533791631119,-1.67407739531063
4,530,1,2,279.18277,279.670064,0.308740040024366,-2.45963470846169,-2.70546106183481,-2.80127629033103,-1.29714064618111,-1.7588045799597,-1.81551375952223
4,531,1,2,279.709255,280.19655,0.464920737428138,-2.07167005370094,-2.85962723732588,-2.87100625096673,-0.873736570164094,-1.32675566482114,-1.68370997731241
4,532,1,2,280.233506,280.720801,0.418364226419797,-2.00963375433489,-2.83094698455075,-2.77653522003085,-0.967221392788462,-1.65042515276953,-1.60777133985551
4,533,1,2,280.767955,281.255249,0.423177011019308,-2.0794967400319,-2.88891973594141,-2.97451870212846,-0.967760405583237,-1.46500936142036,-1.66975117207927
4,534,1,2,281.292902,281.780197,0.438156398991162,-2.55870381343691,-2.62378554466133,-3.0801670223314,-0.906389132682064,-1.56316032533226,-1.53571694371197
4,535,1,2,281.816171,282.303465,0.413470467180524,-2.18073264980761,-2.62097530608992,-2.70107146315072,-1.00010327894322,-1.55165363499951,-1.59621477451014
4,536,1,2,282.339565,282.82686,0.421270794644676,-1.65930785175485,-2.39465245922526,-2.87798198225147,-1.00367351996993,-1.59991577096519,-1.66895699506296
4,537,1,2,282.862914,283.350208,0.388068812418749,-1.91712052602841,-2.48031158969095,-2.50947065953084,-1.08965013053598,-1.46306782527401,-1.89374445792272
4,538,1,2,283.386331,283.873626,0.416760314215491,-1.79232450208577,-2.44865252263232,-2.43064564074857,-1.03384029881455,-1.54973086464653,-1.60328693210095
4,539,1,2,283.911944,284.399239,0.399103282998521,-1.86802158304801,-2.50266963506192,-2.64615777992031,-1.06312298350207,-1.54945594810631,-1.66098078008639
4,540,1,2,284.442562,284.929857,0.419065970277059,-1.69137450221553,-2.74264525209896,-2.96382434391796,-1.02132862556807,-1.56358684505019,-1.61006390464805
4,541,1,2,284.972396,285.45969,0.407014814431406,-2.09328174416964,-2.50894542909327,-2.80260513346319,-1.00494658792034,-1.51231618874781,-1.71057539051265
4,542,1,2,285.496933,285.984227,0.455156836125664,-2.11298350852195,-2.65682129856152,-2.70819104276089,-0.866540406257322,-1.59095480401884,-1.55086459682329
4,543,1,2,286.022226,286.509521,0.429419930111091,-1.8376605388039,-2.4944613485792,-2.47360837880647,-0.93009118117409,-1.78286658824749,-1.60222462563966
4,544,1,2,286.547842,287.035136,0.33729966277202,-2.00167442103999,-2.41465387585253,-2.59706967714141,-1.21158873402154,-1.86793715467845,-1.75895283444536
4,545,1,2,287.073889,287.561184,0.468399744437679,-2.31359138602001,-2.42506985661442,-2.93908548501743,-0.865394883783749,-1.38915576498954,-1.59860006811291
4,546,1,2,287.59941,288.086704,0.448338680970386,-2.3219664963615,-2.81425670643772,-3.06187101354376,-0.874193886056743,-1.61533289609433,-1.5055004045835
4,547,1,2,288.12613,288.613424,0.342449913469365,-2.20812001715539,-2.83995807289902,-3.15238189388373,-1.23430077804116,-1.45982711530841,-1.95500768541378
4,548,1,2,288.652821,289.140116,0.39174451079922,-2.20434909524395,-2.68884870194625,-2.73321498795368,-1.00642125051934,-1.71259787833161,-1.67026953821436
4,549,1,2,289.177939,289.665233,0.423424141084347,-1.83143238983141,-2.34494715537427,-2.70693965475748,-0.967539614133045,-1.5618315887977,-1.71165193703861
4,550,1,2,289.702056,290.18935,0.349816997036181,-1.65459918350573,-2.22530386119411,-2.6376106773477,-1.26736111865211,-1.732335465071,-1.7913729259249
4,551,1,2,290.22526,290.712554,0.528173735610265,-2.00516389165087,-2.48103951197375,-2.78066269547723,-0.724947153042502,-1.33807664605616,-1.65103574895322
4,552,1,2,290.751491,291.238785,0.5454070541822,-1.55397690503453,-2.03299373298692,-2.8626288033482,-0.753151936373096,-1.24598407009691,-1.69143711879416
4,553,1,2,291.279057,291.766351,0.347344110176737,-1.41398574817266,-2.23480180127809,-2.57069195046848,-1.33664470677933,-2.06406693144484,-1.88818929819001
4,554,1,2,291.804775,292.292069,0.479995314395001,-1.53967725677662,-2.13408271576174,-2.68662829848376,-0.881655901099583,-1.47484853803924,-1.6981960738859
4,555,1,2,292.334353,292.821647,0.400528553798045,-1.98174198086258,-2.66960872668328,-2.78430958585797,-1.06691658014423,-1.41892112784023,-1.84308152917766
4,556,1,2,292.857799,293.345093,0.36327399798119,-2.4307196933042,-2.84357286582634,-3.16636635484054,-1.04259813860269,-2.33724542184446,-1.59321898682314
4,557,1,2,293.382757,293.870051,0.463067619831163,-2.19033048870093,-2.83931270955395,-2.99023685894142,-0.829460143055185,-1.80930270679837,-1.450137830702
4,558,1,2,293.906609,294.393903,0.429213498748467,-2.02165307625846,-2.7564080672005,-3.10713358401125,-0.959326657160793,-1.51450727248384,-1.6568988858914
4,559,1,2,294.428815,294.91611,0.359317099467693,-2.1202843023739,-2.91535392559038,-3.06892735262752,-1.09312771704288,-1.55882389709558,-2.10107636798198
4,560,1,2,294.953663,295.440957,0.344081604287575,-1.77155889322171,-2.83217363748186,-2.84313328514255,-1.24334097618914,-1.56869567641647,-2.05766370259863
4,561,1,2,295.480929,295.968223,0.403955517597516,-2.13884486864957,-2.65238585870444,-2.9062407829251,-1.0003975906512,-1.7271954825435,-1.58630913206565
4,562,1,2,296.015552,296.502846,0.467922093188694,-2.04227131680859,-2.85406121279075,-2.90976228201148,-0.844651774532034,-1.60545211781265,-1.50839137985885
4,563,1,2,296.540618,297.027912,0.347921353322235,-2.42475565466959,-2.88619633599905,-2.75957684482326,-1.13333846864311,-1.84451700327391,-1.74285010292514
4,564,1,2,297.064815,297.552109,0.480339809709825,-2.48008567699651,-2.96799884769147,-3.08062351343867,-0.803095498484706,-1.52082504223703,-1.49360610660546
4,565,1,2,297.589547,298.076842,0.306562991996471,-2.29612069200759,-2.70038599524187,-2.9496158770898,-1.27379029042823,-1.75677288003253,-2.01570698379424
4,566,1,2,298.12167,298.608964,0.463611683188842,-2.13833476464685,-2.76258284912669,-3.00793354038002,-0.899491292170402,-1.22733779803541,-1.82202521609269
4,567,1,2,298.64473,299.132025,0.332352579211093,-2.04345391785589,-2.30001283126566,-2.67898139831937,-1.31113685442021,-1.68466665351299,-1.77410285860148
4,568,1,2,299.168866,299.65616,0.467361891013896,-2.06295205689271,-2.50406459618172,-2.84696852487656,-0.920717431581438,-1.21305405606171,-1.70868453030435
4,569,1,2,299.692934,300.180228,0.390258175392106,-1.76812003692269,-2.21723921199622,-2.4426310967361,-1.41116894068645,-1.12908157557127,-2.09553301079182
4,570,1,2,300.214727,300.702021,0.438576167163934,-1.71977162443005,-2.45359846864589,-2.76838331604874,-0.906711987306862,-1.81398091001423,-1.59922944861105
4,571,1,2,300.740454,301.227748,0.510960848113137,-2.06751795235642,-2.62797292965038,-2.8353076270612,-0.780019006882742,-1.27198558947909,-1.6100631816802
4,572,1,2,301.265786,301.753081,0.45454262149396,-2.29688884359611,-2.54664321350889,-2.83237171769328,-0.893934401018721,-1.34793913413154,-1.72508479295228
4,573,1,2,301.788773,302.276067,0.363282552534168,-1.84557794262913,-2.37364860820653,-2.86664188774832,-1.19475174679904,-1.53971721893265,-1.80076417018611
4,574,1,2,302.316815,302.80411,0.406710278779946,-1.63864095736736,-2.25280351204257,-2.76633398843094,-1.04511635698494,-1.75878322217177,-1.66820049490092
4,575,1,2,302.840905,303.3282,0.303352212082851,-2.20262357671247,-2.50704497411496,-2.91946292828936,-1.27756756455417,-2.46990805039004,-1.81706762280047
4,576,1,2,303.365984,303.853278,0.360838446540298,-2.04561564733515,-2.60979064138227,-3.02831763269501,-1.15867045612085,-1.6652234757795,-1.80739365113461
4,577,1,2,303.890547,304.377841,0.379819161600418,-2.18497186665906,-2.22056225083576,-2.93429420546767,-1.03860716930126,-2.06337856409276,-1.65722216512849
4,578,1,2,304.414812,304.902106,0.367490858844972,-2.4363309046156,-2.33441213067955,-2.9450539194678,-1.06952039544694,-1.58765814598952,-2.02899697449255
4,579,1,2,304.938403,305.425697,0.312714789056762,-2.05120508902605,-2.66773036520518,-2.78644911570716,-1.37151447830945,-1.54865072663138,-2.10709854251798
4,580,1,2,305.463219,305.950514,0.391385533865556,-2.40115506058212,-2.83513708168953,-2.94578880572947,-0.975172806847258,-2.30881706292453,-1.53071981482183
4,581,1,2,305.987883,306.475178,0.351621415302161,-2.25116109662616,-2.79534143353904,-3.04989031988586,-1.16173377508577,-1.57386421751669,-1.86096692060731
4,582,1,2,306.515802,307.003096,0.414007502412952,-2.34833796913296,-2.59876942854994,-2.56278695464597,-0.994493067183248,-1.48332094317512,-1.65037323089644
4,583,1,2,307.038587,307.525881,0.395294351276356,-2.11911767312212,-2.30964588892817,-2.69520948142084,-1.02894470255576,-1.64198246814769,-1.66837755446673
4,584,1,2,307.568479,308.055773,0.365909942016058,-2.25941122733257,-2.89026923150994,-2.75066174669192,-1.13320523875426,-1.52659007845906,-1.79184402907442
4,585,1,2,308.092907,308.580202,0.393673080482409,-2.17972261150238,-2.5568744060551,-2.75683262886692,-1.08071277088771,-1.36923524925313,-1.86399413825943
4,586,1,2,308.619148,309.106442,0.386939336462471,-2.13802167563973,-2.40490337714502,-2.4720307422045,-1.12887018371085,-1.38055882309039,-1.79766848477142
4,587,1,2,309.144901,309.632196,0.306772296694823,-2.12955204331222,-2.49310128117172,-2.72469964148298,-1.32231483429194,-1.70293457743986,-2.04476285168558
4,588,1,2,309.669416,310.15671,0.420901475382704,-2.1571974925517,-2.51146986484399,-2.93517428678721,-1.01069591869459,-1.28472270363813,-1.93466666023508
4,589,1,2,310.195093,310.682387,0.329251627167117,-2.46078954324435,-2.616754750428,-3.07490198777562,-1.27638461250774,-1.45202286576753,-2.01301349976517
4,590,1,2,310.718883,311.206177,0.353284982263682,-2.12281802251576,-2.88824204655343,-2.73086374107522,-1.18409739108596,-1.48944696418373,-1.91367905814305
4,591,1,2,311.249708,311.737002,0.395465187438448,-2.3913927293824,-2.91511257379441,-2.89304944923639,-1.0978674591016,-1.24755184046876,-2.07448769657152
4,593,2,2,312.304018,312.791312,0.33770999889602,-2.10716967417028,-2.78873742069987,-2.85350495201623,-1.31206888909359,-1.43249395709672,-1.95704082169823
4,594,2,2,312.829188,313.316482,0.450105431196443,-2.36542808528409,-2.49066471134776,-3.1434006613571,-0.896847616270118,-1.33077219569728,-1.80699132370126
4,595,2,2,313.352853,313.840147,0.419149693312068,-1.98545265963173,-2.39048699345074,-2.71691871476437,-0.983744871825659,-1.57595410566984,-1.62392107281979
4,596,2,2,313.881074,314.368368,0.383529295372391,-2.24814502516748,-2.64355846921831,-2.72731095592758,-1.01754756459326,-1.91709506673289,-1.6461846981996
4,597,2,2,314.411121,314.898416,0.381421227369622,-2.34291679597034,-2.696165438777,-2.80151525085077,-1.04977910934687,-1.79637369154596,-1.6420254692608
4,598,2,2,314.935561,315.422856,0.418502378124789,-2.23830259891496,-2.67893941032083,-2.77774147525212,-0.989754950537764,-1.3983402917947,-1.69906026823451
4,599,2,2,315.461221,315.948515,0.410937397873232,-2.25774003675427,-2.59359194614472,-2.90567225811072,-1.04788595778266,-1.262961810455,-1.95759873822447
4,600,2,2,315.985635,316.472929,0.413934682939612,-2.25559406052695,-2.66525543241159,-3.11622259431632,-1.00692514588067,-1.3624977935234,-1.76662128052963
4,601,2,2,316.513066,317.000361,0.417394549374516,-2.38784103863607,-2.44841455092543,-2.86531435133922,-0.965102559065059,-1.46195749741699,-1.7588711467679
4,602,2,2,317.03902,317.526314,0.381568417516495,-2.1345759165506,-2.37848235702413,-2.62137179937207,-1.08736705131529,-1.46859012359248,-1.92128810788968
4,603,2,2,317.562516,318.04981,0.413080559860156,-1.8820585943874,-2.44077732544676,-2.86090834220929,-1.03474033775841,-1.51884657006087,-1.60222005802329
4,604,2,2,318.085453,318.572747,0.368539035732062,-1.82429958356774,-2.79236180190983,-2.90522950707899,-1.2349380957975,-1.37201448194726,-1.91334690645059
4,605,2,2,318.610296,319.09759,0.491307619689243,-1.58725813170865,-2.35994557509267,-2.6814927852973,-0.879488857281709,-1.22761375701756,-1.90761507300454
4,606,2,2,319.135778,319.623072,0.330156154305194,-2.02480543216778,-2.18160296888001,-2.95288092972519,-1.35332692414854,-1.47264253960211,-2.06190913739275
4,607,2,2,319.6667,320.153995,0.41004931027813,-2.08316642271091,-2.32619237248926,-2.78814477706018,-1.03481467338496,-1.39311318253233,-1.77642640873011
4,608,2,2,320.196284,320.683578,0.421973891910457,-2.18829441531907,-2.70942595215238,-2.50235422774276,-0.965003137400472,-1.61244425695927,-1.57540110344348
4,609,2,2,320.720725,321.208019,0.374858594566172,-2.48827176737933,-2.86827032669493,-3.23675156005388,-1.07833411769978,-1.51634096200793,-1.79275866452423
4,610,2,2,321.249927,321.737221,0.517351436085294,-2.42488822053015,-2.85253233474515,-3.02139943116671,-0.721965871751662,-1.49950459319454,-1.45804106079783
4,611,2,2,321.773672,322.260966,0.324865016710073,-1.70464362197348,-2.32676166183596,-2.69931076413543,-1.29847333875613,-2.16199276318137,-1.77168631089308
4,612,2,2,322.299441,322.786735,0.398735638715002,-1.87390669987405,-2.36347599713628,-2.49942498435638,-1.02385946200844,-1.89605737322603,-1.62326551555545
4,613,2,2,322.823203,323.310497,0.515656207583213,-1.60380225081267,-2.17912062173188,-2.22598769686106,-0.774900449496329,-1.47558261429827,-1.64413168019972
4,614,2,2,323.346829,323.834123,0.330989016690002,-1.87711910638377,-2.5143832961877,-2.75469240977207,-1.22731549894,-2.19622887864916,-1.74596410819427
4,615,2,2,323.883257,324.370551,0.339901418207967,-1.95510606610277,-2.41353024705733,-2.6187040220964,-1.29043346511198,-1.49204491536023,-1.9674441364381
4,616,2,2,324.41503,324.902324,0.422279819635761,-2.41975775963052,-2.55807252859464,-2.89405496034713,-0.930149686017372,-1.70882788143746,-1.54253970173518
4,617,2,2,324.944424,325.431719,0.516992868165909,-2.41767594652282,-2.90156188645303,-3.14829460493121,-0.765800099805025,-1.26322644900211,-1.57745131955043
4,618,2,2,325.470388,325.957682,0.411037552123408,-2.24458955921004,-2.72464470727726,-3.09147300274101,-1.03912920787762,-1.2923238040379,-1.89452126740751
4,619,2,2,325.994364,326.481658,0.343845389622747,-2.06933033653024,-2.51081762215127,-3.0790698141304,-1.1734783499783,-1.74327007573705,-1.9070682928837
4,620,2,2,326.5242,327.011495,0.410374737946294,-2.3680890946028,-2.96846412883601,-2.9450961905411,-0.955711869039547,-1.6101602636567,-1.67262467709961
4,621,2,2,327.053534,327.540828,0.37018517247803,-2.45841061431301,-2.68933083755711,-3.1258298790013,-1.15467824754049,-1.46431663936087,-1.78516701848982
4,622,2,2,327.576244,328.063538,0.435102958189084,-2.30351499777656,-2.73199349708023,-2.77334617113271,-0.95725577321057,-1.35732079659804,-1.72787154187686
4,623,2,2,328.101303,328.588597,0.458748749433358,-2.05127431783789,-2.81923685678519,-3.05817823339698,-0.896197863762636,-1.37800861254816,-1.64125262171736
4,624,2,2,328.628997,329.116291,0.329603096092961,-2.23152433443147,-2.58356613903001,-2.72825885974508,-1.16529894201285,-2.28069126485541,-1.75702731209143
4,625,2,2,329.151234,329.638528,0.445935541603571,-1.60681973514796,-2.35475559029527,-2.55953572297095,-1.04235441826567,-1.22584308400332,-1.8728066175051
4,626,2,2,329.674991,330.162285,0.32939959515743,-2.07036214198211,-2.32588086530584,-2.5302773030429,-1.26481300947341,-1.64720038504994,-1.94982839474669
4,627,2,2,330.199867,330.687161,0.415771619671725,-2.11406308990377,-2.15204211456415,-2.77397422926589,-1.04479746727592,-1.32239184538516,-1.82100008301253
4,628,2,2,330.723743,331.211037,0.432542793383998,-1.52022471916108,-2.17028042634653,-2.51869165083554,-1.10999924388817,-1.30150689715575,-1.80914646961262
4,629,2,2,331.25126,331.738554,0.334716294284589,-1.87135819004528,-2.29893928196846,-2.65220512419098,-1.20306572020725,-2.02593360932434,-1.83020565517668
4,630,2,2,331.775799,332.263093,0.359131425582443,-2.27572947383105,-2.33046264625653,-2.97154024431683,-1.18357045776762,-1.47952264952988,-1.81607311614309
4,631,2,2,332.298905,332.786199,0.358936560234061,-2.39625477282392,-2.58969337349127,-2.96088195113918,-1.15088527985951,-1.52817507349582,-1.78722221253057
4,632,2,2,332.825804,333.313098,0.352198595072395,-2.17575823691905,-2.50471344731147,-2.79154371468424,-1.2228529528388,-1.48799618260442,-1.86102269974029
4,633,2,2,333.353383,333.840677,0.38312269793061,-2.0373204538609,-2.71034550286543,-2.71375544943418,-1.07617914852233,-1.48803273238405,-1.93523466653511
4,634,2,2,333.884968,334.372262,0.415797444259696,-2.14787721149677,-2.42400556917019,-2.76887996176713,-0.991714699878069,-1.43019296547893,-1.73661569852323
4,635,2,2,334.416802,334.904097,0.404264008205139,-2.14499850211185,-2.52961165198939,-2.26857391287531,-1.01576861609416,-1.53445978704069,-1.72058921913438
4,636,2,2,334.938741,335.426035,0.383427584676238,-2.16427769953888,-2.38634486864009,-2.56907810486876,-1.06817531698274,-1.57807287010714,-1.74827773122102
4,637,2,2,335.462654,335.949948,0.336906051820319,-2.25071615600617,-2.43310779367243,-2.82259548164909,-1.18246362379356,-1.76267588053174,-1.81546320543237
4,638,2,2,335.988182,336.475476,0.396191190876032,-1.82886638179928,-2.82880863975251,-2.97898361195064,-1.05925682004874,-1.50627038348386,-1.76515950915311
4,639,2,2,336.517816,337.00511,0.378412543398374,-2.19153648184151,-2.54534449883393,-2.85941868705155,-1.11542266159642,-1.43983124173556,-1.83029499467213
4,640,2,2,337.040313,337.527607,0.407633415634415,-2.16411089317963,-2.699040963858,-3.01013526339419,-0.994271130261551,-1.52649078325208,-1.68409435654507
4,641,2,2,337.564189,338.051483,0.380847477587964,-2.37756239787348,-2.61925002930446,-2.81874254575697,-1.07816092615778,-1.48300326492666,-1.79959256208592
4,642,2,2,338.098719,338.586013,0.404423876393921,-2.19470308567688,-2.58013722522702,-2.69176367341591,-1.00877054272672,-1.55338044655646,-1.6823401097006
4,643,2,2,338.625884,339.113178,0.449535520906546,-2.16682404786742,-2.60281957651188,-2.43698004988143,-0.893039358527685,-1.49863630426665,-1.63740163549859
4,644,2,2,339.156696,339.64399,0.443223015099069,-2.00091642033239,-2.35675621714234,-2.72879514733051,-0.923857109680422,-1.49960399401924,-1.6176392985759
4,645,2,2,339.681002,340.168296,0.365629299071644,-2.03541138406459,-2.44853735595266,-2.8649458831297,-1.14753154391268,-1.51289049952237,-1.86145671692971
4,646,2,2,340.204034,340.691329,0.406274843744657,-2.14615665994334,-2.68214465633867,-2.67001668656296,-1.00406940608134,-1.60528576792014,-1.61746275624791
4,647,2,2,340.732939,341.220233,0.426280926240047,-2.08547513736679,-2.6233888716849,-2.87772674259996,-0.994595697772598,-1.31612076214302,-1.81588354988646
4,648,2,2,341.259001,341.746296,0.425456077489982,-2.30394743608856,-2.57415999855606,-2.65820739194743,-0.990088629139465,-1.26685649705501,-1.96507115542872
4,649,2,2,341.78354,342.270834,0.42406797206263,-1.71615899734796,-2.9033136870606,-2.72611066197857,-0.994539199697025,-1.58569158622556,-1.71118550039744
4,650,2,2,342.310602,342.797896,0.363139294313644,-2.05561529955817,-2.68998277901675,-2.71657764568592,-1.18801050124435,-1.54826421120482,-1.78251179662584
4,651,2,2,342.834042,343.321336,0.455168076093374,-2.07031907405099,-2.82060463324363,-2.91784979077813,-0.872300722425604,-1.5328012633333,-1.63652596059291
4,652,2,2,343.357866,343.84516,0.415774552302667,-2.06620036071446,-2.68317721280022,-2.62754685042409,-1.00018728136599,-1.5136646503797,-1.61283312154774
4,653,2,2,343.884775,344.372069,0.406956784896814,-2.07001808584939,-2.62408339583004,-2.61452071668885,-1.0041664417291,-1.53416661292667,-1.72093959812469
4,654,2,2,344.413912,344.901207,0.301234191592003,-2.23107725057028,-2.4211505309944,-2.86008934082414,-1.35081907989837,-1.74812882103495,-2.02565955242721
4,655,2,2,344.939484,345.426778,0.343762431621589,-2.4102104781872,-2.7681405692793,-2.77115840297005,-1.18697635478978,-1.50580441746224,-1.99747015462018
4,656,2,2,345.464633,345.951927,0.431118074211636,-2.04373275148587,-2.57807669074661,-2.83016943061654,-0.945687175418056,-1.48740770676673,-1.63907397909558
4,657,2,2,345.987487,346.474782,0.391433960126277,-1.93079909389083,-2.34744550431117,-2.6257884707845,-1.08179020405449,-1.50637626584353,-1.76998129799152
4,658,2,2,346.512066,346.99936,0.404480280288895,-2.03093475959749,-2.55679854381767,-2.90489945159879,-1.0233984401301,-1.47163494578348,-1.74550871477534
4,659,2,2,347.036936,347.524231,0.441832578543633,-2.29412530780226,-2.68813912113316,-2.60564363318943,-0.884158727678408,-1.61195873238425,-1.60224359972133
4,660,2,2,347.563283,348.050577,0.431807687204454,-1.93400429841898,-2.26204343359168,-2.61956024822471,-1.01360508867665,-1.30418040800276,-1.76526773002124
4,661,2,2,348.09327,348.580564,0.375431059777165,-2.27677538896024,-2.79713709293481,-2.45361726006524,-1.11829546004536,-1.43516738166956,-1.82422694851285
4,662,2,2,348.61705,349.104345,0.382592700390887,-2.20417533411484,-3.06021222883821,-2.65928131533919,-1.09677694966524,-1.43049620740697,-1.78603479039464
4,663,2,2,349.142985,349.63028,0.421863875973002,-1.76592614981949,-2.47965631639219,-2.64402445792252,-0.976433925020809,-1.57600062053349,-1.72402273145686
4,664,2,2,349.673476,350.16077,0.431258295533781,-2.27720049981664,-2.51366165585765,-2.58500093853732,-0.966188710714234,-1.44285074377244,-1.62041706615874
4,665,2,2,350.197024,350.684318,0.379928595060169,-1.95909953246626,-2.44545117374233,-2.59047048413751,-1.12145048758107,-1.48922157496194,-1.89025242097184
4,666,2,2,350.726012,351.213306,0.384991572313721,-2.13485582373975,-2.51110247243275,-2.89862168916535,-1.06879163652039,-1.48035983144428,-1.91744041643786
4,667,2,2,351.249193,351.736488,0.389910381226029,-1.98840885676634,-2.7477130950631,-2.86237170551285,-1.06399986433719,-1.57685788458872,-1.72094860968531
4,668,2,2,351.777798,352.265093,0.356069036365074,-1.90977542632862,-2.50964184792386,-2.88443742759978,-1.22317768309335,-1.4415438019244,-1.96759484470184
4,669,2,2,352.300193,352.787487,0.380665654676659,-2.11415489958701,-2.34389934397584,-2.77107597214003,-1.15465659534911,-1.39398625517801,-1.79517027935758
4,670,2,2,352.82387,353.311164,0.450589857452443,-2.32340524977544,-2.86663748644984,-2.78809431701037,-0.884684121411663,-1.69607624628576,-1.47864857473176
4,671,2,2,353.348236,353.83553,0.52476919328883,-2.51648443484569,-2.81563252346094,-2.79404729316641,-0.733230632071321,-1.37127793028738,-1.49793717113911
4,672,2,2,353.876842,354.364137,0.452894375426443,-2.04731588188749,-2.85649733252614,-2.85338689745341,-0.891069839855644,-1.4108774280028,-1.70034242041941
4,673,2,2,354.402813,354.890107,0.290422395687535,-2.45130230188441,-2.72296711815917,-3.14209251074303,-1.37913918452855,-1.83043644474967,-1.86172466180488
4,674,2,2,354.937148,355.424443,0.373680902862458,-2.21957116699255,-2.50346785677333,-2.84579662412657,-1.10767272668998,-1.51889141090591,-1.87121081062808
4,675,2,2,355.46211,355.949405,0.415384178327726,-2.27421733152917,-2.5365464104758,-2.49490540223304,-1.01189178674352,-1.39537848954974,-1.72659694631793
4,676,2,2,355.988045,356.475339,0.454043372156398,-2.05890917896353,-2.76163465541311,-2.46543362271545,-0.890842143864697,-1.42514035562615,-1.66304439769518
4,677,2,2,356.514846,357.00214,0.440831247942805,-1.99821633604103,-2.52114091435142,-2.45125270394649,-0.945613625540906,-1.45619062683187,-1.62109065010246
4,678,2,2,357.040954,357.528249,0.428222755765837,-2.21931574387341,-2.56751152295463,-2.63556748249365,-0.962683331466015,-1.42709815283918,-1.70993434875231
4,679,2,2,357.565283,358.052578,0.373378738211904,-1.67035583131735,-2.38702473593633,-2.62106274811498,-1.21740145555554,-1.42250169507819,-2.04735723908494
4,680,2,2,358.093587,358.580881,0.362999365407642,-1.81839946896988,-2.28797160073208,-2.80986673401949,-1.21400427531089,-1.57712941086094,-1.89413728545111
4,681,2,2,358.617287,359.104581,0.344965463137258,-2.02448120650464,-2.68662168458716,-2.65744564346028,-1.28769281058626,-1.42609101237663,-2.24659108093991
4,682,2,2,359.139145,359.626439,0.412894344952423,-2.27123512109097,-2.46773439419189,-2.56916710060019,-1.01941490377778,-1.53089788128128,-1.63859835391261
4,683,2,2,359.669496,360.15679,0.497585407623625,-2.11739854471689,-2.42672670968677,-2.62212180160239,-0.822767804436841,-1.305044021667,-1.60450339588878
4,684,2,2,360.191423,360.678718,0.451452373953416,-1.90223474441121,-2.55058534627863,-2.63910580590949,-0.920815744773434,-1.3608661025389,-1.85632567366887
4,685,2,2,360.716977,361.204271,0.450625593243912,-2.12442367933275,-2.45962003488807,-2.5989487343189,-0.98399873428578,-1.19766062203453,-1.8559814410979
4,686,2,2,361.248281,361.735576,0.396695165809017,-1.9085634771151,-2.68638731757524,-3.06993490393906,-1.04390680115634,-1.4601140668633,-1.89419080505929
4,687,2,2,361.771705,362.258999,0.408339549928082,-2.07539549219903,-2.50460896639327,-2.58568378446617,-1.01664109423834,-1.57761696762138,-1.63421328247865
4,688,2,2,362.298396,362.78569,0.364283690202449,-2.04949096860297,-2.6972706981841,-2.87740404488943,-1.16996406100856,-1.50370488417516,-1.75349940822554
4,689,2,2,362.823565,363.310859,0.380805074135305,-2.06592352462793,-2.46119815961226,-2.6317309094749,-1.12400164189333,-1.48452166594371,-1.77599608490447
4,690,2,2,363.344436,363.831731,0.390548593385049,-2.29545629087442,-2.48185222204589,-2.7328062648984,-1.02696407659432,-1.72771489096261,-1.62114432984394
4,691,2,2,363.875143,364.362437,0.397336128529467,-1.99296065335586,-2.71277856990523,-2.55042849942914,-1.06605127987306,-1.43764272782416,-1.76918954572213
4,692,2,2,364.406113,364.893407,0.370502621818978,-2.3300195729589,-2.61642308021992,-2.82114030578996,-1.09806132372458,-1.5384731139105,-1.77964894316198
4,693,2,2,364.931308,365.418603,0.429206083008819,-2.4319076340739,-2.62026794043701,-2.79707658102382,-0.955739817025974,-1.35387696190602,-1.72278773148285
4,694,2,2,365.455115,365.942409,0.363031582776516,-2.44564222327373,-2.77199331588264,-2.68780735474417,-1.18147442236377,-1.39443139590493,-1.8115579572219
4,695,2,2,365.982474,366.469769,0.417814992159093,-2.70157985907619,-2.82759630774248,-3.05823497244434,-0.914560502534459,-1.57919253723784,-1.7239111472133
4,696,2,2,366.506191,366.993485,0.401587607515361,-2.12678793624802,-2.53291498045491,-2.92568005868457,-1.20876218873253,-1.12856367913626,-2.03447775467554
4,697,2,2,367.035556,367.52285,0.363228484066906,-2.08222033910102,-2.66361333198113,-2.75070598753722,-1.13854168694374,-1.49398864309662,-1.97702441153536
4,698,2,2,367.56044,368.047734,0.356983364726346,-2.07724831874694,-2.63399195992048,-2.67764412937972,-1.10196208625659,-2.34246468070598,-1.65625868184023
4,699,2,2,368.089208,368.576503,0.342125514117587,-2.08881057983835,-2.29785835275395,-2.47891461730451,-1.16957996340795,-2.08183932494747,-1.75981873982483
4,700,2,2,368.61539,369.102684,0.449463092950009,-1.97769795560209,-2.24285637515463,-2.63642164061642,-0.950021201252319,-1.30557431489311,-1.74752676005942
4,701,2,2,369.141598,369.628892,0.482286049175793,-1.638013041995,-2.50852915991291,-2.52356880676323,-0.844253079014392,-1.49484230886033,-1.61019373957211
4,702,2,2,369.668671,370.155966,0.443077863959886,-2.1105076166625,-2.45516251761706,-3.04915503519995,-0.900141378405798,-1.47725197653027,-1.66449075862354
4,703,2,2,370.197625,370.684919,0.390244852830238,-2.05962906042458,-2.12489639184121,-2.9567495704539,-1.09815211369352,-1.47540923688639,-1.7340400184557
4,704,2,2,370.723038,371.210332,0.404068714532683,-2.21015578663759,-3.06171717663441,-3.01787365024512,-0.973228427881645,-1.61304082645228,-1.66529473881925
4,705,2,2,371.24644,371.733735,0.413289246637743,-2.03261847758548,-2.32927689141374,-2.7891942122806,-0.995057743995793,-1.57882610283961,-1.63255809826016
