class_id,segment_id,begin_row,end_row,start_s,end_s,n,partition,block
0,1,1,499,0,0.486317,499,0,0
0,2,500,999,0.538621,1.025916,500,0,0
0,3,1000,1499,1.069161,1.556455,500,0,0
0,4,1500,1999,1.599743,2.087037,500,0,0
0,5,2000,2499,2.13132,2.618615,500,0,0
0,6,2500,2999,2.659906,3.147201,500,0,0
0,7,3000,3499,3.202456,3.68975,500,0,0
0,8,3500,3999,3.733037,4.220332,500,0,0
0,9,4000,4499,4.264652,4.751947,500,0,0
0,10,4500,4999,4.803175,5.290469,500,0,0
0,11,5000,5499,5.350752,5.838046,500,0,0
0,12,5500,5999,5.879296,6.366591,500,0,0
0,13,6000,6499,6.423841,6.911135,500,0,0
0,14,6500,6999,6.974371,7.461665,500,0,0
0,15,7000,7499,7.498965,7.98626,500,0,0
0,16,7500,7999,8.032537,8.519832,500,0,0
0,17,8000,8499,8.568106,9.055401,500,0,0
0,18,8500,8999,9.097688,9.584982,500,0,0
0,19,9000,9499,9.753934,10.241228,500,0,0
0,20,9500,9999,10.283518,10.770812,500,1,1
0,21,10000,10499,10.809146,11.296441,500,1,1
0,22,10500,10999,11.331714,11.819008,500,1,1
0,23,11000,11499,11.861298,12.348592,500,1,1
0,24,11500,11999,12.389928,12.877222,500,1,1
0,25,12000,12499,12.936425,13.423719,500,1,1
0,26,12500,12999,13.468997,13.956291,500,1,1
0,27,13000,13499,13.997585,14.484879,500,1,1
0,28,13500,13999,14.529163,15.016457,500,1,1
0,29,14000,14499,15.065729,15.553023,500,1,1
0,30,14500,14999,15.604286,16.091581,500,1,1
0,31,15000,15499,16.126896,16.614191,500,1,1
0,32,15500,15999,16.658468,17.145762,500,1,1
0,33,16000,16499,17.181072,17.668367,500,1,1
0,34,16500,16999,17.703672,18.190967,500,1,1
0,35,17000,17499,18.232261,18.719555,500,1,1
0,36,17500,17999,18.75885,19.246145,500,1,1
0,37,18000,18499,19.291464,19.778758,500,1,1
0,38,18500,18999,19.816063,20.303357,500,1,1
0,39,19000,19499,20.341623,20.828917,500,1,1
0,40,19500,19999,20.883169,21.370463,500,1,1
0,41,20000,20499,21.414748,21.902042,500,1,1
0,42,20500,20999,21.944331,22.431626,500,1,1
0,43,21000,21499,22.47591,22.963205,500,1,1
0,44,21500,21999,23.002501,23.489795,500,1,1
0,45,22000,22499,23.543054,24.030348,500,1,1
0,46,22500,22999,24.071641,24.558936,500,1,1
0,47,23000,23499,24.605214,25.092509,500,1,1
0,48,23500,23999,25.140783,25.628077,500,1,1
0,49,24000,24499,25.665379,26.152674,500,1,1
0,50,24500,24999,26.193004,26.680299,500,1,1
0,51,25000,25499,26.717564,27.204859,500,1,1
0,52,25500,25999,27.248146,27.73544,500,1,1
0,53,26000,26499,27.772744,28.260038,500,1,1
0,54,26500,26999,28.302327,28.789621,500,1,1
0,55,27000,27499,28.826928,29.314223,500,1,1
0,56,27500,27999,29.359534,29.846828,500,1,1
0,57,28000,28499,29.893072,30.380366,500,1,1
0,58,28500,28999,30.429637,30.916932,500,1,1
0,59,29000,29499,30.955232,31.442526,500,1,1
0,60,29500,29999,31.479864,31.967158,500,1,1
0,61,30000,30499,32.008415,32.495709,500,1,1
0,62,30500,30999,32.535041,33.022335,500,1,1
0,63,31000,31499,33.061598,33.548892,500,1,1
0,64,31500,31999,33.586195,34.07349,500,1,1
0,65,32000,32499,34.108798,34.596092,500,1,1
0,66,32500,32999,34.642374,35.129668,500,1,1
0,67,33000,33499,35.171953,35.659248,500,1,1
0,68,33500,33999,35.704533,36.191828,500,1,1
0,69,34000,34499,36.235111,36.722406,500,1,1
0,70,34500,34999,36.768684,37.255978,500,1,1
0,71,35000,35499,37.292284,37.779579,500,1,1
0,72,35500,35999,37.82087,38.308164,500,1,1
0,73,36000,36499,38.347502,38.834796,500,1,1
0,74,36500,36999,38.872058,39.359353,500,1,1
0,75,37000,37499,39.413611,39.900905,500,1,1
0,76,37500,37999,39.936212,40.423506,500,1,1
0,77,38000,38499,40.46182,40.949115,500,1,1
0,78,38500,38999,40.987401,41.474696,500,1,1
0,79,39000,39499,41.531945,42.01924,500,1,1
0,80,39500,39999,42.062525,42.54982,500,1,1
0,81,40000,40499,42.59012,43.077414,500,1,1
0,82,40500,40999,43.111719,43.599014,500,1,1
0,83,41000,41499,43.638352,44.125646,500,1,1
0,84,41500,41999,44.174911,44.662205,500,1,1
0,85,42000,42499,44.703463,45.190758,500,1,1
0,86,42500,42999,45.233046,45.72034,500,1,1
0,87,43000,43499,45.756646,46.24394,500,1,1
0,88,43500,43999,46.282244,46.769538,500,1,1
0,89,44000,44499,46.813818,47.301113,500,1,1
0,90,44500,44999,47.344433,47.831727,500,1,1
0,91,45000,45499,47.867041,48.354335,500,1,1
0,92,45500,45999,48.390602,48.877896,500,1,1
0,93,46000,46499,48.913204,49.400498,500,1,1
0,94,46500,46999,49.440829,49.928123,500,1,1
0,95,47000,47499,49.968381,50.455675,500,1,1
0,96,47500,47999,50.490985,50.97828,500,1,1
0,97,48000,48499,51.024573,51.511867,500,1,1
0,98,48500,48999,51.589048,52.076342,500,1,1
0,99,49000,49499,52.114641,52.601936,500,1,1
0,100,49500,49999,52.639238,53.126532,500,1,1
0,101,50000,50499,53.170818,53.658113,500,1,1
0,102,50500,50999,53.694418,54.181712,500,1,1
0,103,51000,51499,54.222005,54.7093,500,1,1
0,104,51500,51999,54.751623,55.238918,500,1,1
0,105,52000,52499,55.274226,55.76152,500,1,1
0,106,52500,52999,55.803775,56.291069,500,1,1
0,107,53000,53499,56.33635,56.823645,500,1,1
0,108,53500,53999,56.860966,57.34826,500,1,1
0,109,54000,54499,57.39053,57.877824,500,1,1
0,110,54500,54999,57.920148,58.407442,500,1,1
0,111,55000,55499,58.463661,58.950956,500,1,1
0,112,55500,55999,58.995239,59.482534,500,1,1
0,113,56000,56499,59.523856,60.01115,500,1,1
0,114,56500,56999,60.059395,60.54669,500,1,1
0,115,57000,57499,60.582996,61.07029,500,1,1
0,116,57500,57999,61.111579,61.598873,500,1,1
0,117,58000,58499,61.642161,62.129455,500,1,1
0,118,58500,58999,62.166757,62.654052,500,1,1
0,119,59000,59499,62.690375,63.177669,500,1,1
0,120,59500,59999,63.225924,63.713219,500,1,1
0,121,60000,60499,63.749524,64.236819,500,1,1
0,122,60500,60999,64.278111,64.765405,500,1,1
0,123,61000,61499,64.81069,65.297984,500,1,1
0,124,61500,61999,65.339272,65.826567,500,1,1
0,125,62000,62499,65.870851,66.358145,500,1,1
0,126,62500,62999,66.401432,66.888727,500,1,1
0,127,63000,63499,66.93301,67.420304,500,1,1
0,128,63500,63999,67.457641,67.944935,500,1,1
0,129,64000,64499,68.005143,68.492437,500,1,1
0,130,64500,64999,68.535757,69.023051,500,1,1
0,131,65000,65499,69.065307,69.552602,500,1,1
0,132,65500,65999,69.591899,70.079193,500,0,0
0,133,66000,66499,70.121485,70.60878,500,1,2
0,134,66500,66999,70.64608,71.133375,500,1,2
0,135,67000,67499,71.175693,71.662987,500,1,2
0,136,67500,67999,71.705247,72.192541,500,1,2
0,137,68000,68499,72.241849,72.729144,500,1,2
0,138,68500,68999,72.77738,73.264674,500,1,2
0,139,69000,69499,73.306964,73.794259,500,1,2
0,140,69500,69999,73.834552,74.321846,500,1,2
0,141,70000,70499,74.358186,74.845481,500,1,2
0,142,70500,70999,74.885747,75.373042,500,1,2
0,143,71000,71499,75.410339,75.897633,500,1,2
0,144,71500,71999,75.937927,76.425221,500,1,2
0,145,72000,72499,76.468508,76.955802,500,1,2
0,146,72500,72999,76.993142,77.480436,500,1,2
0,147,73000,73499,77.51471,78.002005,500,1,2
0,148,73500,73999,78.041341,78.528635,500,1,2
0,149,74000,74499,78.566895,79.05419,500,1,2
0,150,74500,74999,79.089532,79.576827,500,1,2
0,151,75000,75499,79.624068,80.111362,500,1,2
0,152,75500,75999,80.14667,80.633965,500,1,2
0,153,76000,76499,80.684233,81.171527,500,1,2
0,154,76500,76999,81.214826,81.70212,500,1,2
0,155,77000,77499,81.747431,82.234725,500,1,2
0,156,77500,77999,82.282995,82.770289,500,1,2
0,157,78000,78499,82.807554,83.294848,500,1,2
0,158,78500,78999,83.332152,83.819446,500,1,2
0,159,79000,79499,83.857745,84.34504,500,1,2
0,160,79500,79999,84.383376,84.87067,500,1,2
0,161,80000,80499,84.909939,85.397233,500,1,2
0,162,80500,80999,85.432534,85.919828,500,1,2
0,163,81000,81499,85.957165,86.444459,500,1,2
0,164,81500,81999,86.48073,86.968025,500,1,2
0,165,82000,82499,87.007322,87.494616,500,1,2
0,166,82500,82999,87.541895,88.029189,500,1,2
0,167,83000,83499,88.066491,88.553785,500,1,2
0,168,83500,83999,88.592118,89.079413,500,1,2
0,169,84000,84499,89.114719,89.602013,500,1,2
0,170,84500,84999,89.64131,90.128604,500,1,2
0,171,85000,85499,90.162882,90.650177,500,1,2
0,172,85500,85999,90.69546,91.182754,500,1,2
0,173,86000,86499,91.219088,91.706383,500,1,2
0,174,86500,86999,91.748643,92.235937,500,1,2
0,175,87000,87499,92.283211,92.770506,500,1,2
0,176,87500,87999,92.808824,93.296118,500,1,2
0,177,88000,88499,93.337392,93.824686,500,1,2
0,178,88500,88999,93.862986,94.350281,500,1,2
0,179,89000,89499,94.388582,94.875876,500,1,2
0,180,89500,89999,94.91617,95.403464,500,1,2
0,181,90000,90499,95.446751,95.934046,500,1,2
0,182,90500,90999,95.983355,96.470649,500,1,2
0,183,91000,91499,96.507915,96.99521,500,1,2
0,184,91500,91999,97.037498,97.524792,500,1,2
0,185,92000,92499,97.568079,98.055373,500,1,2
0,186,92500,92999,98.098658,98.585953,500,1,2
0,187,93000,93499,98.626247,99.113541,500,1,2
0,188,93500,93999,99.158823,99.646117,500,1,2
0,189,94000,94499,99.683422,100.170716,500,1,2
0,190,94500,94999,100.20702,100.694314,500,1,2
0,191,95000,95499,100.737601,101.224895,500,1,2
0,192,95500,95999,101.271174,101.758468,500,1,2
0,193,96000,96499,101.801789,102.289083,500,1,2
0,194,96500,96999,102.334331,102.821626,500,1,2
0,195,97000,97499,102.867903,103.355197,500,1,2
0,196,97500,97999,103.401475,103.888769,500,1,2
0,197,98000,98499,103.945025,104.43232,500,1,2
0,198,98500,98999,104.469621,104.956915,500,1,2
0,199,99000,99499,105.001198,105.488492,500,1,2
0,200,99500,99999,105.528787,106.016081,500,1,2
0,201,100000,100499,106.05139,106.538684,500,1,2
0,202,100500,100999,106.578977,107.066272,500,1,2
0,203,101000,101499,107.107564,107.594859,500,1,2
0,204,101500,101999,107.638183,108.125478,500,1,2
0,205,102000,102499,108.16374,108.651035,500,1,2
0,206,102500,102999,108.696315,109.18361,500,1,2
0,207,103000,103499,109.218959,109.706254,500,1,2
0,208,103500,103999,109.743515,110.230809,500,1,2
0,209,104000,104499,110.271134,110.758428,500,1,2
0,210,104500,104999,110.801685,111.288979,500,1,2
0,211,105000,105499,111.330274,111.817568,500,1,2
0,212,105500,105999,111.856896,112.34419,500,1,2
0,213,106000,106499,112.417362,112.904657,500,1,2
0,214,106500,106999,112.948957,113.436251,500,1,2
0,215,107000,107499,113.470548,113.957843,500,1,2
0,216,107500,107999,113.995152,114.482447,500,1,2
0,217,108000,108499,114.519741,115.007035,500,1,2
0,218,108500,108999,115.044378,115.531672,500,1,2
0,219,109000,109499,115.568944,116.056238,500,1,2
0,220,109500,109999,116.092535,116.579829,500,1,2
0,221,110000,110499,116.619155,117.106449,500,1,2
0,222,110500,110999,117.145717,117.633012,500,1,2
0,223,111000,111499,117.674338,118.161633,500,1,2
0,224,111500,111999,118.205883,118.693177,500,1,2
0,225,112000,112499,118.740452,119.227747,500,1,2
0,226,112500,112999,119.269039,119.756333,500,1,2
0,227,113000,113499,119.794651,120.281946,500,1,2
0,228,113500,113999,120.322222,120.809517,500,1,2
0,229,114000,114499,120.845822,121.333116,500,1,2
0,230,114500,114999,121.378401,121.865695,500,1,2
0,231,115000,115499,121.913977,122.401271,500,1,2
0,232,115500,115999,122.454519,122.941814,500,1,2
0,233,116000,116499,122.977122,123.464416,500,1,2
0,234,116500,116999,123.509699,123.996994,500,1,2
0,235,117000,117499,124.04726,124.534554,500,1,2
0,236,117500,117999,124.574849,125.062143,500,1,2
0,237,118000,118499,125.1164,125.603695,500,1,2
0,238,118500,118999,125.646992,126.134286,500,1,2
0,239,119000,119499,126.173608,126.660902,500,1,2
0,240,119500,119999,126.696175,127.18347,500,1,2
0,241,120000,120499,127.219775,127.707069,500,1,2
0,242,120500,120999,127.747364,128.234658,500,1,2
0,243,121000,121499,128.271997,128.759291,500,1,2
0,244,121500,121999,128.804538,129.291832,500,1,2
0,245,122000,122499,129.342099,129.829393,500,1,2
0,246,122500,122999,129.880658,130.367953,500,0,0
0,247,123000,123499,130.406252,130.893546,500,1,3
0,248,123500,123999,130.93085,131.418144,500,1,3
0,249,124000,124499,131.500327,131.987621,500,1,3
0,250,124500,124999,132.022929,132.510224,500,1,3
0,251,125000,125499,132.554518,133.041813,500,1,3
0,252,125500,125999,133.086086,133.57338,500,1,3
0,253,126000,126499,133.624644,134.111939,500,1,3
0,254,126500,126999,134.153238,134.640532,500,1,3
0,255,127000,127499,134.685808,135.173102,500,1,3
0,256,127500,127999,135.240324,135.727619,500,1,3
0,257,128000,128499,135.766915,136.25421,500,1,3
0,258,128500,128999,136.295502,136.782797,500,1,3
0,259,129000,129499,136.840046,137.32734,500,1,3
0,260,129500,129999,137.371629,137.858923,500,1,3
0,261,130000,130499,137.903204,138.390498,500,1,3
0,262,130500,130999,138.435778,138.923073,500,1,3
0,263,131000,131499,138.992292,139.479586,500,1,3
0,264,131500,131999,139.520878,140.008172,500,1,3
0,265,132000,132499,140.066417,140.553711,500,1,3
0,266,132500,132999,140.59999,141.087284,500,1,3
0,267,133000,133499,141.159495,141.64679,500,1,3
0,268,133500,133999,141.698054,142.185349,500,1,3
0,269,134000,134499,142.228635,142.715929,500,1,3
0,270,134500,134999,142.754265,143.24156,500,1,3
0,271,135000,135499,143.282815,143.770109,500,1,3
0,272,135500,135999,143.810441,144.297736,500,1,3
0,273,136000,136499,144.342979,144.830274,500,1,3
0,274,136500,136999,144.878548,145.365842,500,1,3
0,275,137000,137499,145.40817,145.895464,500,1,3
0,276,137500,137999,145.939712,146.427006,500,1,3
0,277,138000,138499,146.473314,146.960608,500,1,3
0,278,138500,138999,146.996883,147.484177,500,1,3
0,279,139000,139499,147.539463,148.026757,500,1,3
0,280,139500,139999,148.080018,148.567312,500,1,3
0,281,140000,140499,148.613557,149.100852,500,1,3
0,282,140500,140999,149.158133,149.645428,500,1,3
0,283,141000,141499,149.688683,150.175977,500,1,3
0,284,141500,141999,150.223252,150.710546,500,1,3
0,285,142000,142499,150.755829,151.243124,500,1,3
0,286,142500,142999,151.280425,151.76772,500,1,3
0,287,143000,143499,151.808014,152.295309,500,1,3
0,288,143500,143999,152.3376,152.824894,500,1,3
0,289,144000,144499,152.882173,153.369467,500,1,3
0,290,144500,144999,153.407749,153.895043,500,1,3
0,291,145000,145499,153.941317,154.428612,500,1,3
0,292,145500,145999,154.47189,154.959185,500,1,3
0,293,146000,146499,154.999478,155.486772,500,1,3
0,294,146500,146999,155.531071,156.018365,500,1,3
0,295,147000,147499,156.05968,156.546974,500,1,3
0,296,147500,147999,156.590225,157.077519,500,1,3
0,297,148000,148499,157.11881,157.606104,500,1,3
0,298,148500,148999,157.650389,158.137684,500,1,3
0,299,149000,149499,158.17399,158.661284,500,1,3
0,300,149500,149999,158.699583,159.186878,500,1,3
0,301,150000,150499,159.231177,159.718471,500,1,3
0,302,150500,150999,159.755768,160.243062,500,1,3
0,303,151000,151499,160.28039,160.767684,500,1,3
0,304,151500,151999,160.806949,161.294243,500,1,3
0,305,152000,152499,161.333539,161.820833,500,1,3
0,306,152500,152999,161.863131,162.350426,500,1,3
0,307,153000,153499,162.388717,162.876011,500,1,3
0,308,153500,153999,162.919297,163.406591,500,1,3
0,309,154000,154499,163.444898,163.932192,500,1,3
0,310,154500,154999,163.972481,164.459775,500,1,3
0,311,155000,155499,164.50805,164.995345,500,1,3
0,312,155500,155999,165.038629,165.525923,500,1,3
0,313,156000,156499,165.569246,166.05654,500,1,3
0,314,156500,156999,166.106773,166.594067,500,1,3
0,315,157000,157499,166.634362,167.121657,500,1,3
0,316,157500,157999,167.164943,167.652237,500,1,3
0,317,158000,158499,167.68954,168.176834,500,1,3
0,318,158500,158999,168.218126,168.705421,500,1,3
0,319,159000,159499,168.748707,169.236001,500,1,3
0,320,159500,159999,169.273304,169.760599,500,1,3
0,321,160000,160499,169.797901,170.285196,500,1,3
0,322,160500,160999,170.329512,170.816807,500,1,3
0,323,161000,161499,170.85308,171.340374,500,1,3
0,324,161500,161999,171.378674,171.865968,500,1,3
0,325,162000,162499,171.902274,172.389569,500,1,3
0,326,162500,162999,172.428905,172.916199,500,1,3
0,327,163000,163499,172.967424,173.454719,500,1,3
0,328,163500,163999,173.49702,173.984314,500,1,3
0,329,164000,164499,174.026591,174.513886,500,1,3
0,330,164500,164999,174.563158,175.050452,500,1,3
0,331,165000,165499,175.101754,175.589048,500,1,3
0,332,165500,165999,175.631335,176.118629,500,1,3
0,333,166000,166499,176.167867,176.655162,500,1,3
0,334,166500,166999,176.693459,177.180753,500,1,3
0,335,167000,167499,177.224041,177.711335,500,1,3
0,336,167500,167999,177.762601,178.249895,500,1,3
0,337,168000,168499,178.31612,178.803414,500,1,3
0,338,168500,168999,178.848735,179.33603,500,1,3
0,339,169000,169499,179.391245,179.878539,500,1,3
0,340,169500,169999,179.922822,180.410116,500,1,3
0,341,170000,170499,180.456433,180.943727,500,1,3
0,342,170500,170999,180.984982,181.472276,500,1,3
0,343,171000,171499,181.517563,182.004857,500,1,3
0,344,171500,171999,182.086037,182.573331,500,1,3
0,345,172000,172499,182.617614,183.104908,500,1,3
0,346,172500,172999,183.145235,183.63253,500,1,3
0,347,173000,173499,183.671796,184.15909,500,1,3
0,348,173500,173999,184.195395,184.68269,500,1,3
0,349,174000,174499,184.722984,185.210278,500,1,3
0,350,174500,174999,185.252604,185.739899,500,1,3
0,351,175000,175499,185.781155,186.268449,500,1,3
0,352,175500,175999,186.306748,186.794042,500,1,3
0,353,176000,176499,186.832344,187.319639,500,1,3
0,354,176500,176999,187.378881,187.866176,500,1,3
0,355,177000,177499,187.911457,188.398751,500,1,3
0,356,177500,177999,188.435058,188.922352,500,1,3
0,357,178000,178499,188.966649,189.453943,500,1,3
0,358,178500,178999,189.512176,189.99947,500,1,3
0,359,179000,179499,190.036803,190.524097,500,1,4
0,360,179500,179999,190.564365,191.051659,500,1,4
0,361,180000,180499,191.143817,191.631112,500,1,4
0,362,180500,180999,191.672435,192.159729,500,1,4
0,363,181000,181499,192.197992,192.685287,500,1,4
0,364,181500,181999,192.722625,193.20992,500,1,4
0,365,182000,182499,193.247188,193.734482,500,1,4
0,366,182500,182999,193.771785,194.259079,500,1,4
0,367,183000,183499,194.298376,194.78567,500,1,4
0,368,183500,183999,194.836965,195.324259,500,1,4
0,369,184000,184499,195.382475,195.869769,500,1,4
0,370,184500,184999,195.916049,196.403343,500,1,4
0,371,185000,185499,196.443639,196.930933,500,1,4
0,372,185500,185999,196.97422,197.461514,500,1,4
0,373,186000,186499,197.509786,197.997081,500,1,4
0,374,186500,186999,198.091263,198.578557,500,1,4
0,375,187000,187499,198.623807,199.111101,500,1,4
0,376,187500,187999,199.157381,199.644675,500,1,4
0,377,188000,188499,199.687963,200.175257,500,1,4
0,378,188500,188999,200.221535,200.70883,500,1,4
0,379,189000,189499,200.752152,201.239447,500,1,4
0,380,189500,189999,201.278707,201.766001,500,1,4
0,381,190000,190499,201.809287,202.296582,500,1,4
0,382,190500,190999,202.346887,202.834181,500,1,4
0,383,191000,191499,202.877431,203.364726,500,1,4
0,384,191500,191999,203.412033,203.899327,500,1,4
0,385,192000,192499,203.941624,204.428918,500,1,4
0,386,192500,192999,204.472196,204.959491,500,1,4
0,387,193000,193499,205.004742,205.492036,500,1,4
0,388,193500,193999,205.538317,206.025612,500,1,4
0,389,194000,194499,206.067931,206.555226,500,1,4
0,390,194500,194999,206.599478,207.086772,500,1,4
0,391,195000,195499,207.126068,207.613362,500,1,4
0,392,195500,195999,207.649705,208.137,500,1,4
0,393,196000,196499,208.174265,208.661559,500,1,4
0,394,196500,196999,208.712825,209.200119,500,1,4
0,395,197000,197499,209.23945,209.726744,500,1,4
0,396,197500,197999,209.767004,210.254299,500,1,4
0,397,198000,198499,210.30061,210.787904,500,1,4
0,398,198500,198999,210.824177,211.311472,500,1,4
0,399,199000,199499,211.348775,211.836069,500,1,4
0,400,199500,199999,211.883377,212.370671,500,1,4
0,401,200000,200499,212.408939,212.896233,500,1,4
0,402,200500,200999,212.940517,213.427812,500,1,4
0,403,201000,201499,213.464118,213.951412,500,1,4
0,404,201500,201999,213.999685,214.486979,500,1,4
0,405,202000,202499,214.530266,215.01756,500,1,4
0,406,202500,202999,215.064836,215.55213,500,1,4
0,407,203000,203499,215.588474,216.075769,500,1,4
0,408,203500,203999,216.11506,216.602354,500,1,4
0,409,204000,204499,216.647603,217.134897,500,1,4
0,410,204500,204999,217.176189,217.663484,500,1,4
0,411,205000,205499,217.704776,218.19207,500,1,4
0,412,205500,205999,218.230372,218.717666,500,1,4
0,413,206000,206499,218.757959,219.245253,500,1,4
0,414,206500,206999,219.281601,219.768895,500,1,4
0,415,207000,207499,219.807153,220.294447,500,1,4
0,416,207500,207999,220.330765,220.81806,500,1,4
0,417,208000,208499,220.856346,221.343641,500,1,4
0,418,208500,208999,221.394919,221.882214,500,1,4
0,419,209000,209499,221.919502,222.406797,500,1,4
0,420,209500,209999,222.456069,222.943364,500,1,4
0,421,210000,210499,222.990639,223.477933,500,1,4
0,422,210500,210999,223.525209,224.012503,500,1,4
0,423,211000,211499,224.056801,224.544096,500,1,4
0,424,211500,211999,224.589362,225.076657,500,1,4
0,425,212000,212499,225.125929,225.613223,500,1,4
0,426,212500,212999,225.650542,226.137836,500,1,4
0,427,213000,213499,226.175122,226.662416,500,1,4
0,428,213500,213999,226.698722,227.186016,500,1,4
0,429,214000,214499,227.230307,227.717601,500,1,4
0,430,214500,214999,227.767892,228.255187,500,1,4
0,431,215000,215499,228.297446,228.78474,500,1,4
0,432,215500,215999,228.829025,229.316319,500,1,4
0,433,216000,216499,229.359631,229.846925,500,1,4
0,434,216500,216999,229.884203,230.371498,500,1,4
0,435,217000,217499,230.409795,230.89709,500,1,4
0,436,217500,217999,230.934423,231.421718,500,1,4
0,437,218000,218499,231.455999,231.943294,500,1,4
0,438,218500,218999,231.980595,232.467889,500,1,4
0,439,219000,219499,232.511207,232.998501,500,1,4
0,440,219500,219999,233.035778,233.523072,500,1,4
0,441,220000,220499,233.570343,234.057638,500,1,4
0,442,220500,220999,234.111897,234.599191,500,1,4
0,443,221000,221499,234.638486,235.12578,500,1,4
0,444,221500,221999,235.181035,235.66833,500,1,4
0,445,222000,222499,235.756497,236.243791,500,1,4
0,446,222500,222999,236.287078,236.774372,500,1,4
0,447,223000,223499,236.811712,237.299007,500,1,4
0,448,223500,223999,237.335276,237.82257,500,1,4
0,449,224000,224499,237.860869,238.348163,500,1,4
0,450,224500,224999,238.388457,238.875751,500,1,4
0,451,225000,225499,238.932035,239.419329,500,1,4
0,452,225500,225999,239.456637,239.943931,500,1,4
0,453,226000,226499,239.988179,240.475474,500,1,4
0,454,226500,226999,240.521791,241.009086,500,1,4
0,455,227000,227499,241.076298,241.563592,500,1,4
0,456,227500,227999,241.6019,242.089194,500,1,4
0,457,228000,228499,242.132445,242.619739,500,1,4
0,458,228500,228999,242.666048,243.153342,500,1,4
0,459,229000,229499,243.195601,243.682895,500,1,4
0,460,229500,229999,243.72319,244.210484,500,1,4
0,461,230000,230499,244.250779,244.738073,500,1,4
0,462,230500,230999,244.775377,245.262672,500,1,4
0,463,231000,231499,245.370784,245.858078,500,1,4
0,464,231500,231999,245.896379,246.383674,500,1,4
0,465,232000,232499,246.427957,246.915252,500,1,4
0,466,232500,232999,246.970515,247.457809,500,1,4
0,467,233000,233499,247.506073,247.993367,500,1,4
0,468,233500,233999,248.034672,248.521966,500,1,4
0,469,234000,234499,248.565241,249.052535,500,1,4
0,470,234500,234999,249.098849,249.586143,500,1,4
0,471,235000,235499,249.622415,250.109709,500,0,0
0,472,235500,235999,250.149005,250.636299,500,0,0
0,473,236000,236499,250.696552,251.183846,500,0,0
0,474,236500,236999,251.221137,251.708432,500,0,0
0,475,237000,237499,251.751718,252.239012,500,0,0
0,476,237500,237999,252.284293,252.771588,500,2,1
0,477,238000,238499,252.826843,253.314137,500,2,1
0,478,238500,238999,253.351441,253.838735,500,2,1
0,479,239000,239499,253.879044,254.366338,500,2,1
0,480,239500,239999,254.40366,254.890954,500,2,1
0,481,240000,240499,254.937199,255.424493,500,2,1
0,482,240500,240999,255.470787,255.958081,500,2,1
0,483,241000,241499,255.999358,256.486652,500,2,1
0,484,241500,241999,256.535923,257.023217,500,2,1
0,485,242000,242499,257.063513,257.550807,500,2,1
0,486,242500,242999,257.592099,258.079394,500,2,1
0,487,243000,243499,258.124677,258.611971,500,2,1
0,488,243500,243999,258.654257,259.141552,500,2,1
0,489,244000,244499,259.182844,259.670138,500,2,1
0,490,244500,244999,259.707441,260.194735,500,2,1
0,491,245000,245499,260.237059,260.724354,500,2,1
0,492,245500,245999,260.770597,261.257892,500,2,1
0,493,246000,246499,261.307162,261.794457,500,2,1
0,494,246500,246999,261.831777,262.319071,500,2,1
0,495,247000,247499,262.362357,262.849652,500,2,1
0,496,247500,247999,262.904901,263.392195,500,2,1
0,497,248000,248499,263.435495,263.922789,500,2,1
0,498,248500,248999,263.965054,264.452348,500,2,1
0,499,249000,249499,264.508605,264.995899,500,2,1
0,500,249500,249999,265.030207,265.517501,500,2,1
0,501,250000,250499,265.567797,266.055091,500,2,1
0,502,250500,250999,266.099346,266.586641,500,2,1
0,503,251000,251499,266.631922,267.119217,500,2,1
0,504,251500,251999,267.157516,267.64481,500,2,1
0,505,252000,252499,267.68614,268.173434,500,2,1
0,506,252500,252999,268.212704,268.699998,500,2,1
0,507,253000,253499,268.740282,269.227577,500,2,1
0,508,253500,253999,269.269866,269.757161,500,2,1
0,509,254000,254499,269.796471,270.283766,500,2,1
0,510,254500,254999,270.320059,270.807353,500,2,1
0,511,255000,255499,270.85463,271.341924,500,2,1
0,512,255500,255999,271.38122,271.868515,500,2,1
0,513,256000,256499,271.906846,272.39414,500,2,1
0,514,256500,256999,272.429417,272.916711,500,2,1
0,515,257000,257499,272.959997,273.447292,500,2,1
0,516,257500,257999,273.483597,273.970891,500,2,1
0,517,258000,258499,274.016172,274.503467,500,2,1
0,518,258500,258999,274.547752,275.035046,500,2,1
0,519,259000,259499,275.081324,275.568618,500,2,1
0,520,259500,259999,275.610907,276.098202,500,2,1
0,521,260000,260499,276.13351,276.620804,500,2,1
0,522,260500,260999,276.674064,277.161358,500,2,1
0,523,261000,261499,277.205673,277.692968,500,2,1
0,524,261500,261999,277.735226,278.22252,500,2,1
0,525,262000,262499,278.258862,278.746156,500,2,1
0,526,262500,262999,278.782454,279.269748,500,2,1
0,527,263000,263499,279.307024,279.794318,500,2,1
0,528,263500,263999,279.832618,280.319912,500,2,1
0,529,264000,264499,280.375165,280.86246,500,2,1
0,530,264500,264999,280.900792,281.388087,500,2,1
0,531,265000,265499,281.430358,281.917652,500,2,1
0,532,265500,265999,281.956935,282.444229,500,2,1
0,533,266000,266499,282.481533,282.968827,500,2,1
0,534,266500,266999,283.008156,283.49545,500,2,1
0,535,267000,267499,283.531723,284.019018,500,2,1
0,536,267500,267999,284.061307,284.548601,500,2,1
0,537,268000,268499,284.584906,285.072201,500,2,1
0,538,268500,268999,285.114491,285.601785,500,2,1
0,539,269000,269499,285.647066,286.13436,500,2,1
0,540,269500,269999,286.169701,286.656995,500,2,1
0,541,270000,270499,286.701257,287.188552,500,2,1
0,542,270500,270999,287.227838,287.715132,500,2,1
0,543,271000,271499,287.757422,288.244716,500,2,1
0,544,271500,271999,288.282019,288.769314,500,2,1
0,545,272000,272499,288.807613,289.294908,500,2,1
0,546,272500,272999,289.339191,289.826486,500,2,1
0,547,273000,273499,289.861795,290.349089,500,2,1
0,548,273500,273999,290.384429,290.871724,500,2,1
0,549,274000,274499,290.906001,291.393295,500,2,1
0,550,274500,274999,291.428604,291.915899,500,2,1
0,551,275000,275499,291.975142,292.462437,500,2,1
0,552,275500,275999,292.508714,292.996008,500,2,1
0,553,276000,276499,293.036305,293.523599,500,2,1
0,554,276500,276999,293.559903,294.047198,500,2,1
0,555,277000,277499,294.088519,294.575814,500,2,1
0,556,277500,277999,294.617094,295.104389,500,2,1
0,557,278000,278499,295.141673,295.628967,500,2,1
0,558,278500,278999,295.664318,296.151613,500,2,1
0,559,279000,279499,296.184924,296.672218,500,2,1
0,560,279500,279999,296.714467,297.201761,500,2,1
0,561,280000,280499,297.2391,297.726395,500,2,1
0,562,280500,280999,297.766689,298.253983,500,2,1
0,563,281000,281499,298.291291,298.778585,500,2,1
0,564,281500,281999,298.818839,299.306134,500,2,1
0,565,282000,282499,299.359393,299.846687,500,2,1
0,566,282500,282999,299.886983,300.374277,500,2,1
0,567,283000,283499,300.416568,300.903862,500,2,1
0,568,283500,283999,300.946165,301.43346,500,2,1
0,569,284000,284499,301.477728,301.965022,500,2,1
0,570,284500,284999,302.007311,302.494605,500,2,1
0,571,285000,285499,302.539888,303.027182,500,2,1
0,572,285500,285999,303.074456,303.561751,500,2,1
0,573,286000,286499,303.600085,304.087379,500,2,1
0,574,286500,286999,304.135659,304.622953,500,2,1
0,575,287000,287499,304.66225,305.149545,500,2,1
0,576,287500,287999,305.183848,305.671143,500,2,1
0,577,288000,288499,305.712402,306.199696,500,2,1
0,578,288500,288999,306.240992,306.728286,500,2,1
0,579,289000,289499,306.766623,307.253918,500,2,1
0,580,289500,289999,307.291181,307.778475,500,2,1
0,581,290000,290499,307.823755,308.31105,500,2,1
0,582,290500,290999,308.351344,308.838638,500,2,1
0,583,291000,291499,308.875943,309.363237,500,2,1
0,584,291500,291999,309.408517,309.895811,500,2,1
0,585,292000,292499,309.932151,310.419445,500,2,1
0,586,292500,292999,310.460702,310.947997,500,2,1
0,587,293000,293499,310.988292,311.475586,500,2,1
0,588,293500,293999,311.511891,311.999186,500,2,1
0,589,294000,294499,312.053483,312.540777,500,2,2
0,590,294500,294999,312.579053,313.066347,500,2,2
0,591,295000,295499,313.104631,313.591926,500,2,2
0,592,295500,295999,313.63625,314.123544,500,2,2
0,593,296000,296499,314.157848,314.645142,500,2,2
0,594,296500,296999,314.685445,315.17274,500,2,2
0,595,297000,297499,315.209003,315.696298,500,2,2
0,596,297500,297999,315.741579,316.228873,500,2,2
0,597,298000,298499,316.269209,316.756503,500,2,2
0,598,298500,298999,316.808726,317.296021,500,2,2
0,599,299000,299499,317.340303,317.827598,500,2,2
0,600,299500,299999,317.863938,318.351233,500,2,2
0,601,300000,300499,318.392507,318.879801,500,2,2
0,602,300500,300999,318.917086,319.404381,500,2,2
0,603,301000,301499,319.444675,319.931969,500,2,2
0,604,301500,301999,319.969273,320.456568,500,2,2
0,605,302000,302499,320.512855,321.00015,500,2,2
0,606,302500,302999,321.034424,321.521718,500,2,2
0,607,303000,303499,321.558023,322.045317,500,2,2
0,608,303500,303999,322.087606,322.574901,500,2,2
0,609,304000,304499,322.613201,323.100495,500,2,2
0,610,304500,304999,323.168717,323.656012,500,2,2
0,611,305000,305499,323.697304,324.184598,500,2,2
0,612,305500,305999,324.222896,324.71019,500,2,2
0,613,306000,306499,324.745499,325.232793,500,2,2
0,614,306500,306999,325.271093,325.758387,500,2,2
0,615,307000,307499,325.800676,326.287971,500,2,2
0,616,307500,307999,326.325313,326.812607,500,2,2
0,617,308000,308499,326.852864,327.340158,500,2,2
0,618,308500,308999,327.377468,327.864762,500,2,2
0,619,309000,309499,327.902057,328.389351,500,2,2
0,620,309500,309999,328.431673,328.918967,500,2,2
0,621,310000,310499,328.9702,329.457494,500,2,2
0,622,310500,310999,329.502776,329.99007,500,2,2
0,623,311000,311499,330.041368,330.528662,500,2,2
0,624,311500,311999,330.570919,331.058213,500,2,2
0,625,312000,312499,331.106486,331.59378,500,2,2
0,626,312500,312999,331.629088,332.116383,500,2,2
0,627,313000,313499,332.165654,332.652948,500,2,2
0,628,313500,313999,332.705243,333.192538,500,2,2
0,629,314000,314499,333.230839,333.718133,500,2,2
0,630,314500,314999,333.755403,334.242697,500,2,2
0,631,315000,315499,334.28702,334.774315,500,2,2
0,632,315500,315999,334.816563,335.303857,500,2,2
0,633,316000,316499,335.338203,335.825498,500,2,2
0,634,316500,316999,335.867787,336.355081,500,2,2
0,635,317000,317499,336.397371,336.884665,500,2,2
0,636,317500,317999,336.923967,337.411261,500,2,2
0,637,318000,318499,337.448526,337.93582,500,2,2
0,638,318500,318999,337.978108,338.465403,500,2,2
0,639,319000,319499,338.501746,338.98904,500,2,2
0,640,319500,319999,339.031328,339.518622,500,2,2
0,641,320000,320499,339.590795,340.078089,500,2,2
0,642,320500,320999,340.125374,340.612668,500,2,2
0,643,321000,321499,340.671903,341.159198,500,2,2
0,644,321500,321999,341.197498,341.684792,500,2,2
0,645,322000,322499,341.743039,342.230333,500,2,2
0,646,322500,322999,342.28858,342.775874,500,2,2
0,647,323000,323499,342.811182,343.298476,500,2,2
0,648,323500,323999,343.335779,343.823074,500,2,2
0,649,324000,324499,343.876334,344.363628,500,2,2
0,650,324500,324999,344.41988,344.907174,500,2,2
0,651,325000,325499,344.95844,345.445734,500,2,2
0,652,325500,325999,345.488023,345.975317,500,2,2
0,653,326000,326499,346.021631,346.508926,500,2,2
0,654,326500,326999,346.546228,347.033522,500,2,2
0,655,327000,327499,347.069794,347.557088,500,2,2
0,656,327500,327999,347.595392,348.082686,500,2,2
0,657,328000,328499,348.127963,348.615258,500,2,2
0,658,328500,328999,348.654554,349.141849,500,2,2
0,659,329000,329499,349.190123,349.677418,500,2,2
0,660,329500,329999,349.7217,350.208994,500,2,2
0,661,330000,330499,350.248292,350.735586,500,2,2
0,662,330500,330999,350.769913,351.257207,500,2,2
0,663,331000,331499,351.295533,351.782827,500,2,2
0,664,331500,331999,351.82408,352.311374,500,2,2
0,665,332000,332499,352.348674,352.835969,500,2,2
0,666,332500,332999,352.878294,353.365588,500,2,2
0,667,333000,333499,353.403853,353.891148,500,2,2
0,668,333500,333999,353.934433,354.421728,500,2,2
0,669,334000,334499,354.461061,354.948355,500,2,2
0,670,334500,334999,354.999592,355.486886,500,2,2
0,671,335000,335499,355.530199,356.017493,500,2,2
0,672,335500,335999,356.100658,356.587952,500,2,2
0,673,336000,336499,356.637206,357.1245,500,2,2
0,674,336500,336999,357.165792,357.653086,500,2,2
0,675,337000,337499,357.692383,358.179677,500,2,2
0,676,337500,337999,358.221968,358.709262,500,2,2
0,677,338000,338499,358.747597,359.234891,500,2,2
0,678,338500,338999,359.27715,359.764444,500,2,2
0,679,339000,339499,359.807743,360.295038,500,2,2
0,680,339500,339999,360.334352,360.821646,500,2,2
0,681,340000,340499,360.862905,361.350199,500,2,2
0,682,340500,340999,361.39149,361.878784,500,2,2
0,683,341000,341499,361.944012,362.431306,500,2,2
0,684,341500,341999,362.466615,362.953909,500,2,2
0,685,342000,342499,362.989252,363.476546,500,2,2
0,686,342500,342999,363.521828,364.009122,500,2,2
0,687,343000,343499,364.044395,364.531689,500,2,2
0,688,343500,343999,364.573979,365.061274,500,2,2
0,689,344000,344499,365.103563,365.590857,500,2,2
0,690,344500,344999,365.63215,366.119444,500,2,2
0,691,345000,345499,366.156745,366.644039,500,2,2
0,692,345500,345999,366.685333,367.172627,500,2,2
0,693,346000,346499,367.209964,367.697258,500,2,2
0,694,346500,346999,367.747491,368.234785,500,2,2
0,695,347000,347499,368.299027,368.786321,500,2,2
0,696,347500,347999,368.848546,369.335841,500,2,2
0,697,348000,348499,369.373143,369.860437,500,2,2
0,698,348500,348999,369.89774,370.385034,500,2,2
0,699,349000,349499,370.429335,370.916629,500,2,2
0,700,349500,349999,370.952918,371.440212,500,2,2
0,701,350000,350499,371.478552,371.965846,500,2,2
0,702,350500,350999,372.004107,372.491401,500,0,0
0,703,351000,351499,372.56265,373.049944,500,0,0
0,704,351500,351999,373.087228,373.574522,500,0,0
0,705,352000,352499,373.610851,374.098145,500,0,0
0,706,352500,352999,374.14638,374.633674,500,0,0
0,707,353000,353499,374.67497,375.162264,500,0,0
0,708,353500,353999,375.203569,375.690863,500,0,0
0,709,354000,354499,375.732136,376.21943,500,0,0
0,710,354500,354999,376.260722,376.748017,500,0,0
0,711,355000,355499,376.783368,377.270662,500,0,0
0,712,355500,355999,377.310955,377.798249,500,0,0
0,713,356000,356499,377.836508,378.323802,500,0,0
0,714,356500,356999,378.3631,378.850394,500,0,0
0,715,357000,357499,378.884705,379.371999,500,0,0
0,716,357500,357999,379.415285,379.90258,500,0,0
0,717,358000,358499,379.956838,380.444132,500,0,0
0,718,358500,358999,380.489413,380.976707,500,0,0
0,719,359000,359499,381.089807,381.577101,500,0,0
0,720,359500,359999,381.636387,382.123681,500,0,0
0,721,360000,360499,382.164932,382.652226,500,0,0
0,722,360500,360999,382.694516,383.18181,500,0,0
0,723,361000,361499,383.221107,383.708401,500,0,0
0,724,361500,361999,383.743709,384.231004,500,0,0
0,725,362000,362499,384.266312,384.753606,500,0,0
0,726,362500,362999,384.792947,385.280242,500,0,0
0,727,363000,363499,385.319496,385.806791,500,0,0
0,728,363500,363999,385.84313,386.330424,500,0,0
0,729,364000,364499,386.370684,386.857978,500,0,0
0,730,364500,364999,386.903258,387.390552,500,0,0
0,731,365000,365499,387.432884,387.920179,500,0,0
0,732,365500,365999,387.96444,388.451734,500,0,0
0,733,366000,366499,388.496016,388.983311,500,0,0
0,734,366500,366999,389.026587,389.513882,500,0,0
0,735,367000,367499,389.564145,390.051439,500,0,0
0,736,367500,367999,390.095721,390.583016,500,0,0
0,737,368000,368499,390.621345,391.108639,500,0,0
0,738,368500,368999,391.15991,391.647204,500,0,0
0,739,369000,369499,391.686467,392.173761,500,0,0
0,740,369500,369999,392.219082,392.706376,500,0,0
0,741,370000,370499,392.757604,393.244898,500,0,0
0,742,370500,370999,393.294169,393.781463,500,0,0
0,743,371000,371499,393.827741,394.315035,500,0,0
0,744,371500,371999,394.357326,394.84462,500,0,0
0,745,372000,372499,394.901876,395.38917,500,0,0
0,746,372500,372999,395.426495,395.913789,500,0,0
0,747,373000,373499,395.955071,396.442365,500,0,0
0,748,373500,373999,396.480683,396.967977,500,0,0
0,749,374000,374499,397.003247,397.490542,500,0,0
0,750,374500,374999,397.532831,398.020125,500,0,0
0,751,375000,375499,398.057463,398.544757,500,0,0
0,752,375500,375999,398.587048,399.074342,500,0,0
0,753,376000,376499,399.108632,399.595926,500,0,0
0,754,376500,376999,399.630222,400.117516,500,0,0
0,755,377000,377499,400.164792,400.652086,500,0,0
0,756,377500,377999,400.693418,401.180712,500,0,0
0,757,378000,378499,401.217975,401.705269,500,0,0
0,758,378500,378999,401.746561,402.233856,500,0,0
0,759,379000,379499,402.272185,402.75948,500,0,0
0,760,379500,379999,402.794758,403.282052,500,0,0
0,761,380000,380499,403.323363,403.810657,500,0,0
0,762,380500,380999,403.847941,404.335236,500,0,0
0,763,381000,381499,404.385507,404.872801,500,0,0
0,764,381500,381999,404.913103,405.400397,500,0,0
0,765,382000,382499,405.438727,405.926021,500,0,0
0,766,382500,382999,405.973287,406.460581,500,0,0
0,767,383000,383499,406.501844,406.989138,500,0,0
0,768,383500,383999,407.031427,407.518721,500,0,0
0,769,384000,384499,407.563005,408.0503,500,0,0
0,770,384500,384999,408.102563,408.589857,500,0,0
0,771,385000,385499,408.637132,409.124427,500,0,0
0,772,385500,385999,409.166716,409.65401,500,0,0
0,773,386000,386499,409.702284,410.189578,500,0,0
0,774,386500,386999,410.253847,410.741141,500,0,0
0,775,387000,387499,410.776419,411.263713,500,0,0
0,776,387500,387999,411.302006,411.7893,500,0,0
0,777,388000,388499,411.833584,412.320878,500,0,0
0,778,388500,388999,412.363208,412.850502,500,0,0
0,779,389000,389499,412.893748,413.381043,500,0,0
0,780,389500,389999,413.428319,413.915613,500,0,0
0,781,390000,390499,413.952916,414.44021,500,0,0
0,782,390500,390999,414.485492,414.972786,500,0,0
0,783,391000,391499,415.01707,415.504364,500,0,0
0,784,391500,391999,415.548655,416.03595,500,0,0
0,785,392000,392499,416.080231,416.567525,500,0,0
0,786,392500,392999,416.607818,417.095112,500,0,0
0,787,393000,393499,417.138397,417.625691,500,0,0
0,788,393500,393999,417.676956,418.16425,500,0,0
0,789,394000,394499,418.205582,418.692877,500,0,0
0,790,394500,394999,418.750086,419.23738,500,0,0
0,791,395000,395499,419.27668,419.763974,500,0,0
0,792,395500,395999,419.808259,420.295553,500,0,0
0,793,396000,396499,420.339834,420.827129,500,0,0
0,794,396500,396999,420.875402,421.362696,500,0,0
0,795,397000,397499,421.405983,421.893277,500,0,0
0,796,397500,397999,421.936566,422.42386,500,0,0
0,797,398000,398499,422.467145,422.954439,500,0,0
0,798,398500,398945,423.003712,423.438273,446,0,0
1,1,1,499,0,0.486317,499,0,0
1,2,500,999,0.542883,1.030177,500,0,0
1,3,1000,1499,1.065301,1.552595,500,0,0
1,4,1500,1999,1.589737,2.077031,500,0,0
1,5,2000,2499,2.121266,2.60856,500,0,0
1,6,2500,2999,2.64859,3.135884,500,0,0
1,7,3000,3499,3.180024,3.667318,500,0,0
1,8,3500,3999,3.70986,4.197155,500,0,0
1,9,4000,4499,4.235821,4.723116,500,0,0
1,10,4500,4999,4.760948,5.248242,500,0,0
1,11,5000,5499,5.284404,5.771698,500,0,0
1,12,5500,5999,5.81586,6.303154,500,0,0
1,13,6000,6499,6.33811,6.825404,500,0,0
1,14,6500,6999,6.862355,7.349649,500,0,0
1,15,7000,7499,7.394143,7.881437,500,0,0
1,16,7500,7999,7.920852,8.408146,500,0,0
1,17,8000,8499,8.4439,8.931194,500,0,0
1,18,8500,8999,8.971365,9.45866,500,0,0
1,19,9000,9499,9.497307,9.984601,500,0,0
1,20,9500,9999,10.029509,10.516803,500,1,1
1,21,10000,10499,10.554235,11.041529,500,1,1
1,22,10500,10999,11.089522,11.576817,500,1,1
1,23,11000,11499,11.621175,12.108469,500,1,1
1,24,11500,11999,12.146866,12.63416,500,1,1
1,25,12000,12499,12.673576,13.160871,500,1,1
1,26,12500,12999,13.19921,13.686505,500,1,1
1,27,13000,13499,13.733617,14.220912,500,1,1
1,28,13500,13999,14.259076,14.74637,500,1,1
1,29,14000,14499,14.784309,15.271603,500,1,1
1,30,14500,14999,15.307758,15.795052,500,1,1
1,31,15000,15499,15.838369,16.325664,500,1,1
1,32,15500,15999,16.369292,16.856586,500,1,1
1,33,16000,16499,16.902522,17.389816,500,1,1
1,34,16500,16999,17.428152,17.915446,500,1,1
1,35,17000,17499,17.953997,18.441292,500,1,1
1,36,17500,17999,18.477487,18.964781,500,1,1
1,37,18000,18499,19.001282,19.488577,500,1,1
1,38,18500,18999,19.526692,20.013986,500,1,1
1,39,19000,19499,20.049651,20.536946,500,1,1
1,40,19500,19999,20.573944,21.061239,500,1,1
1,41,20000,20499,21.099935,21.587229,500,1,1
1,42,20500,20999,21.624525,22.111819,500,1,1
1,43,21000,21499,22.149696,22.63699,500,1,1
1,44,21500,21999,22.675093,23.162387,500,1,1
1,45,22000,22499,23.203392,23.690686,500,1,1
1,46,22500,22999,23.729815,24.217109,500,1,1
1,47,23000,23499,24.256634,24.743928,500,1,1
1,48,23500,23999,24.788275,25.275569,500,1,1
1,49,24000,24499,25.314376,25.80167,500,1,1
1,50,24500,24999,25.845525,26.332819,500,1,1
1,51,25000,25499,26.367722,26.855016,500,1,1
1,52,25500,25999,26.894192,27.381487,500,1,1
1,53,26000,26499,27.417578,27.904872,500,1,1
1,54,26500,26999,27.944416,28.431711,500,1,1
1,55,27000,27499,28.468286,28.955581,500,1,1
1,56,27500,27999,29.000382,29.487676,500,1,1
1,57,28000,28499,29.525603,30.012898,500,1,1
1,58,28500,28999,30.048422,30.535716,500,1,1
1,59,29000,29499,30.573247,31.060541,500,1,1
1,60,29500,29999,31.104255,31.591549,500,1,1
1,61,30000,30499,31.626687,32.113982,500,1,1
1,62,30500,30999,32.154617,32.641912,500,1,1
1,63,31000,31499,32.681849,33.169144,500,1,1
1,64,31500,31999,33.207865,33.69516,500,1,1
1,65,32000,32499,33.732733,34.220027,500,1,1
1,66,32500,32999,34.258191,34.745486,500,1,1
1,67,33000,33499,34.78485,35.272145,500,1,1
1,68,33500,33999,35.310239,35.797533,500,1,1
1,69,34000,34499,35.837189,36.324483,500,1,1
1,70,34500,34999,36.364398,36.851693,500,1,1
1,71,35000,35499,36.896915,37.38421,500,1,1
1,72,35500,35999,37.419899,37.907193,500,1,1
1,73,36000,36499,37.942259,38.429553,500,1,1
1,74,36500,36999,38.470965,38.95826,500,1,1
1,75,37000,37499,38.998726,39.48602,500,1,1
1,76,37500,37999,39.525769,40.013063,500,1,1
1,77,38000,38499,40.049202,40.536497,500,1,1
1,78,38500,38999,40.571372,41.058666,500,1,1
1,79,39000,39499,41.098336,41.58563,500,1,1
1,80,39500,39999,41.622931,42.110225,500,1,1
1,81,40000,40499,42.148447,42.635741,500,1,1
1,82,40500,40999,42.672129,43.159423,500,1,1
1,83,41000,41499,43.196383,43.683678,500,1,1
1,84,41500,41999,43.720972,44.208267,500,1,1
1,85,42000,42499,44.247986,44.73528,500,1,1
1,86,42500,42999,44.774407,45.261701,500,1,1
1,87,43000,43499,45.302066,45.78936,500,1,1
1,88,43500,43999,45.832801,46.320095,500,1,1
1,89,44000,44499,46.359497,46.846791,500,1,1
1,90,44500,44999,46.884883,47.372177,500,1,1
1,91,45000,45499,47.412282,47.899576,500,1,1
1,92,45500,45999,47.93737,48.424664,500,1,1
1,93,46000,46499,48.464373,48.951667,500,1,1
1,94,46500,46999,48.992867,49.480162,500,1,1
1,95,47000,47499,49.516241,50.003535,500,1,1
1,96,47500,47999,50.040529,50.527823,500,1,1
1,97,48000,48499,50.563303,51.050598,500,1,1
1,98,48500,48999,51.089309,51.576603,500,1,1
1,99,49000,49499,51.623198,52.110492,500,1,1
1,100,49500,49999,52.148688,52.635983,500,1,1
1,101,50000,50499,52.673721,53.161015,500,1,1
1,102,50500,50999,53.200783,53.688077,500,1,1
1,103,51000,51499,53.731859,54.219153,500,1,1
1,104,51500,51999,54.259457,54.746751,500,1,1
1,105,52000,52499,54.786869,55.274163,500,1,1
1,106,52500,52999,55.312027,55.799321,500,1,1
1,107,53000,53499,55.836193,56.323487,500,1,1
1,108,53500,53999,56.3671,56.854394,500,1,1
1,109,54000,54499,56.894719,57.382013,500,1,1
1,110,54500,54999,57.427793,57.915087,500,1,1
1,111,55000,55499,57.956282,58.443577,500,1,1
1,112,55500,55999,58.482874,58.970169,500,1,1
1,113,56000,56499,59.008867,59.496162,500,1,1
1,114,56500,56999,59.533974,60.021268,500,1,1
1,115,57000,57499,60.059321,60.546615,500,1,1
1,116,57500,57999,60.582643,61.069937,500,1,1
1,117,58000,58499,61.116583,61.603877,500,1,1
1,118,58500,58999,61.643146,62.13044,500,1,1
1,119,59000,59499,62.167524,62.654818,500,1,1
1,120,59500,59999,62.69362,63.180914,500,1,1
1,121,60000,60499,63.221861,63.709155,500,1,1
1,122,60500,60999,63.744966,64.23226,500,1,1
1,123,61000,61499,64.269875,64.757169,500,1,1
1,124,61500,61999,64.803086,65.29038,500,1,1
1,125,62000,62499,65.335264,65.822558,500,1,1
1,126,62500,62999,65.859065,66.346359,500,1,1
1,127,63000,63499,66.383748,66.871042,500,1,1
1,128,63500,63999,66.917182,67.404476,500,1,1
1,129,64000,64499,67.442441,67.929736,500,1,1
1,130,64500,64999,67.965226,68.45252,500,1,1
1,131,65000,65499,68.490527,68.977821,500,1,1
1,132,65500,65999,69.012639,69.499933,500,1,1
1,133,66000,66499,69.544567,70.031861,500,0,0
1,134,66500,66999,70.072997,70.560291,500,1,2
1,135,67000,67499,70.597894,71.085189,500,1,2
1,136,67500,67999,71.125284,71.612579,500,1,2
1,137,68000,68499,71.647283,72.134577,500,1,2
1,138,68500,68999,72.171338,72.658632,500,1,2
1,139,69000,69499,72.699039,73.186333,500,1,2
1,140,69500,69999,73.225575,73.71287,500,1,2
1,141,70000,70499,73.748485,74.23578,500,1,2
1,142,70500,70999,74.276595,74.763889,500,1,2
1,143,71000,71499,74.800131,75.287425,500,1,2
1,144,71500,71999,75.326434,75.813728,500,1,2
1,145,72000,72499,75.85999,76.347284,500,1,2
1,146,72500,72999,76.388851,76.876145,500,1,2
1,147,73000,73499,76.913777,77.401071,500,1,2
1,148,73500,73999,77.439038,77.926332,500,1,2
1,149,74000,74499,77.965096,78.45239,500,1,2
1,150,74500,74999,78.495181,78.982475,500,1,2
1,151,75000,75499,79.022967,79.510261,500,1,2
1,152,75500,75999,79.547646,80.034941,500,1,2
1,153,76000,76499,80.073841,80.561135,500,1,2
1,154,76500,76999,80.59608,81.083375,500,1,2
1,155,77000,77499,81.122987,81.610281,500,1,2
1,156,77500,77999,81.648025,82.135319,500,1,2
1,157,78000,78499,82.173589,82.660884,500,1,2
1,158,78500,78999,82.700115,83.18741,500,1,2
1,159,79000,79499,83.225214,83.712508,500,1,2
1,160,79500,79999,83.752853,84.240147,500,1,2
1,161,80000,80499,84.276625,84.763919,500,1,2
1,162,80500,80999,84.807566,85.29486,500,1,2
1,163,81000,81499,85.33992,85.827214,500,1,2
1,164,81500,81999,85.865664,86.352958,500,1,2
1,165,82000,82499,86.397739,86.885034,500,1,2
1,166,82500,82999,86.923059,87.410354,500,1,2
1,167,83000,83499,87.453458,87.940752,500,1,2
1,168,83500,83999,87.985745,88.47304,500,1,2
1,169,84000,84499,88.511236,88.99853,500,1,2
1,170,84500,84999,89.039158,89.526452,500,1,2
1,171,85000,85499,89.563456,90.05075,500,1,2
1,172,85500,85999,90.088093,90.575387,500,1,2
1,173,86000,86499,90.611734,91.099028,500,1,2
1,174,86500,86999,91.146082,91.633376,500,1,2
1,175,87000,87499,91.677271,92.164565,500,1,2
1,176,87500,87999,92.20493,92.692224,500,1,2
1,177,88000,88499,92.729998,93.217293,500,1,2
1,178,88500,88999,93.258778,93.746072,500,1,2
1,179,89000,89499,93.783126,94.27042,500,1,2
1,180,89500,89999,94.312559,94.799853,500,1,2
1,181,90000,90499,94.837654,95.324948,500,1,2
1,182,90500,90999,95.362287,95.849582,500,1,2
1,183,91000,91499,95.889836,96.377131,500,1,2
1,184,91500,91999,96.421339,96.908633,500,1,2
1,185,92000,92499,96.945907,97.433201,500,1,2
1,186,92500,92999,97.468876,97.956171,500,1,2
1,187,93000,93499,97.99345,98.480744,500,1,2
1,188,93500,93999,98.51746,99.004754,500,1,2
1,189,94000,94499,99.039034,99.526329,500,1,2
1,190,94500,94999,99.568223,100.055518,500,1,2
1,191,95000,95499,100.091618,100.578912,500,1,2
1,192,95500,95999,100.616659,101.103953,500,1,2
1,193,96000,96499,101.141433,101.628727,500,1,2
1,194,96500,96999,101.67248,102.159774,500,1,2
1,195,97000,97499,102.195494,102.682789,500,1,2
1,196,97500,97999,102.721866,103.209161,500,1,2
1,197,98000,98499,103.250495,103.73779,500,1,2
1,198,98500,98999,103.779392,104.266686,500,1,2
1,199,99000,99499,104.306927,104.794222,500,1,2
1,200,99500,99999,104.83219,105.319484,500,1,2
1,201,100000,100499,105.35476,105.842054,500,1,2
1,202,100500,100999,105.877036,106.36433,500,1,2
1,203,101000,101499,106.400173,106.887467,500,1,2
1,204,101500,101999,106.925767,107.413061,500,1,2
1,205,102000,102499,107.448161,107.935455,500,1,2
1,206,102500,102999,107.973597,108.460891,500,1,2
1,207,103000,103499,108.502587,108.989881,500,1,2
1,208,103500,103999,109.035703,109.522997,500,1,2
1,209,104000,104499,109.560035,110.047329,500,1,2
1,210,104500,104999,110.08528,110.572574,500,1,2
1,211,105000,105499,110.615708,111.103002,500,1,2
1,212,105500,105999,111.139154,111.626448,500,1,2
1,213,106000,106499,111.671031,112.158325,500,1,2
1,214,106500,106999,112.197719,112.685013,500,1,2
1,215,107000,107499,112.720068,113.207362,500,1,2
1,216,107500,107999,113.244572,113.731866,500,1,2
1,217,108000,108499,113.768317,114.255611,500,1,2
1,218,108500,108999,114.291072,114.778366,500,1,2
1,219,109000,109499,114.815816,115.30311,500,1,2
1,220,109500,109999,115.341419,115.828713,500,1,2
1,221,110000,110499,115.871444,116.358738,500,1,2
1,222,110500,110999,116.406806,116.8941,500,1,2
1,223,111000,111499,116.931489,117.418783,500,1,2
1,224,111500,111999,117.457387,117.944682,500,1,2
1,225,112000,112499,117.982553,118.469847,500,1,2
1,226,112500,112999,118.507103,118.994397,500,1,2
1,227,113000,113499,119.034479,119.521774,500,1,2
1,228,113500,113999,119.561707,120.049001,500,1,2
1,229,114000,114499,120.093099,120.580393,500,1,2
1,230,114500,114999,120.616865,121.104159,500,1,2
1,231,115000,115499,121.141395,121.628689,500,1,2
1,232,115500,115999,121.668454,122.155748,500,1,2
1,233,116000,116499,122.197377,122.684671,500,1,2
1,234,116500,116999,122.720803,123.208097,500,1,2
1,235,117000,117499,123.250851,123.738146,500,1,2
1,236,117500,117999,123.774568,124.261862,500,1,2
1,237,118000,118499,124.30446,124.791754,500,1,2
1,238,118500,118999,124.832591,125.319885,500,1,2
1,239,119000,119499,125.360754,125.848049,500,1,2
1,240,119500,119999,125.889574,126.376868,500,1,2
1,241,120000,120499,126.41986,126.907154,500,1,2
1,242,120500,120999,126.947194,127.434488,500,1,2
1,243,121000,121499,127.480354,127.967648,500,1,2
1,244,121500,121999,128.004259,128.491553,500,1,2
1,245,122000,122499,128.533079,129.020374,500,1,2
1,246,122500,122999,129.057301,129.544595,500,1,2
1,247,123000,123499,129.582058,130.069352,500,0,0
1,248,123500,123999,130.105969,130.593264,500,1,3
1,249,124000,124499,130.631977,131.119272,500,1,3
1,250,124500,124999,131.157834,131.645128,500,1,3
1,251,125000,125499,131.683635,132.17093,500,1,3
1,252,125500,125999,132.209671,132.696965,500,1,3
1,253,126000,126499,132.73557,133.222864,500,1,3
1,254,126500,126999,133.262858,133.750152,500,1,3
1,255,127000,127499,133.789669,134.276964,500,1,3
1,256,127500,127999,134.312918,134.800212,500,1,3
1,257,128000,128499,134.839363,135.326657,500,1,3
1,258,128500,128999,135.372242,135.859536,500,1,3
1,259,129000,129499,135.897513,136.384807,500,1,3
1,260,129500,129999,136.422329,136.909623,500,1,3
1,261,130000,130499,136.946867,137.434162,500,1,3
1,262,130500,130999,137.480718,137.968012,500,1,3
1,263,131000,131499,138.007668,138.494962,500,1,3
1,264,131500,131999,138.531019,139.018313,500,1,3
1,265,132000,132499,139.055188,139.542483,500,1,3
1,266,132500,132999,139.586461,140.073756,500,1,3
1,267,133000,133499,140.115694,140.602988,500,1,3
1,268,133500,133999,140.64223,141.129524,500,1,3
1,269,134000,134499,141.166178,141.653473,500,1,3
1,270,134500,134999,141.692069,142.179363,500,1,3
1,271,135000,135499,142.215536,142.70283,500,1,3
1,272,135500,135999,142.74453,143.231825,500,1,3
1,273,136000,136499,143.269306,143.7566,500,1,3
1,274,136500,136999,143.792224,144.279518,500,1,3
1,275,137000,137499,144.319735,144.807029,500,1,3
1,276,137500,137999,144.846343,145.333637,500,1,3
1,277,138000,138499,145.369462,145.856757,500,1,3
1,278,138500,138999,145.896366,146.38366,500,1,3
1,279,139000,139499,146.431187,146.918482,500,1,3
1,280,139500,139999,146.955858,147.443152,500,1,3
1,281,140000,140499,147.480762,147.968056,500,1,3
1,282,140500,140999,148.005492,148.492786,500,1,3
1,283,141000,141499,148.529257,149.016552,500,1,3
1,284,141500,141999,149.054138,149.541432,500,1,3
1,285,142000,142499,149.579232,150.066526,500,1,3
1,286,142500,142999,150.10391,150.591205,500,1,3
1,287,143000,143499,150.626889,151.114183,500,1,3
1,288,143500,143999,151.151599,151.638893,500,1,3
1,289,144000,144499,151.6805,152.167794,500,1,3
1,290,144500,144999,152.210182,152.697476,500,1,3
1,291,145000,145499,152.741183,153.228477,500,1,3
1,292,145500,145999,153.271499,153.758793,500,1,3
1,293,146000,146499,153.795034,154.282328,500,1,3
1,294,146500,146999,154.319378,154.806672,500,1,3
1,295,147000,147499,154.84523,155.332525,500,1,3
1,296,147500,147999,155.369553,155.856847,500,1,3
1,297,148000,148499,155.894891,156.382185,500,1,3
1,298,148500,148999,156.424925,156.912219,500,1,3
1,299,149000,149499,156.948537,157.435831,500,1,3
1,300,149500,149999,157.473409,157.960703,500,1,3
1,301,150000,150499,157.99679,158.484084,500,1,3
1,302,150500,150999,158.524659,159.011953,500,1,3
1,303,151000,151499,159.046491,159.533785,500,1,3
1,304,151500,151999,159.577669,160.064963,500,1,3
1,305,152000,152499,160.102394,160.589688,500,1,3
1,306,152500,152999,160.632299,161.119593,500,1,3
1,307,153000,153499,161.154279,161.641574,500,1,3
1,308,153500,153999,161.686588,162.173882,500,1,3
1,309,154000,154499,162.211023,162.698317,500,1,3
1,310,154500,154999,162.734866,163.22216,500,1,3
1,311,155000,155499,163.259181,163.746475,500,1,3
1,312,155500,155999,163.784887,164.272182,500,1,3
1,313,156000,156499,164.309991,164.797285,500,1,3
1,314,156500,156999,164.832933,165.320227,500,1,3
1,315,157000,157499,165.357466,165.844761,500,1,3
1,316,157500,157999,165.886082,166.373376,500,1,3
1,317,158000,158499,166.41787,166.905164,500,1,3
1,318,158500,158999,166.948845,167.436139,500,1,3
1,319,159000,159499,167.478029,167.965323,500,1,3
1,320,159500,159999,168.003207,168.490501,500,1,3
1,321,160000,160499,168.529598,169.016892,500,1,3
1,322,160500,160999,169.055645,169.542939,500,1,3
1,323,161000,161499,169.580162,170.067456,500,1,3
1,324,161500,161999,170.10472,170.592015,500,1,3
1,325,162000,162499,170.633291,171.120585,500,1,3
1,326,162500,162999,171.158749,171.646043,500,1,3
1,327,163000,163499,171.685042,172.172336,500,1,3
1,328,163500,163999,172.20869,172.695984,500,1,3
1,329,164000,164499,172.736078,173.223373,500,1,3
1,330,164500,164999,173.262257,173.749551,500,1,3
1,331,165000,165499,173.786943,174.274237,500,1,3
1,332,165500,165999,174.310005,174.797299,500,1,3
1,333,166000,166499,174.837509,175.324804,500,1,3
1,334,166500,166999,175.362741,175.850035,500,1,3
1,335,167000,167499,175.889461,176.376756,500,1,3
1,336,167500,167999,176.419594,176.906888,500,1,3
1,337,168000,168499,176.950901,177.438195,500,1,3
1,338,168500,168999,177.472413,177.959707,500,1,3
1,339,169000,169499,178.000525,178.48782,500,1,3
1,340,169500,169999,178.529109,179.016403,500,1,3
1,341,170000,170499,179.050123,179.537417,500,1,3
1,342,170500,170999,179.579945,180.067239,500,1,3
1,343,171000,171499,180.104616,180.59191,500,1,3
1,344,171500,171999,180.63035,181.117644,500,1,3
1,345,172000,172499,181.161273,181.648567,500,1,3
1,346,172500,172999,181.6857,182.172994,500,1,3
1,347,173000,173499,182.211183,182.698478,500,1,3
1,348,173500,173999,182.737168,183.224462,500,1,3
1,349,174000,174499,183.260741,183.748035,500,1,3
1,350,174500,174999,183.792468,184.279763,500,1,3
1,351,175000,175499,184.325011,184.812305,500,1,3
1,352,175500,175999,184.845555,185.332849,500,1,3
1,353,176000,176499,185.36984,185.857134,500,1,3
1,354,176500,176999,185.899923,186.387217,500,1,3
1,355,177000,177499,186.424544,186.911838,500,1,3
1,356,177500,177999,186.956969,187.444264,500,1,3
1,357,178000,178499,187.485706,187.973,500,1,3
1,358,178500,178999,188.013545,188.500839,500,1,3
1,359,179000,179499,188.539305,189.026599,500,1,3
1,360,179500,179999,189.065211,189.552506,500,1,3
1,361,180000,180499,189.588476,190.07577,500,0,0
1,362,180500,180999,190.113343,190.600638,500,1,4
1,363,181000,181499,190.645215,191.132509,500,1,4
1,364,181500,181999,191.17076,191.658055,500,1,4
1,365,182000,182499,191.701671,192.188965,500,1,4
1,366,182500,182999,192.224927,192.712221,500,1,4
1,367,183000,183499,192.752809,193.240103,500,1,4
1,368,183500,183999,193.278957,193.766251,500,1,4
1,369,184000,184499,193.803299,194.290593,500,1,4
1,370,184500,184999,194.329105,194.816399,500,1,4
1,371,185000,185499,194.856786,195.34408,500,1,4
1,372,185500,185999,195.381302,195.868596,500,1,4
1,373,186000,186499,195.912748,196.400042,500,1,4
1,374,186500,186999,196.438605,196.925899,500,1,4
1,375,187000,187499,196.968195,197.455489,500,1,4
1,376,187500,187999,197.500176,197.98747,500,1,4
1,377,188000,188499,198.027561,198.514855,500,1,4
1,378,188500,188999,198.55674,199.044034,500,1,4
1,379,189000,189499,199.084425,199.571719,500,1,4
1,380,189500,189999,199.609943,200.097237,500,1,4
1,381,190000,190499,200.141471,200.628765,500,1,4
1,382,190500,190999,200.666462,201.153756,500,1,4
1,383,191000,191499,201.194995,201.68229,500,1,4
1,384,191500,191999,201.720334,202.207628,500,1,4
1,385,192000,192499,202.245537,202.732831,500,1,4
1,386,192500,192999,202.772487,203.259781,500,1,4
1,387,193000,193499,203.303449,203.790743,500,1,4
1,388,193500,193999,203.825988,204.313282,500,1,4
1,389,194000,194499,204.353078,204.840372,500,1,4
1,390,194500,194999,204.878972,205.366267,500,1,4
1,391,195000,195499,205.403342,205.890636,500,1,4
1,392,195500,195999,205.92604,206.413334,500,1,4
1,393,196000,196499,206.453334,206.940628,500,1,4
1,394,196500,196999,206.979114,207.466408,500,1,4
1,395,197000,197499,207.502668,207.989962,500,1,4
1,396,197500,197999,208.037119,208.524414,500,1,4
1,397,198000,198499,208.559955,209.047249,500,1,4
1,398,198500,198999,209.086158,209.573452,500,1,4
1,399,199000,199499,209.612638,210.099932,500,1,4
1,400,199500,199999,210.135663,210.622957,500,1,4
1,401,200000,200499,210.660411,211.147705,500,1,4
1,402,200500,200999,211.189271,211.676565,500,1,4
1,403,201000,201499,211.713999,212.201293,500,1,4
1,404,201500,201999,212.243777,212.731071,500,1,4
1,405,202000,202499,212.768602,213.255897,500,1,4
1,406,202500,202999,213.299262,213.786556,500,1,4
1,407,203000,203499,213.826664,214.313958,500,1,4
1,408,203500,203999,214.353949,214.841243,500,1,4
1,409,204000,204499,214.880909,215.368203,500,1,4
1,410,204500,204999,215.413782,215.901076,500,1,4
1,411,205000,205499,215.940365,216.427659,500,1,4
1,412,205500,205999,216.463192,216.950487,500,1,4
1,413,206000,206499,216.989495,217.476789,500,1,4
1,414,206500,206999,217.520047,218.007341,500,1,4
1,415,207000,207499,218.045968,218.533262,500,1,4
1,416,207500,207999,218.576053,219.063347,500,1,4
1,417,208000,208499,219.100979,219.588273,500,1,4
1,418,208500,208999,219.627198,220.114492,500,1,4
1,419,209000,209499,220.152534,220.639828,500,1,4
1,420,209500,209999,220.676129,221.163423,500,1,4
1,421,210000,210499,221.202399,221.689693,500,1,4
1,422,210500,210999,221.732079,222.219373,500,1,4
1,423,211000,211499,222.257551,222.744845,500,1,4
1,424,211500,211999,222.788119,223.275413,500,1,4
1,425,212000,212499,223.323988,223.811282,500,1,4
1,426,212500,212999,223.849595,224.336889,500,1,4
1,427,213000,213499,224.381864,224.869158,500,1,4
1,428,213500,213999,224.906664,225.393958,500,1,4
1,429,214000,214499,225.428706,225.916,500,1,4
1,430,214500,214999,225.955524,226.442819,500,1,4
1,431,215000,215499,226.480434,226.967728,500,1,4
1,432,215500,215999,227.007719,227.495013,500,1,4
1,433,216000,216499,227.536716,228.02401,500,1,4
1,434,216500,216999,228.070204,228.557498,500,1,4
1,435,217000,217499,228.599652,229.086946,500,1,4
1,436,217500,217999,229.138009,229.625304,500,1,4
1,437,218000,218499,229.665758,230.153052,500,1,4
1,438,218500,218999,230.195445,230.682739,500,1,4
1,439,219000,219499,230.720272,231.207566,500,1,4
1,440,219500,219999,231.244105,231.7314,500,1,4
1,441,220000,220499,231.770001,232.257295,500,1,4
1,442,220500,220999,232.296896,232.78419,500,1,4
1,443,221000,221499,232.821889,233.309183,500,1,4
1,444,221500,221999,233.348623,233.835917,500,1,4
1,445,222000,222499,233.869846,234.35714,500,1,4
1,446,222500,222999,234.393634,234.880928,500,1,4
1,447,223000,223499,234.917397,235.404691,500,1,4
1,448,223500,223999,235.443222,235.930516,500,1,4
1,449,224000,224499,235.969592,236.456887,500,1,4
1,450,224500,224999,236.497813,236.985107,500,1,4
1,451,225000,225499,237.023301,237.510596,500,1,4
1,452,225500,225999,237.548422,238.035717,500,1,4
1,453,226000,226499,238.076679,238.563974,500,1,4
1,454,226500,226999,238.605256,239.092551,500,1,4
1,455,227000,227499,239.128517,239.615811,500,1,4
1,456,227500,227999,239.656334,240.143628,500,1,4
1,457,228000,228499,240.186916,240.67421,500,1,4
1,458,228500,228999,240.70971,241.197004,500,1,4
1,459,229000,229499,241.241091,241.728385,500,1,4
1,460,229500,229999,241.766364,242.253659,500,1,4
1,461,230000,230499,242.289639,242.776933,500,1,4
1,462,230500,230999,242.815473,243.302767,500,1,4
1,463,231000,231499,243.341695,243.828989,500,1,4
1,464,231500,231999,243.871789,244.359083,500,1,4
1,465,232000,232499,244.397656,244.88495,500,1,4
1,466,232500,232999,244.933748,245.421042,500,1,4
1,467,233000,233499,245.457662,245.944956,500,1,4
1,468,233500,233999,245.983215,246.470509,500,1,4
1,469,234000,234499,246.516821,247.004115,500,1,4
1,470,234500,234999,247.04683,247.534124,500,1,4
1,471,235000,235499,247.57475,248.062044,500,1,4
1,472,235500,235999,248.097958,248.585253,500,1,4
1,473,236000,236499,248.623749,249.111043,500,1,4
1,474,236500,236999,249.153346,249.640641,500,1,4
1,475,237000,237499,249.681201,250.168495,500,0,0
1,476,237500,237999,250.207014,250.694308,500,0,0
1,477,238000,238499,250.728556,251.21585,500,0,0
1,478,238500,238999,251.255625,251.74292,500,0,0
1,479,239000,239499,251.78478,252.272074,500,0,0
1,480,239500,239999,252.315897,252.803191,500,2,1
1,481,240000,240499,252.846315,253.333609,500,2,1
1,482,240500,240999,253.369424,253.856718,500,2,1
1,483,241000,241499,253.899911,254.387206,500,2,1
1,484,241500,241999,254.424676,254.91197,500,2,1
1,485,242000,242499,254.955006,255.4423,500,2,1
1,486,242500,242999,255.478828,255.966123,500,2,1
1,487,243000,243499,256.001428,256.488723,500,2,1
1,488,243500,243999,256.527583,257.014877,500,2,1
1,489,244000,244499,257.058561,257.545856,500,2,1
1,490,244500,244999,257.581568,258.068862,500,2,1
1,491,245000,245499,258.106893,258.594187,500,2,1
1,492,245500,245999,258.631406,259.1187,500,2,1
1,493,246000,246499,259.155569,259.642864,500,2,1
1,494,246500,246999,259.679926,260.167221,500,2,1
1,495,247000,247499,260.212454,260.699748,500,2,1
1,496,247500,247999,260.737822,261.225116,500,2,1
1,497,248000,248499,261.264981,261.752275,500,2,1
1,498,248500,248999,261.791435,262.278729,500,2,1
1,499,249000,249499,262.314768,262.802062,500,2,1
1,500,249500,249999,262.837565,263.324859,500,2,1
1,501,250000,250499,263.370051,263.857345,500,2,1
1,502,250500,250999,263.904151,264.391445,500,2,1
1,503,251000,251499,264.434895,264.922189,500,2,1
1,504,251500,251999,264.965847,265.453141,500,2,1
1,505,252000,252499,265.493469,265.980763,500,2,1
1,506,252500,252999,266.015808,266.503102,500,2,1
1,507,253000,253499,266.540441,267.027736,500,2,1
1,508,253500,253999,267.069404,267.556698,500,2,1
1,509,254000,254499,267.602962,268.090256,500,2,1
1,510,254500,254999,268.132314,268.619609,500,2,1
1,511,255000,255499,268.659571,269.146865,500,2,1
1,512,255500,255999,269.187637,269.674931,500,2,1
1,513,256000,256499,269.711628,270.198922,500,2,1
1,514,256500,256999,270.235718,270.723012,500,2,1
1,515,257000,257499,270.76301,271.250304,500,2,1
1,516,257500,257999,271.287251,271.774545,500,2,1
1,517,258000,258499,271.809563,272.296857,500,2,1
1,518,258500,258999,272.335399,272.822694,500,2,1
1,519,259000,259499,272.858774,273.346068,500,2,1
1,520,259500,259999,273.384378,273.871672,500,2,1
1,521,260000,260499,273.906397,274.393691,500,2,1
1,522,260500,260999,274.435211,274.922505,500,2,1
1,523,261000,261499,274.960438,275.447732,500,2,1
1,524,261500,261999,275.48342,275.970714,500,2,1
1,525,262000,262499,276.008351,276.495646,500,2,1
1,526,262500,262999,276.533254,277.020549,500,2,1
1,527,263000,263499,277.067269,277.554564,500,2,1
1,528,263500,263999,277.591446,278.078741,500,2,1
1,529,264000,264499,278.113309,278.600603,500,2,1
1,530,264500,264999,278.636889,279.124184,500,2,1
1,531,265000,265499,279.158285,279.645579,500,2,1
1,532,265500,265999,279.689067,280.176361,500,2,1
1,533,266000,266499,280.21355,280.700844,500,2,1
1,534,266500,266999,280.749001,281.236295,500,2,1
1,535,267000,267499,281.278278,281.765573,500,2,1
1,536,267500,267999,281.804272,282.291566,500,2,1
1,537,268000,268499,282.327805,282.815099,500,2,1
1,538,268500,268999,282.852711,283.340005,500,2,1
1,539,269000,269499,283.380911,283.868205,500,2,1
1,540,269500,269999,283.910699,284.397993,500,2,1
1,541,270000,270499,284.444942,284.932236,500,2,1
1,542,270500,270999,284.969047,285.456341,500,2,1
1,543,271000,271499,285.492054,285.979348,500,2,1
1,544,271500,271999,286.021606,286.5089,500,2,1
1,545,272000,272499,286.550242,287.037536,500,2,1
1,546,272500,272999,287.075748,287.563042,500,2,1
1,547,273000,273499,287.603409,288.090704,500,2,1
1,548,273500,273999,288.127595,288.614889,500,2,1
1,549,274000,274499,288.653867,289.141162,500,2,1
1,550,274500,274999,289.177374,289.664668,500,2,1
1,551,275000,275499,289.705768,290.193062,500,2,1
1,552,275500,275999,290.23169,290.718984,500,2,1
1,553,276000,276499,290.757588,291.244882,500,2,1
1,554,276500,276999,291.282308,291.769602,500,2,1
1,555,277000,277499,291.810376,292.29767,500,2,1
1,556,277500,277999,292.333067,292.820361,500,2,1
1,557,278000,278499,292.856743,293.344037,500,2,1
1,558,278500,278999,293.379444,293.866738,500,2,1
1,559,279000,279499,293.912398,294.399692,500,2,1
1,560,279500,279999,294.433498,294.920792,500,2,1
1,561,280000,280499,294.960671,295.447965,500,2,1
1,562,280500,280999,295.488585,295.975879,500,2,1
1,563,281000,281499,296.013871,296.501166,500,2,1
1,564,281500,281999,296.542053,297.029347,500,2,1
1,565,282000,282499,297.067058,297.554352,500,2,1
1,566,282500,282999,297.590028,298.077322,500,2,1
1,567,283000,283499,298.115324,298.602618,500,2,1
1,568,283500,283999,298.64052,299.127814,500,2,1
1,569,284000,284499,299.171568,299.658863,500,2,1
1,570,284500,284999,299.6998,300.187094,500,2,1
1,571,285000,285499,300.229563,300.716858,500,2,1
1,572,285500,285999,300.754565,301.241859,500,2,1
1,573,286000,286499,301.279109,301.766403,500,2,1
1,574,286500,286999,301.803909,302.291204,500,2,1
1,575,287000,287499,302.328834,302.816129,500,2,1
1,576,287500,287999,302.85936,303.346654,500,2,1
1,577,288000,288499,303.385659,303.872953,500,2,1
1,578,288500,288999,303.912862,304.400156,500,2,1
1,579,289000,289499,304.449418,304.936712,500,2,1
1,580,289500,289999,304.982634,305.469928,500,2,1
1,581,290000,290499,305.50806,305.995355,500,2,1
1,582,290500,290999,306.031847,306.519141,500,2,1
1,583,291000,291499,306.559431,307.046725,500,2,1
1,584,291500,291999,307.084481,307.571775,500,2,1
1,585,292000,292499,307.611374,308.098668,500,2,1
1,586,292500,292999,308.134991,308.622285,500,2,1
1,587,293000,293499,308.657444,309.144738,500,2,1
1,588,293500,293999,309.183552,309.670846,500,2,1
1,589,294000,294499,309.706268,310.193562,500,2,1
1,590,294500,294999,310.231273,310.718567,500,2,1
1,591,295000,295499,310.754623,311.241917,500,2,1
1,592,295500,295999,311.28167,311.768964,500,2,1
1,593,296000,296499,311.807038,312.294333,500,0,0
1,594,296500,296999,312.332772,312.820066,500,2,2
1,595,297000,297499,312.856173,313.343467,500,2,2
1,596,297500,297999,313.380461,313.867755,500,2,2
1,597,298000,298499,313.915284,314.402578,500,2,2
1,598,298500,298999,314.447314,314.934608,500,2,2
1,599,299000,299499,314.97248,315.459774,500,2,2
1,600,299500,299999,315.501889,315.989183,500,2,2
1,601,300000,300499,316.032738,316.520032,500,2,2
1,602,300500,300999,316.557504,317.044798,500,2,2
1,603,301000,301499,317.08641,317.573704,500,2,2
1,604,301500,301999,317.621904,318.109198,500,2,2
1,605,302000,302499,318.147818,318.635113,500,2,2
1,606,302500,302999,318.672377,319.159671,500,2,2
1,607,303000,303499,319.195728,319.683022,500,2,2
1,608,303500,303999,319.727653,320.214948,500,2,2
1,609,304000,304499,320.259585,320.746879,500,2,2
1,610,304500,304999,320.784859,321.272153,500,2,2
1,611,305000,305499,321.311,321.798294,500,2,2
1,612,305500,305999,321.835865,322.323159,500,2,2
1,613,306000,306499,322.36981,322.857104,500,2,2
1,614,306500,306999,322.895258,323.382552,500,2,2
1,615,307000,307499,323.423684,323.910979,500,2,2
1,616,307500,307999,323.947544,324.434838,500,2,2
1,617,308000,308499,324.480731,324.968026,500,2,2
1,618,308500,308999,325.005109,325.492404,500,2,2
1,619,309000,309499,325.531507,326.018801,500,2,2
1,620,309500,309999,326.064305,326.551599,500,2,2
1,621,310000,310499,326.601944,327.089238,500,2,2
1,622,310500,310999,327.124923,327.612217,500,2,2
1,623,311000,311499,327.649711,328.137005,500,2,2
1,624,311500,311999,328.175118,328.662412,500,2,2
1,625,312000,312499,328.70612,329.193415,500,2,2
1,626,312500,312999,329.233703,329.720997,500,2,2
1,627,313000,313499,329.759234,330.246528,500,2,2
1,628,313500,313999,330.285173,330.772467,500,2,2
1,629,314000,314499,330.812932,331.300226,500,2,2
1,630,314500,314999,331.337986,331.82528,500,2,2
1,631,315000,315499,331.868618,332.355912,500,2,2
1,632,315500,315999,332.396949,332.884243,500,2,2
1,633,316000,316499,332.922867,333.410161,500,2,2
1,634,316500,316999,333.447845,333.935139,500,2,2
1,635,317000,317499,333.972228,334.459523,500,2,2
1,636,317500,317999,334.496852,334.984146,500,2,2
1,637,318000,318499,335.021366,335.50866,500,2,2
1,638,318500,318999,335.550582,336.037877,500,2,2
1,639,319000,319499,336.082203,336.569498,500,2,2
1,640,319500,319999,336.608762,337.096056,500,2,2
1,641,320000,320499,337.133845,337.621139,500,2,2
1,642,320500,320999,337.672583,338.159877,500,2,2
1,643,321000,321499,338.203486,338.69078,500,2,2
1,644,321500,321999,338.727145,339.21444,500,2,2
1,645,322000,322499,339.25467,339.741965,500,2,2
1,646,322500,322999,339.781783,340.269077,500,2,2
1,647,323000,323499,340.313916,340.801211,500,2,2
1,648,323500,323999,340.841187,341.328481,500,2,2
1,649,324000,324499,341.366321,341.853616,500,2,2
1,650,324500,324999,341.894015,342.381309,500,2,2
1,651,325000,325499,342.420598,342.907892,500,2,2
1,652,325500,325999,342.971725,343.459019,500,2,2
1,653,326000,326499,343.504901,343.992195,500,2,2
1,654,326500,326999,344.03658,344.523874,500,2,2
1,655,327000,327499,344.567317,345.054611,500,2,2
1,656,327500,327999,345.099884,345.587178,500,2,2
1,657,328000,328499,345.628783,346.116077,500,2,2
1,658,328500,328999,346.153363,346.640657,500,2,2
1,659,329000,329499,346.677288,347.164582,500,2,2
1,660,329500,329999,347.202501,347.689795,500,2,2
1,661,330000,330499,347.732518,348.219812,500,2,2
1,662,330500,330999,348.258235,348.745529,500,2,2
1,663,331000,331499,348.79544,349.282734,500,2,2
1,664,331500,331999,349.320468,349.807762,500,2,2
1,665,332000,332499,349.845947,350.333242,500,2,2
1,666,332500,332999,350.366497,350.853791,500,2,2
1,667,333000,333499,350.9019,351.389194,500,2,2
1,668,333500,333999,351.426387,351.913681,500,2,2
1,669,334000,334499,351.951455,352.438749,500,2,2
1,670,334500,334999,352.478371,352.965665,500,2,2
1,671,335000,335499,353.004218,353.491512,500,2,2
1,672,335500,335999,353.533369,354.020663,500,2,2
1,673,336000,336499,354.057642,354.544936,500,2,2
1,674,336500,336999,354.584873,355.072168,500,2,2
1,675,337000,337499,355.115933,355.603227,500,2,2
1,676,337500,337999,355.638725,356.126019,500,2,2
1,677,338000,338499,356.16617,356.653465,500,2,2
1,678,338500,338999,356.691954,357.179248,500,2,2
1,679,339000,339499,357.216658,357.703952,500,2,2
1,680,339500,339999,357.746709,358.234003,500,2,2
1,681,340000,340499,358.269219,358.756513,500,2,2
1,682,340500,340999,358.794454,359.281749,500,2,2
1,683,341000,341499,359.316906,359.804201,500,2,2
1,684,341500,341999,359.845147,360.332441,500,2,2
1,685,342000,342499,360.37598,360.863274,500,2,2
1,686,342500,342999,360.903557,361.390852,500,2,2
1,687,343000,343499,361.434489,361.921783,500,2,2
1,688,343500,343999,361.957683,362.444977,500,2,2
1,689,344000,344499,362.484002,362.971296,500,2,2
1,690,344500,344999,363.012503,363.499797,500,2,2
1,691,345000,345499,363.537464,364.024758,500,2,2
1,692,345500,345999,364.060391,364.547686,500,2,2
1,693,346000,346499,364.586737,365.074031,500,2,2
1,694,346500,346999,365.110455,365.597749,500,2,2
1,695,347000,347499,365.636025,366.12332,500,2,2
1,696,347500,347999,366.162761,366.650056,500,2,2
1,697,348000,348499,366.686547,367.173841,500,2,2
1,698,348500,348999,367.211907,367.699201,500,2,2
1,699,349000,349499,367.736291,368.223585,500,2,2
1,700,349500,349999,368.259085,368.74638,500,2,2
1,701,350000,350499,368.784541,369.271835,500,2,2
1,702,350500,350999,369.314779,369.802073,500,2,2
1,703,351000,351499,369.843366,370.33066,500,2,2
1,704,351500,351999,370.373078,370.860372,500,2,2
1,705,352000,352499,370.89927,371.386565,500,2,2
1,706,352500,352999,371.426254,371.913548,500,2,2
1,707,353000,353499,371.959422,372.446716,500,0,0
1,708,353500,353999,372.486375,372.973669,500,0,0
1,709,354000,354499,373.010945,373.498239,500,0,0
1,710,354500,354999,373.53557,374.022864,500,0,0
1,711,355000,355499,374.059934,374.547229,500,0,0
1,712,355500,355999,374.581384,375.068678,500,0,0
1,713,356000,356499,375.117928,375.605222,500,0,0
1,714,356500,356999,375.644332,376.131626,500,0,0
1,715,357000,357499,376.179031,376.666326,500,0,0
1,716,357500,357999,376.70479,377.192085,500,0,0
1,717,358000,358499,377.22972,377.717015,500,0,0
1,718,358500,358999,377.753343,378.240637,500,0,0
1,719,359000,359499,378.27541,378.762705,500,0,0
1,720,359500,359999,378.799114,379.286408,500,0,0
1,721,360000,360499,379.327718,379.815012,500,0,0
1,722,360500,360999,379.853751,380.341045,500,0,0
1,723,361000,361499,380.382547,380.869841,500,0,0
1,724,361500,361999,380.908039,381.395334,500,0,0
1,725,362000,362499,381.437637,381.924931,500,0,0
1,726,362500,362999,381.964666,382.451961,500,0,0
1,727,363000,363499,382.493061,382.980355,500,0,0
1,728,363500,363999,383.028162,383.515457,500,0,0
1,729,364000,364499,383.553923,384.041217,500,0,0
1,730,364500,364999,384.08002,384.567314,500,0,0
1,731,365000,365499,384.610578,385.097872,500,0,0
1,732,365500,365999,385.133485,385.62078,500,0,0
1,733,366000,366499,385.658885,386.146179,500,0,0
1,734,366500,366999,386.192998,386.680292,500,0,0
1,735,367000,367499,386.718113,387.205408,500,0,0
1,736,367500,367999,387.241767,387.729061,500,0,0
1,737,368000,368499,387.76724,388.254534,500,0,0
1,738,368500,368999,388.291445,388.77874,500,0,0
1,739,369000,369499,388.816578,389.303872,500,0,0
1,740,369500,369999,389.340458,389.827752,500,0,0
1,741,370000,370499,389.867323,390.354618,500,0,0
1,742,370500,370999,390.391412,390.878706,500,0,0
1,743,371000,371499,390.919909,391.407204,500,0,0
1,744,371500,371999,391.449508,391.936802,500,0,0
1,745,372000,372499,391.976726,392.46402,500,0,0
1,746,372500,372999,392.503974,392.991268,500,0,0
1,747,373000,373499,393.030779,393.518074,500,0,0
1,748,373500,373999,393.552101,394.039395,500,0,0
1,749,374000,374499,394.082049,394.569344,500,0,0
1,750,374500,374999,394.607662,395.094956,500,0,0
1,751,375000,375499,395.134878,395.622172,500,0,0
1,752,375500,375999,395.659939,396.147233,500,0,0
1,753,376000,376499,396.194693,396.681988,500,0,0
1,754,376500,376999,396.7209,397.208195,500,0,0
1,755,377000,377499,397.244797,397.732091,500,0,0
1,756,377500,377999,397.768462,398.255756,500,0,0
1,757,378000,378499,398.292634,398.779928,500,0,0
1,758,378500,378999,398.820269,399.307563,500,0,0
1,759,379000,379499,399.348108,399.835402,500,0,0
1,760,379500,379999,399.879853,400.367148,500,0,0
1,761,380000,380499,400.411285,400.898579,500,0,0
1,762,380500,380999,400.938449,401.425743,500,0,0
1,763,381000,381499,401.471213,401.958507,500,0,0
1,764,381500,381999,401.995357,402.482651,500,0,0
1,765,382000,382499,402.522695,403.009989,500,0,0
1,766,382500,382999,403.046993,403.534287,500,0,0
1,767,383000,383499,403.571235,404.058529,500,0,0
1,768,383500,383999,404.093893,404.581187,500,0,0
1,769,384000,384499,404.626276,405.11357,500,0,0
1,770,384500,384999,405.159716,405.64701,500,0,0
1,771,385000,385499,405.684294,406.171588,500,0,0
1,772,385500,385999,406.213968,406.701262,500,0,0
1,773,386000,386499,406.741113,407.228407,500,0,0
1,774,386500,386999,407.265555,407.752849,500,0,0
1,775,387000,387499,407.791464,408.278758,500,0,0
1,776,387500,387999,408.321726,408.80902,500,0,0
1,777,388000,388499,408.844785,409.332079,500,0,0
1,778,388500,388999,409.368893,409.856187,500,0,0
1,779,389000,389499,409.894529,410.381823,500,0,0
1,780,389500,389999,410.422174,410.909468,500,0,0
1,781,390000,390499,410.948711,411.436005,500,0,0
1,782,390500,390999,411.47787,411.965164,500,0,0
1,783,391000,391499,412.002119,412.489414,500,0,0
1,784,391500,391999,412.527497,413.014792,500,0,0
1,785,392000,392499,413.057794,413.545088,500,0,0
1,786,392500,392999,413.589698,414.076992,500,0,0
1,787,393000,393499,414.114589,414.601884,500,0,0
1,788,393500,393999,414.643912,415.131206,500,0,0
1,789,394000,394499,415.173491,415.660785,500,0,0
1,790,394500,394999,415.702114,416.189408,500,0,0
1,791,395000,395499,416.228942,416.716237,500,0,0
1,792,395500,395999,416.751913,417.239207,500,0,0
1,793,396000,396499,417.283011,417.770306,500,0,0
1,794,396500,396999,417.81563,418.302924,500,0,0
1,795,397000,397499,418.344152,418.831446,500,0,0
1,796,397500,397999,418.90938,419.396674,500,0,0
1,797,398000,398499,419.43912,419.926414,500,0,0
1,798,398500,398999,419.970375,420.457669,500,0,0
1,799,399000,399499,420.496629,420.983923,500,0,0
1,800,399500,399999,421.027897,421.515191,500,0,0
2,1,1,500,0,0.487294,500,0,0
2,2,501,1000,0.534458,1.021752,500,0,0
2,3,1001,1500,1.058164,1.545459,500,0,0
2,4,1501,2000,1.583252,2.070547,500,0,0
2,5,2001,2500,2.106698,2.593992,500,0,0
2,6,2501,3000,2.629935,3.117229,500,0,0
2,7,3001,3500,3.154986,3.64228,500,0,0
2,8,3501,4000,3.686435,4.173729,500,0,0
2,9,4001,4500,4.210133,4.697427,500,0,0
2,10,4501,5000,4.734965,5.222259,500,0,0
2,11,5001,5500,5.26175,5.749045,500,0,0
2,12,5501,6000,5.791931,6.279226,500,0,0
2,13,6001,6500,6.317111,6.804406,500,0,0
2,14,6501,7000,6.839652,7.326946,500,0,0
2,15,7001,7500,7.366183,7.853478,500,0,0
2,16,7501,8000,7.890941,8.378235,500,0,0
2,17,8001,8500,8.414546,8.901841,500,0,0
2,18,8501,9000,8.93896,9.426254,500,0,0
2,19,9001,9500,9.462622,9.949917,500,0,0
2,20,9501,10000,9.988857,10.476151,500,0,0
2,21,10001,10500,10.524126,11.011421,500,1,1
2,22,10501,11000,11.04887,11.536164,500,1,1
2,23,11001,11500,11.573629,12.060923,500,1,1
2,24,11501,12000,12.100024,12.587319,500,1,1
2,25,12001,12500,12.625422,13.112716,500,1,1
2,26,12501,13000,13.156252,13.643547,500,1,1
2,27,13001,13500,13.679187,14.166481,500,1,1
2,28,13501,14000,14.209184,14.696479,500,1,1
2,29,14001,14500,14.734054,15.221348,500,1,1
2,30,14501,15000,15.259219,15.746513,500,1,1
2,31,15001,15500,15.782678,16.269972,500,1,1
2,32,15501,16000,16.308399,16.795694,500,1,1
2,33,16001,16500,16.833717,17.321011,500,1,1
2,34,16501,17000,17.359978,17.847273,500,1,1
2,35,17001,17500,17.887223,18.374517,500,1,1
2,36,17501,18000,18.417602,18.904897,500,1,1
2,37,18001,18500,18.948791,19.436085,500,1,1
2,38,18501,19000,19.479512,19.966806,500,1,1
2,39,19001,19500,20.007672,20.494966,500,1,1
2,40,19501,20000,20.535803,21.023097,500,1,1
2,41,20001,20500,21.059978,21.547272,500,1,1
2,42,20501,21000,21.586619,22.073913,500,1,1
2,43,21001,21500,22.108944,22.596238,500,1,1
2,44,21501,22000,22.632571,23.119865,500,1,1
2,45,22001,22500,23.157856,23.64515,500,1,1
2,46,22501,23000,23.68391,24.171204,500,1,1
2,47,23001,23500,24.209588,24.696882,500,1,1
2,48,23501,24000,24.735003,25.222297,500,1,1
2,49,24001,24500,25.256568,25.743862,500,1,1
2,50,24501,25000,25.78262,26.269914,500,1,1
2,51,25001,25500,26.307544,26.794838,500,1,1
2,52,25501,26000,26.837918,27.325213,500,1,1
2,53,26001,26500,27.360852,27.848146,500,1,1
2,54,26501,27000,27.888598,28.375892,500,1,1
2,55,27001,27500,28.416862,28.904156,500,1,1
2,56,27501,28000,28.940897,29.428191,500,1,1
2,57,28001,28500,29.469542,29.956836,500,1,1
2,58,28501,29000,29.994026,30.48132,500,1,1
2,59,29001,29500,30.52346,31.010754,500,1,1
2,60,29501,30000,31.054463,31.541758,500,1,1
2,61,30001,30500,31.580527,32.067821,500,1,1
2,62,30501,31000,32.103702,32.590996,500,1,1
2,63,31001,31500,32.628666,33.11596,500,1,1
2,64,31501,32000,33.154263,33.641557,500,1,1
2,65,32001,32500,33.678585,34.165879,500,1,1
2,66,32501,33000,34.207971,34.695266,500,1,1
2,67,33001,33500,34.735523,35.222817,500,1,1
2,68,33501,34000,35.26071,35.748004,500,1,1
2,69,34001,34500,35.788924,36.276218,500,1,1
2,70,34501,35000,36.316495,36.80379,500,1,1
2,71,35001,35500,36.839005,37.3263,500,1,1
2,72,35501,36000,37.361241,37.848535,500,1,1
2,73,36001,36500,37.882031,38.369325,500,1,1
2,74,36501,37000,38.415286,38.90258,500,1,1
2,75,37001,37500,38.94007,39.427365,500,1,1
2,76,37501,38000,39.467376,39.954671,500,1,1
2,77,38001,38500,39.992324,40.479619,500,1,1
2,78,38501,39000,40.518907,41.006201,500,1,1
2,79,39001,39500,41.043188,41.530482,500,1,1
2,80,39501,40000,41.569481,42.056775,500,1,1
2,81,40001,40500,42.093388,42.580683,500,1,1
2,82,40501,41000,42.627677,43.114971,500,1,1
2,83,41001,41500,43.148922,43.636216,500,1,1
2,84,41501,42000,43.676994,44.164288,500,1,1
2,85,42001,42500,44.20253,44.689824,500,1,1
2,86,42501,43000,44.726805,45.214099,500,1,1
2,87,43001,43500,45.250299,45.737593,500,1,1
2,88,43501,44000,45.773582,46.260876,500,1,1
2,89,44001,44500,46.303165,46.790459,500,1,1
2,90,44501,45000,46.826655,47.31395,500,1,1
2,91,45001,45500,47.350219,47.837513,500,1,1
2,92,45501,46000,47.873695,48.360989,500,1,1
2,93,46001,46500,48.399226,48.88652,500,1,1
2,94,46501,47000,48.923492,49.410786,500,1,1
2,95,47001,47500,49.457523,49.944817,500,1,1
2,96,47501,48000,49.980323,50.467617,500,1,1
2,97,48001,48500,50.505368,50.992662,500,1,1
2,98,48501,49000,51.030922,51.518216,500,1,1
2,99,49001,49500,51.558441,52.045736,500,1,1
2,100,49501,50000,52.083704,52.570998,500,1,1
2,101,50001,50500,52.611611,53.098905,500,1,1
2,102,50501,51000,53.138388,53.625682,500,1,1
2,103,51001,51500,53.660952,54.148247,500,1,1
2,104,51501,52000,54.186641,54.673935,500,1,1
2,105,52001,52500,54.708688,55.195983,500,1,1
2,106,52501,53000,55.232085,55.71938,500,1,1
2,107,53001,53500,55.762283,56.249577,500,1,1
2,108,53501,54000,56.287225,56.77452,500,1,1
2,109,54001,54500,56.817741,57.305035,500,1,1
2,110,54501,55000,57.340633,57.827927,500,1,1
2,111,55001,55500,57.868653,58.355948,500,1,1
2,112,55501,56000,58.393407,58.880701,500,1,1
2,113,56001,56500,58.918495,59.405789,500,1,1
2,114,56501,57000,59.444013,59.931307,500,1,1
2,115,57001,57500,59.966515,60.453809,500,1,1
2,116,57501,58000,60.488475,60.97577,500,1,1
2,117,58001,58500,61.012625,61.49992,500,1,1
2,118,58501,59000,61.541847,62.029141,500,1,1
2,119,59001,59500,62.064297,62.551591,500,1,1
2,120,59501,60000,62.588823,63.076117,500,1,1
2,121,60001,60500,63.113301,63.600595,500,1,1
2,122,60501,61000,63.636858,64.124152,500,1,1
2,123,61001,61500,64.163807,64.651101,500,1,1
2,124,61501,62000,64.690656,65.17795,500,1,1
2,125,62001,62500,65.211594,65.698889,500,1,1
2,126,62501,63000,65.735822,66.223116,500,1,1
2,127,63001,63500,66.261374,66.748668,500,1,1
2,128,63501,64000,66.785433,67.272727,500,1,1
2,129,64001,64500,67.316883,67.804177,500,1,1
2,130,64501,65000,67.841433,68.328727,500,1,1
2,131,65001,65500,68.36474,68.852034,500,1,1
2,132,65501,66000,68.890702,69.377997,500,1,1
2,133,66001,66500,69.41616,69.903454,500,1,1
2,134,66501,67000,69.940098,70.427392,500,0,0
2,135,67001,67500,70.462836,70.950131,500,1,2
2,136,67501,68000,70.988785,71.476079,500,1,2
2,137,68001,68500,71.521301,72.008595,500,1,2
2,138,68501,69000,72.043899,72.531193,500,1,2
2,139,69001,69500,72.570372,73.057666,500,1,2
2,140,69501,70000,73.102897,73.590191,500,1,2
2,141,70001,70500,73.631045,74.118339,500,1,2
2,142,70501,71000,74.155593,74.642887,500,1,2
2,143,71001,71500,74.682729,75.170023,500,1,2
2,144,71501,72000,75.209506,75.696801,500,1,2
2,145,72001,72500,75.737274,76.224568,500,1,2
2,146,72501,73000,76.261838,76.749132,500,1,2
2,147,73001,73500,76.787165,77.274459,500,1,2
2,148,73501,74000,77.315035,77.80233,500,1,2
2,149,74001,74500,77.841655,78.328949,500,1,2
2,150,74501,75000,78.36712,78.854415,500,1,2
2,151,75001,75500,78.892529,79.379823,500,1,2
2,152,75501,76000,79.416026,79.903321,500,1,2
2,153,76001,76500,79.942047,80.429342,500,1,2
2,154,76501,77000,80.469041,80.956335,500,1,2
2,155,77001,77500,80.996449,81.483743,500,1,2
2,156,77501,78000,81.522499,82.009793,500,1,2
2,157,78001,78500,82.046294,82.533589,500,1,2
2,158,78501,79000,82.57131,83.058604,500,1,2
2,159,79001,79500,83.096033,83.583328,500,1,2
2,160,79501,80000,83.628445,84.115739,500,1,2
2,161,80001,80500,84.154896,84.64219,500,1,2
2,162,80501,81000,84.681111,85.168405,500,1,2
2,163,81001,81500,85.204915,85.69221,500,1,2
2,164,81501,82000,85.730819,86.218113,500,1,2
2,165,82001,82500,86.261403,86.748697,500,1,2
2,166,82501,83000,86.784229,87.271523,500,1,2
2,167,83001,83500,87.309423,87.796718,500,1,2
2,168,83501,84000,87.832181,88.319475,500,1,2
2,169,84001,84500,88.359431,88.846726,500,1,2
2,170,84501,85000,88.887839,89.375133,500,1,2
2,171,85001,85500,89.412882,89.900176,500,1,2
2,172,85501,86000,89.940351,90.427646,500,1,2
2,173,86001,86500,90.466433,90.953727,500,1,2
2,174,86501,87000,90.989509,91.476803,500,1,2
2,175,87001,87500,91.513092,92.000387,500,1,2
2,176,87501,88000,92.039105,92.526399,500,1,2
2,177,88001,88500,92.562717,93.050011,500,1,2
2,178,88501,89000,93.088807,93.576101,500,1,2
2,179,89001,89500,93.615126,94.10242,500,1,2
2,180,89501,90000,94.140129,94.627423,500,1,2
2,181,90001,90500,94.670256,95.15755,500,1,2
2,182,90501,91000,95.194517,95.681812,500,1,2
2,183,91001,91500,95.718214,96.205508,500,1,2
2,184,91501,92000,96.246847,96.734141,500,1,2
2,185,92001,92500,96.777456,97.26475,500,1,2
2,186,92501,93000,97.300974,97.788268,500,1,2
2,187,93001,93500,97.823014,98.310308,500,1,2
2,188,93501,94000,98.34564,98.832934,500,1,2
2,189,94001,94500,98.869271,99.356565,500,1,2
2,190,94501,95000,99.394986,99.88228,500,1,2
2,191,95001,95500,99.921892,100.409187,500,1,2
2,192,95501,96000,100.446134,100.933429,500,1,2
2,193,96001,96500,100.970576,101.45787,500,1,2
2,194,96501,97000,101.498877,101.986171,500,1,2
2,195,97001,97500,102.02761,102.514905,500,1,2
2,196,97501,98000,102.550832,103.038127,500,1,2
2,197,98001,98500,103.072789,103.560084,500,1,2
2,198,98501,99000,103.599349,104.086643,500,1,2
2,199,99001,99500,104.125476,104.612771,500,1,2
2,200,99501,100000,104.650413,105.137707,500,1,2
2,201,100001,100500,105.175935,105.663229,500,1,2
2,202,100501,101000,105.700216,106.18751,500,1,2
2,203,101001,101500,106.224825,106.71212,500,1,2
2,204,101501,102000,106.747526,107.23482,500,1,2
2,205,102001,102500,107.270893,107.758187,500,1,2
2,206,102501,103000,107.794759,108.282053,500,1,2
2,207,103001,103500,108.318057,108.805351,500,1,2
2,208,103501,104000,108.841284,109.328578,500,1,2
2,209,104001,104500,109.361796,109.849091,500,1,2
2,210,104501,105000,109.889568,110.376863,500,1,2
2,211,105001,105500,110.41624,110.903534,500,1,2
2,212,105501,106000,110.947386,111.43468,500,1,2
2,213,106001,106500,111.470651,111.957945,500,1,2
2,214,106501,107000,111.99562,112.482915,500,1,2
2,215,107001,107500,112.521706,113.009,500,1,2
2,216,107501,108000,113.045059,113.532354,500,1,2
2,217,108001,108500,113.570371,114.057666,500,1,2
2,218,108501,109000,114.102384,114.589678,500,1,2
2,219,109001,109500,114.626482,115.113777,500,1,2
2,220,109501,110000,115.152589,115.639883,500,1,2
2,221,110001,110500,115.680158,116.167452,500,1,2
2,222,110501,111000,116.205191,116.692486,500,1,2
2,223,111001,111500,116.731678,117.218973,500,1,2
2,224,111501,112000,117.25438,117.741674,500,1,2
2,225,112001,112500,117.787705,118.274999,500,1,2
2,226,112501,113000,118.310113,118.797407,500,1,2
2,227,113001,113500,118.838407,119.325702,500,1,2
2,228,113501,114000,119.364441,119.851736,500,1,2
2,229,114001,114500,119.888866,120.37616,500,1,2
2,230,114501,115000,120.412021,120.899315,500,1,2
2,231,115001,115500,120.941796,121.42909,500,1,2
2,232,115501,116000,121.4664,121.953694,500,1,2
2,233,116001,116500,121.99299,122.480284,500,1,2
2,234,116501,117000,122.518989,123.006284,500,1,2
2,235,117001,117500,123.046259,123.533554,500,1,2
2,236,117501,118000,123.568444,124.055738,500,1,2
2,237,118001,118500,124.093086,124.58038,500,1,2
2,238,118501,119000,124.617945,125.105239,500,1,2
2,239,119001,119500,125.142571,125.629866,500,1,2
2,240,119501,120000,125.664086,126.15138,500,1,2
2,241,120001,120500,126.190625,126.677919,500,1,2
2,242,120501,121000,126.717446,127.204741,500,1,2
2,243,121001,121500,127.241347,127.728641,500,1,2
2,244,121501,122000,127.768608,128.255902,500,1,2
2,245,122001,122500,128.294586,128.781881,500,1,2
2,246,122501,123000,128.817854,129.305148,500,1,2
2,247,123001,123500,129.343616,129.83091,500,1,2
2,248,123501,124000,129.87043,130.357724,500,0,0
2,249,124001,124500,130.395055,130.882349,500,1,3
2,250,124501,125000,130.918734,131.406028,500,1,3
2,251,125001,125500,131.443456,131.93075,500,1,3
2,252,125501,126000,131.968864,132.456158,500,1,3
2,253,126001,126500,132.497198,132.984493,500,1,3
2,254,126501,127000,133.023979,133.511273,500,1,3
2,255,127001,127500,133.554671,134.041966,500,1,3
2,256,127501,128000,134.083262,134.570557,500,1,3
2,257,128001,128500,134.608843,135.096138,500,1,3
2,258,128501,129000,135.138373,135.625668,500,1,3
2,259,129001,129500,135.66536,136.152654,500,1,3
2,260,129501,130000,136.193303,136.680597,500,1,3
2,261,130001,130500,136.718971,137.206266,500,1,3
2,262,130501,131000,137.245384,137.732678,500,1,3
2,263,131001,131500,137.767256,138.25455,500,1,3
2,264,131501,132000,138.291059,138.778353,500,1,3
2,265,132001,132500,138.815955,139.303249,500,1,3
2,266,132501,133000,139.339255,139.82655,500,1,3
2,267,133001,133500,139.863411,140.350705,500,1,3
2,268,133501,134000,140.38562,140.872914,500,1,3
2,269,134001,134500,140.909256,141.39655,500,1,3
2,270,134501,135000,141.43295,141.920244,500,1,3
2,271,135001,135500,141.954918,142.442213,500,1,3
2,272,135501,136000,142.478452,142.965747,500,1,3
2,273,136001,136500,143.009314,143.496608,500,1,3
2,274,136501,137000,143.533386,144.020681,500,1,3
2,275,137001,137500,144.061974,144.549269,500,1,3
2,276,137501,138000,144.5853,145.072595,500,1,3
2,277,138001,138500,145.112013,145.599307,500,1,3
2,278,138501,139000,145.637927,146.125221,500,1,3
2,279,139001,139500,146.166232,146.653526,500,1,3
2,280,139501,140000,146.69373,147.181024,500,1,3
2,281,140001,140500,147.218526,147.70582,500,1,3
2,282,140501,141000,147.747594,148.234889,500,1,3
2,283,141001,141500,148.278351,148.765645,500,1,3
2,284,141501,142000,148.80135,149.288644,500,1,3
2,285,142001,142500,149.327008,149.814303,500,1,3
2,286,142501,143000,149.851558,150.338852,500,1,3
2,287,143001,143500,150.383011,150.870305,500,1,3
2,288,143501,144000,150.910709,151.398003,500,1,3
2,289,144001,144500,151.437013,151.924307,500,1,3
2,290,144501,145000,151.959623,152.446917,500,1,3
2,291,145001,145500,152.482715,152.970009,500,1,3
2,292,145501,146000,153.006646,153.49394,500,1,3
2,293,146001,146500,153.531084,154.018378,500,1,3
2,294,146501,147000,154.054606,154.541901,500,1,3
2,295,147001,147500,154.578462,155.065756,500,1,3
2,296,147501,148000,155.100287,155.587582,500,1,3
2,297,148001,148500,155.625344,156.112638,500,1,3
2,298,148501,149000,156.146016,156.63331,500,1,3
2,299,149001,149500,156.67098,157.158274,500,1,3
2,300,149501,150000,157.198353,157.685647,500,1,3
2,301,150001,150500,157.722421,158.209716,500,1,3
2,302,150501,151000,158.245141,158.732436,500,1,3
2,303,151001,151500,158.771045,159.25834,500,1,3
2,304,151501,152000,159.29535,159.782644,500,1,3
2,305,152001,152500,159.820286,160.30758,500,1,3
2,306,152501,153000,160.346097,160.833391,500,1,3
2,307,153001,153500,160.872919,161.360213,500,1,3
2,308,153501,154000,161.395299,161.882594,500,1,3
2,309,154001,154500,161.918515,162.405809,500,1,3
2,310,154501,155000,162.441561,162.928856,500,1,3
2,311,155001,155500,162.971783,163.459077,500,1,3
2,312,155501,156000,163.49705,163.984345,500,1,3
2,313,156001,156500,164.021311,164.508605,500,1,3
2,314,156501,157000,164.544976,165.03227,500,1,3
2,315,157001,157500,165.06731,165.554604,500,1,3
2,316,157501,158000,165.591711,166.079005,500,1,3
2,317,158001,158500,166.117252,166.604547,500,1,3
2,318,158501,159000,166.641238,167.128532,500,1,3
2,319,159001,159500,167.167349,167.654643,500,1,3
2,320,159501,160000,167.691626,168.17892,500,1,3
2,321,160001,160500,168.217404,168.704698,500,1,3
2,322,160501,161000,168.742937,169.230231,500,1,3
2,323,161001,161500,169.264945,169.752239,500,1,3
2,324,161501,162000,169.794643,170.281937,500,1,3
2,325,162001,162500,170.318763,170.806057,500,1,3
2,326,162501,163000,170.84113,171.328424,500,1,3
2,327,163001,163500,171.368152,171.855446,500,1,3
2,328,163501,164000,171.89103,172.378324,500,1,3
2,329,164001,164500,172.414876,172.90217,500,1,3
2,330,164501,165000,172.939147,173.426441,500,1,3
2,331,165001,165500,173.47005,173.957345,500,1,3
2,332,165501,166000,173.993204,174.480498,500,1,3
2,333,166001,166500,174.520334,175.007628,500,1,3
2,334,166501,167000,175.043814,175.531108,500,1,3
2,335,167001,167500,175.567849,176.055143,500,1,3
2,336,167501,168000,176.093526,176.58082,500,1,3
2,337,168001,168500,176.617438,177.104733,500,1,3
2,338,168501,169000,177.144899,177.632194,500,1,3
2,339,169001,169500,177.669529,178.156823,500,1,3
2,340,169501,170000,178.193232,178.680526,500,1,3
2,341,170001,170500,178.717365,179.204659,500,1,3
2,342,170501,171000,179.242503,179.729798,500,1,3
2,343,171001,171500,179.767303,180.254597,500,1,3
2,344,171501,172000,180.292037,180.779332,500,1,3
2,345,172001,172500,180.817461,181.304756,500,1,3
2,346,172501,173000,181.348806,181.8361,500,1,3
2,347,173001,173500,181.871296,182.35859,500,1,3
2,348,173501,174000,182.398877,182.886171,500,1,3
2,349,174001,174500,182.927209,183.414503,500,1,3
2,350,174501,175000,183.454597,183.941891,500,1,3
2,351,175001,175500,183.980047,184.467342,500,1,3
2,352,175501,176000,184.505527,184.992821,500,1,3
2,353,176001,176500,185.03332,185.520615,500,1,3
2,354,176501,177000,185.559998,186.047292,500,1,3
2,355,177001,177500,186.087455,186.574749,500,1,3
2,356,177501,178000,186.611656,187.09895,500,1,3
2,357,178001,178500,187.136899,187.624193,500,1,3
2,358,178501,179000,187.663391,188.150685,500,1,3
2,359,179001,179500,188.193251,188.680545,500,1,3
2,360,179501,180000,188.72218,189.209475,500,1,3
2,361,180001,180500,189.254131,189.741425,500,1,3
2,362,180501,181000,189.778115,190.26541,500,0,0
2,363,181001,181500,190.30347,190.790764,500,1,4
2,364,181501,182000,190.826469,191.313763,500,1,4
2,365,182001,182500,191.350608,191.837902,500,1,4
2,366,182501,183000,191.877225,192.364519,500,1,4
2,367,183001,183500,192.403904,192.891198,500,1,4
2,368,183501,184000,192.928056,193.415351,500,1,4
2,369,184001,184500,193.451027,193.938321,500,1,4
2,370,184501,185000,193.973168,194.460462,500,1,4
2,371,185001,185500,194.502227,194.989521,500,1,4
2,372,185501,186000,195.031885,195.51918,500,1,4
2,373,186001,186500,195.556823,196.044117,500,1,4
2,374,186501,187000,196.080543,196.567837,500,1,4
2,375,187001,187500,196.603291,197.090585,500,1,4
2,376,187501,188000,197.130187,197.617482,500,1,4
2,377,188001,188500,197.658102,198.145396,500,1,4
2,378,188501,189000,198.180922,198.668216,500,1,4
2,379,189001,189500,198.710507,199.197801,500,1,4
2,380,189501,190000,199.235039,199.722334,500,1,4
2,381,190001,190500,199.762588,200.249882,500,1,4
2,382,190501,191000,200.29436,200.781655,500,1,4
2,383,191001,191500,200.820951,201.308245,500,1,4
2,384,191501,192000,201.347382,201.834677,500,1,4
2,385,192001,192500,201.870366,202.35766,500,1,4
2,386,192501,193000,202.396438,202.883733,500,1,4
2,387,193001,193500,202.927226,203.41452,500,1,4
2,388,193501,194000,203.45281,203.940104,500,1,4
2,389,194001,194500,203.979042,204.466336,500,1,4
2,390,194501,195000,204.503543,204.990838,500,1,4
2,391,195001,195500,205.02775,205.515044,500,1,4
2,392,195501,196000,205.551397,206.038691,500,1,4
2,393,196001,196500,206.076101,206.563396,500,1,4
2,394,196501,197000,206.599293,207.086587,500,1,4
2,395,197001,197500,207.121994,207.609288,500,1,4
2,396,197501,198000,207.653057,208.140352,500,1,4
2,397,198001,198500,208.17684,208.664134,500,1,4
2,398,198501,199000,208.699879,209.187173,500,1,4
2,399,199001,199500,209.223396,209.710691,500,1,4
2,400,199501,200000,209.74951,210.236804,500,1,4
2,401,200001,200500,210.277149,210.764443,500,1,4
2,402,200501,201000,210.801511,211.288805,500,1,4
2,403,201001,201500,211.326546,211.81384,500,1,4
2,404,201501,202000,211.851238,212.338532,500,1,4
2,405,202001,202500,212.379407,212.866702,500,1,4
2,406,202501,203000,212.903685,213.390979,500,1,4
2,407,203001,203500,213.432968,213.920263,500,1,4
2,408,203501,204000,213.954517,214.441811,500,1,4
2,409,204001,204500,214.476117,214.963411,500,1,4
2,410,204501,205000,215.001066,215.48836,500,1,4
2,411,205001,205500,215.52876,216.016054,500,1,4
2,412,205501,206000,216.052419,216.539714,500,1,4
2,413,206001,206500,216.583394,217.070688,500,1,4
2,414,206501,207000,217.108753,217.596047,500,1,4
2,415,207001,207500,217.638386,218.12568,500,1,4
2,416,207501,208000,218.161398,218.648692,500,1,4
2,417,208001,208500,218.687058,219.174352,500,1,4
2,418,208501,209000,219.208531,219.695826,500,1,4
2,419,209001,209500,219.74386,220.231154,500,1,4
2,420,209501,210000,220.269022,220.756316,500,1,4
2,421,210001,210500,220.798356,221.28565,500,1,4
2,422,210501,211000,221.326618,221.813912,500,1,4
2,423,211001,211500,221.853973,222.341267,500,1,4
2,424,211501,212000,222.378751,222.866045,500,1,4
2,425,212001,212500,222.903493,223.390787,500,1,4
2,426,212501,213000,223.426899,223.914193,500,1,4
2,427,213001,213500,223.95192,224.439214,500,1,4
2,428,213501,214000,224.482178,224.969473,500,1,4
2,429,214001,214500,225.005521,225.492816,500,1,4
2,430,214501,215000,225.532599,226.019893,500,1,4
2,431,215001,215500,226.05575,226.543044,500,1,4
2,432,215501,216000,226.579576,227.06687,500,1,4
2,433,216001,216500,227.102562,227.589856,500,1,4
2,434,216501,217000,227.630589,228.117883,500,1,4
2,435,217001,217500,228.153266,228.64056,500,1,4
2,436,217501,218000,228.676337,229.163631,500,1,4
2,437,218001,218500,229.200637,229.687931,500,1,4
2,438,218501,219000,229.722152,230.209446,500,1,4
2,439,219001,219500,230.252133,230.739427,500,1,4
2,440,219501,220000,230.777406,231.2647,500,1,4
2,441,220001,220500,231.303346,231.790641,500,1,4
2,442,220501,221000,231.826932,232.314226,500,1,4
2,443,221001,221500,232.350435,232.83773,500,1,4
2,444,221501,222000,232.873983,233.361277,500,1,4
2,445,222001,222500,233.397403,233.884697,500,1,4
2,446,222501,223000,233.928728,234.416022,500,1,4
2,447,223001,223500,234.455475,234.942769,500,1,4
2,448,223501,224000,234.979032,235.466326,500,1,4
2,449,224001,224500,235.505935,235.99323,500,1,4
2,450,224501,225000,236.03674,236.524034,500,1,4
2,451,225001,225500,236.562259,237.049553,500,1,4
2,452,225501,226000,237.086551,237.573845,500,1,4
2,453,226001,226500,237.609423,238.096717,500,1,4
2,454,226501,227000,238.133666,238.620961,500,1,4
2,455,227001,227500,238.656212,239.143506,500,1,4
2,456,227501,228000,239.177096,239.664391,500,1,4
2,457,228001,228500,239.703579,240.190873,500,1,4
2,458,228501,229000,240.227381,240.714676,500,1,4
2,459,229001,229500,240.753972,241.241266,500,1,4
2,460,229501,230000,241.278345,241.76564,500,1,4
2,461,230001,230500,241.808121,242.295416,500,1,4
2,462,230501,231000,242.330978,242.818272,500,1,4
2,463,231001,231500,242.857526,243.34482,500,1,4
2,464,231501,232000,243.389237,243.876531,500,1,4
2,465,232001,232500,243.915538,244.402832,500,1,4
2,466,232501,233000,244.440189,244.927483,500,1,4
2,467,233001,233500,244.969818,245.457112,500,1,4
2,468,233501,234000,245.494791,245.982085,500,1,4
2,469,234001,234500,246.017579,246.504873,500,1,4
2,470,234501,235000,246.540447,247.027742,500,1,4
2,471,235001,235500,247.071605,247.558899,500,1,4
2,472,235501,236000,247.60112,248.088415,500,1,4
2,473,236001,236500,248.126271,248.613566,500,1,4
2,474,236501,237000,248.650797,249.138091,500,1,4
2,475,237001,237500,249.176666,249.663961,500,1,4
2,476,237501,238000,249.704126,250.19142,500,0,0
2,477,238001,238500,250.231955,250.71925,500,0,0
2,478,238501,239000,250.764328,251.251622,500,0,0
2,479,239001,239500,251.29776,251.785055,500,0,0
2,480,239501,240000,251.820558,252.307852,500,0,0
2,481,240001,240500,252.343589,252.830883,500,2,1
2,482,240501,241000,252.868334,253.355628,500,2,1
2,483,241001,241500,253.391208,253.878503,500,2,1
2,484,241501,242000,253.916306,254.4036,500,2,1
2,485,242001,242500,254.442165,254.92946,500,2,1
2,486,242501,243000,254.968406,255.4557,500,2,1
2,487,243001,243500,255.496675,255.983969,500,2,1
2,488,243501,244000,256.020331,256.507625,500,2,1
2,489,244001,244500,256.547301,257.034595,500,2,1
2,490,244501,245000,257.079952,257.567247,500,2,1
2,491,245001,245500,257.603125,258.090419,500,2,1
2,492,245501,246000,258.12848,258.615774,500,2,1
2,493,246001,246500,258.652968,259.140262,500,2,1
2,494,246501,247000,259.177124,259.664418,500,2,1
2,495,247001,247500,259.704651,260.191945,500,2,1
2,496,247501,248000,260.233766,260.72106,500,2,1
2,497,248001,248500,260.758631,261.245925,500,2,1
2,498,248501,249000,261.283791,261.771085,500,2,1
2,499,249001,249500,261.808038,262.295332,500,2,1
2,500,249501,250000,262.3415,262.828794,500,2,1
2,501,250001,250500,262.866841,263.354135,500,2,1
2,502,250501,251000,263.393614,263.880908,500,2,1
2,503,251001,251500,263.920211,264.407505,500,2,1
2,504,251501,252000,264.45433,264.941624,500,2,1
2,505,252001,252500,264.978878,265.466172,500,2,1
2,506,252501,253000,265.503586,265.990881,500,2,1
2,507,253001,253500,266.026717,266.514011,500,2,1
2,508,253501,254000,266.549669,267.036964,500,2,1
2,509,254001,254500,267.07481,267.562104,500,2,1
2,510,254501,255000,267.597188,268.084482,500,2,1
2,511,255001,255500,268.121442,268.608736,500,2,1
2,512,255501,256000,268.645516,269.13281,500,2,1
2,513,256001,256500,269.169489,269.656783,500,2,1
2,514,256501,257000,269.695368,270.182662,500,2,1
2,515,257001,257500,270.225736,270.713031,500,2,1
2,516,257501,258000,270.74837,271.235665,500,2,1
2,517,258001,258500,271.271861,271.759156,500,2,1
2,518,258501,259000,271.80027,272.287565,500,2,1
2,519,259001,259500,272.325372,272.812667,500,2,1
2,520,259501,260000,272.848592,273.335886,500,2,1
2,521,260001,260500,273.373186,273.860481,500,2,1
2,522,260501,261000,273.898066,274.38536,500,2,1
2,523,261001,261500,274.423323,274.910618,500,2,1
2,524,261501,262000,274.948153,275.435447,500,2,1
2,525,262001,262500,275.478981,275.966275,500,2,1
2,526,262501,263000,276.002288,276.489582,500,2,1
2,527,263001,263500,276.526886,277.01418,500,2,1
2,528,263501,264000,277.049317,277.536612,500,2,1
2,529,264001,264500,277.581511,278.068805,500,2,1
2,530,264501,265000,278.108189,278.595483,500,2,1
2,531,265001,265500,278.632944,279.120239,500,2,1
2,532,265501,266000,279.159976,279.64727,500,2,1
2,533,266001,266500,279.690777,280.178072,500,2,1
2,534,266501,267000,280.215911,280.703205,500,2,1
2,535,267001,267500,280.741645,281.22894,500,2,1
2,536,267501,268000,281.268022,281.755316,500,2,1
2,537,268001,268500,281.795083,282.282377,500,2,1
2,538,268501,269000,282.321142,282.808437,500,2,1
2,539,269001,269500,282.844774,283.332068,500,2,1
2,540,269501,270000,283.369882,283.857176,500,2,1
2,541,270001,270500,283.898105,284.385399,500,2,1
2,542,270501,271000,284.430129,284.917424,500,2,1
2,543,271001,271500,284.956141,285.443435,500,2,1
2,544,271501,272000,285.479757,285.967051,500,2,1
2,545,272001,272500,286.013028,286.500322,500,2,1
2,546,272501,273000,286.546297,287.033591,500,2,1
2,547,273001,273500,287.073295,287.560589,500,2,1
2,548,273501,274000,287.597617,288.084911,500,2,1
2,549,274001,274500,288.125195,288.612489,500,2,1
2,550,274501,275000,288.658454,289.145748,500,2,1
2,551,275001,275500,289.184618,289.671912,500,2,1
2,552,275501,276000,289.708837,290.196131,500,2,1
2,553,276001,276500,290.23244,290.719734,500,2,1
2,554,276501,277000,290.758718,291.246012,500,2,1
2,555,277001,277500,291.281753,291.769048,500,2,1
2,556,277501,278000,291.807713,292.295007,500,2,1
2,557,278001,278500,292.332768,292.820062,500,2,1
2,558,278501,279000,292.858116,293.34541,500,2,1
2,559,279001,279500,293.384231,293.871525,500,2,1
2,560,279501,280000,293.907655,294.394949,500,2,1
2,561,280001,280500,294.433095,294.920389,500,2,1
2,562,280501,281000,294.957638,295.444932,500,2,1
2,563,281001,281500,295.482199,295.969493,500,2,1
2,564,281501,282000,296.011761,296.499056,500,2,1
2,565,282001,282500,296.537257,297.024552,500,2,1
2,566,282501,283000,297.063183,297.550477,500,2,1
2,567,283001,283500,297.590337,298.077631,500,2,1
2,568,283501,284000,298.116669,298.603963,500,2,1
2,569,284001,284500,298.646687,299.133982,500,2,1
2,570,284501,285000,299.173275,299.660569,500,2,1
2,571,285001,285500,299.700663,300.187958,500,2,1
2,572,285501,286000,300.224588,300.711883,500,2,1
2,573,286001,286500,300.751492,301.238787,500,2,1
2,574,286501,287000,301.275518,301.762812,500,2,1
2,575,287001,287500,301.808337,302.295631,500,2,1
2,576,287501,288000,302.337284,302.824579,500,2,1
2,577,288001,288500,302.861931,303.349225,500,2,1
2,578,288501,289000,303.394692,303.881986,500,2,1
2,579,289001,289500,303.919475,304.40677,500,2,1
2,580,289501,290000,304.445422,304.932717,500,2,1
2,581,290001,290500,304.969358,305.456652,500,2,1
2,582,290501,291000,305.499597,305.986891,500,2,1
2,583,291001,291500,306.022278,306.509572,500,2,1
2,584,291501,292000,306.544899,307.032194,500,2,1
2,585,292001,292500,307.068466,307.55576,500,2,1
2,586,292501,293000,307.592929,308.080224,500,2,1
2,587,293001,293500,308.123831,308.611125,500,2,1
2,588,293501,294000,308.646284,309.133578,500,2,1
2,589,294001,294500,309.17161,309.658904,500,2,1
2,590,294501,295000,309.702719,310.190013,500,2,1
2,591,295001,295500,310.230848,310.718142,500,2,1
2,592,295501,296000,310.757084,311.244378,500,2,1
2,593,296001,296500,311.283112,311.770406,500,2,1
2,594,296501,297000,311.810429,312.297723,500,0,0
2,595,297001,297500,312.335512,312.822807,500,2,2
2,596,297501,298000,312.859169,313.346463,500,2,2
2,597,298001,298500,313.384221,313.871516,500,2,2
2,598,298501,299000,313.908489,314.395783,500,2,2
2,599,299001,299500,314.433305,314.920599,500,2,2
2,600,299501,300000,314.962186,315.44948,500,2,2
2,601,300001,300500,315.489765,315.977059,500,2,2
2,602,300501,301000,316.011381,316.498675,500,2,2
2,603,301001,301500,316.537627,317.024921,500,2,2
2,604,301501,302000,317.061438,317.548732,500,2,2
2,605,302001,302500,317.587099,318.074393,500,2,2
2,606,302501,303000,318.110692,318.597986,500,2,2
2,607,303001,303500,318.638656,319.125951,500,2,2
2,608,303501,304000,319.165304,319.652599,500,2,2
2,609,304001,304500,319.690525,320.177819,500,2,2
2,610,304501,305000,320.214841,320.702135,500,2,2
2,611,305001,305500,320.741301,321.228595,500,2,2
2,612,305501,306000,321.2697,321.756995,500,2,2
2,613,306001,306500,321.79356,322.280854,500,2,2
2,614,306501,307000,322.319342,322.806636,500,2,2
2,615,307001,307500,322.84647,323.333764,500,2,2
2,616,307501,308000,323.37713,323.864424,500,2,2
2,617,308001,308500,323.902893,324.390187,500,2,2
2,618,308501,309000,324.433229,324.920524,500,2,2
2,619,309001,309500,324.95621,325.443505,500,2,2
2,620,309501,310000,325.482566,325.96986,500,2,2
2,621,310001,310500,326.006489,326.493784,500,2,2
2,622,310501,311000,326.533297,327.020591,500,2,2
2,623,311001,311500,327.059466,327.546761,500,2,2
2,624,311501,312000,327.585615,328.07291,500,2,2
2,625,312001,312500,328.112249,328.599543,500,2,2
2,626,312501,313000,328.636859,329.124154,500,2,2
2,627,313001,313500,329.160313,329.647608,500,2,2
2,628,313501,314000,329.685551,330.172845,500,2,2
2,629,314001,314500,330.211246,330.69854,500,2,2
2,630,314501,315000,330.735443,331.222737,500,2,2
2,631,315001,315500,331.255797,331.743091,500,2,2
2,632,315501,316000,331.786631,332.273925,500,2,2
2,633,316001,316500,332.30914,332.796434,500,2,2
2,634,316501,317000,332.83891,333.326205,500,2,2
2,635,317001,317500,333.365606,333.8529,500,2,2
2,636,317501,318000,333.892755,334.380049,500,2,2
2,637,318001,318500,334.425317,334.912611,500,2,2
2,638,318501,319000,334.96055,335.447844,500,2,2
2,639,319001,319500,335.485912,335.973207,500,2,2
2,640,319501,320000,336.0086,336.495894,500,2,2
2,641,320001,320500,336.546626,337.03392,500,2,2
2,642,320501,321000,337.071631,337.558925,500,2,2
2,643,321001,321500,337.601166,338.08846,500,2,2
2,644,321501,322000,338.125411,338.612705,500,2,2
2,645,322001,322500,338.652282,339.139577,500,2,2
2,646,322501,323000,339.1806,339.667894,500,2,2
2,647,323001,323500,339.705921,340.193215,500,2,2
2,648,323501,324000,340.236749,340.724043,500,2,2
2,649,324001,324500,340.762313,341.249607,500,2,2
2,650,324501,325000,341.288945,341.776239,500,2,2
2,651,325001,325500,341.81679,342.304084,500,2,2
2,652,325501,326000,342.346162,342.833456,500,2,2
2,653,326001,326500,342.871299,343.358593,500,2,2
2,654,326501,327000,343.397233,343.884527,500,2,2
2,655,327001,327500,343.92329,344.410584,500,2,2
2,656,327501,328000,344.449099,344.936393,500,2,2
2,657,328001,328500,344.975056,345.462351,500,2,2
2,658,328501,329000,345.505066,345.992361,500,2,2
2,659,329001,329500,346.03146,346.518754,500,2,2
2,660,329501,330000,346.559083,347.046377,500,2,2
2,661,330001,330500,347.085383,347.572678,500,2,2
2,662,330501,331000,347.617694,348.104988,500,2,2
2,663,331001,331500,348.146896,348.63419,500,2,2
2,664,331501,332000,348.673246,349.16054,500,2,2
2,665,332001,332500,349.199628,349.686922,500,2,2
2,666,332501,333000,349.727136,350.21443,500,2,2
2,667,333001,333500,350.25231,350.739604,500,2,2
2,668,333501,334000,350.783382,351.270676,500,2,2
2,669,334001,334500,351.30722,351.794514,500,2,2
2,670,334501,335000,351.831537,352.318831,500,2,2
2,671,335001,335500,352.356294,352.843589,500,2,2
2,672,335501,336000,352.881475,353.368769,500,2,2
2,673,336001,336500,353.407052,353.894346,500,2,2
2,674,336501,337000,353.930866,354.418161,500,2,2
2,675,337001,337500,354.453608,354.940903,500,2,2
2,676,337501,338000,354.97926,355.466554,500,2,2
2,677,338001,338500,355.50318,355.990474,500,2,2
2,678,338501,339000,356.029559,356.516853,500,2,2
2,679,339001,339500,356.557763,357.045057,500,2,2
2,680,339501,340000,357.083596,357.57089,500,2,2
2,681,340001,340500,357.616278,358.103572,500,2,2
2,682,340501,341000,358.147131,358.634426,500,2,2
2,683,341001,341500,358.674526,359.16182,500,2,2
2,684,341501,342000,359.19729,359.684584,500,2,2
2,685,342001,342500,359.726873,360.214167,500,2,2
2,686,342501,343000,360.252521,360.739815,500,2,2
2,687,343001,343500,360.783747,361.271041,500,2,2
2,688,343501,344000,361.308162,361.795456,500,2,2
2,689,344001,344500,361.83759,362.324885,500,2,2
2,690,344501,345000,362.361474,362.848769,500,2,2
2,691,345001,345500,362.886925,363.37422,500,2,2
2,692,345501,346000,363.416787,363.904081,500,2,2
2,693,346001,346500,363.943627,364.430921,500,2,2
2,694,346501,347000,364.479926,364.967221,500,2,2
2,695,347001,347500,365.014936,365.502231,500,2,2
2,696,347501,348000,365.541067,366.028362,500,2,2
2,697,348001,348500,366.064459,366.551753,500,2,2
2,698,348501,349000,366.58924,367.076534,500,2,2
2,699,349001,349500,367.114541,367.601835,500,2,2
2,700,349501,350000,367.643547,368.130842,500,2,2
2,701,350001,350500,368.169935,368.657229,500,2,2
2,702,350501,351000,368.695275,369.182569,500,2,2
2,703,351001,351500,369.219954,369.707248,500,2,2
2,704,351501,352000,369.752942,370.240237,500,2,2
2,705,352001,352500,370.278254,370.765548,500,2,2
2,706,352501,353000,370.803126,371.29042,500,2,2
2,707,353001,353500,371.327957,371.815252,500,2,2
2,708,353501,354000,371.850293,372.337587,500,0,0
2,709,354001,354500,372.376353,372.863647,500,0,0
2,710,354501,355000,372.903209,373.390503,500,0,0
2,711,355001,355500,373.431122,373.918416,500,0,0
2,712,355501,356000,373.964635,374.45193,500,0,0
2,713,356001,356500,374.489793,374.977088,500,0,0
2,714,356501,357000,375.014876,375.50217,500,0,0
2,715,357001,357500,375.544181,376.031475,500,0,0
2,716,357501,358000,376.073291,376.560585,500,0,0
2,717,358001,358500,376.60777,377.095064,500,0,0
2,718,358501,359000,377.131599,377.618893,500,0,0
2,719,359001,359500,377.663574,378.150868,500,0,0
2,720,359501,360000,378.195591,378.682885,500,0,0
2,721,360001,360500,378.719776,379.20707,500,0,0
2,722,360501,361000,379.249517,379.736811,500,0,0
2,723,361001,361500,379.772195,380.259489,500,0,0
2,724,361501,362000,380.299105,380.7864,500,0,0
2,725,362001,362500,380.824449,381.311743,500,0,0
2,726,362501,363000,381.352977,381.840272,500,0,0
2,727,363001,363500,381.878771,382.366065,500,0,0
2,728,363501,364000,382.409141,382.896435,500,0,0
2,729,364001,364500,382.939469,383.426763,500,0,0
2,730,364501,365000,383.465514,383.952809,500,0,0
2,731,365001,365500,383.99303,384.480324,500,0,0
2,732,365501,366000,384.515509,385.002803,500,0,0
2,733,366001,366500,385.046766,385.534061,500,0,0
2,734,366501,367000,385.570955,386.058249,500,0,0
2,735,367001,367500,386.095617,386.582911,500,0,0
2,736,367501,368000,386.628057,387.115351,500,0,0
2,737,368001,368500,387.151665,387.63896,500,0,0
2,738,368501,369000,387.677753,388.165047,500,0,0
2,739,369001,369500,388.206419,388.693714,500,0,0
2,740,369501,370000,388.733998,389.221292,500,0,0
2,741,370001,370500,389.26304,389.750334,500,0,0
2,742,370501,371000,389.794496,390.28179,500,0,0
2,743,371001,371500,390.318715,390.806009,500,0,0
2,744,371501,372000,390.852271,391.339566,500,0,0
2,745,372001,372500,391.386091,391.873385,500,0,0
2,746,372501,373000,391.914128,392.401422,500,0,0
2,747,373001,373500,392.43694,392.924234,500,0,0
2,748,373501,374000,392.960659,393.447954,500,0,0
2,749,374001,374500,393.48805,393.975345,500,0,0
2,750,374501,375000,394.028522,394.515816,500,0,0
2,751,375001,375500,394.553024,395.040318,500,0,0
2,752,375501,376000,395.077453,395.564747,500,0,0
2,753,376001,376500,395.60362,396.090914,500,0,0
2,754,376501,377000,396.133853,396.621148,500,0,0
2,755,377001,377500,396.661846,397.14914,500,0,0
2,756,377501,378000,397.190658,397.677952,500,0,0
2,757,378001,378500,397.717174,398.204468,500,0,0
2,758,378501,379000,398.240425,398.72772,500,0,0
2,759,379001,379500,398.765712,399.253006,500,0,0
2,760,379501,380000,399.29007,399.777364,500,0,0
2,761,380001,380500,399.814625,400.301919,500,0,0
2,762,380501,381000,400.339815,400.827109,500,0,0
2,763,381001,381500,400.864514,401.351808,500,0,0
2,764,381501,382000,401.390042,401.877336,500,0,0
2,765,382001,382500,401.913036,402.40033,500,0,0
2,766,382501,383000,402.447888,402.935182,500,0,0
2,767,383001,383500,402.978542,403.465836,500,0,0
2,768,383501,384000,403.501708,403.989002,500,0,0
2,769,384001,384500,404.026869,404.514164,500,0,0
2,770,384501,385000,404.553534,405.040829,500,0,0
2,771,385001,385500,405.085072,405.572366,500,0,0
2,772,385501,386000,405.609383,406.096677,500,0,0
2,773,386001,386500,406.131612,406.618906,500,0,0
2,774,386501,387000,406.664475,407.151769,500,0,0
2,775,387001,387500,407.189404,407.676698,500,0,0
2,776,387501,388000,407.71784,408.205134,500,0,0
2,777,388001,388500,408.252444,408.739738,500,0,0
2,778,388501,389000,408.784846,409.27214,500,0,0
2,779,389001,389500,409.310916,409.79821,500,0,0
2,780,389501,390000,409.84274,410.330034,500,0,0
2,781,390001,390500,410.374171,410.861465,500,0,0
2,782,390501,391000,410.900908,411.388202,500,0,0
2,783,391001,391500,411.428223,411.915517,500,0,0
2,784,391501,392000,411.959601,412.446895,500,0,0
2,785,392001,392500,412.487877,412.975171,500,0,0
2,786,392501,393000,413.018774,413.506068,500,0,0
2,787,393001,393500,413.544421,414.031715,500,0,0
2,788,393501,394000,414.067773,414.555068,500,0,0
2,789,394001,394500,414.592681,415.079975,500,0,0
2,790,394501,395000,415.115698,415.602992,500,0,0
2,791,395001,395500,415.639856,416.12715,500,0,0
2,792,395501,396000,416.162289,416.649583,500,0,0
2,793,396001,396500,416.684583,417.171877,500,0,0
2,794,396501,397000,417.210579,417.697873,500,0,0
2,795,397001,397500,417.737169,418.224463,500,0,0
2,796,397501,398000,418.265977,418.753271,500,0,0
2,797,398001,398500,418.791796,419.27909,500,0,0
2,798,398501,399000,419.315765,419.803059,500,0,0
2,799,399001,399500,419.840968,420.328263,500,0,0
2,800,399501,400000,420.375099,420.862393,500,0,0
3,1,1,500,0,0.487294,500,0,0
3,2,501,1000,0.53006,1.017354,500,0,0
3,3,1001,1500,1.055173,1.542467,500,0,0
3,4,1501,2000,1.578238,2.065533,500,0,0
3,5,2001,2500,2.10023,2.587525,500,0,0
3,6,2501,3000,2.624042,3.111337,500,0,0
3,7,3001,3500,3.147795,3.635089,500,0,0
3,8,3501,4000,3.675515,4.162809,500,0,0
3,9,4001,4500,4.203901,4.691195,500,0,0
3,10,4501,5000,4.727471,5.214765,500,0,0
3,11,5001,5500,5.253079,5.740373,500,0,0
3,12,5501,6000,5.780883,6.268178,500,0,0
3,13,6001,6500,6.305884,6.793178,500,0,0
3,14,6501,7000,6.84138,7.328675,500,0,0
3,15,7001,7500,7.365152,7.852446,500,0,0
3,16,7501,8000,7.892214,8.379508,500,0,0
3,17,8001,8500,8.418638,8.905933,500,0,0
3,18,8501,9000,8.943716,9.43101,500,0,0
3,19,9001,9500,9.467897,9.955191,500,0,0
3,20,9501,10000,9.994638,10.481933,500,0,0
3,21,10001,10500,10.518476,11.00577,500,1,1
3,22,10501,11000,11.04123,11.528525,500,1,1
3,23,11001,11500,11.564961,12.052255,500,1,1
3,24,11501,12000,12.096439,12.583733,500,1,1
3,25,12001,12500,12.621904,13.109198,500,1,1
3,26,12501,13000,13.146043,13.633337,500,1,1
3,27,13001,13500,13.673168,14.160463,500,1,1
3,28,13501,14000,14.199329,14.686623,500,1,1
3,29,14001,14500,14.731224,15.218518,500,1,1
3,30,14501,15000,15.257999,15.745293,500,1,1
3,31,15001,15500,15.782533,16.269828,500,1,1
3,32,15501,16000,16.308811,16.796105,500,1,1
3,33,16001,16500,16.8432,17.330495,500,1,1
3,34,16501,17000,17.368205,17.855499,500,1,1
3,35,17001,17500,17.890128,18.377422,500,1,1
3,36,17501,18000,18.413595,18.900889,500,1,1
3,37,18001,18500,18.936097,19.423391,500,1,1
3,38,18501,19000,19.461695,19.948989,500,1,1
3,39,19001,19500,19.985586,20.47288,500,1,1
3,40,19501,20000,20.509785,20.997079,500,1,1
3,41,20001,20500,21.035039,21.522333,500,1,1
3,42,20501,21000,21.558133,22.045427,500,1,1
3,43,21001,21500,22.081588,22.568882,500,1,1
3,44,21501,22000,22.605815,23.093109,500,1,1
3,45,22001,22500,23.129072,23.616366,500,1,1
3,46,22501,23000,23.658605,24.145899,500,1,1
3,47,23001,23500,24.18241,24.669704,500,1,1
3,48,23501,24000,24.706568,25.193862,500,1,1
3,49,24001,24500,25.237163,25.724457,500,1,1
3,50,24501,25000,25.760258,26.247552,500,1,1
3,51,25001,25500,26.287391,26.774685,500,1,1
3,52,25501,26000,26.813103,27.300398,500,1,1
3,53,26001,26500,27.337647,27.824941,500,1,1
3,54,26501,27000,27.862424,28.349718,500,1,1
3,55,27001,27500,28.389872,28.877166,500,1,1
3,56,27501,28000,28.915299,29.402593,500,1,1
3,57,28001,28500,29.439064,29.926358,500,1,1
3,58,28501,29000,29.960434,30.447728,500,1,1
3,59,29001,29500,30.485674,30.972968,500,1,1
3,60,29501,30000,31.017627,31.504921,500,1,1
3,61,30001,30500,31.542161,32.029455,500,1,1
3,62,30501,31000,32.067499,32.554793,500,1,1
3,63,31001,31500,32.594617,33.081911,500,1,1
3,64,31501,32000,33.127937,33.615231,500,1,1
3,65,32001,32500,33.653685,34.140979,500,1,1
3,66,32501,33000,34.177578,34.664872,500,1,1
3,67,33001,33500,34.702764,35.190058,500,1,1
3,68,33501,34000,35.225793,35.713087,500,1,1
3,69,34001,34500,35.753913,36.241207,500,1,1
3,70,34501,35000,36.277631,36.764925,500,1,1
3,71,35001,35500,36.800856,37.28815,500,1,1
3,72,35501,36000,37.325952,37.813246,500,1,1
3,73,36001,36500,37.851903,38.339198,500,1,1
3,74,36501,37000,38.379073,38.866367,500,1,1
3,75,37001,37500,38.905473,39.392767,500,1,1
3,76,37501,38000,39.430117,39.917411,500,1,1
3,77,38001,38500,39.955558,40.442852,500,1,1
3,78,38501,39000,40.482694,40.969988,500,1,1
3,79,39001,39500,41.006725,41.494019,500,1,1
3,80,39501,40000,41.537492,42.024786,500,1,1
3,81,40001,40500,42.060294,42.547589,500,1,1
3,82,40501,41000,42.585236,43.07253,500,1,1
3,83,41001,41500,43.110847,43.598141,500,1,1
3,84,41501,42000,43.640761,44.128056,500,1,1
3,85,42001,42500,44.16336,44.650654,500,1,1
3,86,42501,43000,44.689062,45.176357,500,1,1
3,87,43001,43500,45.213723,45.701017,500,1,1
3,88,43501,44000,45.740911,46.228205,500,1,1
3,89,44001,44500,46.265091,46.752385,500,1,1
3,90,44501,45000,46.788898,47.276192,500,1,1
3,91,45001,45500,47.31534,47.802634,500,1,1
3,92,45501,46000,47.845026,48.33232,500,1,1
3,93,46001,46500,48.369284,48.856578,500,1,1
3,94,46501,47000,48.894496,49.381791,500,1,1
3,95,47001,47500,49.417342,49.904636,500,1,1
3,96,47501,48000,49.948432,50.435727,500,1,1
3,97,48001,48500,50.471092,50.958386,500,1,1
3,98,48501,49000,50.995942,51.483236,500,1,1
3,99,49001,49500,51.520113,52.007407,500,1,1
3,100,49501,50000,52.043076,52.53037,500,1,1
3,101,50001,50500,52.591938,53.079232,500,1,1
3,102,50501,51000,53.118075,53.605369,500,1,1
3,103,51001,51500,53.645856,54.13315,500,1,1
3,104,51501,52000,54.175002,54.662296,500,1,1
3,105,52001,52500,54.699985,55.18728,500,1,1
3,106,52501,53000,55.224374,55.711668,500,1,1
3,107,53001,53500,55.752867,56.240161,500,1,1
3,108,53501,54000,56.279541,56.766835,500,1,1
3,109,54001,54500,56.804371,57.291666,500,1,1
3,110,54501,55000,57.333708,57.821003,500,1,1
3,111,55001,55500,57.85682,58.344114,500,1,1
3,112,55501,56000,58.379432,58.866726,500,1,1
3,113,56001,56500,58.903948,59.391242,500,1,1
3,114,56501,57000,59.428228,59.915522,500,1,1
3,115,57001,57500,59.952832,60.440126,500,1,1
3,116,57501,58000,60.476408,60.963703,500,1,1
3,117,58001,58500,61.008247,61.495541,500,1,1
3,118,58501,59000,61.539659,62.026953,500,1,1
3,119,59001,59500,62.067591,62.554885,500,1,1
3,120,59501,60000,62.589863,63.077158,500,1,1
3,121,60001,60500,63.117503,63.604797,500,1,1
3,122,60501,61000,63.640215,64.127509,500,1,1
3,123,61001,61500,64.165867,64.653162,500,1,1
3,124,61501,62000,64.693611,65.180905,500,1,1
3,125,62001,62500,65.217388,65.704682,500,1,1
3,126,62501,63000,65.745754,66.233049,500,1,1
3,127,63001,63500,66.278199,66.765494,500,1,1
3,128,63501,64000,66.802431,67.289725,500,1,1
3,129,64001,64500,67.328376,67.81567,500,1,1
3,130,64501,65000,67.855742,68.343036,500,1,1
3,131,65001,65500,68.38548,68.872774,500,1,1
3,132,65501,66000,68.912026,69.399321,500,1,1
3,133,66001,66500,69.435553,69.922847,500,1,1
3,134,66501,67000,69.960061,70.447355,500,0,0
3,135,67001,67500,70.481793,70.969087,500,1,2
3,136,67501,68000,71.011882,71.499176,500,1,2
3,137,68001,68500,71.53381,72.021104,500,1,2
3,138,68501,69000,72.055683,72.542977,500,1,2
3,139,69001,69500,72.581608,73.068902,500,1,2
3,140,69501,70000,73.108076,73.59537,500,1,2
3,141,70001,70500,73.641765,74.129059,500,1,2
3,142,70501,71000,74.166522,74.653816,500,1,2
3,143,71001,71500,74.697478,75.184772,500,1,2
3,144,71501,72000,75.225755,75.713049,500,1,2
3,145,72001,72500,75.750379,76.237673,500,1,2
3,146,72501,73000,76.272083,76.759377,500,1,2
3,147,73001,73500,76.80134,77.288634,500,1,2
3,148,73501,74000,77.324372,77.811667,500,1,2
3,149,74001,74500,77.849958,78.337252,500,1,2
3,150,74501,75000,78.373286,78.860581,500,1,2
3,151,75001,75500,78.898684,79.385978,500,1,2
3,152,75501,76000,79.42214,79.909434,500,1,2
3,153,76001,76500,79.944353,80.431647,500,1,2
3,154,76501,77000,80.467595,80.954889,500,1,2
3,155,77001,77500,80.993644,81.480938,500,1,2
3,156,77501,78000,81.515687,82.002981,500,1,2
3,157,78001,78500,82.046212,82.533507,500,1,2
3,158,78501,79000,82.574061,83.061356,500,1,2
3,159,79001,79500,83.104122,83.591416,500,1,2
3,160,79501,80000,83.632542,84.119836,500,1,2
3,161,80001,80500,84.160294,84.647589,500,1,2
3,162,80501,81000,84.687927,85.175221,500,1,2
3,163,81001,81500,85.217101,85.704395,500,1,2
3,164,81501,82000,85.744384,86.231678,500,1,2
3,165,82001,82500,86.278075,86.765369,500,1,2
3,166,82501,83000,86.802652,87.289946,500,1,2
3,167,83001,83500,87.327571,87.814865,500,1,2
3,168,83501,84000,87.859352,88.346646,500,1,2
3,169,84001,84500,88.390052,88.877346,500,1,2
3,170,84501,85000,88.921792,89.409086,500,1,2
3,171,85001,85500,89.451154,89.938449,500,1,2
3,172,85501,86000,89.97644,90.463734,500,1,2
3,173,86001,86500,90.499728,90.987022,500,1,2
3,174,86501,87000,91.023605,91.510899,500,1,2
3,175,87001,87500,91.550843,92.038137,500,1,2
3,176,87501,88000,92.079516,92.56681,500,1,2
3,177,88001,88500,92.603591,93.090885,500,1,2
3,178,88501,89000,93.128054,93.615348,500,1,2
3,179,89001,89500,93.653123,94.140417,500,1,2
3,180,89501,90000,94.17824,94.665535,500,1,2
3,181,90001,90500,94.70275,95.190045,500,1,2
3,182,90501,91000,95.229369,95.716663,500,1,2
3,183,91001,91500,95.755537,96.242831,500,1,2
3,184,91501,92000,96.28608,96.773374,500,1,2
3,185,92001,92500,96.811156,97.29845,500,1,2
3,186,92501,93000,97.341608,97.828902,500,1,2
3,187,93001,93500,97.865558,98.352852,500,1,2
3,188,93501,94000,98.388728,98.876023,500,1,2
3,189,94001,94500,98.912837,99.400131,500,1,2
3,190,94501,95000,99.43717,99.924464,500,1,2
3,191,95001,95500,99.962323,100.449617,500,1,2
3,192,95501,96000,100.485591,100.972885,500,1,2
3,193,96001,96500,101.01621,101.503505,500,1,2
3,194,96501,97000,101.541014,102.028309,500,1,2
3,195,97001,97500,102.069529,102.556824,500,1,2
3,196,97501,98000,102.593704,103.080998,500,1,2
3,197,98001,98500,103.116724,103.604018,500,1,2
3,198,98501,99000,103.641334,104.128628,500,1,2
3,199,99001,99500,104.170326,104.65762,500,1,2
3,200,99501,100000,104.695447,105.182741,500,1,2
3,201,100001,100500,105.22317,105.710464,500,1,2
3,202,100501,101000,105.749119,106.236413,500,1,2
3,203,101001,101500,106.275116,106.76241,500,1,2
3,204,101501,102000,106.798009,107.285303,500,1,2
3,205,102001,102500,107.324009,107.811303,500,1,2
3,206,102501,103000,107.852331,108.339625,500,1,2
3,207,103001,103500,108.382802,108.870096,500,1,2
3,208,103501,104000,108.909016,109.39631,500,1,2
3,209,104001,104500,109.433555,109.920849,500,1,2
3,210,104501,105000,109.958522,110.445816,500,1,2
3,211,105001,105500,110.484943,110.972237,500,1,2
3,212,105501,106000,111.01237,111.499665,500,1,2
3,213,106001,106500,111.540687,112.027981,500,1,2
3,214,106501,107000,112.063785,112.551079,500,1,2
3,215,107001,107500,112.588246,113.075541,500,1,2
3,216,107501,108000,113.111715,113.599009,500,1,2
3,217,108001,108500,113.63654,114.123834,500,1,2
3,218,108501,109000,114.159132,114.646426,500,1,2
3,219,109001,109500,114.683907,115.171201,500,1,2
3,220,109501,110000,115.214786,115.70208,500,1,2
3,221,110001,110500,115.740118,116.227412,500,1,2
3,222,110501,111000,116.270294,116.757588,500,1,2
3,223,111001,111500,116.791518,117.278812,500,1,2
3,224,111501,112000,117.316472,117.803766,500,1,2
3,225,112001,112500,117.839662,118.326956,500,1,2
3,226,112501,113000,118.368086,118.85538,500,1,2
3,227,113001,113500,118.893975,119.381269,500,1,2
3,228,113501,114000,119.426374,119.913669,500,1,2
3,229,114001,114500,119.950512,120.437806,500,1,2
3,230,114501,115000,120.477467,120.964761,500,1,2
3,231,115001,115500,121.002658,121.489952,500,1,2
3,232,115501,116000,121.53312,122.020414,500,1,2
3,233,116001,116500,122.058284,122.545579,500,1,2
3,234,116501,117000,122.584608,123.071902,500,1,2
3,235,117001,117500,123.109891,123.597185,500,1,2
3,236,117501,118000,123.636395,124.123689,500,1,2
3,237,118001,118500,124.162203,124.649498,500,1,2
3,238,118501,119000,124.688024,125.175318,500,1,2
3,239,119001,119500,125.211855,125.699149,500,1,2
3,240,119501,120000,125.735184,126.222478,500,1,2
3,241,120001,120500,126.267937,126.755231,500,1,2
3,242,120501,121000,126.797466,127.28476,500,1,2
3,243,121001,121500,127.322045,127.809339,500,1,2
3,244,121501,122000,127.850824,128.338118,500,1,2
3,245,122001,122500,128.381632,128.868927,500,1,2
3,246,122501,123000,128.90445,129.391744,500,1,2
3,247,123001,123500,129.428672,129.915966,500,1,2
3,248,123501,124000,129.954765,130.442059,500,0,0
3,249,124001,124500,130.481392,130.968686,500,1,3
3,250,124501,125000,131.004719,131.492013,500,1,3
3,251,125001,125500,131.532353,132.019648,500,1,3
3,252,125501,126000,132.056316,132.543611,500,1,3
3,253,126001,126500,132.587934,133.075228,500,1,3
3,254,126501,127000,133.112317,133.599611,500,1,3
3,255,127001,127500,133.635607,134.122902,500,1,3
3,256,127501,128000,134.157819,134.645113,500,1,3
3,257,128001,128500,134.683695,135.170989,500,1,3
3,258,128501,129000,135.207185,135.694479,500,1,3
3,259,129001,129500,135.744404,136.231698,500,1,3
3,260,129501,130000,136.269824,136.757118,500,1,3
3,261,130001,130500,136.792635,137.279929,500,1,3
3,262,130501,131000,137.317903,137.805198,500,1,3
3,263,131001,131500,137.844581,138.331875,500,1,3
3,264,131501,132000,138.367985,138.855279,500,1,3
3,265,132001,132500,138.896203,139.383497,500,1,3
3,266,132501,133000,139.421699,139.908993,500,1,3
3,267,133001,133500,139.947812,140.435106,500,1,3
3,268,133501,134000,140.478693,140.965987,500,1,3
3,269,134001,134500,141.002819,141.490114,500,1,3
3,270,134501,135000,141.52571,142.013004,500,1,3
3,271,135001,135500,142.050224,142.537519,500,1,3
3,272,135501,136000,142.5755,143.062794,500,1,3
3,273,136001,136500,143.101495,143.588789,500,1,3
3,274,136501,137000,143.632306,144.1196,500,1,3
3,275,137001,137500,144.157131,144.644425,500,1,3
3,276,137501,138000,144.687413,145.174707,500,1,3
3,277,138001,138500,145.213515,145.700809,500,1,3
3,278,138501,139000,145.737346,146.22464,500,1,3
3,279,139001,139500,146.265247,146.752542,500,1,3
3,280,139501,140000,146.789581,147.276876,500,1,3
3,281,140001,140500,147.316169,147.803463,500,1,3
3,282,140501,141000,147.840286,148.32758,500,1,3
3,283,141001,141500,148.366037,148.853332,500,1,3
3,284,141501,142000,148.887521,149.374815,500,1,3
3,285,142001,142500,149.411381,149.898675,500,1,3
3,286,142501,143000,149.941921,150.429215,500,1,3
3,287,143001,143500,150.46743,150.954724,500,1,3
3,288,143501,144000,150.991409,151.478703,500,1,3
3,289,144001,144500,151.514946,152.00224,500,1,3
3,290,144501,145000,152.041511,152.528805,500,1,3
3,291,145001,145500,152.565978,153.053273,500,1,3
3,292,145501,146000,153.088595,153.57589,500,1,3
3,293,146001,146500,153.618719,154.106013,500,1,3
3,294,146501,147000,154.143337,154.630631,500,1,3
3,295,147001,147500,154.671698,155.158992,500,1,3
3,296,147501,148000,155.196803,155.684098,500,1,3
3,297,148001,148500,155.723882,156.211176,500,1,3
3,298,148501,149000,156.247646,156.73494,500,1,3
3,299,149001,149500,156.773551,157.260845,500,1,3
3,300,149501,150000,157.297213,157.784507,500,1,3
3,301,150001,150500,157.824647,158.311941,500,1,3
3,302,150501,151000,158.349405,158.836699,500,1,3
3,303,151001,151500,158.873244,159.360538,500,1,3
3,304,151501,152000,159.397421,159.884715,500,1,3
3,305,152001,152500,159.931048,160.418342,500,1,3
3,306,152501,153000,160.456161,160.943455,500,1,3
3,307,153001,153500,160.979913,161.467207,500,1,3
3,308,153501,154000,161.505436,161.992731,500,1,3
3,309,154001,154500,162.03057,162.517864,500,1,3
3,310,154501,155000,162.555787,163.043081,500,1,3
3,311,155001,155500,163.079186,163.56648,500,1,3
3,312,155501,156000,163.603175,164.09047,500,1,3
3,313,156001,156500,164.126893,164.614188,500,1,3
3,314,156501,157000,164.650241,165.137535,500,1,3
3,315,157001,157500,165.175898,165.663193,500,1,3
3,316,157501,158000,165.704118,166.191412,500,1,3
3,317,158001,158500,166.237046,166.72434,500,1,3
3,318,158501,159000,166.762777,167.250071,500,1,3
3,319,159001,159500,167.28555,167.772844,500,1,3
3,320,159501,160000,167.80821,168.295504,500,1,3
3,321,160001,160500,168.334662,168.821956,500,1,3
3,322,160501,161000,168.857899,169.345194,500,1,3
3,323,161001,161500,169.383431,169.870725,500,1,3
3,324,161501,162000,169.910414,170.397708,500,1,3
3,325,162001,162500,170.438134,170.925429,500,1,3
3,326,162501,163000,170.961384,171.448678,500,1,3
3,327,163001,163500,171.486023,171.973317,500,1,3
3,328,163501,164000,172.009893,172.497187,500,1,3
3,329,164001,164500,172.534486,173.02178,500,1,3
3,330,164501,165000,173.058317,173.545611,500,1,3
3,331,165001,165500,173.592365,174.079659,500,1,3
3,332,165501,166000,174.118717,174.606012,500,1,3
3,333,166001,166500,174.647642,175.134936,500,1,3
3,334,166501,167000,175.171534,175.658828,500,1,3
3,335,167001,167500,175.69716,176.184455,500,1,3
3,336,167501,168000,176.220957,176.708251,500,1,3
3,337,168001,168500,176.742679,177.229973,500,1,3
3,338,168501,169000,177.267445,177.754739,500,1,3
3,339,169001,169500,177.794661,178.281955,500,1,3
3,340,169501,170000,178.324534,178.811828,500,1,3
3,341,170001,170500,178.850454,179.337748,500,1,3
3,342,170501,171000,179.375654,179.862948,500,1,3
3,343,171001,171500,179.899765,180.38706,500,1,3
3,344,171501,172000,180.422984,180.910278,500,1,3
3,345,172001,172500,180.945884,181.433179,500,1,3
3,346,172501,173000,181.469636,181.956931,500,1,3
3,347,173001,173500,181.99354,182.480834,500,1,3
3,348,173501,174000,182.518539,183.005833,500,1,3
3,349,174001,174500,183.043371,183.530666,500,1,3
3,350,174501,175000,183.569067,184.056361,500,1,3
3,351,175001,175500,184.093545,184.580839,500,1,3
3,352,175501,176000,184.622887,185.110181,500,1,3
3,353,176001,176500,185.151778,185.639072,500,1,3
3,354,176501,177000,185.677622,186.164916,500,1,3
3,355,177001,177500,186.204035,186.69133,500,1,3
3,356,177501,178000,186.730586,187.217881,500,1,3
3,357,178001,178500,187.253869,187.741163,500,1,3
3,358,178501,179000,187.777904,188.265198,500,1,3
3,359,179001,179500,188.306897,188.794191,500,1,3
3,360,179501,180000,188.831694,189.318988,500,1,3
3,361,180001,180500,189.357143,189.844437,500,1,3
3,362,180501,181000,189.883804,190.371099,500,0,0
3,363,181001,181500,190.408633,190.895927,500,1,4
3,364,181501,182000,190.933391,191.420685,500,1,4
3,365,182001,182500,191.45767,191.944965,500,1,4
3,366,182501,183000,191.989539,192.476834,500,1,4
3,367,183001,183500,192.511813,192.999108,500,1,4
3,368,183501,184000,193.03729,193.524584,500,1,4
3,369,184001,184500,193.566301,194.053595,500,1,4
3,370,184501,185000,194.092015,194.579309,500,1,4
3,371,185001,185500,194.616268,195.103562,500,1,4
3,372,185501,186000,195.14238,195.629674,500,1,4
3,373,186001,186500,195.668286,196.15558,500,1,4
3,374,186501,187000,196.196386,196.68368,500,1,4
3,375,187001,187500,196.724903,197.212197,500,1,4
3,376,187501,188000,197.247686,197.73498,500,1,4
3,377,188001,188500,197.775136,198.26243,500,1,4
3,378,188501,189000,198.302346,198.78964,500,1,4
3,379,189001,189500,198.826891,199.314185,500,1,4
3,380,189501,190000,199.356339,199.843634,500,1,4
3,381,190001,190500,199.880371,200.367665,500,1,4
3,382,190501,191000,200.410114,200.897409,500,1,4
3,383,191001,191500,200.933619,201.420913,500,1,4
3,384,191501,192000,201.457688,201.944982,500,1,4
3,385,192001,192500,201.98265,202.469944,500,1,4
3,386,192501,193000,202.507527,202.994821,500,1,4
3,387,193001,193500,203.036842,203.524136,500,1,4
3,388,193501,194000,203.560061,204.047355,500,1,4
3,389,194001,194500,204.09014,204.577435,500,1,4
3,390,194501,195000,204.611467,205.098761,500,1,4
3,391,195001,195500,205.142311,205.629605,500,1,4
3,392,195501,196000,205.671175,206.158469,500,1,4
3,393,196001,196500,206.19385,206.681144,500,1,4
3,394,196501,197000,206.718624,207.205918,500,1,4
3,395,197001,197500,207.242481,207.729775,500,1,4
3,396,197501,198000,207.767986,208.255281,500,1,4
3,397,198001,198500,208.295797,208.783091,500,1,4
3,398,198501,199000,208.820392,209.307686,500,1,4
3,399,199001,199500,209.345516,209.83281,500,1,4
3,400,199501,200000,209.868257,210.355551,500,1,4
3,401,200001,200500,210.392942,210.880236,500,1,4
3,402,200501,201000,210.919212,211.406506,500,1,4
3,403,201001,201500,211.446111,211.933405,500,1,4
3,404,201501,202000,211.975728,212.463022,500,1,4
3,405,202001,202500,212.499617,212.986912,500,1,4
3,406,202501,203000,213.023747,213.511041,500,1,4
3,407,203001,203500,213.551594,214.038888,500,1,4
3,408,203501,204000,214.081132,214.568426,500,1,4
3,409,204001,204500,214.606364,215.093658,500,1,4
3,410,204501,205000,215.131605,215.618899,500,1,4
3,411,205001,205500,215.656266,216.14356,500,1,4
3,412,205501,206000,216.186099,216.673393,500,1,4
3,413,206001,206500,216.712256,217.19955,500,1,4
3,414,206501,207000,217.244233,217.731527,500,1,4
3,415,207001,207500,217.766634,218.253928,500,1,4
3,416,207501,208000,218.294145,218.781439,500,1,4
3,417,208001,208500,218.82532,219.312614,500,1,4
3,418,208501,209000,219.349129,219.836423,500,1,4
3,419,209001,209500,219.874962,220.362256,500,1,4
3,420,209501,210000,220.401091,220.888385,500,1,4
3,421,210001,210500,220.923228,221.410522,500,1,4
3,422,210501,211000,221.445901,221.933195,500,1,4
3,423,211001,211500,221.969686,222.456981,500,1,4
3,424,211501,212000,222.492664,222.979958,500,1,4
3,425,212001,212500,223.020329,223.507623,500,1,4
3,426,212501,213000,223.545005,224.0323,500,1,4
3,427,213001,213500,224.075086,224.56238,500,1,4
3,428,213501,214000,224.602138,225.089432,500,1,4
3,429,214001,214500,225.128596,225.61589,500,1,4
3,430,214501,215000,225.653162,226.140456,500,1,4
3,431,215001,215500,226.178807,226.666102,500,1,4
3,432,215501,216000,226.702459,227.189754,500,1,4
3,433,216001,216500,227.229829,227.717123,500,1,4
3,434,216501,217000,227.752648,228.239942,500,1,4
3,435,217001,217500,228.278711,228.766005,500,1,4
3,436,217501,218000,228.801752,229.289046,500,1,4
3,437,218001,218500,229.333279,229.820573,500,1,4
3,438,218501,219000,229.859669,230.346964,500,1,4
3,439,219001,219500,230.383792,230.871086,500,1,4
3,440,219501,220000,230.908795,231.396089,500,1,4
3,441,220001,220500,231.439864,231.927159,500,1,4
3,442,220501,221000,231.969533,232.456827,500,1,4
3,443,221001,221500,232.502183,232.989477,500,1,4
3,444,221501,222000,233.029131,233.516426,500,1,4
3,445,222001,222500,233.558479,234.045773,500,1,4
3,446,222501,223000,234.084332,234.571626,500,1,4
3,447,223001,223500,234.616765,235.104059,500,1,4
3,448,223501,224000,235.141693,235.628987,500,1,4
3,449,224001,224500,235.668508,236.155802,500,1,4
3,450,224501,225000,236.191672,236.678966,500,1,4
3,451,225001,225500,236.719458,237.206752,500,1,4
3,452,225501,226000,237.244897,237.732191,500,1,4
3,453,226001,226500,237.771994,238.259288,500,1,4
3,454,226501,227000,238.302029,238.789323,500,1,4
3,455,227001,227500,238.82816,239.315454,500,1,4
3,456,227501,228000,239.35417,239.841464,500,1,4
3,457,228001,228500,239.881618,240.368912,500,1,4
3,458,228501,229000,240.409205,240.8965,500,1,4
3,459,229001,229500,240.934173,241.421467,500,1,4
3,460,229501,230000,241.46388,241.951174,500,1,4
3,461,230001,230500,241.986996,242.474291,500,1,4
3,462,230501,231000,242.512321,242.999615,500,1,4
3,463,231001,231500,243.037153,243.524447,500,1,4
3,464,231501,232000,243.561328,244.048622,500,1,4
3,465,232001,232500,244.088645,244.575939,500,1,4
3,466,232501,233000,244.615171,245.102465,500,1,4
3,467,233001,233500,245.139556,245.62685,500,1,4
3,468,233501,234000,245.665993,246.153287,500,1,4
3,469,234001,234500,246.190062,246.677356,500,1,4
3,470,234501,235000,246.712692,247.199987,500,1,4
3,471,235001,235500,247.238682,247.725976,500,1,4
3,472,235501,236000,247.763717,248.251011,500,1,4
3,473,236001,236500,248.296517,248.783811,500,1,4
3,474,236501,237000,248.820091,249.307385,500,1,4
3,475,237001,237500,249.34994,249.837234,500,1,4
3,476,237501,238000,249.873747,250.361041,500,0,0
3,477,238001,238500,250.400052,250.887346,500,0,0
3,478,238501,239000,250.927008,251.414302,500,0,0
3,479,239001,239500,251.450948,251.938243,500,0,0
3,480,239501,240000,251.976294,252.463588,500,0,0
3,481,240001,240500,252.500001,252.987295,500,2,1
3,482,240501,241000,253.022982,253.510276,500,2,1
3,483,241001,241500,253.549233,254.036527,500,2,1
3,484,241501,242000,254.072533,254.559828,500,2,1
3,485,242001,242500,254.598023,255.085317,500,2,1
3,486,242501,243000,255.121856,255.60915,500,2,1
3,487,243001,243500,255.647606,256.134901,500,2,1
3,488,243501,244000,256.174641,256.661935,500,2,1
3,489,244001,244500,256.698185,257.185479,500,2,1
3,490,244501,245000,257.222722,257.710017,500,2,1
3,491,245001,245500,257.750803,258.238097,500,2,1
3,492,245501,246000,258.276804,258.764098,500,2,1
3,493,246001,246500,258.805587,259.292881,500,2,1
3,494,246501,247000,259.330661,259.817955,500,2,1
3,495,247001,247500,259.866401,260.353695,500,2,1
3,496,247501,248000,260.391747,260.879041,500,2,1
3,497,248001,248500,260.917866,261.405161,500,2,1
3,498,248501,249000,261.44311,261.930405,500,2,1
3,499,249001,249500,261.970885,262.458179,500,2,1
3,500,249501,250000,262.497134,262.984429,500,2,1
3,501,250001,250500,263.025518,263.512812,500,2,1
3,502,250501,251000,263.548544,264.035838,500,2,1
3,503,251001,251500,264.075186,264.56248,500,2,1
3,504,251501,252000,264.599462,265.086756,500,2,1
3,505,252001,252500,265.133199,265.620493,500,2,1
3,506,252501,253000,265.657898,266.145193,500,2,1
3,507,253001,253500,266.181653,266.668947,500,2,1
3,508,253501,254000,266.704416,267.19171,500,2,1
3,509,254001,254500,267.228698,267.715992,500,2,1
3,510,254501,255000,267.754576,268.24187,500,2,1
3,511,255001,255500,268.282508,268.769802,500,2,1
3,512,255501,256000,268.807319,269.294613,500,2,1
3,513,256001,256500,269.333992,269.821286,500,2,1
3,514,256501,257000,269.857683,270.344978,500,2,1
3,515,257001,257500,270.384466,270.87176,500,2,1
3,516,257501,258000,270.913612,271.400906,500,2,1
3,517,258001,258500,271.445536,271.93283,500,2,1
3,518,258501,259000,271.972596,272.45989,500,2,1
3,519,259001,259500,272.496045,272.983339,500,2,1
3,520,259501,260000,273.026296,273.51359,500,2,1
3,521,260001,260500,273.556395,274.04369,500,2,1
3,522,260501,261000,274.079845,274.567139,500,2,1
3,523,261001,261500,274.605837,275.093131,500,2,1
3,524,261501,262000,275.130925,275.618219,500,2,1
3,525,262001,262500,275.657631,276.144925,500,2,1
3,526,262501,263000,276.182559,276.669853,500,2,1
3,527,263001,263500,276.70746,277.194754,500,2,1
3,528,263501,264000,277.229795,277.717089,500,2,1
3,529,264001,264500,277.754713,278.242008,500,2,1
3,530,264501,265000,278.28106,278.768354,500,2,1
3,531,265001,265500,278.805108,279.292402,500,2,1
3,532,265501,266000,279.330054,279.817348,500,2,1
3,533,266001,266500,279.856332,280.343627,500,2,1
3,534,266501,267000,280.379494,280.866788,500,2,1
3,535,267001,267500,280.905647,281.392942,500,2,1
3,536,267501,268000,281.43037,281.917664,500,2,1
3,537,268001,268500,281.956909,282.444203,500,2,1
3,538,268501,269000,282.482162,282.969456,500,2,1
3,539,269001,269500,283.006488,283.493782,500,2,1
3,540,269501,270000,283.531821,284.019115,500,2,1
3,541,270001,270500,284.058364,284.545659,500,2,1
3,542,270501,271000,284.583803,285.071097,500,2,1
3,543,271001,271500,285.11228,285.599574,500,2,1
3,544,271501,272000,285.636311,286.123605,500,2,1
3,545,272001,272500,286.163768,286.651062,500,2,1
3,546,272501,273000,286.690146,287.17744,500,2,1
3,547,273001,273500,287.21607,287.703364,500,2,1
3,548,273501,274000,287.746259,288.233553,500,2,1
3,549,274001,274500,288.276658,288.763952,500,2,1
3,550,274501,275000,288.800013,289.287308,500,2,1
3,551,275001,275500,289.326128,289.813422,500,2,1
3,552,275501,276000,289.85079,290.338084,500,2,1
3,553,276001,276500,290.375526,290.86282,500,2,1
3,554,276501,277000,290.9013,291.388594,500,2,1
3,555,277001,277500,291.424536,291.91183,500,2,1
3,556,277501,278000,291.948981,292.436275,500,2,1
3,557,278001,278500,292.480871,292.968166,500,2,1
3,558,278501,279000,293.007365,293.494659,500,2,1
3,559,279001,279500,293.542685,294.029979,500,2,1
3,560,279501,280000,294.075994,294.563289,500,2,1
3,561,280001,280500,294.600497,295.087792,500,2,1
3,562,280501,281000,295.125567,295.612862,500,2,1
3,563,281001,281500,295.651187,296.138481,500,2,1
3,564,281501,282000,296.176378,296.663673,500,2,1
3,565,282001,282500,296.70344,297.190734,500,2,1
3,566,282501,283000,297.228751,297.716045,500,2,1
3,567,283001,283500,297.753586,298.24088,500,2,1
3,568,283501,284000,298.279987,298.767281,500,2,1
3,569,284001,284500,298.809774,299.297069,500,2,1
3,570,284501,285000,299.341362,299.828657,500,2,1
3,571,285001,285500,299.866802,300.354096,500,2,1
3,572,285501,286000,300.389668,300.876962,500,2,1
3,573,286001,286500,300.91487,301.402164,500,2,1
3,574,286501,287000,301.446278,301.933572,500,2,1
3,575,287001,287500,301.971283,302.458577,500,2,1
3,576,287501,288000,302.495382,302.982676,500,2,1
3,577,288001,288500,303.018581,303.505875,500,2,1
3,578,288501,289000,303.545461,304.032756,500,2,1
3,579,289001,289500,304.072168,304.559462,500,2,1
3,580,289501,290000,304.595407,305.082701,500,2,1
3,581,290001,290500,305.120996,305.60829,500,2,1
3,582,290501,291000,305.649397,306.136691,500,2,1
3,583,291001,291500,306.175817,306.663112,500,2,1
3,584,291501,292000,306.70886,307.196155,500,2,1
3,585,292001,292500,307.232936,307.72023,500,2,1
3,586,292501,293000,307.757235,308.244529,500,2,1
3,587,293001,293500,308.288123,308.775417,500,2,1
3,588,293501,294000,308.811698,309.298992,500,2,1
3,589,294001,294500,309.339446,309.82674,500,2,1
3,590,294501,295000,309.864824,310.352118,500,2,1
3,591,295001,295500,310.390261,310.877555,500,2,1
3,592,295501,296000,310.915994,311.403289,500,2,1
3,593,296001,296500,311.440665,311.927959,500,2,1
3,594,296501,297000,311.964341,312.451635,500,0,0
3,595,297001,297500,312.494041,312.981335,500,2,2
3,596,297501,298000,313.016829,313.504123,500,2,2
3,597,298001,298500,313.543774,314.031068,500,2,2
3,598,298501,299000,314.068259,314.555553,500,2,2
3,599,299001,299500,314.592291,315.079585,500,2,2
3,600,299501,300000,315.114924,315.602218,500,2,2
3,601,300001,300500,315.642653,316.129948,500,2,2
3,602,300501,301000,316.167732,316.655026,500,2,2
3,603,301001,301500,316.698161,317.185455,500,2,2
3,604,301501,302000,317.222727,317.710021,500,2,2
3,605,302001,302500,317.751632,318.238926,500,2,2
3,606,302501,303000,318.274731,318.762026,500,2,2
3,607,303001,303500,318.800535,319.28783,500,2,2
3,608,303501,304000,319.332562,319.819856,500,2,2
3,609,304001,304500,319.860715,320.348009,500,2,2
3,610,304501,305000,320.384566,320.871861,500,2,2
3,611,305001,305500,320.907629,321.394924,500,2,2
3,612,305501,306000,321.43853,321.925824,500,2,2
3,613,306001,306500,321.961882,322.449176,500,2,2
3,614,306501,307000,322.487156,322.974451,500,2,2
3,615,307001,307500,323.011272,323.498566,500,2,2
3,616,307501,308000,323.533629,324.020923,500,2,2
3,617,308001,308500,324.060381,324.547675,500,2,2
3,618,308501,309000,324.586054,325.073348,500,2,2
3,619,309001,309500,325.111617,325.598912,500,2,2
3,620,309501,310000,325.63542,326.122715,500,2,2
3,621,310001,310500,326.15936,326.646655,500,2,2
3,622,310501,311000,326.686947,327.174241,500,2,2
3,623,311001,311500,327.211946,327.69924,500,2,2
3,624,311501,312000,327.737898,328.225192,500,2,2
3,625,312001,312500,328.260847,328.748142,500,2,2
3,626,312501,313000,328.786755,329.27405,500,2,2
3,627,313001,313500,329.314048,329.801343,500,2,2
3,628,313501,314000,329.849868,330.337162,500,2,2
3,629,314001,314500,330.3745,330.861794,500,2,2
3,630,314501,315000,330.899642,331.386937,500,2,2
3,631,315001,315500,331.429638,331.916932,500,2,2
3,632,315501,316000,331.956532,332.443827,500,2,2
3,633,316001,316500,332.480891,332.968186,500,2,2
3,634,316501,317000,333.004728,333.492023,500,2,2
3,635,317001,317500,333.535636,334.02293,500,2,2
3,636,317501,318000,334.061707,334.549001,500,2,2
3,637,318001,318500,334.619108,335.106403,500,2,2
3,638,318501,319000,335.143323,335.630618,500,2,2
3,639,319001,319500,335.672544,336.159838,500,2,2
3,640,319501,320000,336.198787,336.686082,500,2,2
3,641,320001,320500,336.72306,337.210354,500,2,2
3,642,320501,321000,337.247936,337.73523,500,2,2
3,643,321001,321500,337.775757,338.263051,500,2,2
3,644,321501,322000,338.299594,338.786888,500,2,2
3,645,322001,322500,338.829704,339.316998,500,2,2
3,646,322501,323000,339.360079,339.847374,500,2,2
3,647,323001,323500,339.895884,340.383178,500,2,2
3,648,323501,324000,340.423556,340.91085,500,2,2
3,649,324001,324500,340.945627,341.432921,500,2,2
3,650,324501,325000,341.469109,341.956403,500,2,2
3,651,325001,325500,341.996049,342.483344,500,2,2
3,652,325501,326000,342.518074,343.005369,500,2,2
3,653,326001,326500,343.050457,343.537751,500,2,2
3,654,326501,327000,343.578074,344.065369,500,2,2
3,655,327001,327500,344.104209,344.591503,500,2,2
3,656,327501,328000,344.635535,345.122829,500,2,2
3,657,328001,328500,345.160734,345.648028,500,2,2
3,658,328501,329000,345.68992,346.177214,500,2,2
3,659,329001,329500,346.218553,346.705847,500,2,2
3,660,329501,330000,346.746421,347.233715,500,2,2
3,661,330001,330500,347.270403,347.757697,500,2,2
3,662,330501,331000,347.794588,348.281882,500,2,2
3,663,331001,331500,348.31821,348.805504,500,2,2
3,664,331501,332000,348.843586,349.33088,500,2,2
3,665,332001,332500,349.371679,349.858974,500,2,2
3,666,332501,333000,349.899125,350.386419,500,2,2
3,667,333001,333500,350.422429,350.909723,500,2,2
3,668,333501,334000,350.950928,351.438222,500,2,2
3,669,334001,334500,351.473422,351.960716,500,2,2
3,670,334501,335000,351.999906,352.4872,500,2,2
3,671,335001,335500,352.527146,353.01444,500,2,2
3,672,335501,336000,353.05551,353.542804,500,2,2
3,673,336001,336500,353.579491,354.066785,500,2,2
3,674,336501,337000,354.102066,354.58936,500,2,2
3,675,337001,337500,354.628262,355.115556,500,2,2
3,676,337501,338000,355.153555,355.64085,500,2,2
3,677,338001,338500,355.675766,356.16306,500,2,2
3,678,338501,339000,356.199676,356.68697,500,2,2
3,679,339001,339500,356.7239,357.211194,500,2,2
3,680,339501,340000,357.25446,357.741754,500,2,2
3,681,340001,340500,357.778602,358.265896,500,2,2
3,682,340501,341000,358.301905,358.789199,500,2,2
3,683,341001,341500,358.82743,359.314725,500,2,2
3,684,341501,342000,359.354238,359.841533,500,2,2
3,685,342001,342500,359.878975,360.366269,500,2,2
3,686,342501,343000,360.402712,360.890006,500,2,2
3,687,343001,343500,360.926187,361.413482,500,2,2
3,688,343501,344000,361.452692,361.939987,500,2,2
3,689,344001,344500,361.977989,362.465284,500,2,2
3,690,344501,345000,362.500601,362.987895,500,2,2
3,691,345001,345500,363.026467,363.513761,500,2,2
3,692,345501,346000,363.551665,364.038959,500,2,2
3,693,346001,346500,364.076826,364.56412,500,2,2
3,694,346501,347000,364.606556,365.09385,500,2,2
3,695,347001,347500,365.139518,365.626812,500,2,2
3,696,347501,348000,365.664131,366.151426,500,2,2
3,697,348001,348500,366.186835,366.674129,500,2,2
3,698,348501,349000,366.71193,367.199224,500,2,2
3,699,349001,349500,367.237196,367.72449,500,2,2
3,700,349501,350000,367.762576,368.24987,500,2,2
3,701,350001,350500,368.287785,368.775079,500,2,2
3,702,350501,351000,368.812418,369.299713,500,2,2
3,703,351001,351500,369.338373,369.825668,500,2,2
3,704,351501,352000,369.868327,370.355621,500,2,2
3,705,352001,352500,370.390515,370.877809,500,2,2
3,706,352501,353000,370.915515,371.402809,500,2,2
3,707,353001,353500,371.437625,371.924919,500,2,2
3,708,353501,354000,371.961913,372.449207,500,0,0
3,709,354001,354500,372.486375,372.973669,500,0,0
3,710,354501,355000,373.009522,373.496816,500,0,0
3,711,355001,355500,373.540111,374.027405,500,0,0
3,712,355501,356000,374.064078,374.551372,500,0,0
3,713,356001,356500,374.595378,375.082672,500,0,0
3,714,356501,357000,375.12556,375.612854,500,0,0
3,715,357001,357500,375.650543,376.137838,500,0,0
3,716,357501,358000,376.174946,376.66224,500,0,0
3,717,358001,358500,376.700894,377.188188,500,0,0
3,718,358501,359000,377.228185,377.715479,500,0,0
3,719,359001,359500,377.75477,378.242064,500,0,0
3,720,359501,360000,378.279333,378.766627,500,0,0
3,721,360001,360500,378.804628,379.291922,500,0,0
3,722,360501,361000,379.329392,379.816686,500,0,0
3,723,361001,361500,379.852853,380.340147,500,0,0
3,724,361501,362000,380.383418,380.870712,500,0,0
3,725,362001,362500,380.912518,381.399812,500,0,0
3,726,362501,363000,381.437122,381.924416,500,0,0
3,727,363001,363500,381.966512,382.453806,500,0,0
3,728,363501,364000,382.493483,382.980778,500,0,0
3,729,364001,364500,383.023321,383.510616,500,0,0
3,730,364501,365000,383.546117,384.033411,500,0,0
3,731,365001,365500,384.069438,384.556732,500,0,0
3,732,365501,366000,384.590245,385.077539,500,0,0
3,733,366001,366500,385.112135,385.599429,500,0,0
3,734,366501,367000,385.644006,386.1313,500,0,0
3,735,367001,367500,386.172392,386.659687,500,0,0
3,736,367501,368000,386.698413,387.185707,500,0,0
3,737,368001,368500,387.226017,387.713311,500,0,0
3,738,368501,369000,387.752194,388.239488,500,0,0
3,739,369001,369500,388.276446,388.76374,500,0,0
3,740,369501,370000,388.80276,389.290054,500,0,0
3,741,370001,370500,389.327801,389.815095,500,0,0
3,742,370501,371000,389.854357,390.341651,500,0,0
3,743,371001,371500,390.378411,390.865705,500,0,0
3,744,371501,372000,390.903876,391.391171,500,0,0
3,745,372001,372500,391.428323,391.915617,500,0,0
3,746,372501,373000,391.951899,392.439193,500,0,0
3,747,373001,373500,392.477988,392.965282,500,0,0
3,748,373501,374000,392.999867,393.487162,500,0,0
3,749,374001,374500,393.526494,394.013788,500,0,0
3,750,374501,375000,394.049297,394.536591,500,0,0
3,751,375001,375500,394.574824,395.062118,500,0,0
3,752,375501,376000,395.102863,395.590157,500,0,0
3,753,376001,376500,395.627709,396.115003,500,0,0
3,754,376501,377000,396.152041,396.639335,500,0,0
3,755,377001,377500,396.678476,397.16577,500,0,0
3,756,377501,378000,397.201703,397.688997,500,0,0
3,757,378001,378500,397.725937,398.213231,500,0,0
3,758,378501,379000,398.248518,398.735812,500,0,0
3,759,379001,379500,398.776147,399.263441,500,0,0
3,760,379501,380000,399.299642,399.786936,500,0,0
3,761,380001,380500,399.830875,400.318169,500,0,0
3,762,380501,381000,400.355932,400.843226,500,0,0
3,763,381001,381500,400.884366,401.37166,500,0,0
3,764,381501,382000,401.409395,401.896689,500,0,0
3,765,382001,382500,401.935881,402.423175,500,0,0
3,766,382501,383000,402.467954,402.955248,500,0,0
3,767,383001,383500,402.991517,403.478811,500,0,0
3,768,383501,384000,403.516258,404.003552,500,0,0
3,769,384001,384500,404.043119,404.530414,500,0,0
3,770,384501,385000,404.569522,405.056816,500,0,0
3,771,385001,385500,405.095223,405.582517,500,0,0
3,772,385501,386000,405.617399,406.104693,500,0,0
3,773,386001,386500,406.142149,406.629443,500,0,0
3,774,386501,387000,406.670439,407.157733,500,0,0
3,775,387001,387500,407.196253,407.683547,500,0,0
3,776,387501,388000,407.722329,408.209623,500,0,0
3,777,388001,388500,408.246786,408.73408,500,0,0
3,778,388501,389000,408.777012,409.264307,500,0,0
3,779,389001,389500,409.300318,409.787612,500,0,0
3,780,389501,390000,409.822009,410.309304,500,0,0
3,781,390001,390500,410.347368,410.834662,500,0,0
3,782,390501,391000,410.878057,411.365351,500,0,0
3,783,391001,391500,411.401051,411.888346,500,0,0
3,784,391501,392000,411.927771,412.415065,500,0,0
3,785,392001,392500,412.454361,412.941655,500,0,0
3,786,392501,393000,412.977307,413.464601,500,0,0
3,787,393001,393500,413.506075,413.993369,500,0,0
3,788,393501,394000,414.031961,414.519256,500,0,0
3,789,394001,394500,414.556004,415.043298,500,0,0
3,790,394501,395000,415.078751,415.566045,500,0,0
3,791,395001,395500,415.607999,416.095293,500,0,0
3,792,395501,396000,416.138308,416.625603,500,0,0
3,793,396001,396500,416.661074,417.148369,500,0,0
3,794,396501,397000,417.185549,417.672844,500,0,0
3,795,397001,397500,417.709905,418.197199,500,0,0
3,796,397501,398000,418.236063,418.723357,500,0,0
3,797,398001,398500,418.760596,419.24789,500,0,0
3,798,398501,399000,419.284763,419.772057,500,0,0
3,799,399001,399500,419.80842,420.295714,500,0,0
3,800,399501,400000,420.333423,420.820717,500,0,0
4,1,1,500,0,0.487294,500,0,0
4,2,501,1000,0.530661,1.017956,500,0,0
4,3,1001,1500,1.056844,1.544139,500,0,0
4,4,1501,2000,1.583856,2.07115,500,0,0
4,5,2001,2500,2.114603,2.601898,500,0,0
4,6,2501,3000,2.652718,3.140012,500,0,0
4,7,3001,3500,3.177066,3.66436,500,0,0
4,8,3501,4000,3.725776,4.21307,500,0,0
4,9,4001,4500,4.262791,4.750086,500,0,0
4,10,4501,5000,4.785667,5.272961,500,0,0
4,11,5001,5500,5.315333,5.802628,500,0,0
4,12,5501,6000,5.843929,6.331223,500,0,0
4,13,6001,6500,6.375794,6.863088,500,0,0
4,14,6501,7000,6.906239,7.393533,500,0,0
4,15,7001,7500,7.435934,7.923228,500,0,0
4,16,7501,8000,7.96115,8.448444,500,0,0
4,17,8001,8500,8.497233,8.984527,500,0,0
4,18,8501,9000,9.021153,9.508447,500,0,0
4,19,9001,9500,9.558716,10.046011,500,0,0
4,20,9501,10000,10.121065,10.608359,500,1,1
4,21,10001,10500,10.649326,11.13662,500,1,1
4,22,10501,11000,11.181486,11.66878,500,1,1
4,23,11001,11500,11.70925,12.196544,500,1,1
4,24,11501,12000,12.235719,12.723013,500,1,1
4,25,12001,12500,12.760735,13.248029,500,1,1
4,26,12501,13000,13.287559,13.774853,500,1,1
4,27,13001,13500,13.81503,14.302325,500,1,1
4,28,13501,14000,14.348705,14.835999,500,1,1
4,29,14001,14500,14.872848,15.360142,500,1,1
4,30,14501,15000,15.400706,15.888,500,1,1
4,31,15001,15500,15.933365,16.420659,500,1,1
4,32,15501,16000,16.461797,16.949091,500,1,1
4,33,16001,16500,16.997477,17.484771,500,1,1
4,34,16501,17000,17.528265,18.015559,500,1,1
4,35,17001,17500,18.063222,18.550517,500,1,1
4,36,17501,18000,18.589871,19.077165,500,1,1
4,37,18001,18500,19.113223,19.600518,500,1,1
4,38,18501,19000,19.63958,20.126874,500,1,1
4,39,19001,19500,20.172481,20.659775,500,1,1
4,40,19501,20000,20.707954,21.195248,500,1,1
4,41,20001,20500,21.237632,21.724926,500,1,1
4,42,20501,21000,21.771802,22.259096,500,1,1
4,43,21001,21500,22.304491,22.791785,500,1,1
4,44,21501,22000,22.836192,23.323486,500,1,1
4,45,22001,22500,23.36152,23.848814,500,1,1
4,46,22501,23000,23.88802,24.375314,500,1,1
4,47,23001,23500,24.416401,24.903695,500,1,1
4,48,23501,24000,24.940194,25.427488,500,1,1
4,49,24001,24500,25.482835,25.970129,500,1,1
4,50,24501,25000,26.013443,26.500738,500,1,1
4,51,25001,25500,26.538942,27.026236,500,1,1
4,52,25501,26000,27.072075,27.559369,500,1,1
4,53,26001,26500,27.599567,28.086861,500,1,1
4,54,26501,27000,28.135341,28.622635,500,1,1
4,55,27001,27500,28.662401,29.149696,500,1,1
4,56,27501,28000,29.19713,29.684425,500,1,1
4,57,28001,28500,29.723582,30.210876,500,1,1
4,58,28501,29000,30.252806,30.7401,500,1,1
4,59,29001,29500,30.780107,31.267401,500,1,1
4,60,29501,30000,31.31744,31.804735,500,1,1
4,61,30001,30500,31.851512,32.338806,500,1,1
4,62,30501,31000,32.381709,32.869004,500,1,1
4,63,31001,31500,32.911407,33.398701,500,1,1
4,64,31501,32000,33.444683,33.931977,500,1,1
4,65,32001,32500,33.967983,34.455277,500,1,1
4,66,32501,33000,34.491475,34.978769,500,1,1
4,67,33001,33500,35.014928,35.502222,500,1,1
4,68,33501,34000,35.544881,36.032176,500,1,1
4,69,34001,34500,36.078909,36.566204,500,1,1
4,70,34501,35000,36.614548,37.101842,500,1,1
4,71,35001,35500,37.210855,37.698149,500,1,1
4,72,35501,36000,37.745168,38.232462,500,1,1
4,73,36001,36500,38.269774,38.757069,500,1,1
4,74,36501,37000,38.797883,39.285177,500,1,1
4,75,37001,37500,39.329211,39.816505,500,1,1
4,76,37501,38000,39.862503,40.349798,500,1,1
4,77,38001,38500,40.39649,40.883784,500,1,1
4,78,38501,39000,40.927486,41.41478,500,1,1
4,79,39001,39500,41.451272,41.938566,500,1,1
4,80,39501,40000,41.987446,42.47474,500,1,1
4,81,40001,40500,42.518028,43.005322,500,1,1
4,82,40501,41000,43.048882,43.536176,500,1,1
4,83,41001,41500,43.57469,44.061984,500,1,1
4,84,41501,42000,44.111721,44.599015,500,1,1
4,85,42001,42500,44.642679,45.129974,500,1,1
4,86,42501,43000,45.174889,45.662183,500,1,1
4,87,43001,43500,45.71174,46.199034,500,1,1
4,88,43501,44000,46.239461,46.726755,500,1,1
4,89,44001,44500,46.800685,47.287979,500,1,1
4,90,44501,45000,47.334546,47.82184,500,1,1
4,91,45001,45500,47.873341,48.360635,500,1,1
4,92,45501,46000,48.400983,48.888277,500,1,1
4,93,46001,46500,48.92796,49.415254,500,1,1
4,94,46501,47000,49.460444,49.947738,500,1,1
4,95,47001,47500,50.000056,50.48735,500,1,1
4,96,47501,48000,50.533305,51.020599,500,1,1
4,97,48001,48500,51.058119,51.545414,500,1,1
4,98,48501,49000,51.581525,52.068819,500,1,1
4,99,49001,49500,52.107663,52.594957,500,1,1
4,100,49501,50000,52.632462,53.119756,500,1,1
4,101,50001,50500,53.165601,53.652895,500,1,1
4,102,50501,51000,53.697918,54.185212,500,1,1
4,103,51001,51500,54.22198,54.709275,500,1,1
4,104,51501,52000,54.746162,55.233456,500,1,1
4,105,52001,52500,55.275995,55.763289,500,1,1
4,106,52501,53000,55.807503,56.294797,500,1,1
4,107,53001,53500,56.342126,56.82942,500,1,1
4,108,53501,54000,56.875332,57.362626,500,1,1
4,109,54001,54500,57.400509,57.887803,500,1,1
4,110,54501,55000,57.926225,58.413519,500,1,1
4,111,55001,55500,58.461885,58.94918,500,1,1
4,112,55501,56000,59.067395,59.554689,500,1,1
4,113,56001,56500,59.6048,60.092094,500,1,1
4,114,56501,57000,60.131163,60.618458,500,1,1
4,115,57001,57500,60.664249,61.151543,500,1,1
4,116,57501,58000,61.221556,61.708851,500,1,1
4,117,58001,58500,61.746713,62.234007,500,1,1
4,118,58501,59000,62.274884,62.762178,500,1,1
4,119,59001,59500,62.798003,63.285297,500,1,1
4,120,59501,60000,63.323357,63.810652,500,1,1
4,121,60001,60500,63.855637,64.342931,500,1,1
4,122,60501,61000,64.383878,64.871173,500,1,1
4,123,61001,61500,64.930223,65.417517,500,1,1
4,124,61501,62000,65.463185,65.950479,500,1,1
4,125,62001,62500,66.002551,66.489846,500,1,1
4,126,62501,63000,66.53808,67.025374,500,1,1
4,127,63001,63500,67.074225,67.561519,500,1,1
4,128,63501,64000,67.606797,68.094091,500,1,1
4,129,64001,64500,68.146688,68.633982,500,1,1
4,130,64501,65000,68.670927,69.158221,500,1,1
4,131,65001,65500,69.19305,69.680344,500,1,1
4,132,65501,66000,69.724775,70.21207,500,0,0
4,133,66001,66500,70.254221,70.741515,500,1,2
4,134,66501,67000,70.778417,71.265711,500,1,2
4,135,67001,67500,71.303117,71.790412,500,1,2
4,136,67501,68000,71.839836,72.32713,500,1,2
4,137,68001,68500,72.371813,72.859108,500,1,2
4,138,68501,69000,72.893801,73.381095,500,1,2
4,139,69001,69500,73.420321,73.907616,500,1,2
4,140,69501,70000,73.95235,74.439645,500,1,2
4,141,70001,70500,74.484008,74.971302,500,1,2
4,142,70501,71000,75.008304,75.495599,500,1,2
4,143,71001,71500,75.538419,76.025713,500,1,2
4,144,71501,72000,76.071038,76.558332,500,1,2
4,145,72001,72500,76.601721,77.089016,500,1,2
4,146,72501,73000,77.130351,77.617645,500,1,2
4,147,73001,73500,77.665954,78.153248,500,1,2
4,148,73501,74000,78.19475,78.682044,500,1,2
4,149,74001,74500,78.722434,79.209728,500,1,2
4,150,74501,75000,79.251189,79.738483,500,1,2
4,151,75001,75500,79.775546,80.26284,500,1,2
4,152,75501,76000,80.302713,80.790007,500,1,2
4,153,76001,76500,80.835427,81.322722,500,1,2
4,154,76501,77000,81.363198,81.850492,500,1,2
4,155,77001,77500,81.887762,82.375056,500,1,2
4,156,77501,78000,82.414775,82.902069,500,1,2
4,157,78001,78500,82.936904,83.424199,500,1,2
4,158,78501,79000,83.463375,83.950669,500,1,2
4,159,79001,79500,83.987698,84.474992,500,1,2
4,160,79501,80000,84.512516,84.99981,500,1,2
4,161,80001,80500,85.035363,85.522657,500,1,2
4,162,80501,81000,85.560065,86.047359,500,1,2
4,163,81001,81500,86.084874,86.572168,500,1,2
4,164,81501,82000,86.618354,87.105649,500,1,2
4,165,82001,82500,87.143266,87.630561,500,1,2
4,166,82501,83000,87.666741,88.154035,500,1,2
4,167,83001,83500,88.192666,88.67996,500,1,2
4,168,83501,84000,88.721605,89.208899,500,1,2
4,169,84001,84500,89.246131,89.733425,500,1,2
4,170,84501,85000,89.776052,90.263346,500,1,2
4,171,85001,85500,90.302091,90.789385,500,1,2
4,172,85501,86000,90.826683,91.313977,500,1,2
4,173,86001,86500,91.357507,91.844801,500,1,2
4,174,86501,87000,91.891784,92.379078,500,1,2
4,175,87001,87500,92.424818,92.912113,500,1,2
4,176,87501,88000,92.94707,93.434364,500,1,2
4,177,88001,88500,93.473338,93.960632,500,1,2
4,178,88501,89000,94.00126,94.488554,500,1,2
4,179,89001,89500,94.525084,95.012379,500,1,2
4,180,89501,90000,95.055891,95.543185,500,1,2
4,181,90001,90500,95.581853,96.069147,500,1,2
4,182,90501,91000,96.109029,96.596323,500,1,2
4,183,91001,91500,96.634757,97.122052,500,1,2
4,184,91501,92000,97.160861,97.648155,500,1,2
4,185,92001,92500,97.684897,98.172191,500,1,2
4,186,92501,93000,98.213161,98.700455,500,1,2
4,187,93001,93500,98.73796,99.225254,500,1,2
4,188,93501,94000,99.260869,99.748164,500,1,2
4,189,94001,94500,99.788065,100.275359,500,1,2
4,190,94501,95000,100.312644,100.799938,500,1,2
4,191,95001,95500,100.838955,101.32625,500,1,2
4,192,95501,96000,101.365627,101.852921,500,1,2
4,193,96001,96500,101.894879,102.382174,500,1,2
4,194,96501,97000,102.423807,102.911101,500,1,2
4,195,97001,97500,102.947323,103.434617,500,1,2
4,196,97501,98000,103.47117,103.958464,500,1,2
4,197,98001,98500,103.996253,104.483547,500,1,2
4,198,98501,99000,104.521578,105.008872,500,1,2
4,199,99001,99500,105.043199,105.530494,500,1,2
4,200,99501,100000,105.569038,106.056332,500,1,2
4,201,100001,100500,106.100437,106.587731,500,1,2
4,202,100501,101000,106.625677,107.112972,500,1,2
4,203,101001,101500,107.15285,107.640144,500,1,2
4,204,101501,102000,107.681336,108.16863,500,1,2
4,205,102001,102500,108.203943,108.691237,500,1,2
4,206,102501,103000,108.729567,109.216861,500,1,2
4,207,103001,103500,109.254481,109.741775,500,1,2
4,208,103501,104000,109.779162,110.266456,500,1,2
4,209,104001,104500,110.302069,110.789364,500,1,2
4,210,104501,105000,110.827353,111.314647,500,1,2
4,211,105001,105500,111.3516,111.838895,500,1,2
4,212,105501,106000,111.880181,112.367475,500,1,2
4,213,106001,106500,112.404995,112.892289,500,1,2
4,214,106501,107000,112.929446,113.41674,500,1,2
4,215,107001,107500,113.456542,113.943836,500,1,2
4,216,107501,108000,113.982584,114.469879,500,1,2
4,217,108001,108500,114.512122,114.999416,500,1,2
4,218,108501,109000,115.036954,115.524248,500,1,2
4,219,109001,109500,115.563391,116.050686,500,1,2
4,220,109501,110000,116.086643,116.573937,500,1,2
4,221,110001,110500,116.609038,117.096332,500,1,2
4,222,110501,111000,117.132665,117.619959,500,1,2
4,223,111001,111500,117.657414,118.144708,500,1,2
4,224,111501,112000,118.185115,118.67241,500,1,2
4,225,112001,112500,118.707654,119.194948,500,1,2
4,226,112501,113000,119.231716,119.71901,500,1,2
4,227,113001,113500,119.75738,120.244675,500,1,2
4,228,113501,114000,120.286602,120.773896,500,1,2
4,229,114001,114500,120.817129,121.304423,500,1,2
4,230,114501,115000,121.341331,121.828626,500,1,2
4,231,115001,115500,121.867107,122.354401,500,1,2
4,232,115501,116000,122.39174,122.879034,500,1,2
4,233,116001,116500,122.922938,123.410233,500,1,2
4,234,116501,117000,123.447557,123.934852,500,1,2
4,235,117001,117500,123.988056,124.47535,500,1,2
4,236,117501,118000,124.512085,124.999379,500,1,2
4,237,118001,118500,125.036031,125.523325,500,1,2
4,238,118501,119000,125.564383,126.051677,500,1,2
4,239,119001,119500,126.097553,126.584847,500,1,2
4,240,119501,120000,126.620187,127.107481,500,1,2
4,241,120001,120500,127.156387,127.643681,500,1,2
4,242,120501,121000,127.681503,128.168798,500,1,2
4,243,121001,121500,128.20674,128.694035,500,1,2
4,244,121501,122000,128.733702,129.220996,500,1,2
4,245,122001,122500,129.26382,129.751115,500,1,2
4,246,122501,123000,129.790672,130.277967,500,0,0
4,247,123001,123500,130.313282,130.800577,500,1,3
4,248,123501,124000,130.840278,131.327573,500,1,3
4,249,124001,124500,131.3683,131.855594,500,1,3
4,250,124501,125000,131.898867,132.386161,500,1,3
4,251,125001,125500,132.432837,132.920131,500,1,3
4,252,125501,126000,132.956881,133.444176,500,1,3
4,253,126001,126500,133.487293,133.974587,500,1,3
4,254,126501,127000,134.013267,134.500561,500,1,3
4,255,127001,127500,134.538192,135.025486,500,1,3
4,256,127501,128000,135.063255,135.550549,500,1,3
4,257,128001,128500,135.586607,136.073901,500,1,3
4,258,128501,129000,136.116847,136.604141,500,1,3
4,259,129001,129500,136.642995,137.130289,500,1,3
4,260,129501,130000,137.165364,137.652658,500,1,3
4,261,130001,130500,137.692993,138.180287,500,1,3
4,262,130501,131000,138.215758,138.703052,500,1,3
4,263,131001,131500,138.74043,139.227724,500,1,3
4,264,131501,132000,139.265629,139.752923,500,1,3
4,265,132001,132500,139.795787,140.283081,500,1,3
4,266,132501,133000,140.31849,140.805784,500,1,3
4,267,133001,133500,140.843479,141.330774,500,1,3
4,268,133501,134000,141.371707,141.859001,500,1,3
4,269,134001,134500,141.894933,142.382228,500,1,3
4,270,134501,135000,142.416213,142.903508,500,1,3
4,271,135001,135500,142.941328,143.428622,500,1,3
4,272,135501,136000,143.468919,143.956213,500,1,3
4,273,136001,136500,143.998403,144.485697,500,1,3
4,274,136501,137000,144.529636,145.01693,500,1,3
4,275,137001,137500,145.053212,145.540506,500,1,3
4,276,137501,138000,145.578766,146.06606,500,1,3
4,277,138001,138500,146.103196,146.59049,500,1,3
4,278,138501,139000,146.629744,147.117038,500,1,3
4,279,139001,139500,147.156117,147.643411,500,1,3
4,280,139501,140000,147.683016,148.17031,500,1,3
4,281,140001,140500,148.207039,148.694334,500,1,3
4,282,140501,141000,148.730588,149.217882,500,1,3
4,283,141001,141500,149.261636,149.74893,500,1,3
4,284,141501,142000,149.787014,150.274308,500,1,3
4,285,142001,142500,150.312701,150.799995,500,1,3
4,286,142501,143000,150.836035,151.323329,500,1,3
4,287,143001,143500,151.359647,151.846941,500,1,3
4,288,143501,144000,151.886388,152.373682,500,1,3
4,289,144001,144500,152.412596,152.89989,500,1,3
4,290,144501,145000,152.939273,153.426567,500,1,3
4,291,145001,145500,153.464975,153.952269,500,1,3
4,292,145501,146000,153.994761,154.482055,500,1,3
4,293,146001,146500,154.518954,155.006248,500,1,3
4,294,146501,147000,155.040966,155.528261,500,1,3
4,295,147001,147500,155.569108,156.056402,500,1,3
4,296,147501,148000,156.093285,156.580579,500,1,3
4,297,148001,148500,156.620005,157.107299,500,1,3
4,298,148501,149000,157.145083,157.632378,500,1,3
4,299,149001,149500,157.669741,158.157035,500,1,3
4,300,149501,150000,158.192369,158.679663,500,1,3
4,301,150001,150500,158.715709,159.203003,500,1,3
4,302,150501,151000,159.240062,159.727356,500,1,3
4,303,151001,151500,159.766171,160.253465,500,1,3
4,304,151501,152000,160.288575,160.775869,500,1,3
4,305,152001,152500,160.811219,161.298513,500,1,3
4,306,152501,153000,161.335939,161.823233,500,1,3
4,307,153001,153500,161.861796,162.349091,500,1,3
4,308,153501,154000,162.387092,162.874387,500,1,3
4,309,154001,154500,162.915851,163.403145,500,1,3
4,310,154501,155000,163.440836,163.92813,500,1,3
4,311,155001,155500,163.970995,164.458289,500,1,3
4,312,155501,156000,164.494483,164.981777,500,1,3
4,313,156001,156500,165.019088,165.506383,500,1,3
4,314,156501,157000,165.547471,166.034765,500,1,3
4,315,157001,157500,166.073063,166.560358,500,1,3
4,316,157501,158000,166.597697,167.084992,500,1,3
4,317,158001,158500,167.124652,167.611946,500,1,3
4,318,158501,159000,167.648826,168.136121,500,1,3
4,319,159001,159500,168.173219,168.660513,500,1,3
4,320,159501,160000,168.699454,169.186748,500,1,3
4,321,160001,160500,169.225463,169.712757,500,1,3
4,322,160501,161000,169.752937,170.240231,500,1,3
4,323,161001,161500,170.276903,170.764197,500,1,3
4,324,161501,162000,170.804746,171.292041,500,1,3
4,325,162001,162500,171.329607,171.816901,500,1,3
4,326,162501,163000,171.854,172.341294,500,1,3
4,327,163001,163500,172.37757,172.864864,500,1,3
4,328,163501,164000,172.910801,173.398095,500,1,3
4,329,164001,164500,173.435731,173.923026,500,1,3
4,330,164501,165000,173.963174,174.450468,500,1,3
4,331,165001,165500,174.489611,174.976905,500,1,3
4,332,165501,166000,175.014373,175.501667,500,1,3
4,333,166001,166500,175.547289,176.034583,500,1,3
4,334,166501,167000,176.074191,176.561485,500,1,3
4,335,167001,167500,176.60089,177.088184,500,1,3
4,336,167501,168000,177.124886,177.61218,500,1,3
4,337,168001,168500,177.649901,178.137195,500,1,3
4,338,168501,169000,178.174827,178.662122,500,1,3
4,339,169001,169500,178.699627,179.186921,500,1,3
4,340,169501,170000,179.224947,179.712241,500,1,3
4,341,170001,170500,179.752386,180.23968,500,1,3
4,342,170501,171000,180.274953,180.762247,500,1,3
4,343,171001,171500,180.800119,181.287413,500,1,3
4,344,171501,172000,181.324594,181.811888,500,1,3
4,345,172001,172500,181.849676,182.33697,500,1,3
4,346,172501,173000,182.374592,182.861886,500,1,3
4,347,173001,173500,182.897894,183.385188,500,1,3
4,348,173501,174000,183.425129,183.912424,500,1,3
4,349,174001,174500,183.955695,184.442989,500,1,3
4,350,174501,175000,184.48094,184.968234,500,1,3
4,351,175001,175500,185.004326,185.49162,500,1,3
4,352,175501,176000,185.527628,186.014922,500,1,3
4,353,176001,176500,186.057005,186.5443,500,1,3
4,354,176501,177000,186.579689,187.066984,500,1,3
4,355,177001,177500,187.103706,187.591001,500,1,3
4,356,177501,178000,187.628571,188.115865,500,1,3
4,357,178001,178500,188.150386,188.637681,500,1,3
4,358,178501,179000,188.675943,189.163237,500,1,3
4,359,179001,179500,189.199367,189.686661,500,1,3
4,360,179501,180000,189.7236,190.210894,500,0,0
4,361,180001,180500,190.251021,190.738316,500,1,4
4,362,180501,181000,190.777871,191.265166,500,1,4
4,363,181001,181500,191.303556,191.790851,500,1,4
4,364,181501,182000,191.833347,192.320641,500,1,4
4,365,182001,182500,192.358119,192.845414,500,1,4
4,366,182501,183000,192.878636,193.365931,500,1,4
4,367,183001,183500,193.405081,193.892375,500,1,4
4,368,183501,184000,193.931435,194.418729,500,1,4
4,369,184001,184500,194.456677,194.943971,500,1,4
4,370,184501,185000,194.981383,195.468677,500,1,4
4,371,185001,185500,195.50508,195.992374,500,1,4
4,372,185501,186000,196.031625,196.518919,500,1,4
4,373,186001,186500,196.561493,197.048787,500,1,4
4,374,186501,187000,197.086815,197.57411,500,1,4
4,375,187001,187500,197.612881,198.100175,500,1,4
4,376,187501,188000,198.138901,198.626195,500,1,4
4,377,188001,188500,198.661318,199.148612,500,1,4
4,378,188501,189000,199.184768,199.672063,500,1,4
4,379,189001,189500,199.711276,200.19857,500,1,4
4,380,189501,190000,200.237587,200.724882,500,1,4
4,381,190001,190500,200.765049,201.252343,500,1,4
4,382,190501,191000,201.295211,201.782505,500,1,4
4,383,191001,191500,201.821945,202.309239,500,1,4
4,384,191501,192000,202.345567,202.832861,500,1,4
4,385,192001,192500,202.869002,203.356296,500,1,4
4,386,192501,193000,203.392956,203.880251,500,1,4
4,387,193001,193500,203.917103,204.404398,500,1,4
4,388,193501,194000,204.445039,204.932333,500,1,4
4,389,194001,194500,204.969397,205.456691,500,1,4
4,390,194501,195000,205.492991,205.980285,500,1,4
4,391,195001,195500,206.016712,206.504006,500,1,4
4,392,195501,196000,206.547901,207.035195,500,1,4
4,393,196001,196500,207.075448,207.562742,500,1,4
4,394,196501,197000,207.598853,208.086147,500,1,4
4,395,197001,197500,208.121547,208.608841,500,1,4
4,396,197501,198000,208.648318,209.135613,500,1,4
4,397,198001,198500,209.175723,209.663017,500,1,4
4,398,198501,199000,209.699767,210.187062,500,1,4
4,399,199001,199500,210.230912,210.718206,500,1,4
4,400,199501,200000,210.760247,211.247541,500,1,4
4,401,200001,200500,211.292999,211.780293,500,1,4
4,402,200501,201000,211.818809,212.306103,500,1,4
4,403,201001,201500,212.342775,212.83007,500,1,4
4,404,201501,202000,212.867904,213.355198,500,1,4
4,405,202001,202500,213.40123,213.888524,500,1,4
4,406,202501,203000,213.92382,214.411114,500,1,4
4,407,203001,203500,214.450332,214.937627,500,1,4
4,408,203501,204000,214.980724,215.468018,500,1,4
4,409,204001,204500,215.505151,215.992445,500,1,4
4,410,204501,205000,216.026737,216.514031,500,1,4
4,411,205001,205500,216.556592,217.043887,500,1,4
4,412,205501,206000,217.081105,217.5684,500,1,4
4,413,206001,206500,217.605782,218.093076,500,1,4
4,414,206501,207000,218.131447,218.618741,500,1,4
4,415,207001,207500,218.658079,219.145374,500,1,4
4,416,207501,208000,219.183175,219.67047,500,1,4
4,417,208001,208500,219.70664,220.193934,500,1,4
4,418,208501,209000,220.23252,220.719814,500,1,4
4,419,209001,209500,220.753812,221.241106,500,1,4
4,420,209501,210000,221.283846,221.77114,500,1,4
4,421,210001,210500,221.815461,222.302755,500,1,4
4,422,210501,211000,222.341023,222.828317,500,1,4
4,423,211001,211500,222.863308,223.350602,500,1,4
4,424,211501,212000,223.385569,223.872864,500,1,4
4,425,212001,212500,223.911086,224.398381,500,1,4
4,426,212501,213000,224.438277,224.925572,500,1,4
4,427,213001,213500,224.966517,225.453811,500,1,4
4,428,213501,214000,225.494957,225.982251,500,1,4
4,429,214001,214500,226.023099,226.510393,500,1,4
4,430,214501,215000,226.54796,227.035254,500,1,4
4,431,215001,215500,227.073241,227.560535,500,1,4
4,432,215501,216000,227.607165,228.094459,500,1,4
4,433,216001,216500,228.139364,228.626658,500,1,4
4,434,216501,217000,228.67205,229.159345,500,1,4
4,435,217001,217500,229.196658,229.683953,500,1,4
4,436,217501,218000,229.723331,230.210626,500,1,4
4,437,218001,218500,230.246738,230.734032,500,1,4
4,438,218501,219000,230.770018,231.257312,500,1,4
4,439,219001,219500,231.298065,231.78536,500,1,4
4,440,219501,220000,231.826669,232.313964,500,1,4
4,441,220001,220500,232.355771,232.843066,500,1,4
4,442,220501,221000,232.879815,233.367109,500,1,4
4,443,221001,221500,233.406697,233.893991,500,1,4
4,444,221501,222000,233.935144,234.422438,500,1,4
4,445,222001,222500,234.462734,234.950028,500,1,4
4,446,222501,223000,234.987132,235.474426,500,1,4
4,447,223001,223500,235.516484,236.003779,500,1,4
4,448,223501,224000,236.042495,236.529789,500,1,4
4,449,224001,224500,236.568795,237.05609,500,1,4
4,450,224501,225000,237.095652,237.582946,500,1,4
4,451,225001,225500,237.620811,238.108105,500,1,4
4,452,225501,226000,238.145297,238.632591,500,1,4
4,453,226001,226500,238.667633,239.154928,500,1,4
4,454,226501,227000,239.193474,239.680768,500,1,4
4,455,227001,227500,239.720686,240.20798,500,1,4
4,456,227501,228000,240.249516,240.736811,500,1,4
4,457,228001,228500,240.774586,241.26188,500,1,4
4,458,228501,229000,241.299739,241.787033,500,1,4
4,459,229001,229500,241.826624,242.313918,500,1,4
4,460,229501,230000,242.350675,242.837969,500,1,4
4,461,230001,230500,242.875383,243.362677,500,1,4
4,462,230501,231000,243.40603,243.893324,500,1,4
4,463,231001,231500,243.92986,244.417154,500,1,4
4,464,231501,232000,244.456383,244.943677,500,1,4
4,465,232001,232500,244.980728,245.468022,500,1,4
4,466,232501,233000,245.508059,245.995353,500,1,4
4,467,233001,233500,246.03297,246.520265,500,1,4
4,468,233501,234000,246.564658,247.051952,500,1,4
4,469,234001,234500,247.096256,247.58355,500,1,4
4,470,234501,235000,247.620531,248.107825,500,1,4
4,471,235001,235500,248.14584,248.633134,500,1,4
4,472,235501,236000,248.673566,249.16086,500,1,4
4,473,236001,236500,249.197341,249.684636,500,1,4
4,474,236501,237000,249.721098,250.208393,500,0,0
4,475,237001,237500,250.245464,250.732759,500,0,0
4,476,237501,238000,250.772336,251.25963,500,0,0
4,477,238001,238500,251.297395,251.78469,500,0,0
4,478,238501,239000,251.819811,252.307105,500,0,0
4,479,239001,239500,252.345605,252.832899,500,2,1
4,480,239501,240000,252.872136,253.359431,500,2,1
4,481,240001,240500,253.401018,253.888312,500,2,1
4,482,240501,241000,253.930565,254.417859,500,2,1
4,483,241001,241500,254.463176,254.950471,500,2,1
4,484,241501,242000,254.985966,255.47326,500,2,1
4,485,242001,242500,255.511971,255.999265,500,2,1
4,486,242501,243000,256.036016,256.52331,500,2,1
4,487,243001,243500,256.563461,257.050756,500,2,1
4,488,243501,244000,257.086006,257.573301,500,2,1
4,489,244001,244500,257.608429,258.095724,500,2,1
4,490,244501,245000,258.131001,258.618295,500,2,1
4,491,245001,245500,258.652892,259.140186,500,2,1
4,492,245501,246000,259.178854,259.666149,500,2,1
4,493,246001,246500,259.703348,260.190643,500,2,1
4,494,246501,247000,260.230151,260.717445,500,2,1
4,495,247001,247500,260.755401,261.242695,500,2,1
4,496,247501,248000,261.286275,261.773569,500,2,1
4,497,248001,248500,261.810437,262.297731,500,2,1
4,498,248501,249000,262.336985,262.82428,500,2,1
4,499,249001,249500,262.861734,263.349028,500,2,1
4,500,249501,250000,263.392188,263.879482,500,2,1
4,501,250001,250500,263.921982,264.409276,500,2,1
4,502,250501,251000,264.44674,264.934035,500,2,1
4,503,251001,251500,264.976427,265.463722,500,2,1
4,504,251501,252000,265.504661,265.991955,500,2,1
4,505,252001,252500,266.03634,266.523634,500,2,1
4,506,252501,253000,266.55976,267.047054,500,2,1
4,507,253001,253500,267.090774,267.578068,500,2,1
4,508,253501,254000,267.614342,268.101636,500,2,1
4,509,254001,254500,268.140503,268.627797,500,2,1
4,510,254501,255000,268.664316,269.15161,500,2,1
4,511,255001,255500,269.187102,269.674396,500,2,1
4,512,255501,256000,269.718485,270.20578,500,2,1
4,513,256001,256500,270.243443,270.730737,500,2,1
4,514,256501,257000,270.766934,271.254228,500,2,1
4,515,257001,257500,271.290826,271.77812,500,2,1
4,516,257501,258000,271.814455,272.301749,500,2,1
4,517,258001,258500,272.344939,272.832233,500,2,1
4,518,258501,259000,272.877472,273.364766,500,2,1
4,519,259001,259500,273.398959,273.886254,500,2,1
4,520,259501,260000,273.925577,274.412871,500,2,1
4,521,260001,260500,274.451613,274.938907,500,2,1
4,522,260501,261000,274.974788,275.462082,500,2,1
4,523,261001,261500,275.498542,275.985836,500,2,1
4,524,261501,262000,276.019199,276.506493,500,2,1
4,525,262001,262500,276.545232,277.032527,500,2,1
4,526,262501,263000,277.073118,277.560413,500,2,1
4,527,263001,263500,277.598648,278.085942,500,2,1
4,528,263501,264000,278.133065,278.620359,500,2,1
4,529,264001,264500,278.659781,279.147075,500,2,1
4,530,264501,265000,279.18277,279.670064,500,2,1
4,531,265001,265500,279.709255,280.19655,500,2,1
4,532,265501,266000,280.233506,280.720801,500,2,1
4,533,266001,266500,280.767955,281.255249,500,2,1
4,534,266501,267000,281.292902,281.780197,500,2,1
4,535,267001,267500,281.816171,282.303465,500,2,1
4,536,267501,268000,282.339565,282.82686,500,2,1
4,537,268001,268500,282.862914,283.350208,500,2,1
4,538,268501,269000,283.386331,283.873626,500,2,1
4,539,269001,269500,283.911944,284.399239,500,2,1
4,540,269501,270000,284.442562,284.929857,500,2,1
4,541,270001,270500,284.972396,285.45969,500,2,1
4,542,270501,271000,285.496933,285.984227,500,2,1
4,543,271001,271500,286.022226,286.509521,500,2,1
4,544,271501,272000,286.547842,287.035136,500,2,1
4,545,272001,272500,287.073889,287.561184,500,2,1
4,546,272501,273000,287.59941,288.086704,500,2,1
4,547,273001,273500,288.12613,288.613424,500,2,1
4,548,273501,274000,288.652821,289.140116,500,2,1
4,549,274001,274500,289.177939,289.665233,500,2,1
4,550,274501,275000,289.702056,290.18935,500,2,1
4,551,275001,275500,290.22526,290.712554,500,2,1
4,552,275501,276000,290.751491,291.238785,500,2,1
4,553,276001,276500,291.279057,291.766351,500,2,1
4,554,276501,277000,291.804775,292.292069,500,2,1
4,555,277001,277500,292.334353,292.821647,500,2,1
4,556,277501,278000,292.857799,293.345093,500,2,1
4,557,278001,278500,293.382757,293.870051,500,2,1
4,558,278501,279000,293.906609,294.393903,500,2,1
4,559,279001,279500,294.428815,294.91611,500,2,1
4,560,279501,280000,294.953663,295.440957,500,2,1
4,561,280001,280500,295.480929,295.968223,500,2,1
4,562,280501,281000,296.015552,296.502846,500,2,1
4,563,281001,281500,296.540618,297.027912,500,2,1
4,564,281501,282000,297.064815,297.552109,500,2,1
4,565,282001,282500,297.589547,298.076842,500,2,1
4,566,282501,283000,298.12167,298.608964,500,2,1
4,567,283001,283500,298.64473,299.132025,500,2,1
4,568,283501,284000,299.168866,299.65616,500,2,1
4,569,284001,284500,299.692934,300.180228,500,2,1
4,570,284501,285000,300.214727,300.702021,500,2,1
4,571,285001,285500,300.740454,301.227748,500,2,1
4,572,285501,286000,301.265786,301.753081,500,2,1
4,573,286001,286500,301.788773,302.276067,500,2,1
4,574,286501,287000,302.316815,302.80411,500,2,1
4,575,287001,287500,302.840905,303.3282,500,2,1
4,576,287501,288000,303.365984,303.853278,500,2,1
4,577,288001,288500,303.890547,304.377841,500,2,1
4,578,288501,289000,304.414812,304.902106,500,2,1
4,579,289001,289500,304.938403,305.425697,500,2,1
4,580,289501,290000,305.463219,305.950514,500,2,1
4,581,290001,290500,305.987883,306.475178,500,2,1
4,582,290501,291000,306.515802,307.003096,500,2,1
4,583,291001,291500,307.038587,307.525881,500,2,1
4,584,291501,292000,307.568479,308.055773,500,2,1
4,585,292001,292500,308.092907,308.580202,500,2,1
4,586,292501,293000,308.619148,309.106442,500,2,1
4,587,293001,293500,309.144901,309.632196,500,2,1
4,588,293501,294000,309.669416,310.15671,500,2,1
4,589,294001,294500,310.195093,310.682387,500,2,1
4,590,294501,295000,310.718883,311.206177,500,2,1
4,591,295001,295500,311.249708,311.737002,500,2,1
4,592,295501,296000,311.774963,312.262258,500,0,0
4,593,296001,296500,312.304018,312.791312,500,2,2
4,594,296501,297000,312.829188,313.316482,500,2,2
4,595,297001,297500,313.352853,313.840147,500,2,2
4,596,297501,298000,313.881074,314.368368,500,2,2
4,597,298001,298500,314.411121,314.898416,500,2,2
4,598,298501,299000,314.935561,315.422856,500,2,2
4,599,299001,299500,315.461221,315.948515,500,2,2
4,600,299501,300000,315.985635,316.472929,500,2,2
4,601,300001,300500,316.513066,317.000361,500,2,2
4,602,300501,301000,317.03902,317.526314,500,2,2
4,603,301001,301500,317.562516,318.04981,500,2,2
4,604,301501,302000,318.085453,318.572747,500,2,2
4,605,302001,302500,318.610296,319.09759,500,2,2
4,606,302501,303000,319.135778,319.623072,500,2,2
4,607,303001,303500,319.6667,320.153995,500,2,2
4,608,303501,304000,320.196284,320.683578,500,2,2
4,609,304001,304500,320.720725,321.208019,500,2,2
4,610,304501,305000,321.249927,321.737221,500,2,2
4,611,305001,305500,321.773672,322.260966,500,2,2
4,612,305501,306000,322.299441,322.786735,500,2,2
4,613,306001,306500,322.823203,323.310497,500,2,2
4,614,306501,307000,323.346829,323.834123,500,2,2
4,615,307001,307500,323.883257,324.370551,500,2,2
4,616,307501,308000,324.41503,324.902324,500,2,2
4,617,308001,308500,324.944424,325.431719,500,2,2
4,618,308501,309000,325.470388,325.957682,500,2,2
4,619,309001,309500,325.994364,326.481658,500,2,2
4,620,309501,310000,326.5242,327.011495,500,2,2
4,621,310001,310500,327.053534,327.540828,500,2,2
4,622,310501,311000,327.576244,328.063538,500,2,2
4,623,311001,311500,328.101303,328.588597,500,2,2
4,624,311501,312000,328.628997,329.116291,500,2,2
4,625,312001,312500,329.151234,329.638528,500,2,2
4,626,312501,313000,329.674991,330.162285,500,2,2
4,627,313001,313500,330.199867,330.687161,500,2,2
4,628,313501,314000,330.723743,331.211037,500,2,2
4,629,314001,314500,331.25126,331.738554,500,2,2
4,630,314501,315000,331.775799,332.263093,500,2,2
4,631,315001,315500,332.298905,332.786199,500,2,2
4,632,315501,316000,332.825804,333.313098,500,2,2
4,633,316001,316500,333.353383,333.840677,500,2,2
4,634,316501,317000,333.884968,334.372262,500,2,2
4,635,317001,317500,334.416802,334.904097,500,2,2
4,636,317501,318000,334.938741,335.426035,500,2,2
4,637,318001,318500,335.462654,335.949948,500,2,2
4,638,318501,319000,335.988182,336.475476,500,2,2
4,639,319001,319500,336.517816,337.00511,500,2,2
4,640,319501,320000,337.040313,337.527607,500,2,2
4,641,320001,320500,337.564189,338.051483,500,2,2
4,642,320501,321000,338.098719,338.586013,500,2,2
4,643,321001,321500,338.625884,339.113178,500,2,2
4,644,321501,322000,339.156696,339.64399,500,2,2
4,645,322001,322500,339.681002,340.168296,500,2,2
4,646,322501,323000,340.204034,340.691329,500,2,2
4,647,323001,323500,340.732939,341.220233,500,2,2
4,648,323501,324000,341.259001,341.746296,500,2,2
4,649,324001,324500,341.78354,342.270834,500,2,2
4,650,324501,325000,342.310602,342.797896,500,2,2
4,651,325001,325500,342.834042,343.321336,500,2,2
4,652,325501,326000,343.357866,343.84516,500,2,2
4,653,326001,326500,343.884775,344.372069,500,2,2
4,654,326501,327000,344.413912,344.901207,500,2,2
4,655,327001,327500,344.939484,345.426778,500,2,2
4,656,327501,328000,345.464633,345.951927,500,2,2
4,657,328001,328500,345.987487,346.474782,500,2,2
4,658,328501,329000,346.512066,346.99936,500,2,2
4,659,329001,329500,347.036936,347.524231,500,2,2
4,660,329501,330000,347.563283,348.050577,500,2,2
4,661,330001,330500,348.09327,348.580564,500,2,2
4,662,330501,331000,348.61705,349.104345,500,2,2
4,663,331001,331500,349.142985,349.63028,500,2,2
4,664,331501,332000,349.673476,350.16077,500,2,2
4,665,332001,332500,350.197024,350.684318,500,2,2
4,666,332501,333000,350.726012,351.213306,500,2,2
4,667,333001,333500,351.249193,351.736488,500,2,2
4,668,333501,334000,351.777798,352.265093,500,2,2
4,669,334001,334500,352.300193,352.787487,500,2,2
4,670,334501,335000,352.82387,353.311164,500,2,2
4,671,335001,335500,353.348236,353.83553,500,2,2
4,672,335501,336000,353.876842,354.364137,500,2,2
4,673,336001,336500,354.402813,354.890107,500,2,2
4,674,336501,337000,354.937148,355.424443,500,2,2
4,675,337001,337500,355.46211,355.949405,500,2,2
4,676,337501,338000,355.988045,356.475339,500,2,2
4,677,338001,338500,356.514846,357.00214,500,2,2
4,678,338501,339000,357.040954,357.528249,500,2,2
4,679,339001,339500,357.565283,358.052578,500,2,2
4,680,339501,340000,358.093587,358.580881,500,2,2
4,681,340001,340500,358.617287,359.104581,500,2,2
4,682,340501,341000,359.139145,359.626439,500,2,2
4,683,341001,341500,359.669496,360.15679,500,2,2
4,684,341501,342000,360.191423,360.678718,500,2,2
4,685,342001,342500,360.716977,361.204271,500,2,2
4,686,342501,343000,361.248281,361.735576,500,2,2
4,687,343001,343500,361.771705,362.258999,500,2,2
4,688,343501,344000,362.298396,362.78569,500,2,2
4,689,344001,344500,362.823565,363.310859,500,2,2
4,690,344501,345000,363.344436,363.831731,500,2,2
4,691,345001,345500,363.875143,364.362437,500,2,2
4,692,345501,346000,364.406113,364.893407,500,2,2
4,693,346001,346500,364.931308,365.418603,500,2,2
4,694,346501,347000,365.455115,365.942409,500,2,2
4,695,347001,347500,365.982474,366.469769,500,2,2
4,696,347501,348000,366.506191,366.993485,500,2,2
4,697,348001,348500,367.035556,367.52285,500,2,2
4,698,348501,349000,367.56044,368.047734,500,2,2
4,699,349001,349500,368.089208,368.576503,500,2,2
4,700,349501,350000,368.61539,369.102684,500,2,2
4,701,350001,350500,369.141598,369.628892,500,2,2
4,702,350501,351000,369.668671,370.155966,500,2,2
4,703,351001,351500,370.197625,370.684919,500,2,2
4,704,351501,352000,370.723038,371.210332,500,2,2
4,705,352001,352500,371.24644,371.733735,500,2,2
4,706,352501,353000,371.771804,372.259098,500,0,0
4,707,353001,353500,372.303515,372.790809,500,0,0
4,708,353501,354000,372.826622,373.313916,500,0,0
4,709,354001,354500,373.350711,373.838005,500,0,0
4,710,354501,355000,373.88297,374.370264,500,0,0
4,711,355001,355500,374.407108,374.894402,500,0,0
4,712,355501,356000,374.931802,375.419096,500,0,0
4,713,356001,356500,375.456425,375.94372,500,0,0
4,714,356501,357000,375.98165,376.468944,500,0,0
4,715,357001,357500,376.508845,376.996139,500,0,0
4,716,357501,358000,377.031453,377.518748,500,0,0
4,717,358001,358500,377.558196,378.04549,500,0,0
4,718,358501,359000,378.084986,378.572281,500,0,0
4,719,359001,359500,378.60901,379.096304,500,0,0
4,720,359501,360000,379.132513,379.619808,500,0,0
4,721,360001,360500,379.65516,380.142454,500,0,0
4,722,360501,361000,380.181352,380.668646,500,0,0
4,723,361001,361500,380.704161,381.191456,500,0,0
4,724,361501,362000,381.227304,381.714598,500,0,0
4,725,362001,362500,381.751023,382.238317,500,0,0
4,726,362501,363000,382.27674,382.764034,500,0,0
4,727,363001,363500,382.802125,383.28942,500,0,0
4,728,363501,364000,383.324137,383.811431,500,0,0
4,729,364001,364500,383.848401,384.335695,500,0,0
4,730,364501,365000,384.375855,384.863149,500,0,0
4,731,365001,365500,384.903688,385.390982,500,0,0
4,732,365501,366000,385.426479,385.913773,500,0,0
4,733,366001,366500,385.949756,386.43705,500,0,0
4,734,366501,367000,386.474044,386.961338,500,0,0
4,735,367001,367500,386.99872,387.486015,500,0,0
4,736,367501,368000,387.522414,388.009708,500,0,0
4,737,368001,368500,388.051202,388.538496,500,0,0
4,738,368501,369000,388.576789,389.064083,500,0,0
4,739,369001,369500,389.105479,389.592773,500,0,0
4,740,369501,370000,389.630973,390.118267,500,0,0
4,741,370001,370500,390.163898,390.651193,500,0,0
4,742,370501,371000,390.687653,391.174947,500,0,0
4,743,371001,371500,391.214249,391.701543,500,0,0
4,744,371501,372000,391.739732,392.227027,500,0,0
4,745,372001,372500,392.265821,392.753115,500,0,0
4,746,372501,373000,392.790879,393.278174,500,0,0
4,747,373001,373500,393.313111,393.800406,500,0,0
4,748,373501,374000,393.836971,394.324265,500,0,0
4,749,374001,374500,394.36755,394.854845,500,0,0
4,750,374501,375000,394.892325,395.37962,500,0,0
4,751,375001,375500,395.424068,395.911362,500,0,0
4,752,375501,376000,395.950354,396.437648,500,0,0
4,753,376001,376500,396.473081,396.960375,500,0,0
4,754,376501,377000,396.998475,397.48577,500,0,0
4,755,377001,377500,397.521702,398.008997,500,0,0
4,756,377501,378000,398.049904,398.537198,500,0,0
4,757,378001,378500,398.577645,399.064939,500,0,0
4,758,378501,379000,399.105741,399.593035,500,0,0
4,759,379001,379500,399.630835,400.118129,500,0,0
4,760,379501,380000,400.155708,400.643002,500,0,0
4,761,380001,380500,400.68192,401.169214,500,0,0
4,762,380501,381000,401.209162,401.696456,500,0,0
4,763,381001,381500,401.733042,402.220336,500,0,0
4,764,381501,382000,402.257845,402.745139,500,0,0
4,765,382001,382500,402.785159,403.272453,500,0,0
4,766,382501,383000,403.31099,403.798284,500,0,0
4,767,383001,383500,403.83501,404.322304,500,0,0
4,768,383501,384000,404.365963,404.853257,500,0,0
4,769,384001,384500,404.894425,405.381719,500,0,0
4,770,384501,385000,405.420357,405.907652,500,0,0
4,771,385001,385500,405.951801,406.439095,500,0,0
4,772,385501,386000,406.474863,406.962157,500,0,0
4,773,386001,386500,407.000729,407.488024,500,0,0
4,774,386501,387000,407.523353,408.010648,500,0,0
4,775,387001,387500,408.046955,408.53425,500,0,0
4,776,387501,388000,408.575761,409.063055,500,0,0
4,777,388001,388500,409.100979,409.588274,500,0,0
4,778,388501,389000,409.629563,410.116857,500,0,0
4,779,389001,389500,410.154082,410.641376,500,0,0
4,780,389501,390000,410.678608,411.165902,500,0,0
4,781,390001,390500,411.205978,411.693272,500,0,0
4,782,390501,391000,411.728406,412.2157,500,0,0
4,783,391001,391500,412.253738,412.741032,500,0,0
4,784,391501,392000,412.779723,413.267017,500,0,0
4,785,392001,392500,413.307552,413.794846,500,0,0
4,786,392501,393000,413.832625,414.319919,500,0,0
4,787,393001,393500,414.359368,414.846663,500,0,0
4,788,393501,394000,414.88491,415.372204,500,0,0
4,789,394001,394500,415.417024,415.904318,500,0,0
4,790,394501,395000,415.94088,416.428175,500,0,0
4,791,395001,395500,416.467227,416.954521,500,0,0
4,792,395501,396000,416.991978,417.479272,500,0,0
4,793,396001,396500,417.518367,418.005661,500,0,0
4,794,396501,397000,418.043743,418.531038,500,0,0
4,795,397001,397500,418.570463,419.057757,500,0,0
4,796,397501,398000,419.095718,419.583013,500,0,0
4,797,398001,398500,419.62689,420.114184,500,0,0
4,798,398501,399000,420.150127,420.637422,500,0,0
4,799,399001,399500,420.680747,421.168042,500,0,0
4,800,399501,400000,421.205036,421.69233,500,0,0
